#{"t_start": 1789350253.154346, "env_id": "Walker2d-v5"}
r,l,t,task_return,displacement,episode_steps,full_episode
-6.321063,21,0.396169,-6.869505112144405,-0.21438945436638787,21,0.0
-3.86924,16,0.400151,-3.9793580085386044,-0.15142881408799252,16,0.0
-0.168395,18,0.404325,-0.46550353129702593,-0.1392401703234636,18,0.0
-5.147512,17,0.408596,-5.350811157893467,-0.1703650679406232,17,0.0
-1.93147,14,0.411446,-1.9314701716237979,-0.11903692307383515,14,0.0
-3.791201,10,0.413336,-3.791201428171541,-0.1021029568836936,10,0.0
2.120221,28,0.421047,1.1021127988862003,-0.20656049601320317,28,0.0
3.614286,15,0.423973,3.614286277401921,-0.08264478494911859,15,0.0
-4.785008,20,0.429066,-5.264810024628498,-0.19363687926471673,20,0.0
-0.485312,15,0.431969,-0.4853121140627221,-0.11546106530307236,15,0.0
-8.459814,13,0.434364,-8.459813599707106,-0.16336112844291714,13,0.0
-0.601069,19,0.439193,-0.9622216396150356,-0.15124700017580778,19,0.0
14.681143,27,0.447016,13.59347928573508,-0.09860108458747044,27,0.0
0.116254,23,0.453557,-0.6215789351666167,-0.1803780864028691,23,0.0
2.242998,30,0.462864,0.9840865966426746,-0.22338641853442,30,0.0
2.111049,14,0.465792,2.111048615420381,-0.08675620280858759,14,0.0
4.559689,22,0.472382,3.912445879372304,-0.1362193396547362,22,0.0
3.7376,25,0.479368,2.8704478396955686,-0.16846452599881903,25,0.0
4.061778,22,0.485066,3.4766156967034183,-0.13964067726283996,22,0.0
0.54315,13,0.487713,0.5431504408091405,-0.09131220967959008,13,0.0
-0.430097,14,0.490484,-0.4300970876545036,-0.10709815026089725,14,0.0
-0.677206,13,0.493134,-0.6772055482751257,-0.1010782506196041,13,0.0
0.576397,22,0.498939,-0.0817661099521787,-0.16815438651138126,22,0.0
-6.865659,18,0.502835,-7.15601431696648,-0.19276425700463135,18,0.0
-9.617786,19,0.507283,-10.0015406922966,-0.22355745433089716,19,0.0
-4.692916,11,0.50957,-4.692915746208605,-0.11728755186609811,11,0.0
6.044727,18,0.513658,5.739611851316684,-0.08964766622308794,18,0.0
7.726802,29,0.715023,6.549366886838218,-0.17090185597077853,29,0.0
-5.024596,12,0.717702,-5.0245956429952585,-0.12789158281923965,12,0.0
0.319131,25,0.724557,-0.5996352277993837,-0.19618841197235112,25,0.0
-0.058726,13,0.727119,-0.05872631445370452,-0.09616182981337099,13,0.0
-3.115873,16,0.730524,-3.223693163024861,-0.14535758641274754,16,0.0
-4.7273,16,0.733708,-4.83493941958626,-0.1583024828038443,16,0.0
4.782211,15,0.736506,4.782211099129729,-0.07337953389095069,15,0.0
-2.801853,9,0.738603,-2.8018531148481403,-0.08619075953488889,9,0.0
-2.338914,11,0.740871,-2.338913638904746,-0.09843245753089755,11,0.0
-8.233488,18,0.745065,-8.543935138859844,-0.20387610590001243,18,0.0
0.110087,16,0.748565,-0.0005691990203540165,-0.1195905177768829,16,0.0
-0.569724,26,0.755485,-1.4980276964997954,-0.21132961197983255,26,0.0
2.925932,26,0.763204,1.880361687749714,-0.18434065583155235,26,0.0
-4.143036,11,0.765488,-4.143036170918965,-0.1128851051446833,11,0.0
11.40831,29,0.773713,10.246482503466922,-0.14137335346652818,29,0.0
-12.158484,28,0.782056,-13.246913839114374,-0.32127375633721433,28,0.0
6.088051,20,0.786995,5.589346262530599,-0.10674740772770949,20,0.0
3.953226,15,0.789957,3.9532261376209465,-0.08002289754380591,15,0.0
4.708227,14,0.792705,4.708227329251413,-0.06599418140525326,14,0.0
-4.184742,7,0.794026,-4.184741719581648,-0.08129508090356362,7,0.0
7.804033,20,0.799155,7.311287812371509,-0.0929930268763024,20,0.0
0.730247,15,0.802237,0.7302465465072858,-0.10576570136516218,15,0.0
4.04503,31,0.811424,2.7492021827450985,-0.21721049781519547,31,0.0
-2.269039,21,0.816721,-2.8617926698873886,-0.18237652551959987,21,0.0
2.557742,16,0.820195,2.4500215728625783,-0.10005961821053318,16,0.0
9.8038,18,0.824287,9.49985319498184,-0.05956032539485371,18,0.0
-1.81655,14,0.827292,-1.8165502809600027,-0.11816251109310022,14,0.0
9.302251,34,0.838177,7.86214173046486,-0.2002394531064417,34,0.0
1.281126,20,1.024762,0.7942197808073169,-0.14517947941757048,20,0.0
1.729416,16,1.028274,1.620972884340762,-0.1065631069765494,16,0.0
-5.284789,17,1.03261,-5.492264360194094,-0.17152335135735572,17,0.0
-2.91628,8,1.034331,-2.916280070578039,-0.07913480746766413,8,0.0
0.135683,13,1.037097,0.1356833923002284,-0.09457676833394948,13,0.0
10.407672,25,1.044605,9.527660275197364,-0.11519223885262193,25,0.0
-1.87402,13,1.04735,-1.8740195698325939,-0.1106673905467521,13,0.0
10.72234,28,1.056047,9.721279012750802,-0.13754655990646059,28,0.0
-8.32227,21,1.061204,-8.877762968337839,-0.23044432500777934,21,0.0
-3.84804,14,1.064037,-3.84803972929025,-0.13441752917228325,14,0.0
4.362156,22,1.069657,3.759768889966041,-0.13742547375537012,22,0.0
10.333418,33,1.079247,8.808329677794724,-0.18465163054919886,33,0.0
-2.427133,16,1.082576,-2.534336399857472,-0.1398419226965871,16,0.0
-0.332664,14,1.085395,-0.3326635563828475,-0.1063119979095373,14,0.0
2.611808,16,1.08883,2.5019247775913653,-0.09959404480027596,16,0.0
-3.267345,18,1.093712,-3.55728360617403,-0.16408403243681305,18,0.0
0.341481,25,1.100757,-0.5686428380744483,-0.19596946585948463,25,0.0
-4.097769,15,1.104195,-4.097768856307393,-0.14436436206737083,15,0.0
27.675494,51,1.122576,25.523922731370096,-0.1945811927945064,51,0.0
-5.857082,21,1.128056,-6.368483078358066,-0.21039883997696882,21,0.0
-3.144073,25,1.135596,-4.003049767500585,-0.2233973841726322,25,0.0
3.230315,15,1.138733,3.2303146345605045,-0.08582200619908505,15,0.0
1.837864,27,1.147298,0.7445534792272543,-0.20132214104774582,27,0.0
0.08836,27,1.155317,-0.9537393765566868,-0.21497705786622762,27,0.0
-3.900618,11,1.157598,-3.900617541141597,-0.1109165621156005,11,0.0
-2.915412,7,1.338087,-2.91541230856357,-0.0711256161623381,7,0.0
-0.402547,24,1.344492,-1.262923316664843,-0.1934447605394411,24,0.0
1.340488,22,1.35063,0.6813014545818099,-0.16203823273508605,22,0.0
3.108648,26,1.357947,2.108541343775218,-0.18242495111976106,26,0.0
-3.045542,23,1.363734,-3.8194703817862576,-0.20600363577192204,23,0.0
2.298983,36,1.374947,0.6840036793487643,-0.2736212960162263,36,0.0
-2.41868,13,1.377802,-2.41867998443293,-0.1150619912317567,13,0.0
-1.68493,21,1.383545,-2.274438210542589,-0.1776949393410295,21,0.0
8.847173,29,1.391984,7.597818983196888,-0.1625483046932917,29,0.0
-3.096606,22,1.397844,-3.7321840735939276,-0.19730640791494022,22,0.0
10.639123,35,1.409163,9.104286452638208,-0.198281378778169,35,0.0
0.438155,15,1.412228,0.4381548957955268,-0.10807966742566959,15,0.0
-6.137568,30,1.42033,-7.384248801502715,-0.29041140634563073,30,0.0
-11.778547,17,1.423885,-11.981167694210438,-0.22336818307363535,17,0.0
19.726087,45,1.437543,17.697233032431015,-0.20938131877317626,45,0.0
-3.839058,14,1.440295,-3.8390577948643827,-0.13429854667819366,14,0.0
1.429061,18,1.444409,1.1278055363171444,-0.12653637884328164,18,0.0
-5.86497,19,1.44946,-6.2618679200320635,-0.1936550417484888,19,0.0
12.442651,39,1.46229,10.708367326272988,-0.21733938747756662,39,0.0
-7.504166,17,1.466165,-7.715784413584137,-0.18935381561113598,17,0.0
-4.22313,15,1.469543,-4.223129662462171,-0.14540860868160155,15,0.0
5.458197,19,1.474779,5.074802352556667,-0.10294644443710384,19,0.0
-1.124739,11,1.666233,-1.12473860194955,-0.08879300735270992,11,0.0
2.50431,13,1.668879,2.504309796040122,-0.07562432331397244,13,0.0
7.539307,19,1.673416,7.133261534280751,-0.08648955782796144,19,0.0
8.655714,30,1.682764,7.433767158767249,-0.1718174136970487,30,0.0
7.178628,28,1.691405,6.073896888072195,-0.16673667044696167,28,0.0
3.802417,21,1.696918,3.2562159274840297,-0.13345898076378143,21,0.0
7.395587,25,1.704232,6.477154707613985,-0.13954464028433988,25,0.0
13.854289,32,1.714227,12.450904618828428,-0.14764548083118453,32,0.0
-4.785251,20,1.71963,-5.238700497051064,-0.1933916373432116,20,0.0
2.51282,14,1.722508,2.512819730672942,-0.08354041898812388,14,0.0
-8.750427,19,1.727122,-9.139707430021929,-0.21664599438724555,19,0.0
31.596657,50,1.742904,29.429258056872097,-0.1553844737898369,50,0.0
-0.251038,20,1.747917,-0.7305690411291712,-0.15730594528581923,20,0.0
-2.030956,28,1.756092,-3.073956479314982,-0.2399168279343008,28,0.0
-0.179161,30,1.764659,-1.492090281582304,-0.24319343382134181,30,0.0
-2.430352,12,1.767062,-2.4303523703366854,-0.10709509811895368,12,0.0
1.906757,24,1.773492,1.0581898199064796,-0.1749826864559046,24,0.0
3.714628,16,1.776884,3.603353046702979,-0.09078969723259797,16,0.0
1.474449,16,1.780603,1.3615942106082959,-0.10865499191314809,16,0.0
59.711779,108,1.997354,57.03423595518373,-0.3970472105585758,108,0.0
-1.839503,21,2.003184,-2.3975712001430223,-0.17866480332230358,21,0.0
2.391353,15,2.006159,2.3913526474414577,-0.0925193771692662,15,0.0
-8.872704,18,2.01073,-9.16787571070514,-0.2088128233054119,18,0.0
-1.244993,17,2.014557,-1.4482639655773117,-0.13924132191926208,17,0.0
0.147573,22,2.020313,-0.48794389173369557,-0.1714145854185879,22,0.0
-2.571031,13,2.022961,-2.5710313291629543,-0.11617928744712155,13,0.0
17.969605,47,2.038089,15.984955023613171,-0.2389562857701453,47,0.0
9.006063,24,2.044842,8.164821955837652,-0.1180960495230081,24,0.0
8.654374,34,2.055738,7.242450580653477,-0.2051788093712127,34,0.0
3.20286,44,2.070877,1.2723187364165185,-0.3328410485638362,44,0.0
-0.730761,18,2.075066,-1.0278401956678977,-0.14376090941980083,18,0.0
-2.271913,27,2.083157,-3.3243121103265256,-0.23394271465493213,27,0.0
-0.658412,13,2.085853,-0.658411906966263,-0.10091961417480762,13,0.0
3.836691,30,2.095267,2.5979140221675925,-0.2105292062085967,30,0.0
-0.020635,27,2.102629,-1.0959474180275481,-0.21610673753277204,27,0.0
-1.68155,25,2.109675,-2.57403496434727,-0.211952359191388,25,0.0
17.5703,31,2.119263,16.232877256655886,-0.10938567993404484,31,0.0
-2.064668,11,2.121502,-2.064668420266039,-0.0962632912003931,11,0.0
-1.46916,12,2.123875,-1.4691601443773907,-0.09946049737033906,12,0.0
-11.468095,18,2.128321,-11.77010014766522,-0.22969395759676936,18,0.0
3.58257,23,2.134077,2.803761080325725,-0.15302696747277564,23,0.0
-10.326545,15,2.312953,-10.326544559668175,-0.19421555400073814,15,0.0
-5.898015,17,2.316678,-6.103585418062843,-0.1764113383021623,17,0.0
20.39221,38,2.328551,18.71697104324997,-0.14526287456846312,38,0.0
1.855528,16,2.33199,1.7455697552537206,-0.10562965104039487,16,0.0
-3.359501,17,2.335614,-3.5696373251415814,-0.1561447320376784,17,0.0
-1.796878,14,2.338738,-1.7968779349772666,-0.1180940628389481,14,0.0
14.021566,37,2.351094,12.364974870600918,-0.18813529431150713,37,0.0
8.174763,30,2.359966,7.0499268797182,-0.17483892023641429,30,0.0
12.859618,69,2.383329,10.388367142084606,-0.459169784454453,69,0.0
8.959678,28,2.391263,7.836842461001886,-0.15258181190414863,28,0.0
6.574741,24,2.397602,5.757053361624614,-0.13739152311067176,24,0.0
0.784141,19,2.402351,0.3918957428878468,-0.1403771137909127,19,0.0
-2.162093,15,2.405399,-2.1620934419272055,-0.1289623841251683,15,0.0
-1.582851,26,2.412699,-2.4293513838916025,-0.2188505539685614,26,0.0
-0.440458,11,2.414842,-0.44045766528748254,-0.08327749317732128,11,0.0
-3.447151,17,2.418797,-3.6510191768616824,-0.15677582191431852,17,0.0
0.236067,13,2.42144,0.23606653916955544,-0.09376452573498126,13,0.0
4.948274,19,2.425888,4.54868808082319,-0.10710716497275864,19,0.0
7.155442,24,2.432246,6.323993800581089,-0.13283694354053116,24,0.0
4.613813,62,2.454255,2.3519926674677167,-0.4677071324638918,62,0.0
17.886416,35,2.644574,16.304102995506717,-0.14074118011292636,35,0.0
13.716116,33,2.655047,12.25312978744382,-0.15719812270493314,33,0.0
-6.048607,15,2.65811,-6.0486072942950155,-0.16003560533159253,15,0.0
9.085654,19,2.662593,8.687097862270111,-0.07402624844740772,19,0.0
1.751129,13,2.665198,1.751128899074658,-0.08168530360682655,13,0.0
24.613915,47,2.680406,22.695041600635207,-0.1853174612003607,47,0.0
1.972728,29,2.688872,0.7613849781117212,-0.21719509520818386,29,0.0
0.127808,27,2.696564,-0.8791370621094556,-0.21435105058357426,27,0.0
6.105408,37,2.707932,4.5294088606768685,-0.2509084000204322,37,0.0
-0.196467,29,2.715789,-1.4418791937197324,-0.23489391338230872,29,0.0
7.539034,41,2.727848,5.807415077446289,-0.27254268682947547,41,0.0
5.246375,21,2.732983,4.70464806827339,-0.1218149336810712,21,0.0
9.201316,37,2.744611,7.3919766140607,-0.22792046349740122,37,0.0
7.351057,31,2.754278,5.966017756482688,-0.19157902097897894,31,0.0
2.58239,77,2.780858,0.07941761059268382,-0.6055367884063683,77,0.0
45.148406,73,2.985474,42.6205037760338,-0.23322020201550867,73,0.0
11.407482,41,2.999385,9.597656892799671,-0.24217667666067638,41,0.0
2.08819,13,3.001948,2.0881900122736523,-0.07899658932807078,13,0.0
26.859981,43,3.016141,24.89797915295346,-0.13566262749596522,43,0.0
26.588836,54,3.033897,24.27839198237935,-0.2284354284800815,54,0.0
3.058357,69,3.056512,0.5902657573896417,-0.5375621263488434,69,0.0
-4.606931,12,3.058832,-4.606930802472441,-0.12449156990564272,12,0.0
14.088013,28,3.066318,12.971654046641122,-0.11154248568443642,28,0.0
27.356112,59,3.085073,25.044534946865078,-0.2621558939189377,59,0.0
3.226578,31,3.094699,1.9454156509328415,-0.22363249707616284,31,0.0
15.22569,31,3.104425,13.867600871256025,-0.12829170725769226,31,0.0
3.798622,21,3.109908,3.197558045735346,-0.13391337047890764,21,0.0
3.806152,14,3.112568,3.806152021881956,-0.07322259692086415,14,0.0
6.70466,20,3.117315,6.214676736324868,-0.10180779596655198,20,0.0
39.245247,56,3.319277,36.925192583703456,-0.14321712708890802,56,0.0
19.823834,42,3.333626,17.879136714887707,-0.18379516845819446,42,0.0
3.155506,17,3.3376,2.9538432236230676,-0.1039050337682063,17,0.0
113.253996,122,3.383449,110.53568422736679,-0.08068364103460057,122,0.0
3.552988,28,3.392169,2.4097446467248105,-0.1959370805231964,28,0.0
5.54111,27,3.399878,4.4549654693650185,-0.17171470427004237,27,0.0
19.690932,38,3.413496,17.898277974869863,-0.151966337603455,38,0.0
9.406884,30,3.423123,8.188691802162491,-0.16573813007714006,30,0.0
33.553181,81,3.452897,30.884506036616482,-0.3907956725295961,81,0.0
2.664486,17,3.456976,2.445360474089266,-0.10797207520968383,17,0.0
64.047543,69,3.481959,61.64635623070826,-0.04907852019563726,69,0.0
3.970531,28,3.667577,2.877623023014011,-0.19228160254459487,28,0.0
-4.32092,23,3.673989,-5.018760054057348,-0.21554420592570211,23,0.0
16.076569,37,3.686017,14.45214202157375,-0.17148320931139108,37,0.0
-0.601337,12,3.68847,-0.6013373859886098,-0.09253573884755971,12,0.0
48.872667,79,3.716359,46.47947041352627,-0.2501946161352194,79,0.0
4.793258,20,3.721433,4.2909572569887375,-0.11722561945244578,20,0.0
54.746513,86,3.752508,52.150115185507325,-0.26065201678613764,86,0.0
0.705145,23,3.758666,-0.06563256172945264,-0.175955669756384,23,0.0
-2.840727,15,3.761562,-2.840726951751618,-0.13436122893381672,15,0.0
43.034556,70,3.786356,40.53947350823578,-0.22598682479759508,70,0.0
10.426797,31,3.79584,9.214789706389805,-0.1655260463907166,31,0.0
22.407925,47,3.810158,20.37941261492741,-0.20376377160837306,47,0.0
2.767746,17,3.813655,2.5672945955555178,-0.10708025883211103,17,0.0
-4.414497,20,3.818027,-4.9164036688529755,-0.19075878761924422,20,0.0
17.827087,55,4.01548,15.690833860788098,-0.30506734038599903,55,0.0
12.508021,30,4.024158,11.198590101405326,-0.14170882005180196,30,0.0
36.055259,78,4.052742,33.62847053815801,-0.344917349180415,78,0.0
24.297214,52,4.069441,22.09207172338677,-0.2299120803329488,52,0.0
5.968748,34,4.079259,4.678971718467611,-0.2256907489397986,34,0.0
37.038621,81,4.107809,34.52577358793378,-0.3618469103057382,81,0.0
0.97371,33,4.118236,-0.39390939063449393,-0.2583562163093359,33,0.0
12.590615,27,4.125886,11.564056757851889,-0.11485001961968529,27,0.0
-6.844919,19,4.130578,-7.235131553979051,-0.20143563118921162,19,0.0
13.023939,57,4.150491,10.93757246593896,-0.3591087018198559,57,0.0
51.039528,65,4.172839,48.68839136756863,-0.12094161823381494,65,0.0
4.506488,16,4.358771,4.393524932367869,-0.0843746071426559,16,0.0
11.20316,38,4.371141,9.588282115523537,-0.21836721446924787,38,0.0
13.32872,54,4.38894,11.089515475633968,-0.33391879178055783,54,0.0
1.402323,17,4.392831,1.1920588719253586,-0.1180022589809707,17,0.0
26.431266,48,4.409661,24.28500913455343,-0.18051784800092083,48,0.0
69.957691,118,4.455147,67.31844499549945,-0.39449256930943555,118,0.0
-6.092699,25,4.462352,-6.956728659163069,-0.24703571986500417,25,0.0
16.713243,46,4.478389,14.885871697353092,-0.23974207401353206,46,0.0
40.894359,64,4.502722,38.538023871180805,-0.19410808658983772,64,0.0
42.066637,85,4.533415,39.461278323118734,-0.35414886868158607,85,0.0
3.843313,15,4.737869,3.8433128150228546,-0.08084551772415478,15,0.0
68.795277,75,4.766281,66.4174799582574,-0.058873161109721156,75,0.0
49.988459,55,4.785835,47.76470103081347,-0.048500974590776,55,0.0
3.702087,24,4.793407,2.9208690541645406,-0.16014404424785608,24,0.0
29.208511,53,4.812191,26.9991169113856,-0.19871499013848298,53,0.0
42.183877,70,4.838807,39.762431554431004,-0.2321900307450546,70,0.0
15.343552,41,4.853387,13.609638911190384,-0.21001390057302688,41,0.0
62.829846,113,4.897067,60.152345548467196,-0.41175774209879706,113,0.0
7.841954,18,4.901261,7.533268698754254,-0.07531449712462725,18,0.0
28.496553,53,5.095001,26.260287896418685,-0.20460440244937714,53,0.0
29.684632,74,5.120027,27.227511307855682,-0.3643814340164691,74,0.0
25.369703,70,5.145098,22.935831247392553,-0.3667012818667555,70,0.0
43.332333,61,5.165827,40.98716580073287,-0.150488510656399,61,0.0
29.316579,45,5.181226,27.553406984397178,-0.1304987248741297,45,0.0
26.490218,52,5.198781,24.40093554279472,-0.21139808883684252,52,0.0
-3.420064,17,5.202694,-3.6291804083482786,-0.15662582361724187,17,0.0
33.113592,41,5.21589,31.4596240746279,-0.06734301295833471,41,0.0
21.345687,35,5.22625,19.8592518663796,-0.11225192750687271,35,0.0
9.971349,69,5.2493,7.505239413881709,-0.4822673788368289,69,0.0
61.766208,86,5.472537,59.18220828436293,-0.20431858402695674,86,0.0
5.483864,27,5.480936,4.43342388473627,-0.1718471380323217,27,0.0
15.803701,33,5.4909,14.53735426439055,-0.13887996307402187,33,0.0
57.79908,98,5.525863,55.14952893401557,-0.33220158778428543,98,0.0
63.303178,69,5.549451,60.92447439809192,-0.054801045975100035,69,0.0
31.814625,51,5.566966,29.780525660162578,-0.16046546428634392,51,0.0
30.695919,54,5.585574,28.60173744404015,-0.1938615692324358,54,0.0
59.859398,78,5.612415,57.33324335942698,-0.15524858932504781,78,0.0
136.98032,106,5.831588,134.4133520993283,0.23811939375493327,106,0.0
22.251804,97,5.868118,19.72991919413288,-0.6077090685637231,97,0.0
28.654152,40,5.881299,27.090684948007873,-0.09422824885522338,40,0.0
22.900109,78,5.908893,20.53402615664897,-0.4497360818502196,78,0.0
19.836965,45,5.923115,17.975595271040152,-0.2070646265423862,45,0.0
40.946605,64,5.945146,38.60868676190387,-0.19344489703814452,64,0.0
49.386581,70,5.969433,46.988485384221526,-0.17413918669185513,70,0.0
177.25741,159,6.214008,174.60310523034565,0.13677540806751826,159,0.0
44.136878,77,6.24136,41.65136611837716,-0.2728702349930028,77,0.0
150.375217,141,6.293197,147.6316203299658,0.06449426926428863,141,0.0
27.839105,46,6.308904,25.966333441007095,-0.15115086528722838,46,0.0
-3.700398,10,6.311054,-3.7003976647789,-0.10133793732974705,10,0.0
11.617967,27,6.318557,10.544112634705835,-0.12287789126224452,27,0.0
48.422142,87,6.349765,45.91631015703929,-0.3183980006752974,87,0.0
6.833494,19,6.354233,6.438647160674332,-0.0920437577821696,19,0.0
31.501198,46,6.55671,29.599678158128818,-0.12202909232249713,46,0.0
8.094549,23,6.56266,7.399147099290185,-0.11626374129067246,23,0.0
172.964526,175,6.628961,170.25062550116985,-0.02554527574764915,175,0.0
71.637555,94,6.663492,69.08654461925319,-0.18888391304931212,94,0.0
162.739936,213,6.928255,159.93669710985225,-0.4110132195231077,213,0.0
70.705813,119,6.97313,68.12461999071476,-0.3960808716080189,119,0.0
30.128976,52,6.990235,28.038176195723096,-0.18239815720428448,52,0.0
47.197773,79,7.017942,44.734441942451014,-0.2640284843381722,79,0.0
90.344669,130,7.064991,87.71506763629885,-0.32703463619140566,130,0.0
79.122275,124,7.291912,76.58275694862493,-0.368067816582768,124,0.0
-0.734159,15,7.295022,-0.7341586576534389,-0.11749834749511776,15,0.0
220.760206,122,7.337268,218.1031115851261,0.7800245859771129,122,0.0
94.994039,195,7.407571,92.2699717663,-0.8087986111059287,195,0.0
132.667298,142,7.460949,130.01465284764868,-0.08407313875934297,142,0.0
233.86437,170,7.705488,231.2269053871087,0.5023638473966493,170,0.0
335.432316,223,7.791664,332.86698166336333,0.8927415457477369,223,0.0
375.419052,275,8.082407,372.7059812904874,0.7969954945263117,275,0.0
4.920685,82,8.112303,2.4781839852643706,-0.6261124951980422,82,0.0
54.827967,78,8.139395,52.36108127900487,-0.19516690998194017,78,0.0
276.838431,161,8.199472,274.0730080109814,0.9168191271447783,161,0.0
127.277721,160,8.449926,124.5935570187191,-0.27106762147469465,160,0.0
438.492801,291,8.562619,435.76388834063613,1.1736465652463113,291,0.0
347.246708,251,8.839792,344.5110637138932,0.7626083011102734,251,0.0
388.393789,306,8.956959,385.71421475414354,0.653696623631038,306,0.0
5.611131,20,8.962148,5.135571790931239,-0.11040486950648981,20,0.0
287.193629,170,9.211129,284.6906035963216,0.9298686662066279,170,0.0
10.776115,26,9.218436,9.754977205280284,-0.12130858153588267,26,0.0
307.644371,181,9.28771,305.1067732192146,1.0056329641595756,181,0.0
37.266312,58,9.307611,35.046223231699024,-0.1741356702885353,58,0.0
57.522629,68,9.3328,55.4930234154239,-0.09019063898379384,68,0.0
261.034544,156,9.574932,258.5872647218641,0.8327693073512065,156,0.0
217.674992,124,9.619259,215.05047437231755,0.7396949530623664,124,0.0
293.059856,170,9.683452,290.41379968245434,0.9757051317381902,170,0.0
25.257078,43,9.698421,23.305723081131024,-0.1484367195710725,43,0.0
300.503703,195,9.955833,297.8432488916389,0.8357338970340378,195,0.0
267.837568,143,10.010343,265.31526692251805,0.990318916137751,143,0.0
304.261891,181,10.080699,301.80263662237144,0.9790867162009845,181,0.0
290.502889,195,10.334987,287.85816564184154,0.7560390763487849,195,0.0
128.479856,233,10.426207,125.87249507582307,-0.8427757179046398,233,0.0
83.231983,195,10.695233,80.60799693321339,-0.9019061921141673,195,0.0
303.209204,170,10.762567,300.69714623106546,1.0580575358326658,170,0.0
232.392451,165,10.827435,229.81979512034243,0.5309059546665131,165,0.0
274.694471,155,11.079772,272.270118737644,0.9503567097756879,155,0.0
331.027743,247,11.18036,328.39080775120664,0.6656217720118921,247,0.0
239.156847,135,11.231028,236.61629732617618,0.8245073426706511,135,0.0
112.286708,257,11.511331,109.73196394445912,-1.1632002227105154,257,0.0
287.85222,153,11.570041,285.4082845875749,1.0712850834309953,153,0.0
258.881404,135,11.621803,256.5383157278346,0.9838380674216373,135,0.0
255.250602,148,11.861281,252.7769571158851,0.8502330604495869,148,0.0
299.618614,205,11.937047,297.0533605259889,0.7500906226681922,205,0.0
307.157508,170,12.000772,304.5097969786896,1.0885128310044694,170,0.0
226.07885,118,12.224767,223.85644377819548,0.8580137696903429,118,0.0
280.712783,431,12.390823,278.0892517756757,-1.2035683831639847,431,0.0
549.586178,387,12.717984,546.9882855082592,1.2986145523033745,387,0.0
250.901578,140,12.769821,248.44447224629374,0.8794851331725926,140,0.0
257.750431,137,13.004904,255.41465044663255,0.9590212489153407,137,0.0
156.012402,191,13.07683,153.3933038602174,-0.2877085956411445,191,0.0
373.664727,268,13.361051,371.1682404052376,0.8406619494373183,268,0.0
424.709572,318,13.484141,422.2051285909637,0.8501130351697339,318,0.0
289.108076,166,13.725168,286.80767619587266,0.9787889967805807,166,0.0
293.358777,180,13.794455,291.0219387403301,0.9010492921750688,180,0.0
319.308959,196,13.870025,316.8757245424988,0.9804896417746072,196,0.0
130.210434,170,14.114933,127.70489077119129,-0.32561858790364395,170,0.0
360.236434,223,14.198044,357.78003372295854,1.0921767405087757,223,0.0
-0.482891,17,14.201977,-0.6889676506212229,-0.1331543983820269,17,0.0
296.841217,172,14.265511,294.5517789305861,0.9932101965662824,172,0.0
312.936858,192,14.521139,310.43627982492666,0.9608624573451736,192,0.0
440.515048,295,14.634758,438.0424129556851,1.1606362006898854,295,0.0
313.43878,173,14.880364,311.062692292726,1.1170615608998926,173,0.0
260.200332,128,14.928416,257.67142455996566,1.0488487769347308,128,0.0
288.354914,177,14.998045,285.98188755926276,0.8846987672939585,177,0.0
410.747636,259,15.28864,408.3162259996407,1.209963401362955,259,0.0
321.729044,190,15.362245,319.20898526811675,1.046734303464476,190,0.0
307.136,173,15.607888,304.89111012011955,1.0677821693127947,173,0.0
369.596931,229,15.696814,367.0402233900366,1.1186116843996425,229,0.0
494.568156,383,16.038637,492.0205396693641,0.8908545265145399,383,0.0
283.886103,137,16.091145,281.56814622918444,1.1682486092283024,137,0.0
280.414766,164,16.155284,278.0470059459047,0.924766815430957,164,0.0
286.148606,156,16.398005,283.7072439287336,1.033752683003817,156,0.0
296.778096,181,16.467488,294.5918315088665,0.9215501166765097,181,0.0
397.889169,251,16.563918,395.4130637429427,1.1703192861394065,251,0.0
166.822198,92,16.779686,164.42442695585686,0.5897961251194515,92,0.0
262.811169,170,16.841851,260.3202258697497,0.7350459656746283,170,0.0
350.795754,224,16.931669,348.31898542556496,1.008574936895542,224,0.0
504.584054,374,17.262196,502.00206057274005,1.0425915787169344,374,0.0
286.395981,156,17.3227,284.0973284624951,1.0370369954731065,156,0.0
324.528178,206,17.586762,322.2597266032065,0.9436503698167815,206,0.0
256.833328,136,17.636765,254.46133475610966,0.9593877830617112,136,0.0
169.146398,266,17.920298,166.82684380059848,-0.7778717216961617,266,0.0
318.022577,180,17.988325,315.74098581480916,1.098797089920668,180,0.0
256.309494,136,18.040051,254.04903152236528,0.9560116110202518,136,0.0
290.480309,174,18.28817,288.118976003011,0.92560153689108,174,0.0
403.113413,243,18.385801,400.72568715047544,1.276707333542256,243,0.0
365.025383,213,18.46993,362.5518830908129,1.2101453887336082,213,0.0
253.179471,171,18.71667,250.665052090747,0.6500443849775839,171,0.0
231.652857,125,18.763127,229.125590476407,0.8444872421130669,125,0.0
348.923214,207,18.845683,346.61900821092553,1.1307438981104743,207,0.0
249.694838,135,19.08883,247.60335312445264,0.9125379052398975,135,0.0
314.408312,163,19.154555,312.27938039475833,1.2067113413319561,163,0.0
383.178503,218,19.243214,380.8096382005005,1.316406625198651,218,0.0
251.632282,125,19.485734,249.3477528784023,1.0060731127789764,125,0.0
295.180164,164,19.55053,292.66626673735016,1.0417540785341193,164,0.0
85.561421,215,19.63168,83.08744403922948,-1.0414569022972673,215,0.0
271.807548,133,19.870456,269.2554624570583,1.1014339987103288,133,0.0
392.214538,281,19.98084,389.67972816476083,0.8849884169228724,281,0.0
362.43978,219,20.256992,360.0451428888645,1.142298743991777,219,0.0
268.858978,164,20.320474,266.67063441986585,0.833931733735643,164,0.0
429.904397,298,20.626556,427.41145482674017,1.0518176580180973,298,0.0
374.041126,212,20.711505,371.7546112499763,1.29174136209319,212,0.0
254.838523,142,20.766635,252.49412392049865,0.8957266768821759,142,0.0
295.706437,188,21.022147,293.31603599252963,0.8558456051294197,188,0.0
330.174449,229,21.11514,327.8275178094281,0.8051519612555416,229,0.0
267.623754,150,21.174718,265.475173700573,0.9358756750749979,150,0.0
338.864894,180,21.447777,336.62635620760574,1.265996084265995,180,0.0
380.591433,232,21.540824,378.2268640284959,1.184194785122347,232,0.0
261.622029,171,21.797856,259.40794430906334,0.7201260338826413,171,0.0
286.055009,148,21.854267,283.61069327868046,1.0967087041108303,148,0.0
307.98276,146,21.908635,305.6307027589288,1.2890387127801706,146,0.0
340.225777,194,21.982282,338.0130076738756,1.1652584957199035,194,0.0
296.766651,163,22.234422,294.57118406240096,1.0649889656249587,163,0.0
486.235647,365,22.567804,483.8319320147417,0.9688478097313756,365,0.0
341.776631,213,22.648313,339.5392275533859,1.0261411560487843,213,0.0
286.678253,156,22.709297,284.4424361605904,1.0396997523918812,156,0.0
392.977659,262,23.005433,390.6038036499314,1.0441436865146472,262,0.0
476.968596,314,23.128532,474.5750414432283,1.3015223797210667,314,0.0
381.451627,203,23.39821,379.32343712288963,1.4243261865617203,203,0.0
407.742451,249,23.493714,405.22905209732795,1.2646036111840102,249,0.0
323.546805,166,23.737853,321.34710576952904,1.2552498706367432,166,0.0
327.019657,170,23.805619,324.78336192956766,1.2507392994117448,170,0.0
254.525578,121,23.851724,252.33408139640898,1.0619385738182412,121,0.0
338.531356,190,24.115894,336.21176411818,1.1829467049558626,190,0.0
292.123803,153,24.173767,289.9779285829745,1.1079967943787574,153,0.0
318.893555,199,24.254312,316.70489203672446,0.955445379050807,199,0.0
439.527875,298,24.566843,437.09590111892925,1.1291852588559514,298,0.0
373.605894,216,24.654566,371.38776777083183,1.2572011182129676,216,0.0
327.409992,189,24.917546,325.1709450224446,1.102616757956918,189,0.0
252.967317,120,24.965961,250.60902182787945,1.0561876134030372,120,0.0
342.641535,204,25.044995,340.5146569954312,1.105843487082113,204,0.0
153.670685,229,25.314735,151.49313289201555,-0.6054828750369355,229,0.0
287.012654,151,25.372505,284.9756252530121,1.0839692783836992,151,0.0
301.878191,172,25.435525,299.5394445774796,1.0331664489037915,172,0.0
310.203194,154,25.681742,307.93382180113105,1.243784323189687,154,0.0
377.913069,233,25.772519,375.7099997679824,1.1562300257792753,233,0.0
341.016528,180,25.844223,338.74647348387015,1.2830026893816955,180,0.0
99.403365,202,26.117955,97.11631286790625,-0.8254289710898678,202,0.0
367.806069,213,26.206937,365.5459031027958,1.2343717753622554,213,0.0
329.716195,179,26.472556,327.41793931288515,1.2001664633053424,179,0.0
358.213443,208,26.555548,355.90187403207364,1.1967844526169236,208,0.0
114.563326,179,26.627508,112.27272046025514,-0.5208181096036067,179,0.0
336.271361,211,26.889799,334.0735174440188,0.9985666246148682,211,0.0
314.525477,173,26.982024,312.0608667197537,1.1251991824233087,173,0.0
316.332911,175,27.057153,314.10444314522243,1.1256766914651215,175,0.0
330.836486,176,27.334121,328.6668262502625,1.2341712668118836,176,0.0
314.527383,160,27.398403,312.23555991901276,1.230269633999855,160,0.0
403.481377,249,27.689759,401.01220373546806,1.2308934699571212,249,0.0
289.930338,151,27.750437,287.6232913926198,1.1049687115115676,151,0.0
294.243547,147,27.807774,292.03640816693877,1.172233097849058,147,0.0
317.079986,159,27.869562,314.70854875392206,1.2579593023447637,159,0.0
307.910217,160,28.119753,305.63391808514126,1.1775473286598444,160,0.0
384.752885,220,28.21023,382.37302702195285,1.312990871643295,220,0.0
337.511873,170,28.463038,335.37760540827014,1.3357523561703282,170,0.0
321.968801,184,28.535725,319.75935752798244,1.0990541758824253,184,0.0
460.674547,284,28.647447,458.2765282960456,1.410202374157373,284,0.0
90.976022,179,28.902791,88.7176081230323,-0.7092635583863263,179,0.0
380.543119,222,28.989471,378.1346056154087,1.2632699420443512,222,0.0
406.138734,240,29.271173,403.73846478338015,1.3245978589427936,240,0.0
394.484046,237,29.36438,391.9902712956755,1.2544950746523085,237,0.0
282.49781,169,29.430363,280.05921086090774,0.90109599122017,169,0.0
326.347215,189,29.69332,324.06017960972736,1.0938654576077402,189,0.0
336.675287,176,29.76111,334.43771317934846,1.280203956956891,176,0.0
358.474437,228,30.034999,356.2244519761194,1.040259301389018,228,0.0
248.872773,119,30.079724,246.5945711192386,1.0319024104644094,119,0.0
373.529761,196,30.155469,371.234054154157,1.4152244583137272,196,0.0
332.132205,166,30.404888,329.800330011219,1.322861377601872,166,0.0
371.003828,193,30.482384,368.7153680344695,1.4191459884255218,193,0.0
381.652319,217,30.564711,379.41350686062736,1.3131680288483678,217,0.0
339.083618,162,30.81369,336.8795153832624,1.4114130913004117,162,0.0
325.371807,173,30.881557,323.0708493535212,1.2132027965282388,173,0.0
372.411324,207,30.961344,370.07881039831005,1.3183703294858828,207,0.0
346.085074,194,31.213589,343.82704617876595,1.211790021372645,194,0.0
356.89374,188,31.284802,354.6927799703766,1.3466281581222403,188,0.0
367.924652,194,31.539703,365.76289476424233,1.38733156174181,194,0.0
291.906769,155,31.60024,289.6758316473868,1.089858044976606,155,0.0
387.949817,231,31.688099,385.6164755558898,1.2513339502868828,231,0.0
323.271496,170,31.939028,321.1227825684102,1.2215558595356353,170,0.0
429.057461,262,32.040683,426.69593041951856,1.3328366214425742,262,0.0
347.733592,189,32.296451,345.43921960406567,1.264727291820058,189,0.0
415.297553,239,32.389356,412.9668861912438,1.4063396643262265,239,0.0
376.59179,203,32.467115,374.41919927406275,1.3848071466760834,203,0.0
303.905173,160,32.709618,301.4985862818341,1.14421508824306,160,0.0
372.117951,208,32.789917,369.9639538463502,1.3095370038597436,208,0.0
367.365822,203,32.867193,365.2394226882446,1.3116291807585974,203,0.0
341.499143,169,33.116642,339.16332102708924,1.3736357238154797,169,0.0
331.32777,184,33.18818,329.2033680437399,1.1747622908524518,184,0.0
276.03466,146,33.241862,273.68955225680685,1.0333889146374877,146,0.0
351.846823,200,33.498825,349.6409613388812,1.210471478837533,200,0.0
417.100585,243,33.59131,414.61207511503375,1.3873663113136119,243,0.0
314.312066,152,33.83177,311.9830313346167,1.2921420103555963,152,0.0
349.817332,175,33.899284,347.4897734463699,1.392813179616085,175,0.0
360.058562,199,33.975528,357.83908276623794,1.284081608615125,199,0.0
350.94067,160,34.214623,348.65349457555436,1.521439436866194,160,0.0
280.226724,150,34.273094,277.92622756830093,1.0355565095264576,150,0.0
343.890374,175,34.341219,341.67481648763766,1.346060686176792,175,0.0
258.523399,127,34.572235,256.40208053387806,1.046532551519321,127,0.0
312.084691,164,34.637687,309.9363581568727,1.1801253667075386,164,0.0
340.384899,182,34.710673,338.07290663294134,1.2614502113543342,182,0.0
134.654677,213,34.993637,132.5763741495197,-0.6293796401881672,213,0.0
473.522594,238,35.092699,471.0865730173071,1.879061205523182,238,0.0
480.156021,308,35.426132,477.7957885863062,1.3752450506032239,308,0.0
394.290284,206,35.506978,391.9488181172844,1.5012251382113235,206,0.0
389.387645,215,35.769622,387.1506198958562,1.3910651439844253,215,0.0
446.300601,284,35.880405,443.99664090410573,1.2958784225163806,284,0.0
343.442122,173,35.944712,341.2979479717053,1.3592275526218733,173,0.0
357.490237,188,36.201669,355.3128806906221,1.3517824979210673,188,0.0
414.368493,217,36.284774,412.2128442714546,1.575663678726253,217,0.0
288.722406,130,36.332598,286.48336908166317,1.2633799279111266,130,0.0
351.446648,179,36.5891,349.21833955124146,1.3748152789194226,179,0.0
444.054885,222,36.676765,441.7897778412056,1.7723239760982512,222,0.0
338.161985,171,36.941844,335.7873033551272,1.3309445115803789,171,0.0
326.908231,175,37.011605,324.6881570075958,1.2105026334778166,175,0.0
448.994668,247,37.107951,446.77028444444966,1.613065845936591,247,0.0
337.273657,181,37.368661,335.11299439192885,1.2458497204775278,181,0.0
350.045437,189,37.442328,347.9040774590853,1.284259190821688,189,0.0
418.725887,243,37.735635,416.52442775996894,1.4028391690089956,243,0.0
344.900543,185,37.810362,342.62078659123546,1.274136677151828,185,0.0
344.4318,166,37.874052,342.4188262739165,1.4238663876274167,166,0.0
319.936312,170,38.136701,317.7821807739274,1.1949569497896877,170,0.0
342.881328,176,38.209491,340.57648372116347,1.3293626905122289,176,0.0
282.545275,131,38.261306,280.1672434477972,1.2050591629934664,131,0.0
301.192271,171,38.518387,298.9995390283401,1.0366011026567705,171,0.0
357.393115,176,38.589881,355.26701999972556,1.4469484966829398,176,0.0
350.851083,166,38.657037,348.72729232557316,1.4743591545465755,166,0.0
486.832773,300,38.966175,484.7209572761824,1.4942243595440239,300,0.0
371.325139,205,39.044634,369.0754548068221,1.326327539400433,205,0.0
360.436962,203,39.308579,357.9699607478597,1.2535675666722677,203,0.0
342.580097,171,39.375891,340.4440214418179,1.3682201047196625,171,0.0
436.675176,270,39.485175,434.36259646753234,1.3306235493783778,270,0.0
306.098863,154,39.725902,303.785194685386,1.210463208612476,154,0.0
351.379098,194,39.801367,349.347157800036,1.2562530589740823,194,0.0
380.596843,184,40.048825,378.2409868434423,1.567107086672634,184,0.0
384.161601,208,40.132412,381.9135050306704,1.4051923532922947,208,0.0
433.677311,241,40.227574,431.2946395945025,1.5371213191449578,241,0.0
375.320783,212,40.493627,373.19065662612104,1.303507942728614,212,0.0
355.48779,177,40.561486,353.40942704852165,1.4241350062689722,177,0.0
289.764961,141,40.614956,287.4441883924181,1.1832764424880933,141,0.0
398.418049,214,40.873796,396.2424234589733,1.4718720950979243,214,0.0
320.312508,154,40.930547,318.2532208718112,1.3264935310317079,154,0.0
354.583975,164,40.992773,352.4717600205418,1.520282825512416,164,0.0
409.785268,212,41.255214,407.7787629474601,1.5802033620307732,212,0.0
231.210926,112,41.295839,229.00297943143244,0.9471074385960829,112,0.0
411.71013,211,41.562621,409.67473704474696,1.603269478251389,211,0.0
359.228703,180,41.63383,356.77002421240394,1.4272863552708241,180,0.0
183.124752,278,41.743131,180.80025464988407,-0.7616604756396758,278,0.0
261.575905,127,41.975838,259.51909463378723,1.071524562195214,127,0.0
519.888983,335,42.112646,517.7528180271089,1.4798924594414828,335,0.0
443.768899,246,42.390542,441.6052410971941,1.5798112641659459,246,0.0
411.733121,223,42.475317,409.45282457653644,1.5058268909092052,223,0.0
355.343206,191,42.742906,353.2704718544037,1.31166245350922,191,0.0
383.421556,193,42.817144,381.3572530127654,1.5201694497293317,193,0.0
374.377431,203,42.897627,372.26282751426606,1.3678611198687203,203,0.0
370.223812,200,43.164825,368.06224097662056,1.3580537239463186,200,0.0
264.987698,134,43.216472,262.73539762760004,1.0415566171931068,134,0.0
370.011554,187,43.285562,368.03701612093386,1.4615409719121368,187,0.0
313.902272,165,43.537259,311.9462474006109,1.1882214709293089,165,0.0
399.875139,221,43.626765,397.76583344891213,1.428300613619874,221,0.0
367.013788,172,43.696701,364.8885887446842,1.5559168815915707,172,0.0
420.189099,231,43.981611,418.0617226255321,1.5113284820957744,231,0.0
379.353897,192,44.054347,377.2427854635015,1.4952052929940332,192,0.0
352.787806,194,44.323881,350.75165792594584,1.267413942182841,194,0.0
376.612681,177,44.394205,374.39440267934623,1.5920877081551543,177,0.0
354.165178,169,44.458517,352.00030265646683,1.4767894486875777,169,0.0
402.314545,225,44.737949,400.1585722200676,1.4157788045522648,225,0.0
410.142019,217,44.829868,408.0613090955633,1.5426881864208577,217,0.0
361.033441,187,45.098408,358.9588359947899,1.3887533804235974,187,0.0
309.911199,158,45.161496,307.8027779294763,1.21095272677867,158,0.0
354.773654,175,45.231294,352.5187915054603,1.433051558284357,175,0.0
411.284117,231,45.506869,409.22265109018537,1.440579140860151,231,0.0
334.35046,162,45.567484,332.20801158330056,1.374138189891289,162,0.0
317.185092,154,45.626311,315.0946397443273,1.3011351701920615,154,0.0
276.942137,134,45.857221,274.6542222380111,1.1369364980921586,134,0.0
370.898936,190,45.932586,368.7448206611896,1.4434309708703206,190,0.0
336.4305,167,46.000539,334.3623334297554,1.3517257104386504,167,0.0
298.40282,142,46.242445,296.24377334684345,1.2459528378570996,142,0.0
364.391752,184,46.317546,362.31076506443605,1.4394809734532454,184,0.0
308.616449,170,46.385738,306.41640421366344,1.1041121262369704,170,0.0
434.865508,252,46.672855,432.6613849716416,1.4605960202538708,252,0.0
395.163514,198,46.750008,393.25464977476054,1.5759380734819541,198,0.0
299.308529,150,46.806176,297.1675029431013,1.1894939126420845,150,0.0
330.082117,150,47.053143,327.95892711424045,1.4357449370350899,150,0.0
407.445536,223,47.143355,405.3354541875723,1.4730204189623306,223,0.0
339.235806,185,47.219741,337.00968407257267,1.2292457627421103,185,0.0
335.778696,166,47.480621,333.5471452676842,1.35308968875625,166,0.0
375.673322,182,47.551381,373.5306508657073,1.5453621732006892,182,0.0
347.069398,172,47.811868,344.9698339812953,1.3966727021112348,172,0.0
501.645327,302,47.930365,499.51500430124975,1.5972507368420121,302,0.0
375.98234,182,48.001263,373.8035310183088,1.547537947437181,182,0.0
421.577622,235,48.286926,419.3548200564715,1.4896470292685742,235,0.0
291.905657,132,48.336923,289.57399583959875,1.2721183857128338,132,0.0
340.455917,156,48.395342,338.32698402405043,1.4708838530361847,156,0.0
282.84034,131,48.633007,280.72346756849515,1.2093519778193969,131,0.0
285.814093,136,48.686978,283.5900749309323,1.1924120868752586,136,0.0
356.161127,179,48.758856,354.1037450668912,1.4138777539044032,179,0.0
325.429869,148,49.010608,323.3706794960097,1.4149636650731032,148,0.0
413.18393,207,49.094527,411.0312235981361,1.6462616330033295,207,0.0
353.776716,164,49.160058,351.70389009484444,1.5143522276023136,164,0.0
400.311425,210,49.428288,398.1738179586316,1.5194789413302772,210,0.0
314.207078,145,49.483876,312.13851912227426,1.349278449453951,145,0.0
323.076661,154,49.539893,320.79060452120933,1.3465030355368066,154,0.0
390.811854,185,49.804136,388.6741161047701,1.6425582511363455,185,0.0
316.271375,144,49.860695,314.1626462488898,1.3732388624833873,144,0.0
366.888804,178,49.926884,364.74928399842855,1.5070026354252675,178,0.0
349.560504,182,50.18276,347.61697806426986,1.338293626148046,182,0.0
352.500739,176,50.252044,350.3188163364208,1.40758323936883,176,0.0
312.383517,153,50.310627,310.30267299518306,1.270827939790104,153,0.0
394.90191,196,50.57656,392.8460988969278,1.5886101940581339,196,0.0
349.632599,176,50.647981,347.69061006310864,1.3865837207079688,176,0.0
325.944266,146,50.707029,323.77791727386324,1.4343491332786822,146,0.0
383.864494,191,50.966594,381.7548020719212,1.5395722267522567,191,0.0
437.570973,244,51.062443,435.54706393976693,1.5476260394996402,244,0.0
317.526907,161,51.303572,315.42175039733127,1.247977243649519,161,0.0
353.407696,184,51.376304,351.39666556670073,1.3525963623191775,184,0.0
353.808544,162,51.438394,351.7154307229839,1.5304018755182995,162,0.0
378.308661,182,51.698493,376.2313203653909,1.567195448616527,182,0.0
336.332252,165,51.765144,334.3853067159935,1.3678092499005072,165,0.0
433.064078,275,51.873764,430.842345110102,1.2628534501974167,275,0.0
370.212499,188,52.13651,368.0811803554599,1.4541455875998897,188,0.0
265.665266,132,52.187554,263.3145953201723,1.0619493291603674,132,0.0
381.834859,171,52.25255,379.58939735443096,1.681722259544542,171,0.0
370.138419,188,52.509612,368.14186589339675,1.454538183268265,188,0.0
367.514109,186,52.583445,365.58327875101577,1.450262063164849,186,0.0
431.27854,206,52.846518,429.1034580154024,1.7988187265175617,206,0.0
360.055788,176,52.914458,358.05517388321965,1.4698263854226514,176,0.0
541.310549,345,53.227158,539.0937281792425,1.571054586702372,345,0.0
379.112365,187,53.29985,377.07503945033363,1.5340785441987073,187,0.0
323.303361,168,53.364997,321.230912710503,1.2387036301728163,168,0.0
369.808787,178,53.621949,367.732675592291,1.5309563100127832,178,0.0
361.8586,175,53.686199,359.73567525438006,1.491005868898777,175,0.0
399.947032,198,53.76098,398.0013379984957,1.613775315974897,198,0.0
333.860773,151,53.998248,331.71845621293,1.4579531974734594,151,0.0
363.857537,174,54.064438,361.89612114630876,1.5163235550274141,174,0.0
377.968633,187,54.137338,376.05725638941465,1.5257572694803108,187,0.0
502.561363,275,54.431619,500.3236058312786,1.8187250185485695,275,0.0
391.052496,206,54.513096,389.0146073709096,1.478409233174914,206,0.0
368.599472,188,54.772438,366.7289207175644,1.4433960976634472,188,0.0
372.009452,180,54.843378,369.7479124881915,1.53112855802952,180,0.0
380.167018,208,54.922385,377.93114541600335,1.3734587527607651,208,0.0
404.945077,184,55.1799,402.8141632106464,1.7637532780856489,184,0.0
331.88471,160,55.242545,329.5834294132835,1.3691531328308897,160,0.0
377.483243,193,55.31572,375.4524073904823,1.4732859216953447,193,0.0
355.32451,161,55.56427,353.11100711573926,1.5494578967978692,161,0.0
323.374416,139,55.615262,321.14413335981953,1.4690594020747834,139,0.0
318.092027,167,55.680269,315.9807833114191,1.2048175652548816,167,0.0
377.554191,182,55.928643,375.6019189156479,1.5622256146223308,182,0.0
371.963191,205,56.007989,369.8649128165735,1.3330491815741643,205,0.0
369.149912,182,56.075743,367.08929675017316,1.493978646263729,182,0.0
339.778802,154,56.320344,337.6103395292353,1.4812334887627936,154,0.0
343.407036,161,56.382287,341.39065761009357,1.4557263256288793,161,0.0
393.519534,201,56.462839,391.36166687027907,1.5367915090101676,201,0.0
336.760947,167,56.707773,334.53637673148006,1.353042531456878,167,0.0
361.547485,183,56.779511,359.63828547532637,1.4264276877451483,183,0.0
354.372648,190,56.851671,352.4886054931998,1.3134295242707053,190,0.0
371.646609,190,57.102692,369.6581464947691,1.4508074225429637,190,0.0
393.330138,206,57.18355,391.16359125808486,1.495404108118052,206,0.0
391.939482,182,57.438786,389.9948216193279,1.6772773838739226,182,0.0
330.029626,153,57.498443,327.9877925976778,1.4123446475262884,153,0.0
430.272071,219,57.580936,428.1653177033975,1.6877149869856274,219,0.0
324.145954,148,57.821383,322.1254636211852,1.4053839907056234,148,0.0
458.456974,241,57.92625,456.4408775094643,1.7385714343054046,241,0.0
382.797402,182,58.003249,380.8240081079612,1.6039126691610213,182,0.0
400.714248,188,58.270716,398.7357013753351,1.699251902040907,188,0.0
401.821014,180,58.336874,399.9146139219863,1.7724695101913952,180,0.0
474.798197,257,58.617257,472.6547458794116,1.7406992316716592,257,0.0
357.730729,164,58.684277,355.709855484177,1.5463479315408997,164,0.0
295.674478,134,58.739631,293.45610016172526,1.287318200736885,134,0.0
340.269484,157,58.992457,338.16578552096894,1.4617607309191247,157,0.0
388.95028,191,59.067112,386.90364971103077,1.580846692612241,191,0.0
343.592765,164,59.132082,341.6262034169547,1.433683298077367,164,0.0
370.023709,168,59.404376,368.0697586268549,1.6135795152787218,168,0.0
401.353698,194,59.484137,399.48032571780516,1.6574801739261495,194,0.0
323.020634,152,59.545132,320.888541145938,1.3633361537092448,152,0.0
376.63726,189,59.809486,374.6181796708396,1.498419384506638,189,0.0
309.698235,138,59.86273,307.59486090578736,1.3684718578665525,138,0.0
397.31828,205,59.94857,395.6078687649287,1.539067749624847,205,0.0
299.44666,148,60.19061,297.5200719436679,1.208281993573756,148,0.0
303.037932,138,60.245907,300.972232732948,1.3157914440382503,138,0.0
339.918482,161,60.310133,337.9537292170333,1.4281778296481777,161,0.0
430.862999,200,60.588384,429.0705613829003,1.8463784273665724,200,0.0
288.346515,124,60.632282,286.2006271917975,1.3090525001929298,124,0.0
359.133875,159,60.691461,357.2073834260734,1.5980673504131242,159,0.0
367.38529,175,60.761711,365.31460159817533,1.5354160114683817,175,0.0
357.443534,160,61.022184,355.3969524215232,1.57579829273794,160,0.0
359.571952,167,61.084071,357.51201012621914,1.5368677787512186,167,0.0
380.916564,201,61.162575,378.97499002754245,1.4377966333822727,201,0.0
322.110999,145,61.408051,319.88045185902234,1.4110527073605046,145,0.0
358.24809,166,61.469207,356.2247567010682,1.5345001996087764,166,0.0
447.488003,202,61.552658,445.49837919161587,1.9618657943867086,202,0.0
365.258162,181,61.822226,363.1508900290682,1.4704904118629918,181,0.0
372.443954,185,61.898942,370.3576808958953,1.496347940543246,185,0.0
392.29058,180,62.16713,390.26706337309975,1.6953005021529688,180,0.0
348.6775,176,62.238807,346.62240379843445,1.3780044023202405,176,0.0
443.237751,219,62.327347,441.0458358997975,1.7908083734346771,219,0.0
356.253588,171,62.584045,354.14455187732705,1.4781743656400503,171,0.0
361.083046,175,62.655051,359.0573237628032,1.4856805115296026,175,0.0
442.968366,227,62.745294,440.99678518033573,1.7269256102054926,227,0.0
352.259097,179,63.002076,350.2086529024738,1.3830413992197077,179,0.0
363.236466,177,63.072743,361.1351480878107,1.4861835309672433,177,0.0
370.083981,186,63.332605,368.10581312680677,1.4705708231322903,186,0.0
392.913476,180,63.403454,391.15869455095435,1.7025203043495347,180,0.0
377.949206,162,63.467978,375.72761848340133,1.7224299208119955,162,0.0
384.881621,184,63.734781,382.63814023353206,1.602523488394512,184,0.0
329.49519,149,63.790782,327.3574869663863,1.4390194287332707,149,0.0
391.107523,182,63.859744,389.1193315306163,1.670420145462971,182,0.0
397.217458,174,64.117976,395.1981638952328,1.7825334751687907,174,0.0
365.137908,175,64.187447,363.2059391861851,1.5188398583282345,175,0.0
344.669904,154,64.243065,342.64675405085916,1.52153446309873,154,0.0
439.486713,234,64.527854,437.31411788325073,1.6417756635442395,234,0.0
325.719194,142,64.580241,323.8320438179275,1.4667193724854621,142,0.0
390.614403,182,64.651823,388.6109232195929,1.6663543375544603,182,0.0
360.8086,164,64.913047,358.84358881805946,1.5714802599071285,164,0.0
413.849621,197,64.990517,411.9204215794491,1.7333527911859847,197,0.0
338.857463,148,65.045332,336.7453314167666,1.5222920390352492,148,0.0
382.539337,185,65.31226,380.6061946099203,1.5784847747094355,185,0.0
384.125111,183,65.386078,382.02540161202637,1.6056787413068465,183,0.0
335.291872,155,65.446319,333.30914822129483,1.4391648482136956,155,0.0
416.7273,206,65.711833,414.90013803479235,1.6853360731477263,206,0.0
414.643802,177,65.780965,412.5350807721389,1.8974229097101927,177,0.0
342.543063,172,65.8478,340.70807495605834,1.36300017441602,172,0.0
406.390016,171,66.104981,404.3074343999681,1.8795504451757814,171,0.0
387.105039,175,66.176307,385.0411327023436,1.6936406126979044,175,0.0
346.556275,169,66.240441,344.51731365395307,1.4170960724861394,169,0.0
451.825982,209,66.506268,449.88188276105734,1.9411488022248218,209,0.0
361.400534,165,66.572178,359.35196393342,1.567625733199362,165,0.0
387.240117,178,66.638505,385.1158534143051,1.670052556593101,178,0.0
330.348493,160,66.890585,328.50688073895685,1.360984748472073,160,0.0
384.52083,179,66.960451,382.4832547372045,1.6411259233670874,179,0.0
414.354,190,67.036005,412.39962215700734,1.7929750099784767,190,0.0
332.613285,158,67.290879,330.56415249482296,1.393065385895264,158,0.0
329.536442,156,67.352485,327.625991743213,1.385711025000858,156,0.0
421.637308,185,67.425178,419.55562054224123,1.8898244879435042,185,0.0
386.812664,172,67.683532,384.7467214098687,1.7149742574609999,172,0.0
443.877825,228,67.7749,441.96890181536287,1.7269577699806888,228,0.0
412.198103,189,68.043137,410.1945760360887,1.7834027121795086,189,0.0
379.050891,162,68.107008,377.0366817988536,1.7329567491038413,162,0.0
435.028722,198,68.185558,432.9873215267093,1.8938126858614446,198,0.0
421.085538,188,68.446991,419.16055913749204,1.862855771895689,188,0.0
391.511385,174,68.51585,389.3683845967529,1.7362089039569795,174,0.0
349.780182,154,68.57899,347.92978041504006,1.5640293123695221,154,0.0
364.342848,164,68.847652,362.32323706099015,1.5992234113212813,164,0.0
395.03689,171,68.916637,392.97263930897213,1.7887667077404257,171,0.0
382.029954,176,68.98687,380.24461866367693,1.647307027231407,176,0.0
320.811256,140,69.23402,318.6308181883905,1.441090056819579,140,0.0
353.826771,168,69.303602,351.9876193954237,1.4848594286343817,168,0.0
353.283465,160,69.364867,351.43077956236255,1.5442486206160533,160,0.0
356.629212,166,69.626522,354.71838895558795,1.522730327624936,166,0.0
360.972099,167,69.693655,358.9881003874483,1.5486934261689989,167,0.0
376.594707,168,69.763018,374.65940386644434,1.6662495698625865,168,0.0
443.620474,203,70.039683,441.40302705132325,1.9212608088056309,203,0.0
464.162941,198,70.119539,461.96272049759654,2.1257741469626605,198,0.0
381.988926,160,70.182785,379.98468581024144,1.7725730558914563,160,0.0
368.682009,155,70.440986,366.5417997295898,1.704916024635676,155,0.0
410.373014,170,70.50881,408.1624738991939,1.9181329508172198,170,0.0
359.506532,152,70.571637,357.3084539760524,1.6549590382780237,152,0.0
450.021275,208,70.84916,448.2011882073587,1.935869082848442,208,0.0
433.146233,196,70.927917,431.15343062436676,1.8951153934446332,196,0.0
385.338378,188,71.004269,383.2697417889729,1.5759152688663496,188,0.0
342.10372,155,71.265451,340.07808094742296,1.4931689402589057,155,0.0
345.391699,162,71.331614,343.4078309002311,1.4643391676699566,162,0.0
337.937134,146,71.389978,335.91607982252225,1.5316229990530008,146,0.0
405.767417,184,71.655212,403.68368485430676,1.7710400059605362,184,0.0
401.928413,206,71.734489,399.93910117029844,1.5657624393563114,206,0.0
443.655145,192,71.808993,441.5618231617703,2.010218138393834,192,0.0
324.709633,145,72.066128,322.7248332673096,1.4340375498428881,145,0.0
393.384533,183,72.135935,391.2205882045808,1.679258606626761,183,0.0
323.837395,135,72.188556,321.9131144997313,1.5072013894558873,135,0.0
274.715898,128,72.427192,272.70787509259765,1.1693276810629472,128,0.0
382.326444,172,72.496109,380.3179168938793,1.6796669039019534,172,0.0
396.457743,180,72.567683,394.34342668740385,1.728034247917074,180,0.0
410.900305,183,72.835271,408.86026825801696,1.820364273188579,183,0.0
375.651199,163,72.901269,373.60955612337926,1.6977380754044118,163,0.0
341.334231,147,72.960672,339.3497543084256,1.5510921896832497,147,0.0
458.855143,202,73.235299,456.68027315657974,2.05147112380873,202,0.0
405.023635,169,73.30423,402.9735223770741,1.8846688541443213,169,0.0
454.686162,194,73.382687,452.6025675853509,2.082640944358358,194,0.0
374.172966,169,73.642545,372.19945587008704,1.6385660000016564,169,0.0
336.295093,151,73.703898,334.0866810190939,1.4771322933345894,151,0.0
404.115962,164,73.767659,402.0436307661676,1.9172756002206146,164,0.0
361.460083,165,74.021586,359.4879348827293,1.5687400409763697,165,0.0
370.152754,151,74.076734,368.07576252212107,1.748969759568848,151,0.0
396.944347,180,74.145225,394.8674327172534,1.7324446713637263,180,0.0
412.697702,180,74.406167,410.6412391663279,1.8583591295313884,180,0.0
363.8054,150,74.462383,361.56242463957386,1.7048022377769163,150,0.0
452.127158,204,74.541411,450.0537883609626,1.982628023393899,204,0.0
410.076013,205,74.811728,407.89357521493724,1.6373915041949076,205,0.0
393.286102,177,74.880706,391.27849661888547,1.7275578174682527,177,0.0
391.367888,163,74.943875,389.1518180997545,1.8222331701617434,163,0.0
255.517869,118,75.182592,253.28874574560024,1.0937347907129902,118,0.0
410.507763,196,75.261326,408.5208927090775,1.7140788480564242,196,0.0
382.495331,165,75.327353,380.45946433496147,1.736694726776495,165,0.0
480.38918,216,75.616004,478.23987777376044,2.112337360978756,216,0.0
440.016252,180,75.68949,438.0634389753501,2.0779995212281066,180,0.0
433.972107,185,75.766074,431.89886881694605,1.988627007580692,185,0.0
411.225768,194,76.042042,409.21860480334004,1.7356502318858988,194,0.0
444.428831,238,76.137068,442.45445572234786,1.651051062192701,238,0.0
339.646786,152,76.389192,337.40642844543,1.4956842821981515,152,0.0
387.885289,163,76.454306,385.7296527678463,1.794665605214118,163,0.0
409.461937,173,76.521617,407.2504482945503,1.8868833511274905,173,0.0
395.075363,169,76.776278,392.8936542303016,1.8041326919911937,169,0.0
408.886085,175,76.841044,406.74915582412484,1.8671981939267823,175,0.0
625.810043,370,77.171199,623.6999831221262,2.0491534702778478,370,0.0
375.878893,159,77.230935,373.9012175671284,1.73184870957471,159,0.0
298.259295,119,77.275805,295.94075507410827,1.4269134291658938,119,0.0
417.732443,189,77.540432,415.71978721218153,1.8275288251217436,189,0.0
356.322406,148,77.600595,354.2398413018245,1.6621102781054877,148,0.0
410.185168,173,77.672268,408.0663043125827,1.8937644900337371,173,0.0
440.559869,185,77.943476,438.4867304271068,2.0414960578342747,185,0.0
353.568481,166,78.008755,351.6286954248371,1.4983585595867035,166,0.0
383.219959,175,78.076783,381.200556627551,1.6629462624915472,175,0.0
322.759295,136,78.128255,320.52155987843946,1.4880178746288701,136,0.0
466.199562,201,78.41327,464.02441035908225,2.118183547710892,201,0.0
327.647566,133,78.468155,325.55682575849283,1.5522296941146203,133,0.0
400.091076,169,78.53877,398.0833402408287,1.8456447916669771,169,0.0
458.180198,230,78.83278,456.1831946617168,1.8245562086345175,230,0.0
349.30952,151,78.896742,347.31775701811506,1.5831100643079343,151,0.0
486.712511,225,79.187419,484.83800052729305,2.093530713313732,225,0.0
293.401957,129,79.23779,291.3449784231358,1.3105024999602581,129,0.0
435.177456,182,79.312274,433.1226030518096,2.0225389736237234,182,0.0
396.054323,171,79.571418,394.0886310741667,1.7977886333506639,171,0.0
407.454663,157,79.633489,405.43147988565346,2.0001197642353605,157,0.0
314.280457,129,79.684417,312.0506621365057,1.4760319167979763,129,0.0
416.007792,169,79.753023,413.9507517538268,1.9727509050784653,169,0.0
435.044232,189,80.037106,433.0071849027423,1.9659027016596928,189,0.0
391.987267,158,80.101307,389.8988689655526,1.8679785915761022,158,0.0
381.973822,161,80.167856,379.9513600008794,1.7645207714391866,161,0.0
309.986668,130,80.418753,307.83304547842545,1.4345303940594525,130,0.0
351.48919,149,80.481193,349.41050476368224,1.6156468846143544,149,0.0
366.780735,149,80.540907,364.60857747372273,1.737216895339956,149,0.0
500.254131,241,80.840408,497.97747401590675,2.071434057176128,241,0.0
537.384818,301,80.970115,535.4207987816933,1.8931586821536879,301,0.0
358.942253,151,81.230962,356.80397194392316,1.6590937475991463,151,0.0
364.266853,147,81.291827,362.07476255485284,1.7329689047989576,147,0.0
490.176582,208,81.37718,488.23697663182617,2.256533945487551,208,0.0
382.637435,173,81.643771,380.7932468427459,1.6755606534143421,173,0.0
351.491049,161,81.709423,349.42606322476774,1.5202925216144074,161,0.0
413.501542,165,81.776253,411.40771891471246,1.984200884407665,165,0.0
279.456973,125,82.015521,277.3332825054839,1.23030819681684,125,0.0
351.998333,155,82.079288,349.9884161585362,1.5725166105437114,155,0.0
411.151787,185,82.155369,409.21101799661517,1.8073994212026332,185,0.0
451.036117,168,82.406573,448.7897638171544,2.2591865416825603,168,0.0
283.009915,123,82.45601,280.80874161177303,1.2741411595800505,123,0.0
312.30123,125,82.501692,310.0298878655839,1.4918994706123694,125,0.0
506.124758,182,82.574733,503.9640981326332,2.589221747334662,182,0.0
348.72679,152,82.823393,346.504918657299,1.568419854878893,152,0.0
450.462845,214,82.909859,448.5901368759862,1.891470233361282,214,0.0
423.300413,173,82.979028,421.1489803204932,1.9984897753759572,173,0.0
440.468458,173,83.238884,438.16091835577987,2.1344478647297276,173,0.0
425.240249,185,83.310633,423.1192948146291,1.9185025060817882,185,0.0
402.984991,172,83.378749,400.8640516729242,1.8440172487413746,172,0.0
441.449754,197,83.654151,439.38168318390046,1.9529875908583143,197,0.0
384.559336,169,83.718321,382.559558036054,1.7217506981805262,169,0.0
442.570516,185,83.982551,440.5374689214266,2.057873370147578,185,0.0
391.207176,175,84.053529,389.11919209014485,1.7262278164226819,175,0.0
432.905816,197,84.131472,430.84792225366476,1.8848759182971722,197,0.0
258.394628,119,84.17811,256.27332110695875,1.1096023867650773,119,0.0
372.352826,167,84.440715,370.2953758289323,1.639437786938238,167,0.0
415.198009,176,84.513086,413.2128356320843,1.9109751929076852,176,0.0
371.017758,151,84.573881,368.8425418478371,1.7551308568166044,151,0.0
432.547834,174,84.837935,430.3916171609815,2.064237866402546,174,0.0
454.187024,184,84.91061,451.95040487775566,2.157063589430263,184,0.0
417.894119,157,84.973714,415.7789353741427,2.0828267129019653,157,0.0
488.539279,206,85.256572,486.32959016727716,2.25693090630516,206,0.0
436.9149,190,85.331813,434.96528416145054,1.973496165854441,190,0.0
429.343098,157,85.587483,427.2210128916855,2.174365792791888,157,0.0
523.636468,236,85.685354,521.6407546835006,2.3006157367516193,236,0.0
455.439383,199,85.764893,453.49895448168274,2.050163615492211,199,0.0
439.935585,177,86.031709,437.9100042791675,2.1004601030573125,177,0.0
412.68039,182,86.105652,410.478989408172,1.8414067613295813,182,0.0
471.018353,198,86.187289,468.9613576434783,2.181790041425265,198,0.0
464.24333,203,86.469194,462.2901049872236,2.0884862524252963,203,0.0
457.935155,183,86.543101,455.9516623446285,2.197111662172274,183,0.0
342.38256,156,86.805997,340.3745735105288,1.4876130616123222,156,0.0
477.762237,203,86.890308,475.6586962644484,2.1954385829163785,203,0.0
496.523265,216,86.975249,494.43010584631133,2.2418289622892162,216,0.0
480.818228,203,87.244161,478.65129377671093,2.2193104426377657,203,0.0
344.735492,132,87.294209,342.5132789766618,1.6959362852712847,132,0.0
350.909666,153,87.35596,348.88570898749384,1.5797574948390174,153,0.0
367.811534,159,87.615991,365.4731308244091,1.664358242449474,159,0.0
438.738042,192,87.695621,436.88989458476505,1.9731018102703657,192,0.0
428.620782,198,87.778613,426.7163277808873,1.843921165961077,198,0.0
434.344973,191,88.048476,432.2720883871501,1.9440740969757198,191,0.0
408.448525,178,88.120117,406.55328087759517,1.842016869926404,178,0.0
413.484636,160,88.18114,411.42846329155566,2.0241052987338377,160,0.0
413.375816,171,88.443616,411.4159785116211,1.936568831512243,171,0.0
401.783689,180,88.518654,399.7968226776858,1.771758952055819,180,0.0
364.478026,162,88.583259,362.45394269591077,1.616504044144777,162,0.0
389.637142,166,88.843971,387.58730836868165,1.7858051360624945,166,0.0
374.296941,145,88.901646,372.17338581193115,1.829472024976434,145,0.0
431.415365,180,88.975562,429.30450091258143,2.0078628403682064,180,0.0
477.025032,181,89.24491,474.88484917014006,2.364253746480018,181,0.0
407.96786,161,89.307921,405.9097238218984,1.9722001855605218,161,0.0
377.593218,144,89.365008,375.1568455471216,1.8614293603434424,144,0.0
314.597799,130,89.609498,312.39731339237073,1.4707894757490045,130,0.0
435.672964,176,89.681352,433.6345811018132,2.0744434636224924,176,0.0
468.885208,214,89.771187,467.015784880872,2.038857479723388,214,0.0
548.062043,255,90.080605,545.8807255165092,2.3431955362552026,255,0.0
452.821767,210,90.17102,450.7505705898026,1.9406258407482737,210,0.0
420.547362,177,90.439971,418.50120064974476,1.9455030651649232,177,0.0
402.78901,160,90.505319,400.69894956150665,1.9383964757858294,160,0.0
492.138635,201,90.588014,490.00978641861053,2.3260353609861393,201,0.0
424.098722,171,90.862454,422.1288769380906,2.0222430987619955,171,0.0
454.650242,174,90.935664,452.4660198263328,2.2408283954018504,174,0.0
416.71875,198,91.017104,414.93930119006905,1.7497785201835272,198,0.0
415.088579,181,91.287233,413.01301195611387,1.869736746840116,181,0.0
426.578726,173,91.355562,424.52673444783204,2.0254423939047674,173,0.0
501.430396,209,91.440591,499.3439090817548,2.3372850898521658,209,0.0
407.621302,159,91.703753,405.59081112148795,1.9852343430461439,159,0.0
444.582925,173,91.775245,442.5795897583706,2.169610284284315,173,0.0
391.315348,158,91.837735,389.2062304551935,1.8622683416814467,158,0.0
382.55319,149,92.096873,380.2374310294344,1.8622202941933208,149,0.0
419.050487,186,92.175642,417.18396109167793,1.8630787260969988,186,0.0
405.344893,165,92.244163,403.2234828386126,1.918653209167641,165,0.0
481.817119,177,92.513492,479.53318570974983,2.433321940122305,177,0.0
499.493716,203,92.594542,497.3757342113158,2.3693222360202846,203,0.0
299.597949,130,92.643234,297.31025567670497,1.3502111237437382,130,0.0
429.994855,168,92.894189,427.9987965204816,2.092906926465831,168,0.0
465.627531,172,92.959637,463.40278355622866,2.3441627459807677,172,0.0
372.339861,152,93.021918,370.13219360303873,1.7575740547120429,152,0.0
459.832889,195,93.286749,457.5596958910465,2.11453915837733,195,0.0
668.672622,352,93.428273,666.431141271391,2.5349894071120422,352,0.0
444.615013,163,93.683932,442.31878787315276,2.247286662379377,163,0.0
254.877604,122,93.730926,252.64102642218674,1.0566959637797697,122,0.0
408.72469,164,93.799561,406.66750475415614,1.9542166416571014,164,0.0
432.464118,179,94.059518,430.3762884535195,2.024617033546285,179,0.0
493.519808,208,94.139881,491.4836227591479,2.2820890401557854,208,0.0
493.017298,206,94.221209,490.96209280248416,2.294025781981436,206,0.0
429.378432,185,94.484401,427.19257799390397,1.9511973687405615,185,0.0
490.385595,207,94.564235,488.30695794781934,2.265062938940956,207,0.0
501.729152,192,94.822316,499.5679872161979,2.47445576536118,192,0.0
390.41951,156,94.880421,388.0491929604975,1.8688393338723677,156,0.0
412.122937,157,94.939495,409.9764764573561,2.0363461621360086,157,0.0
424.761821,160,95.193775,422.57877975279195,2.113331248600648,160,0.0
500.382007,223,95.280498,498.3883885968942,2.2180358947269605,223,0.0
557.503174,195,95.35578,555.3227566654891,2.8962105917806595,195,0.0
499.577306,217,95.636389,497.5956343405527,2.2594051767784125,217,0.0
403.548636,166,95.701335,401.38425133105875,1.8958090492493302,166,0.0
365.038892,143,95.7551,362.95336172596905,1.7719718419707753,143,0.0
-4.399374,13,95.757797,-4.399374027962919,-0.13084415597742893,13,0.0
448.044794,177,96.020557,446.01690145643545,2.1655411606741035,177,0.0
383.322455,153,96.082499,381.1667966966661,1.837764683190289,153,0.0
412.941158,163,96.149447,410.6687117752699,1.9940238477126404,163,0.0
444.614345,174,96.408563,442.47613455520025,2.160947799928638,174,0.0
303.50646,126,96.45742,301.25984343920595,1.4137636076369688,126,0.0
453.667138,184,96.530888,451.39168886970043,2.152583955824506,184,0.0
557.484917,194,96.800274,555.1885751435942,2.9031621497228284,194,0.0
537.971679,206,96.881157,535.6245701640179,2.6509774479726587,206,0.0
386.728717,148,96.938874,384.46103010613155,1.9042160047419499,148,0.0
450.483467,184,97.200105,448.4496514078684,2.12914385489867,184,0.0
482.588584,190,97.2743,480.42365253613053,2.337070090782917,190,0.0
427.707951,172,97.340328,425.64255458142156,2.0421467516414835,172,0.0
448.880529,171,97.591974,446.73421891683796,2.2190167734276964,171,0.0
366.058141,148,97.648534,363.7863975638824,1.7386229984723574,148,0.0
640.425419,216,97.733412,638.1882316444973,3.392235403766274,216,0.0
-2.586541,15,97.930868,-2.5865412231985925,-0.13228398816454,15,0.0
589.877231,218,98.016342,587.7489771099018,2.9726509606153337,218,0.0
403.178428,156,98.075447,400.9162103900877,1.971808689936403,156,0.0
622.044376,244,98.363936,619.7058524692392,3.021260166403246,244,0.0
394.962729,151,98.421651,392.75328549771626,1.9465639109476327,151,0.0
502.105411,212,98.508547,499.9995395581784,2.3184479380854124,212,0.0
121.708466,65,98.742971,119.51209532570581,0.4460650926303878,65,0.0
492.75646,176,98.814626,490.5657281750706,2.529743983630752,176,0.0
408.999684,159,98.879053,406.86112455938047,1.9954178660825286,159,0.0
504.816231,175,99.155815,502.4246993602376,2.632852658801437,175,0.0
441.309981,180,99.229955,439.1608644835305,2.086672938086747,180,0.0
519.072801,214,99.314581,516.7747385970986,2.4367902575460962,214,0.0
455.499124,173,99.585772,453.11481183557316,2.254017392651142,173,0.0
421.437017,169,99.652976,419.2561632477142,2.0151056638311027,169,0.0
229.244126,102,99.693513,227.1232534975586,1.0119636497444142,102,0.0
494.323482,194,99.971583,491.99048436665197,2.397744141242643,194,0.0
377.395215,149,100.034996,375.1228104019469,1.8213281321022108,149,0.0
289.7856,126,100.086178,287.60143854108225,1.3047243765164205,126,0.0
392.11566,149,100.150163,389.9178547955491,1.939579499926158,149,0.0
392.215335,156,100.416112,390.11849538863623,1.8857485635828586,156,0.0
520.250049,235,100.517261,518.0315766890367,2.2794020371501884,235,0.0
426.289186,156,100.579222,423.9794486113371,2.1563346444923535,156,0.0
336.332732,136,100.819165,334.13993437243244,1.5972719719050146,136,0.0
492.290331,206,100.901423,490.18346062090257,2.2878358991423235,206,0.0
670.501072,268,101.197067,668.419921220373,3.2197320163068803,268,0.0
518.307756,175,101.266266,515.9464294191666,2.740854315114752,175,0.0
563.403821,204,101.345426,561.2297233730444,2.872078640717737,204,0.0
534.258913,191,101.608111,531.9560008096246,2.7413215137092144,191,0.0
422.877949,169,101.673383,420.64648019831395,2.0261115915370542,169,0.0
453.720579,178,101.744635,451.55835499731086,2.2018046837318845,178,0.0
439.538904,167,102.004781,437.39166948985815,2.1761879738313747,167,0.0
511.558398,213,102.093577,509.4124355500068,2.3857066342411324,213,0.0
572.010376,196,102.370238,569.8333011598995,3.0046235756976283,196,0.0
406.787798,172,102.438734,404.6134117195687,1.8741158671193392,172,0.0
316.142282,133,102.490317,313.9471053238416,1.4593814160498175,133,0.0
526.104869,206,102.766498,524.0003048272249,2.558269610406758,206,0.0
515.119553,178,102.836166,512.8387092579221,2.692000109165214,178,0.0
561.606754,210,102.922709,559.3583358222792,2.809040084340936,210,0.0
480.656439,186,103.194724,478.5928617792971,2.3545721906053467,186,0.0
501.858178,175,103.265716,499.64536422726195,2.6104600123466892,175,0.0
535.335135,207,103.350522,533.2232296080496,2.6243217461659976,207,0.0
565.152683,258,103.654791,562.9079916284994,2.4554090670476647,258,0.0
425.421622,182,103.72762,423.2230598343534,1.9435801004275661,182,0.0
500.848831,197,103.998039,498.63898436863235,2.427111566768367,197,0.0
545.034975,231,104.095655,543.1006862916787,2.5118861129678147,231,0.0
418.122488,162,104.16195,415.9360922971046,2.0443142703801414,162,0.0
433.626344,159,104.425412,431.42213485051735,2.1921752643221506,159,0.0
451.279728,166,104.491603,449.04590115627025,2.2771885241559318,166,0.0
474.867247,218,104.784642,472.856604796638,2.053659412406677,218,0.0
8.736846,23,104.791774,8.0088000176657,-0.11136427458267956,23,0.0
437.01106,172,104.864357,434.82730022995247,2.115758898708261,172,0.0
561.491898,204,104.947572,559.2253302754597,2.856184219596718,204,0.0
350.714605,139,105.202227,348.4366281279085,1.6874735562841054,139,0.0
183.429859,84,105.234621,181.35090384238055,0.7893056696924665,84,0.0
457.981308,172,105.307176,456.0146508642606,2.2855467435388976,172,0.0
518.699262,182,105.378139,516.4762305875647,2.689246518120068,182,0.0
428.64078,169,105.643317,426.44451530445184,2.0727158627201656,169,0.0
525.858774,204,105.723453,523.6858678963443,2.5719307879576014,204,0.0
472.348965,179,105.796643,470.3114787638914,2.343851418691336,179,0.0
574.246263,220,106.073626,571.9818642718475,2.830765096280155,220,0.0
572.2777,221,106.160379,570.1366537624383,2.8080288897977184,221,0.0
425.868187,179,106.424666,423.71737825625473,1.9710482319304268,179,0.0
542.666945,198,106.500612,540.6355093992801,2.7551413897037675,198,0.0
434.259802,165,106.565793,432.11072678756705,2.1499208400526837,165,0.0
245.537341,103,106.795051,243.32548900833103,1.1337991027254404,103,0.0
354.507481,143,106.852054,352.30355599537813,1.6866864423335604,143,0.0
469.948525,194,106.927295,467.7262234653806,2.203659814366415,194,0.0
408.471906,150,107.179635,406.39345362975735,2.0635646976494244,150,0.0
566.586496,212,107.265959,564.4358781530959,2.834203140766525,212,0.0
529.142001,180,107.337891,526.830858544488,2.7881756410387872,180,0.0
306.352052,122,107.58225,304.1413735850079,1.4686429197911675,122,0.0
600.996051,217,107.672175,598.8080268166678,3.0691848107951327,217,0.0
618.13174,224,107.762404,615.9845321758276,3.150761209747829,224,0.0
363.171525,140,108.014491,360.94954647379603,1.779840881795597,140,0.0
596.825917,223,108.107,594.6671119451704,2.988190293615271,223,0.0
399.003474,153,108.167358,396.7789200552796,1.962845157401869,153,0.0
564.192872,226,108.458002,561.9996540031453,2.7030135414224543,226,0.0
590.569796,245,108.558156,588.265649879275,2.7616847944654004,245,0.0
526.090968,217,108.845351,523.8285139312447,2.468960177308834,217,0.0
574.139129,202,108.930596,571.9774765154517,2.9740994664187985,202,0.0
569.500687,205,109.227084,567.3891386590143,2.913413344542637,205,0.0
423.981969,167,109.295198,421.765761287869,2.0510505193740864,167,0.0
425.073927,172,109.363573,422.97679489440037,2.0211974668602446,172,0.0
504.438978,183,109.639748,502.15603603689146,2.566811666817306,183,0.0
516.147813,200,109.722823,514.1066224435594,2.5270899172795143,200,0.0
463.727826,164,109.787753,461.3302387046063,2.3913951061254486,164,0.0
522.58285,236,110.085294,520.4506520680644,2.2907921223243912,236,0.0
612.427262,219,110.172278,610.178394787403,3.144021770455263,219,0.0
566.000016,235,110.481212,563.8194145153151,2.6459811157754527,235,0.0
495.832368,186,110.554555,493.51344228513443,2.473952375246281,186,0.0
609.853203,213,110.642544,607.6927828008287,3.1721368541359727,213,0.0
529.322721,210,110.926814,527.3020497115492,2.5528374986729974,210,0.0
433.914247,162,110.99032,431.6010995065717,2.1697803099301978,162,0.0
528.684848,191,111.264693,526.5696954606141,2.698225387085261,191,0.0
446.033845,163,111.32913,443.7870660386133,2.2593386783807294,163,0.0
656.60693,245,111.426334,654.5216827867276,3.2917292775670157,245,0.0
531.25703,210,111.711489,529.172981154847,2.567902245498061,210,0.0
314.639663,124,111.759994,312.40835900674193,1.519098883194818,124,0.0
627.943536,233,111.856092,625.509042152675,3.155341958571272,233,0.0
599.772806,221,112.141783,597.6352250509502,3.027865343589211,221,0.0
552.740587,202,112.222688,550.5518981409049,2.8025904870930307,202,0.0
541.876679,200,112.496361,539.5450709043018,2.730399810769554,200,0.0
655.559287,231,112.5895,653.2717898710393,3.3930019466350774,231,0.0
516.769704,177,112.660071,514.4488963268456,2.7130278128899574,177,0.0
558.387473,210,112.937699,556.097827932916,2.78320977124108,210,0.0
467.475335,194,113.01578,465.5100004080417,2.1859054461763914,194,0.0
506.863443,186,113.285793,504.7908311830361,2.564044581846889,186,0.0
512.468517,174,113.3567,510.20396513127736,2.702957384424956,174,0.0
559.76499,196,113.434683,557.4466531058742,2.905318699554332,196,0.0
585.609817,203,113.718538,583.4572954725606,3.0580181332607883,203,0.0
657.2185,245,113.819078,655.0194247042327,3.295720212138098,245,0.0
518.293255,235,114.109912,516.2458568191031,2.2652775960639997,235,0.0
688.563639,273,114.220806,686.508524453199,3.3249073145076746,273,0.0
415.899185,162,114.485765,413.7252468360451,2.0267307576766997,162,0.0
515.565994,178,114.560908,513.2060448147885,2.6949229941203328,178,0.0
634.772566,228,114.656952,632.584710733428,3.2517750199347613,228,0.0
491.765628,174,114.924373,489.4173921966333,2.5366075282406917,174,0.0
604.318307,209,115.00877,602.1750161107384,3.1597672541553994,209,0.0
531.005908,205,115.094645,528.9283793794345,2.6059245218996923,205,0.0
610.908524,215,115.373506,608.7021274831984,3.1644052605581683,215,0.0
281.338346,113,115.417663,279.15429191620444,1.340534385711207,113,0.0
628.614474,228,115.699476,626.4454784279521,3.2025848533154995,228,0.0
569.211299,194,115.782864,566.9259357299682,2.9974378482101707,194,0.0
765.746462,243,115.88238,763.3753572633584,4.178368451347463,243,0.0
722.244958,272,116.194756,720.1050658233668,3.601085664375291,272,0.0
494.495075,184,116.267462,492.0497342619253,2.4780202546938503,184,0.0
615.111989,209,116.548576,612.9664026017471,3.246115668978586,209,0.0
590.606567,211,116.631545,588.2962546424027,3.03290129172878,211,0.0
478.535671,172,116.700301,476.1387842819621,2.4464784109326576,172,0.0
678.295943,233,116.987276,676.0857947507322,3.559602378280949,233,0.0
580.047514,233,117.079608,577.9578775042291,2.7748705861349356,233,0.0
473.929814,186,117.348514,471.53984804528136,2.2977456935500586,186,0.0
569.327979,196,117.424657,566.9573829756157,2.981483421854242,196,0.0
605.641317,208,117.507574,603.4195206773597,3.1776042659743813,208,0.0
626.860606,217,117.789108,624.6208555569373,3.2752739336208174,217,0.0
623.516054,225,117.877045,621.3168740493552,3.1854991611296906,225,0.0
716.0309,238,118.157598,713.7412800976039,3.8210018636214262,238,0.0
196.848327,86,118.189455,194.68318115525665,0.8800496479097211,86,0.0
605.569252,217,118.273357,603.394325233315,3.1059089451824793,217,0.0
542.490879,202,118.537684,540.1686822473991,2.719177826532623,202,0.0
601.031154,211,118.6185,598.7491591477647,3.1164777979632348,211,0.0
499.088854,185,118.879142,496.72159737608854,2.507657242240252,185,0.0
605.479861,203,118.955708,603.250033275235,3.2161630528206833,203,0.0
458.598831,176,119.023658,456.2580225370456,2.2554099006210304,176,0.0
697.251069,234,119.305227,694.9675422236025,3.7029605291390304,234,0.0
652.331042,255,119.40472,650.1938568882288,3.177366278462199,255,0.0
472.074127,174,119.659121,469.9095034611512,2.3805294793206127,174,0.0
649.263266,242,119.757271,647.0640094636042,3.2560527765458693,242,0.0
527.871733,201,119.834229,525.4902713772755,2.6101447548262082,201,0.0
550.42559,193,120.106109,548.1543015558464,2.855290679139236,193,0.0
618.575033,215,120.19158,616.4133991146144,3.22593644932674,215,0.0
585.152793,205,120.469005,582.9278654683463,3.0378143160764814,205,0.0
554.42666,190,120.54405,552.18605376083,2.9113663597005663,190,0.0
589.459128,214,120.62683,587.0778804036834,2.999011714165693,214,0.0
630.980678,228,120.911267,628.7913944620858,3.22125181521409,228,0.0
659.341736,254,121.017649,657.159327781466,3.241238283753844,254,0.0
618.447,230,121.311615,616.279137236244,3.1054305474018022,230,0.0
695.12898,266,121.420561,692.9027739203062,3.43167508691623,266,0.0
675.684997,232,121.70865,673.444776001221,3.5465424000114005,232,0.0
617.541202,234,121.805313,615.290763775586,3.0655797529541937,234,0.0
795.459816,255,122.102845,793.2825310155661,4.321986517592263,255,0.0
745.569601,265,122.211549,743.3899197799905,3.843488307921449,265,0.0
117.382729,210,122.490965,115.26210086341689,-0.7433824207594069,210,0.0
517.991155,190,122.565922,515.7643232033015,2.6199739076956248,190,0.0
629.145298,223,122.852571,627.0000513242159,3.246626679341918,223,0.0
612.325793,220,122.944168,610.1444169668129,3.1357915271738515,220,0.0
733.702695,262,123.05094,731.5533731782265,3.7724693676460856,262,0.0
631.41944,217,123.329562,629.0842879721025,3.311122600978477,217,0.0
120.064793,69,123.354788,118.02082843811534,0.4022315804213884,69,0.0
670.889834,252,123.649147,668.7798353791927,3.3500117882199527,252,0.0
603.42578,225,123.739592,601.2663019090082,3.0251450794796506,225,0.0
636.762429,225,123.825733,634.5546160506897,3.291353135398213,225,0.0
395.475297,171,124.084808,393.4328372241589,1.792516746308197,171,0.0
590.831788,211,124.171186,588.64126640569,3.0355014966101623,211,0.0
593.228061,217,124.446076,591.0795912486968,3.007123232435812,217,0.0
593.185337,226,124.536379,591.0453944232921,2.93528949049387,226,0.0
678.97747,253,124.827749,676.7642953914179,3.4056936568033365,253,0.0
649.54409,240,124.921728,647.4064721751357,3.2749677498795884,240,0.0
607.342133,227,125.013128,605.128649883144,3.039986924769803,227,0.0
602.865934,228,125.295936,600.6585859825792,2.9963689992461005,228,0.0
608.790404,230,125.387609,606.6076638087109,3.028034502368189,230,0.0
546.760386,199,125.663088,544.6298944856659,2.7792118670835473,199,0.0
689.282944,280,125.776032,687.1722523994546,3.2741910275552697,280,0.0
589.034068,206,126.045228,586.7961782726758,3.0607040026978174,206,0.0
668.188555,236,126.135595,665.9121574652154,3.4546514423515697,236,0.0
711.332132,287,126.441562,709.1236486544774,3.394132697364641,287,0.0
673.784416,221,126.530912,671.497667026537,3.6185640826658756,221,0.0
626.518205,242,126.827075,624.3280242631006,3.074259670808563,242,0.0
633.044241,229,126.916623,630.7619155377546,3.2291068794689486,229,0.0
601.305446,214,127.000622,599.145287678213,3.095910527372614,214,0.0
574.284798,204,127.279722,572.0240952433453,2.9583124471933697,204,0.0
654.08518,230,127.370755,651.83420546371,3.3896185119976847,230,0.0
725.253287,260,127.67692,722.8631419517415,3.7186600843212285,260,0.0
560.704188,205,127.758704,558.5143823635774,2.8423458321163486,205,0.0
790.265025,275,128.066414,788.0213650968533,4.120693831208648,275,0.0
762.643955,264,128.177441,760.4410038697638,3.9876715055602485,264,0.0
788.156314,256,128.477607,785.9133272964456,4.255356248095218,256,0.0
839.158469,266,128.582643,836.9418069741694,4.583996673717542,266,0.0
679.029657,248,128.876003,676.8148633523886,3.4461378847578867,248,0.0
648.316501,248,128.981107,646.0696695532462,3.200304827844204,248,0.0
768.753404,248,129.283498,766.423953653786,4.1630332622416875,248,0.0
838.267461,279,129.39733,836.0087578493959,4.472915554171869,279,0.0
654.268626,242,129.691276,652.0280484165771,3.2957520454356524,242,0.0
628.200998,217,129.777105,625.9128404473931,3.285939615671563,217,0.0
922.316678,312,130.086423,919.9830814703913,4.8813766760921755,312,0.0
656.080076,236,130.177624,653.7977894441574,3.3576412023832107,236,0.0
703.25431,253,130.466219,700.9989335061149,3.5999362569304934,253,0.0
791.162107,270,130.573404,788.7247026682736,4.166254409031122,270,0.0
694.774784,239,130.853828,692.5118894572901,3.6433997741140915,239,0.0
656.789602,255,130.952194,654.5685169238418,3.2123831828806986,255,0.0
558.935625,212,131.225871,556.6887429605556,2.772028545902458,212,0.0
691.089921,249,131.323788,688.755803142467,3.533796777429262,249,0.0
857.275602,302,131.631583,855.0592916364491,4.441896115786347,302,0.0
686.403708,246,131.728593,684.1817136714255,3.521061459780217,246,0.0
738.958106,259,132.025478,736.6609131840312,3.8373571714421892,259,0.0
712.74061,263,132.1343,710.4133960216329,3.5955832384605158,263,0.0
845.575207,307,132.457052,843.2997233862543,4.3080558863208775,307,0.0
687.815095,257,132.557052,685.5461813057527,3.4439688484317497,257,0.0
888.785664,297,132.87017,886.3787477737947,4.73228819949344,297,0.0
721.275898,250,132.97404,718.8917131573396,3.766698510830638,250,0.0
678.530671,242,133.257326,676.2071232989872,3.4891326843563246,242,0.0
674.162141,255,133.357124,671.9069972433327,3.3512403448143537,255,0.0
524.622063,199,133.625555,522.493263202816,2.602222671223647,199,0.0
809.028574,264,133.726473,806.7220243748968,4.3580780738826785,264,0.0
801.394609,284,134.018619,799.0973369280103,4.137442801155144,284,0.0
816.010951,274,134.127352,813.6263810294134,4.333733857673901,274,0.0
810.033148,279,134.422676,807.7009563203184,4.246289438947456,279,0.0
742.871685,279,134.528876,740.5134063521482,3.7088836492342625,279,0.0
655.898667,235,134.809612,653.6843146509337,3.3649168299318934,235,0.0
661.450201,224,134.899258,659.0203339034091,3.4950889328087533,224,0.0
714.759477,240,135.19144,712.5170637039771,3.795657718637084,240,0.0
916.805554,321,135.319047,914.6012749806439,4.767185122507191,321,0.0
634.545365,218,135.604464,632.3511232064669,3.3295295128601436,218,0.0
659.838614,214,135.691004,657.4947635196221,3.5626684118006953,214,0.0
591.065728,233,135.98245,588.8393906194556,2.8620540152227165,233,0.0
681.714413,282,136.094,679.3269906470006,3.195660885061684,282,0.0
854.013423,281,136.401371,851.614574684628,4.581541855808217,281,0.0
919.523093,333,136.538733,917.1807811654639,4.692060486672265,333,0.0
655.137462,223,136.82697,652.7977613956372,3.45324818309168,223,0.0
842.183756,287,136.94264,839.8504653607253,4.439790436013032,287,0.0
1051.314677,340,137.278524,1048.9626382504473,5.690443220163787,340,0.0
666.057942,229,137.559214,663.7092259623905,3.4926293413717158,229,0.0
508.926925,194,137.63695,506.7715405985305,2.516256179121744,194,0.0
150.044724,79,137.665339,148.00198929459305,0.5624072992498416,79,0.0
789.195002,270,137.958904,786.8930660285852,4.151733095684915,270,0.0
733.201828,233,138.053417,731.0073110464997,3.999182923962107,233,0.0
821.876356,269,138.346732,819.4811402186614,4.4204223188812675,269,0.0
689.171413,240,138.440843,686.8934455730968,3.590395362201533,240,0.0
664.30963,237,138.7137,661.9583492829221,3.415192898965989,237,0.0
623.032915,247,138.811344,620.602285177876,3.004476527292454,247,0.0
841.713064,284,139.107913,839.367267538648,4.459650938141863,284,0.0
881.038125,305,139.224597,878.679678622232,4.606930460583467,305,0.0
529.439097,198,139.487678,527.0721474196109,2.646537004230022,198,0.0
873.241659,326,139.613055,871.0268223970987,4.3785278989334415,326,0.0
490.269283,190,139.873927,487.9421279417232,2.3974345454682573,190,0.0
467.117163,166,139.938913,464.83022320754895,2.4035187537033176,166,0.0
739.945057,261,140.042264,737.5016299641521,3.827981368554247,261,0.0
1155.843882,372,140.385921,1153.4675671671318,6.271253845004859,372,0.0
668.993643,250,140.674317,666.7484735207114,3.349629541890933,250,0.0
820.603425,275,140.806051,818.2937338722389,4.362976032232853,275,0.0
862.032826,283,141.113356,859.7155827846559,4.63066488605212,283,0.0
861.657612,278,141.222716,859.3431335426567,4.667411886171203,278,0.0
1007.611794,357,141.557601,1005.2384608126872,5.204968451808893,357,0.0
671.300567,257,141.658186,669.1456491954656,3.3130976190729333,257,0.0
684.829654,240,141.94786,682.4873899866272,3.555275683680482,240,0.0
813.160186,272,142.057927,810.7134207096905,4.326151761920953,272,0.0
525.180081,204,142.32291,522.7608305951981,2.5645186557083806,204,0.0
842.937888,269,142.427566,840.6447130958118,4.589533969277172,269,0.0
763.184137,267,142.735562,760.797011468663,3.9667713389563253,267,0.0
1183.19485,417,143.092495,1180.8081739804293,6.13142790476823,417,0.0
883.381643,303,143.216091,881.0526681497975,4.6418042533470665,303,0.0
929.1543,323,143.527784,926.7709877380547,4.848190059037995,323,0.0
699.078178,255,143.628111,696.7153011360084,3.5496808091782928,255,0.0
887.214935,299,143.928942,884.905896405321,4.704594213577768,299,0.0
400.674575,209,144.008028,398.1990074585011,1.5281350233609279,209,0.0
554.895471,216,144.287929,552.5824729389202,2.7072205602814776,216,0.0
873.176675,290,144.402532,870.9348207601081,4.664514315774266,290,0.0
631.058698,202,144.679865,628.6194048445844,3.4269249252506495,202,0.0
831.449209,265,144.786693,829.1878233432586,4.529768643103953,265,0.0
997.029589,331,145.103944,994.58795518454,5.326716541716107,331,0.0
817.765179,280,145.407042,815.2818658411098,4.298828384333617,280,0.0
577.329923,207,145.489823,575.0289854634768,2.9584335874550827,207,0.0
545.713911,235,145.579387,543.2380192523942,2.4811584322710543,235,0.0
866.509139,340,145.903924,864.0854132462862,4.211110843180578,340,0.0
940.168324,343,146.221068,937.814482456092,4.777621995588913,343,0.0
768.465296,293,146.33443,766.0813016316183,3.801793489280693,293,0.0
1147.576245,404,146.678559,1145.0699639431743,5.949230373661653,404,0.0
644.983508,243,146.961539,642.6416549429466,3.212577094511634,243,0.0
533.872177,183,147.030902,531.4874050902608,2.801391945721721,183,0.0
832.420482,293,147.142748,830.074124591758,4.313582693203224,293,0.0
679.486214,244,147.42141,677.1427042614458,3.4807280216429572,244,0.0
757.515774,244,147.516592,755.0575977731507,4.104145999152222,244,0.0
1080.290059,341,147.836063,1077.8435378361228,5.913556302718048,341,0.0
643.760749,259,148.129769,641.3267370840348,3.074809080839749,259,0.0
953.045396,338,148.263483,950.7532566702282,4.920854314528639,338,0.0
943.309395,313,148.574868,940.965678024538,5.041382973902599,313,0.0
727.203223,314,148.891323,724.9557316223926,3.305595900937786,314,0.0
1267.310851,427,149.058185,1264.9209254995806,6.724969080941289,427,0.0
875.676781,301,149.361201,873.2060454508857,4.595005859964607,301,0.0
971.579296,337,149.68135,969.1096243445222,5.075358789462256,337,0.0
1137.732462,395,149.841243,1135.4473477104432,5.9442158471435205,395,0.0
847.619826,287,150.13851,845.2533525647995,4.482863348234763,287,0.0
875.039467,323,150.453052,872.7713769414703,4.41619606804476,323,0.0
963.979769,329,150.5823,961.7434872090842,5.080829025943783,329,0.0
666.455224,209,150.84369,664.1398757830401,3.655793013280553,209,0.0
603.169093,219,150.927862,600.9105368282369,3.0701091086931145,219,0.0
1106.590913,399,151.269307,1104.1426708714773,5.661756887918501,399,0.0
872.659851,286,151.376035,870.3151804111711,4.6914457703816215,286,0.0
1064.947226,335,151.694681,1062.631872284182,5.839732913777808,335,0.0
777.738202,299,152.003632,775.3390512355556,3.8280896133703743,299,0.0
1061.820902,364,152.151171,1059.4220793091372,5.58285974801623,364,0.0
1041.719531,342,152.482126,1039.3200243611527,5.59769667486115,342,0.0
1247.625506,418,152.841404,1245.1747874450123,6.6382859136957295,418,0.0
795.802886,262,152.943707,793.4954329462702,4.2680906663976454,262,0.0
833.719702,288,153.248839,831.4345699538086,4.36476839774462,288,0.0
868.931526,316,153.375236,866.622430709393,4.422978314603439,316,0.0
886.736683,302,153.687218,884.4518735831919,4.677185250661778,302,0.0
1010.490941,369,154.025353,1008.2610966357195,5.134320854909269,369,0.0
1033.424198,343,154.162015,1031.020367407022,5.523036342715962,343,0.0
873.627479,319,154.477544,871.2950888379274,4.436426250513292,319,0.0
831.816155,283,154.795779,829.3943300125569,4.38831698727284,283,0.0
779.046435,283,154.91648,776.5605138099987,3.965362275704555,283,0.0
890.792259,300,155.243287,888.4285748617081,4.724674791135685,300,0.0
1000.207428,331,155.385501,997.9494935703116,5.3540278122685825,331,0.0
1524.919512,503,155.80484,1522.4720132416,8.180056998867917,503,0.0
1094.526789,371,156.155286,1092.0319821898809,5.7878487019470795,371,0.0
821.866493,275,156.471505,819.536562634835,4.372901920241994,275,0.0
1057.946331,383,156.637745,1055.5769675041693,5.400761411916014,383,0.0
772.222559,286,156.956352,769.9934265726699,3.8889257360586806,286,0.0
919.663657,326,157.29065,917.2046897151228,4.748147416813819,326,0.0
747.489717,283,157.412735,745.0619687096831,3.713416762527013,283,0.0
935.612085,365,157.779221,933.355757425341,4.566465982577574,365,0.0
730.69475,260,157.884003,728.3508293728217,3.7630102466470463,260,0.0
893.825571,317,158.217083,891.3501700220833,4.612692229622767,317,0.0
892.902163,300,158.536892,890.57609002528,4.742234298177307,300,0.0
909.333634,310,158.66424,907.0560812615657,4.794054784256203,310,0.0
1262.788307,400,159.027657,1260.398187546577,6.904066233188328,400,0.0
845.426205,285,159.342709,843.1348856286185,4.482165714155631,285,0.0
1078.992377,354,159.4867,1076.5947068560054,5.799759458723939,354,0.0
826.625498,280,159.796754,824.2506317452718,4.370887033483541,280,0.0
835.323258,284,159.912234,833.0258640426163,4.409124302771277,284,0.0
975.254105,311,160.243872,972.971828146148,5.313559543961731,311,0.0
834.049082,288,160.363163,831.6385432543123,4.366087234811584,288,0.0
938.24612,317,160.708413,935.9271661029736,4.969704249305619,317,0.0
1177.974235,379,161.080152,1175.5871292582706,6.392975807736253,379,0.0
892.228208,301,161.209667,889.8421811966584,4.728096111752006,301,0.0
979.631698,330,161.547032,977.2388373284207,5.19631963858312,330,0.0
788.298005,293,161.877209,785.9715247147859,3.960776222457663,293,0.0
874.5704,307,162.010381,872.1828435523053,4.538943360654053,307,0.0
829.811478,295,162.348676,827.5172512179759,4.277507537758022,295,0.0
1344.942773,450,162.757792,1342.554036336032,7.162920384224594,450,0.0
551.987671,217,162.850824,549.7887415115158,2.6773136694216326,217,0.0
995.928115,352,163.222237,993.5291145175117,5.151457054748294,352,0.0
923.29894,326,163.365401,920.9788754646706,4.778068664476493,326,0.0
1154.186488,402,163.756268,1151.8053728003583,6.019015747002566,402,0.0
1334.663438,423,164.150582,1332.2635723382375,7.295531724353063,423,0.0
1094.357762,341,164.504564,1091.9646949889327,6.026344253090358,341,0.0
1006.811179,318,164.639106,1004.5794527464999,5.510800212757281,318,0.0
668.503717,241,164.963181,666.1716848499772,3.4168982964258148,241,0.0
1000.969672,329,165.106204,998.6354976320714,5.375761470013638,329,0.0
1728.157601,645,165.809571,1725.6396826251842,8.673957642491885,645,0.0
565.498083,213,165.897787,563.2321569642434,2.816224928105182,213,0.0
902.919381,332,166.254986,900.5638502849921,4.566999231049574,332,0.0
1142.062779,376,166.626331,1139.7171346499513,6.129751644908211,376,0.0
837.858227,280,166.744325,835.5900548474236,4.461484828925754,280,0.0
810.206346,330,167.081754,807.997933741049,3.842786366626402,330,0.0
802.56619,296,167.203964,800.3501487627368,4.052160485934817,296,0.0
1309.05764,422,167.57226,1306.6347682739026,7.098591000138692,422,0.0
857.85321,316,167.900942,855.6145541091254,4.335007886767972,316,0.0
946.361979,318,168.032645,943.9414053439841,5.025855328939279,318,0.0
1066.043831,370,168.379757,1063.6321606479203,5.569087465918411,370,0.0
1552.947654,523,168.787371,1550.641196224905,8.246254880684942,523,0.0
1151.486704,371,169.112924,1149.0933855500489,6.244605392176433,371,0.0
893.552638,317,169.235261,891.261283645973,4.611992747882258,317,0.0
786.825928,266,169.519839,784.4139212582403,4.16362175567357,266,0.0
1158.981244,375,169.859961,1156.6468885572197,6.273245275022306,375,0.0
507.624029,210,169.942851,505.247776461846,2.376526020446508,210,0.0
858.21347,288,170.244655,855.9293053876793,4.560557748913913,288,0.0
950.597253,312,170.363533,948.342256350995,5.1086599217948905,312,0.0
1110.870872,392,170.704501,1108.5909979204412,5.75340421158503,392,0.0
1159.467661,384,171.037827,1157.1997480019434,6.206157235432021,384,0.0
1051.415584,344,171.17033,1049.1915803058337,5.660620624771551,344,0.0
1206.71804,417,171.517891,1204.3946052827546,6.320452922871819,417,0.0
710.577237,247,171.810898,708.381957444646,3.7066356510698677,247,0.0
1143.808829,366,171.952739,1141.4637817676676,6.223457293414735,366,0.0
1315.418221,426,172.314703,1313.0788612713452,7.118233264730501,426,0.0
957.457658,339,172.628923,955.049519293516,4.947164841411953,339,0.0
1070.933724,322,172.935498,1068.4812463349683,5.989596815934883,322,0.0
1185.999383,389,173.081418,1183.6522540376245,6.377489145791673,389,0.0
1266.138263,398,173.410309,1263.7262987456656,6.946975176080621,398,0.0
1317.560212,437,173.76039,1315.0611238758124,7.046423078625687,437,0.0
746.973796,241,173.855088,744.6514900980545,4.044954856406548,241,0.0
1183.891841,397,174.197882,1181.5534161049447,6.297189505032855,397,0.0
1090.62189,356,174.520557,1088.2313420185956,5.877083205628318,356,0.0
890.694125,293,174.82332,888.3369615145318,4.779867527196043,293,0.0
1085.533295,331,174.953729,1083.1156853694577,6.035495397581617,331,0.0
777.613232,273,175.24937,775.2439674740809,4.034645403609546,273,0.0
1460.069331,481,175.622759,1457.7030564768163,7.837283135406048,481,0.0
631.303107,232,175.711939,628.9781548185005,3.1911131079967756,232,0.0
1072.1188,366,176.050915,1069.741017188586,5.649668662515941,366,0.0
1216.923343,383,176.392154,1214.500893397269,6.672350425995985,383,0.0
1610.058223,527,176.776033,1607.6241273333694,8.670094965469762,527,0.0
1363.409091,470,176.960132,1361.0506345268254,7.15157347061906,470,0.0
991.221886,305,177.26792,988.8405151294559,5.488180204788787,305,0.0
995.929815,307,177.569724,993.6579879514298,5.511108869169007,307,0.0
899.734649,298,177.678109,897.481011389909,4.813086806854535,298,0.0
899.895213,297,177.970136,897.603939974847,4.822342942546524,297,0.0
1187.262187,356,178.29672,1184.883238461477,6.650360540979291,356,0.0
1513.719796,481,178.491471,1511.3415618830245,8.266127937040107,481,0.0
991.306224,324,178.827769,988.9332681922814,5.33784048937819,324,0.0
1008.237605,330,179.16128,1005.8474551079613,5.425150292891116,330,0.0
947.497896,299,179.277032,945.1273428933706,5.186291077304452,299,0.0
995.299395,309,179.589974,992.9008554718318,5.489060010031688,309,0.0
1459.756911,490,179.981175,1457.3464420477546,7.762610343813076,490,0.0
971.6222,349,180.298197,969.3221024044584,4.981803780412511,349,0.0
944.799432,331,180.427944,942.4696247422625,4.910190863128119,331,0.0
651.265599,241,180.716479,649.0200658584924,3.279642798924801,241,0.0
1291.092035,404,181.072356,1288.664947256854,7.097950236629707,404,0.0
737.314658,233,181.168158,734.9397062628237,4.030627148069764,233,0.0
1166.937096,385,181.526739,1164.57763485028,6.256973033123619,385,0.0
1568.927258,509,181.93661,1566.5850741553588,8.48518723593932,509,0.0
1182.568716,375,182.087671,1180.1329650183843,6.460715936892612,375,0.0
850.61467,287,182.398064,848.3373690833496,4.507860531417034,287,0.0
938.803932,315,182.704389,936.4962237583953,4.989802996348226,315,0.0
1595.762887,527,183.100007,1593.3431946370517,8.556152244078548,527,0.0
1381.901771,481,183.489955,1379.562804991166,7.211776628648084,481,0.0
1338.839978,441,183.661961,1336.477399012894,7.186297764550941,441,0.0
1280.613525,385,183.993936,1278.235257166686,7.166027586245562,385,0.0
2595.78536,1000,184.825427,2593.27230511705,12.77897318697211,1000,1.0
1064.595431,346,185.155574,1062.1752653860358,5.74847303866482,346,0.0
1603.094132,515,185.534493,1600.640527148681,8.70963050394559,515,0.0
594.575221,220,185.617201,592.0731881107428,2.991600411241121,220,0.0
916.264752,304,185.916862,914.0076836712421,4.897593187531829,304,0.0
799.502858,269,186.018439,797.0989832383258,4.241272618691833,269,0.0
1090.864493,347,186.33069,1088.486209031442,5.950724330549242,347,0.0
896.873004,325,186.646666,894.5816916448365,4.5749937249933,325,0.0
1177.743555,372,186.789219,1175.3388805121447,6.446354479956281,372,0.0
952.099426,316,187.09881,949.7936516784969,5.088305078507511,316,0.0
1396.998167,434,187.44998,1394.5907402573955,7.706748371306706,434,0.0
1002.421559,341,187.772537,1000.1534205946527,5.292089578534607,341,0.0
307.204211,127,187.820049,304.8797771707111,1.4346619410858896,127,0.0
1044.082741,331,187.946614,1041.621208373325,5.703709232283631,331,0.0
1207.236682,364,188.269197,1204.8427352742012,6.746103825427361,364,0.0
872.515875,294,188.573582,870.2014147659687,4.627084566402744,294,0.0
814.924693,270,188.675938,812.5537219551354,4.356901533278422,270,0.0
1132.861254,398,189.01623,1130.536599832612,5.881368429107794,398,0.0
714.659056,227,189.102244,712.2914124666922,3.897311111509036,227,0.0
212.193681,99,189.322484,210.1082641056482,0.8999290899924736,99,0.0
1385.407818,469,189.696466,1382.9946014861619,7.33476610429327,469,0.0
1278.280213,428,189.875849,1275.8591340662128,6.804819424657642,428,0.0
1098.313188,361,190.210573,1095.9725472858222,5.899223619907011,361,0.0
179.908042,87,190.24151,177.66231468395446,0.7358654677881765,87,0.0
998.197208,321,190.5474,995.7482025046222,5.415990093508062,321,0.0
512.955719,207,190.625902,510.8492725864714,2.4454180531041403,207,0.0
886.344977,294,190.929197,884.0632171102566,4.737989143336379,294,0.0
1018.807318,321,191.239604,1016.3456179401777,5.581306962052314,321,0.0
833.073314,303,191.357421,830.7264977981055,4.23938563079942,303,0.0
1082.401234,335,191.673838,1080.0434416411292,5.979147141968707,335,0.0
1233.170184,385,192.008119,1230.711552068064,6.78611238843619,385,0.0
796.934689,274,192.111796,794.4695752173445,4.180269932566224,274,0.0
912.613791,312,192.422395,910.2337080223828,4.803482687554225,312,0.0
1284.643811,425,192.595332,1282.322447071184,6.880221570755685,425,0.0
1202.844403,371,192.923982,1200.4138921449348,6.655206242747723,371,0.0
1317.780936,419,193.276224,1315.420975635439,7.192745031045048,419,0.0
1073.267101,339,193.599984,1070.8211318172644,5.873170564107329,339,0.0
985.135646,303,193.718529,982.7722528336133,5.455771541982167,303,0.0
759.950041,277,194.015051,757.606552373845,3.8617968506826528,277,0.0
1063.192462,327,194.144591,1060.6288193585294,5.887377956478814,327,0.0
906.371893,303,194.458221,903.9780782031572,4.825216938682815,303,0.0
1129.898252,371,194.800426,1127.5551732125473,6.072075544817378,371,0.0
937.067869,303,194.921662,934.7232976093848,5.071372252944074,303,0.0
1213.223004,428,195.286065,1210.852089967845,6.284589893336668,428,0.0
820.95021,268,195.588192,818.7007617855476,4.421834221857066,268,0.0
978.90017,335,195.721484,976.680024170704,5.152136887952987,335,0.0
825.983464,257,196.010514,823.5512714640975,4.548294148040732,257,0.0
834.74942,284,196.122026,832.4691267217502,4.404682149104023,284,0.0
983.50149,300,196.427944,981.0356214669487,5.465355358538366,300,0.0
717.041118,234,196.520273,714.6152163869252,3.8601265342623123,234,0.0
798.953862,256,196.813517,796.580299200421,4.340539784310767,256,0.0
1149.279433,358,197.144877,1146.9902120857766,6.33110589339493,358,0.0
808.074551,269,197.248619,805.7639121187068,4.31046280138076,269,0.0
1182.471632,384,197.592353,1180.1044249136642,6.38859313918478,384,0.0
285.939941,117,197.63658,283.81802217820183,1.3462231341950224,117,0.0
931.359694,292,197.937702,928.8618007363116,5.111975627205576,292,0.0
955.783542,319,198.069519,953.4778645336368,5.0936810352772195,319,0.0
1016.129847,330,198.390639,1013.7281028524083,5.488078533032381,330,0.0
893.10543,294,198.704706,890.7556757784445,4.7911733113500246,294,0.0
991.627273,344,198.844163,989.2384500928166,5.180893628675259,344,0.0
916.999569,320,199.172471,914.7345742735287,4.775900417832263,320,0.0
1271.502959,394,199.531525,1269.0495090593015,7.020569986011941,394,0.0
1050.707974,336,199.667841,1048.4640482131292,5.718167984501754,336,0.0
971.836268,355,200.014452,969.4711276290392,4.935147142980183,355,0.0
959.102679,313,200.348299,956.6864931536392,5.167263870364626,313,0.0
882.962501,302,200.473547,880.6988878511514,4.64703578085875,302,0.0
1204.630114,384,200.822109,1202.279772212862,6.566441097975844,384,0.0
644.237435,238,200.91745,641.8912261450715,3.246458870853155,238,0.0
212.356063,99,201.151504,210.26117637420276,0.9009874534740828,99,0.0
1058.985859,329,201.285773,1056.7091016511442,5.840140655580355,329,0.0
839.985744,286,201.599515,837.545896129055,4.429136153183515,286,0.0
1486.251519,504,201.999488,1483.8082010886628,7.862482475678246,504,0.0
892.989173,278,202.110645,890.5342788931064,4.917008202953887,278,0.0
1449.165929,414,202.493081,1446.598733759275,8.281957406893552,414,0.0
1643.229554,555,202.926944,1640.870098188042,8.712911876476282,555,0.0
1012.069304,342,203.265745,1009.7984463875781,5.3612448399798165,342,0.0
700.165367,251,203.370026,697.774883500196,3.589822676796564,251,0.0
152.274534,83,203.606322,150.14068418526833,0.5475371070388552,83,0.0
1205.091748,393,203.769103,1202.7326720635774,6.498085538280672,393,0.0
1212.017784,380,204.120687,1209.595889697555,6.656844792872715,380,0.0
981.318246,323,204.455659,978.9834955729319,5.266124004743995,323,0.0
1114.602635,387,204.618482,1112.2264053567355,5.8218855433106755,387,0.0
1307.371983,398,204.977559,1305.0347184110055,7.276918820140579,398,0.0
1073.316915,340,205.312837,1070.831520925729,5.865126465149124,340,0.0
1312.042017,415,205.68716,1309.553635532129,7.177473662319394,415,0.0
1105.201267,374,205.840378,1102.7314188591763,5.849320236542904,374,0.0
1092.985328,377,206.195142,1090.6535459171657,5.7294788017937215,377,0.0
762.177531,318,206.523368,759.7350469315143,3.5518886317398954,318,0.0
1269.730829,418,206.898188,1267.38611690054,6.816404435947074,418,0.0
1128.255795,354,207.043975,1125.767317652716,6.193100296522597,354,0.0
1238.84069,407,207.41165,1236.5131662873907,6.657025552966642,407,0.0
775.329502,288,207.731311,772.8681100737701,3.89574699071128,288,0.0
1595.269132,504,208.137579,1592.848572932128,8.734742915404516,504,0.0
1364.839096,424,208.31692,1362.5154107123055,7.529619003067457,424,0.0
953.643776,332,208.654711,951.2669285785478,4.972602562214681,332,0.0
824.164407,289,208.976364,821.6830655705455,4.278425859333974,289,0.0
1061.758523,334,209.11561,1059.2858620426682,5.820778973016755,334,0.0
342.842057,137,209.371275,340.51114960577974,1.640214081444195,137,0.0
2152.882346,618,209.833758,2150.2800082796143,12.285538806304425,618,0.0
1110.462072,347,210.180739,1108.1204082772977,6.108142802060884,347,0.0
1080.988044,347,210.323775,1078.5930555575767,5.87137363356818,347,0.0
1813.28583,581,210.785344,1810.7346614066905,9.864209140171056,581,0.0
1859.701922,585,211.248355,1857.1761556516572,10.203883357611241,585,0.0
1125.48129,353,211.608547,1123.092393504355,6.179779092809313,353,0.0
1660.265849,546,212.054812,1657.7666107173457,8.919210361272114,546,0.0
1100.415985,371,212.425254,1098.049741863585,5.83595446242363,371,0.0
1502.172035,490,212.855464,1499.798092674773,8.101942959163013,490,0.0
1040.54517,340,213.205663,1038.202030486943,5.604174329648196,340,0.0
2003.179657,620,213.690839,2000.6360351672438,11.072614268931414,620,0.0
1554.687882,475,214.115454,1552.1366251932045,8.640122755106765,475,0.0
1217.394791,380,214.277471,1214.9628264358814,6.699719413004505,380,0.0
1550.651985,481,214.706491,1548.1483130688969,8.560032885121618,481,0.0
1173.259883,372,215.085174,1170.8364210321586,6.4103469561991355,372,0.0
1001.826749,315,215.436901,999.4559553293263,5.493342096293148,315,0.0
2000.878708,654,215.940136,1998.330764121636,10.782926997373089,654,0.0
3270.671348,976,216.791804,3268.023274439993,18.374696152392044,976,0.0
1224.223052,402,217.175986,1221.7561436064038,6.578265700651482,402,0.0
1233.237756,409,217.353133,1230.8688008891731,6.595889787444343,409,0.0
1260.411403,397,217.740206,1257.9840833576375,6.908339584846218,397,0.0
910.559415,345,218.104835,908.3807032567387,4.526234154519949,345,0.0
1330.466497,412,218.507393,1327.990709795945,7.348852070949802,412,0.0
1915.688842,607,219.014266,1913.1784563907174,10.476803792452241,607,0.0
1514.080316,480,219.443231,1511.5301499000786,8.27507850970432,480,0.0
239.689836,105,219.485803,237.4501311617409,1.0706123671510026,105,0.0
1809.77878,589,219.962461,1807.2323535770925,9.772435690057879,589,0.0
1283.630464,458,220.381248,1281.092409898661,6.607102655137101,458,0.0
229.386364,105,220.426511,227.26549496976406,0.9891510105093743,105,0.0
1141.695024,390,220.816946,1139.269065201384,6.01442788705311,390,0.0
1026.058386,342,221.17984,1023.6780916380492,5.471850063252472,342,0.0
1817.361893,580,221.653636,1814.7799099670601,9.90398984846724,580,0.0
2560.326686,846,222.453011,2557.7515945498235,13.728378498936253,846,0.0
1001.356362,324,222.596839,998.9088984687613,5.417517704554299,324,0.0
1933.340404,623,223.084502,1930.8617381760555,10.490495730820797,623,0.0
3311.576907,1000,223.957391,3309.0444895247747,18.504268225118853,1000,1.0
2013.714146,1000,224.850291,2011.268758241472,8.124372256930744,1000,1.0
1460.125117,462,225.268701,1457.6221087354422,7.987867041862162,462,0.0
1769.674163,532,225.72011,1767.1706688807778,9.906291548631888,532,0.0
1769.6801,575,226.19599,1767.1472202487082,9.562760901417615,575,0.0
2713.807193,893,227.03528,2711.264421933879,14.582830953514875,893,0.0
1769.886926,547,227.497137,1767.4180455009266,9.788668552537862,547,0.0
1159.445819,373,227.885993,1156.9956356135979,6.291652240378106,373,0.0
1861.940841,564,228.361254,1859.408918199427,10.389127865236784,564,0.0
2074.111201,629,228.86834,2071.5332245737422,11.567702109780454,629,0.0
1376.319145,446,229.293506,1373.9866293950963,7.446317622660117,446,0.0
865.864299,306,229.66578,863.5231580017564,4.47784873054398,306,0.0
1452.878359,470,230.091078,1450.459675420683,7.866801371021874,470,0.0
1408.307136,403,230.275034,1405.7782681485976,8.042926096020734,403,0.0
1201.707508,371,230.661649,1199.2204027085218,6.645705610947779,371,0.0
3195.891675,955,231.540452,3193.2405158544307,17.944127309859656,955,0.0
1448.414771,438,231.955324,1445.8649397420827,8.084797983174692,438,0.0
1364.219211,450,232.392474,1361.7296838376537,7.316174750760463,450,0.0
1143.513626,356,232.556952,1141.1286147874098,6.300394515929197,356,0.0
2229.055255,689,233.323742,2226.42734369132,12.329266660275625,689,0.0
965.118058,304,233.465796,962.7573608952629,5.2877899699000155,304,0.0
1041.016048,324,233.836066,1038.626951802138,5.735015497264168,324,0.0
983.916543,316,234.207149,981.511111258123,5.34230215419038,316,0.0
1525.564054,466,234.650844,1523.1079308996962,8.47989063921464,466,0.0
998.110768,320,234.792197,995.7162578791107,5.4240312565561055,320,0.0
281.350983,115,234.843409,279.10627330052955,1.3243264512069752,115,0.0
1836.910622,538,235.309654,1834.4116024662885,10.39649682946442,538,0.0
1584.603085,481,235.751929,1582.1967808851405,8.83279613706312,481,0.0
1517.234186,454,236.199613,1514.7030159268354,8.508193915362142,454,0.0
840.225367,268,236.546752,837.9340738335142,4.576080449469376,268,0.0
1204.605907,420,236.962984,1202.1644828846636,6.278657587942446,420,0.0
1420.175301,420,237.158208,1417.6552201969953,8.00283150452426,420,0.0
1824.809887,527,237.637947,1822.2364490289592,10.386675891555033,527,0.0
1102.476866,344,238.024271,1100.10464587855,6.067899017970608,344,0.0
995.754002,322,238.395669,993.352702479239,5.389193969464025,322,0.0
1780.505159,546,238.873072,1777.9005932615196,9.880269171545246,546,0.0
1026.265735,318,239.024139,1023.801353997991,5.664258190086833,318,0.0
868.347713,283,239.374316,866.052047945986,4.6814727532460045,283,0.0
1623.18772,489,239.836965,1620.7515536859298,9.077561823670312,489,0.0
1783.350131,481,240.290622,1780.846403139426,10.42199067948119,481,0.0
1682.872391,487,240.759071,1680.4477464321562,9.571502950541706,487,0.0
1332.911501,384,241.159594,1330.5244620142196,7.592732686610079,384,0.0
921.917624,288,241.289611,919.6290028889589,5.0703195966625,288,0.0
1053.459682,325,241.666627,1051.233804093821,5.828405939577392,325,0.0
1824.036049,547,242.14017,1821.533903282448,10.221522361061245,547,0.0
1134.438946,347,242.541972,1131.9765484952875,6.2986975067252615,347,0.0
2009.882996,558,243.032237,2007.4011567552172,11.621190494723567,558,0.0
2891.685594,787,243.632883,2889.0507554814785,16.849286755999163,787,0.0
1473.332989,430,244.0587,1470.9511199452927,8.349375078366352,430,0.0
1028.104111,327,244.432339,1025.606192065142,5.607124900812061,327,0.0
1053.357248,343,244.597865,1051.0024608565182,5.683111673707638,343,0.0
1470.815324,431,245.025199,1468.433395610407,8.321199340644158,431,0.0
1536.15476,450,245.473955,1533.664782198073,8.691789998352876,450,0.0
1483.369279,423,245.893579,1480.9516072644997,8.485081499398046,423,0.0
1929.945773,546,246.366645,1927.4285704208748,11.076713585781294,546,0.0
2031.807024,538,246.845186,2029.2270709682334,11.954947173255368,538,0.0
1674.741889,474,247.282769,1672.2361422392312,9.608892139676401,474,0.0
1199.428779,362,247.689995,1197.11042242007,6.700488389323367,362,0.0
1210.191493,353,247.855142,1207.8829973024965,6.858692553294226,353,0.0
1558.948366,491,248.303727,1556.5023427951264,8.547840515391806,491,0.0
1374.417273,410,248.722083,1371.9026855362322,7.716278739634334,410,0.0
1278.030879,397,249.142154,1275.5404375773346,7.049118555750573,397,0.0
853.165986,282,249.274175,850.8553001478834,4.56841000630227,282,0.0
2733.487894,864,250.143348,2730.900154349577,14.970776840790741,864,0.0
3443.791427,1000,251.08292,3441.166450087303,19.56178687462233,1000,1.0
2988.214541,914,251.989991,2985.5397280745874,16.6100903337674,914,0.0
1110.45134,358,252.391662,1108.0550376580302,6.020044932284929,358,0.0
2218.397995,642,252.939936,2215.9017486988337,12.620056380050634,642,0.0
1125.947292,345,253.109794,1123.522309646836,6.247002871912993,345,0.0
2945.429554,870,253.974466,2942.77650460637,16.61755381166339,870,0.0
2712.127105,777,254.802108,2709.5644594459413,15.493329318536889,777,0.0
989.849019,308,254.943466,987.5044778691466,5.453526215210628,308,0.0
1522.626939,445,255.379959,1520.124858487807,8.623109169943737,445,0.0
3272.706675,1000,256.301921,3270.1215073039148,18.193463380453945,1000,1.0
2997.69984,904,257.187194,2995.1129832252313,16.766228880771187,904,0.0
923.913226,290,257.324034,921.611739245942,5.070299779274504,290,0.0
3273.452243,1000,258.247405,3270.839331201069,18.199085436238175,1000,1.0
3240.882167,1000,259.193297,3238.254159279494,17.93813434105721,1000,1.0
3389.063424,1000,260.107943,3386.465212796828,19.12391373200959,1000,1.0
1134.811893,349,260.494913,1132.3789187155014,6.286496690970455,349,0.0
1569.524177,462,260.932114,1567.0471096068222,8.862731714562281,462,0.0
2900.634978,1000,261.838086,2898.0919556262934,15.21758236969099,1000,1.0
3443.009032,1000,262.774228,3440.318242825526,19.55425100806694,1000,1.0
737.783923,260,262.89515,735.3682472025075,3.819004180716562,260,0.0
2781.116654,834,263.762544,2778.4700140185764,15.590440198253727,834,0.0
814.700667,251,263.879432,812.3519512338811,4.506812615598191,251,0.0
3360.34445,1000,264.798817,3357.6784076045633,18.89323253256451,1000,1.0
2579.259627,783,265.621351,2576.725032846985,14.383226422111631,783,0.0
1062.648834,324,265.769443,1060.200332614994,5.907629422274835,324,0.0
2760.036113,770,266.579269,2757.400287209864,15.9321381752014,770,0.0
2992.195058,821,267.40625,2989.5204105932544,17.381807449371113,821,0.0
2213.466062,608,267.912319,2210.8901651877572,12.850318519924683,608,0.0
2194.561059,597,268.417765,2192.044048987022,12.78761433839645,597,0.0
2304.786396,663,268.946226,2302.2192225471485,13.14258249183475,663,0.0
2898.858597,773,269.746645,2896.2368854056176,17.018593882291626,773,0.0
717.101829,237,269.852447,714.7254926912672,3.8369469663984686,237,0.0
3431.938344,979,270.748946,3429.271452201006,19.641031847530023,979,0.0
2236.503811,679,271.281921,2233.9175706092456,12.469749974231197,679,0.0
3340.672984,915,272.14003,3337.987412274887,19.421062166403647,915,0.0
1720.766324,492,272.588672,1718.3552852117925,9.834974893606068,492,0.0
682.867068,223,272.91307,680.6232388033401,3.676296757917746,223,0.0
1676.026701,533,273.390644,1673.4930938092657,9.149186301807699,533,0.0
1578.168895,432,273.825777,1575.6407543082657,9.171298174167564,432,0.0
3208.767157,1000,274.53506,3206.120167241051,17.681278863248192,1000,1.0
3192.389023,1000,275.486686,3189.7535605896123,17.549949699708133,1000,1.0
1442.112367,404,275.903316,1439.6262947428759,8.305657649883647,404,0.0
771.770336,237,276.239485,769.4350958209349,4.275132685358016,237,0.0
1098.476241,320,276.387991,1096.014511288614,6.226185350743619,320,0.0
1577.113769,456,276.804515,1574.657345039414,8.97216839351406,456,0.0
1563.144851,481,277.235554,1560.617042487186,8.6605106986099,481,0.0
1924.590889,567,277.708309,1921.964260730372,10.86538752394382,567,0.0
1330.990434,419,278.106002,1328.5255220430436,7.298173915247806,419,0.0
3457.042038,945,278.955065,3454.3624380847473,20.113489521799256,945,0.0
3284.161994,1000,279.832452,3281.519704992688,18.284429293861024,1000,1.0
855.661953,268,279.951447,853.2891474642893,4.698546055933165,268,0.0
3556.740196,1000,280.826664,3554.1417414326597,20.466241634640358,1000,1.0
1055.726182,352,281.198736,1053.295683612416,5.629905330725549,352,0.0
2810.531412,800,281.971771,2807.865455649552,16.096910774279362,800,0.0
875.195242,291,282.098672,872.8868333333478,4.6729533599014035,291,0.0
2616.170293,734,282.838173,2613.576709821481,15.068311242833083,734,0.0
1877.305514,504,283.266969,1874.7920904966984,10.990789177968246,504,0.0
970.784978,314,283.402405,968.3302726924275,5.252926008561141,314,0.0
1852.352012,554,283.855961,1849.8183467329384,10.392656325380335,554,0.0
593.132575,198,284.148028,590.8763284894546,3.157535807006547,198,0.0
930.553197,277,284.266055,928.1638414661636,5.226277500252986,277,0.0
2324.305287,629,284.747715,2321.6477610641473,13.569365880140355,629,0.0
668.586428,233,285.055769,666.4070251428376,3.483077973245895,233,0.0
2552.247558,707,285.5725,2549.614446426664,14.771823449778207,707,0.0
1942.935833,519,286.002552,1940.402913906411,11.395978493965501,519,0.0
983.982772,307,286.342759,981.6597824608228,5.415588492021351,307,0.0
1733.979286,477,286.769604,1731.3875424822957,10.058409542198806,477,0.0
1156.70972,348,286.919975,1154.2843366511477,6.46968732094343,348,0.0
3236.939701,1000,287.771079,3234.3512048218226,17.907616890024258,1000,1.0
3507.479377,1000,288.663606,3504.809062334163,20.071303508712734,1000,1.0
2511.024979,680,289.417023,2508.4058578302706,14.657445760375063,680,0.0
934.818725,273,289.545775,932.4863696594267,5.293067888658501,273,0.0
2949.379096,1000,290.395964,2946.7720186436954,15.60776592391557,1000,1.0
2783.032075,709,291.122211,2780.3836452977675,16.60170669426898,709,0.0
477.704199,180,291.198091,475.4735617296445,2.3773149480781717,180,0.0
961.262453,287,291.536385,958.8520555586349,5.392415844693243,287,0.0
822.113399,253,291.644549,819.8023204248208,4.550805670528705,253,0.0
1048.668967,340,291.996574,1046.1123033365675,5.667784502928692,340,0.0
1983.445115,556,292.454927,1980.88911169813,11.425366074345,556,0.0
2690.554473,709,292.973069,2687.9579876095686,15.862416426857141,709,0.0
956.812955,309,293.316564,954.4656516200465,5.1820123612655875,309,0.0
3333.610222,961,294.173089,3330.9441338429747,18.9984861817618,961,0.0
2086.065934,608,294.709872,2083.535517956812,11.832135280709107,608,0.0
820.896196,255,294.836493,818.4342604408191,4.523281035929942,255,0.0
816.506604,250,295.188093,814.0902094024576,4.528631752579186,250,0.0
1881.809895,550,295.694577,1879.2358783214318,10.6595473031297,550,0.0
81.279204,193,295.783259,79.2612911617787,-0.8957417165337631,193,0.0
1444.390962,403,296.196161,1441.915901175035,8.331875961271386,403,0.0
2021.884099,546,296.691094,2019.2895054058542,11.811758942831139,546,0.0
3519.876678,1000,297.614206,3517.180356946111,20.16953951270816,1000,1.0
1184.647484,353,298.013761,1182.1707239658338,6.652388303653145,353,0.0
1161.43007,362,298.187639,1158.9254147048684,6.394667026073945,362,0.0
3132.596948,1000,299.125882,3129.9231837843513,17.07175625816544,1000,1.0
1797.424288,524,299.592508,1794.8990292284097,10.192353067017924,524,0.0
3643.609869,1000,300.442474,3640.9056994417087,21.159448599033787,1000,1.0
716.218291,243,300.744887,714.121303998534,3.785258325732458,243,0.0
3734.649671,1000,301.576657,3731.9368295182176,21.887766099639567,1000,1.0
1721.131892,498,301.995045,1718.6124281923892,9.789062411825094,498,0.0
3595.482129,1000,302.835112,3592.8317739918825,20.775411329675517,1000,1.0
1550.821406,444,303.226617,1548.279279468602,8.856268436720285,444,0.0
3678.742957,1000,304.072567,3676.0809058261325,21.441735842736986,1000,1.0
1051.484335,305,304.201927,1048.9439226593202,5.96920778235557,305,0.0
2394.273346,688,304.702514,2391.696285098694,13.659951557527467,688,0.0
2200.06965,586,305.389296,2197.551444436096,12.919690520318408,586,0.0
1167.63238,328,305.535231,1165.1595245628826,6.716050220807302,328,0.0
3797.857708,1000,306.378984,3795.1758752937944,22.393860198417737,1000,1.0
2116.065819,571,306.831212,2113.481924782883,12.36599903743829,571,0.0
3809.947227,1000,307.673726,3807.2705136173718,22.49016453960117,1000,1.0
1295.408867,361,308.033275,1292.9109233756617,7.4749332123498915,361,0.0
3470.254029,1000,308.877683,3467.6392406746118,19.77372660270002,1000,1.0
1614.93964,483,309.28971,1612.4105980541785,9.05887792661879,483,0.0
1938.632359,514,309.724842,1936.0700803434277,11.40133725654821,514,0.0
1091.152679,345,310.075638,1088.7197887646012,5.969236450016014,345,0.0
718.870732,242,310.175807,716.6197240882165,3.8129887918139476,242,0.0
477.432489,175,310.248542,475.1523529344521,2.414485847946111,175,0.0
184.891179,87,310.504377,182.92941116146577,0.7782275194163115,87,0.0
3607.44832,1000,311.371187,3604.767179895655,20.871056765589845,1000,1.0
-4.075699,11,311.373978,-4.075698999035525,-0.11224815141260161,11,0.0
3941.830247,1000,312.012958,3939.167624128126,23.5460867100867,1000,1.0
3126.597385,843,312.788227,3123.9216164431127,18.28268479838762,843,0.0
1084.181027,314,313.123683,1081.7375979526853,6.1600796059265335,314,0.0
1352.367551,390,313.492129,1349.938303739426,7.700224792077296,390,0.0
1512.230283,436,313.678588,1509.6825024877348,8.611820972898531,436,0.0
2306.509323,738,314.402286,2303.9783889937653,12.561135176285141,738,0.0
964.433269,279,314.524953,962.0156102381656,5.480859970029257,279,0.0
910.928351,276,314.844899,908.5420380151655,5.077121000359901,276,0.0
2227.44818,578,315.2937,2224.8878886456273,13.202232317500663,578,0.0
2777.631508,1000,316.127797,2775.012766586084,14.235028598566029,1000,1.0
1906.581419,496,316.552202,1904.016797594879,11.287963579464996,496,0.0
3078.474952,792,317.119052,3075.7776374334544,18.303164631151255,792,0.0
873.242177,261,317.439301,870.8895385816542,4.895655375834992,261,0.0
1919.840567,516,317.863519,1917.2881607489282,11.235130376965985,516,0.0
3464.426496,903,318.672627,3461.711477428522,20.507187302028484,903,0.0
3330.794119,1000,319.52195,3328.148724793609,18.658269173373764,1000,1.0
3726.404047,1000,320.37092,3723.672501094105,21.82289334177546,1000,1.0
1851.586919,516,320.796614,1849.0150998042052,10.689018403429968,516,0.0
1302.150478,389,320.964867,1299.692463306989,7.306170314216413,389,0.0
1170.063915,354,321.322997,1167.6351864345206,6.528877909573961,354,0.0
288.298104,130,321.375486,286.04524339574834,1.260234615593402,130,0.0
3814.024771,1000,322.224915,3811.3365219809825,22.52378101836558,1000,1.0
1980.436244,557,322.672476,1977.8854623394195,11.393330593485658,557,0.0
1103.37917,331,323.036907,1100.910348527812,6.178206496227371,331,0.0
2646.958122,728,323.619172,2644.349667193394,15.362532335011498,728,0.0
3583.925083,956,324.528464,3581.1981212229366,21.040894857078136,956,0.0
2379.104923,648,325.326044,2376.565378087129,13.857711616829205,648,0.0
1526.471338,442,325.568738,1523.9872540380395,8.678318282802085,442,0.0
2078.554872,579,326.452655,2075.996814037822,12.00274372749291,579,0.0
3652.202011,1000,327.588615,3649.546003293076,21.22960603371869,1000,1.0
1585.804526,443,327.844163,1583.2832280986738,9.144768311320085,443,0.0
2207.174797,625,328.816786,2204.589389144044,12.664972615412026,625,0.0
3457.62073,1000,330.067338,3455.04371544977,19.67345961714833,1000,1.0
1610.154951,478,330.814674,1607.6824478779063,9.06144904801591,478,0.0
1427.528133,414,331.088732,1425.039286400955,8.109140422854631,414,0.0
984.05183,287,331.587041,981.5845635438195,5.573638610627757,287,0.0
1584.175245,443,332.178131,1581.7289216378376,9.13257813314508,443,0.0
3720.377953,1000,333.503747,3717.7131558821725,21.774580979600362,1000,1.0
3378.693646,1000,334.874009,3376.0291819879044,19.04194004034747,1000,1.0
3658.399907,1000,336.071647,3655.6706469133787,21.278130322592098,1000,1.0
2387.66695,685,336.726836,2385.007109523888,13.630441912955298,685,0.0
2154.402538,597,337.308091,2151.827108572973,12.466146703907587,597,0.0
3819.081274,1000,338.203066,3816.35779875851,22.56379899430993,1000,1.0
2022.802966,550,338.633132,2020.2094607595689,11.787395712473685,550,0.0
3737.257925,1000,339.45306,3734.596920142813,21.90948341019398,1000,1.0
1456.376945,417,339.830671,1453.7720205009648,8.315710199547905,417,0.0
3855.447591,1000,340.692197,3852.7245336337114,22.854401080393483,1000,1.0
3887.369792,1000,341.563844,3884.645906335763,23.109717504655723,1000,1.0
3001.567153,778,342.11348,2998.9234492222436,17.800122924646463,778,0.0
1054.615361,348,342.482493,1052.30448721422,5.6540077963743816,348,0.0
3883.308857,1000,343.368729,3880.6012185075265,23.077556271919153,1000,1.0
911.046207,270,343.690805,908.720527181422,5.126814731590615,270,0.0
3998.288251,1000,344.318797,3995.5980793330004,23.99738306462419,1000,1.0
1908.927361,542,344.943168,1906.3228621960172,10.940294727691462,542,0.0
3727.400833,1000,345.580421,3724.6442295719226,21.8287696532384,1000,1.0
2546.882678,673,346.265408,2544.2674650115837,14.999616068403848,673,0.0
1241.991368,350,346.409939,1239.598371689718,7.13601818288805,350,0.0
3852.188422,1000,347.236541,3849.508618041839,22.829055454808014,1000,1.0
3984.383132,1000,348.051657,3981.6701853298287,23.886026848992092,1000,1.0
3866.063284,1000,348.859906,3863.383791957757,22.939690803192608,1000,1.0
-7.026135,12,348.862968,-7.026134911874638,-0.14384966322553422,12,0.0
1622.257005,423,349.232087,1619.7574440362825,9.595625814753358,423,0.0
1832.974116,481,349.631385,1830.4144319574,10.818485927737221,481,0.0
1247.941741,361,349.986804,1245.4314711922168,7.0947290412629735,361,0.0
852.860408,263,350.09439,850.5956882237103,4.717296813540994,263,0.0
3827.985106,1000,350.915468,3825.300340240654,22.63477039567341,1000,1.0
3686.772322,1000,351.734768,3684.0878805867037,21.50492812144727,1000,1.0
882.691841,268,352.042888,880.3024652352184,4.915092235180437,268,0.0
2712.327819,719,352.545891,2709.7698564796237,15.957604972090795,719,0.0
3583.291604,935,353.325541,3580.6322906187356,21.20301391500428,935,0.0
3647.984875,1000,354.146132,3645.2934360440067,21.194300460011668,1000,1.0
3273.305438,860,354.898748,3270.632928844846,19.32087754498619,860,0.0
2734.410476,718,355.399311,2731.816476406256,16.141620069580764,718,0.0
3336.808636,921,356.18181,3334.1291220481685,19.3427116224837,921,0.0
1011.278438,298,356.301973,1008.9670382681051,5.705287198369372,298,0.0
2607.843821,663,356.977952,2605.248964214892,15.567453703195506,663,0.0
3722.98272,923,357.753437,3720.280513723738,22.416468390596155,923,0.0
3761.924315,1000,358.396127,3759.2253961926367,22.106266032664625,1000,1.0
3990.475774,1000,359.215263,3987.7801536913953,23.93479715492654,1000,1.0
848.614259,246,359.510267,846.2397967993963,4.81764202035515,246,0.0
329.154756,124,359.559427,326.97273042067485,1.6355759544109407,124,0.0
2856.33299,700,360.250012,2853.727229056835,17.260432068899362,700,0.0
3140.07738,766,360.762741,3137.4069776156157,19.003622563482043,766,0.0
1033.095389,297,361.086131,1030.6515119080534,5.886646488484076,297,0.0
311.928564,117,361.130156,309.92510850050184,1.5549610377250367,117,0.0
1241.496091,350,361.470771,1239.0872061335047,7.131852139922167,350,0.0
2737.405907,702,361.957484,2734.8315060728382,16.293474845660416,702,0.0
2914.255219,742,362.458904,2911.5292489402004,17.387796491977042,742,0.0
866.173904,267,362.765661,863.8121497124575,4.790817985202112,267,0.0
187.671159,100,362.80458,185.58601603871435,0.6957721718479131,100,0.0
1020.004422,299,363.122798,1017.623869902048,5.7665827918672115,299,0.0
959.189843,278,363.235856,956.9218142754858,5.448621616342472,278,0.0
1235.70411,341,363.570662,1233.3656223402377,7.157765327609153,341,0.0
982.24507,276,363.683763,979.9487213089276,5.648410744217907,276,0.0
1561.925613,419,364.057607,1559.4420916853464,9.145143035333414,419,0.0
3829.243166,1000,364.885872,3826.4946614694386,22.644419951694694,1000,1.0
3904.491243,1000,365.693171,3901.777346642896,23.246575082470454,1000,1.0
3376.276008,863,366.4466,3373.6295156367855,20.12116624443292,863,0.0
839.94366,240,366.54405,837.4801553617177,4.7954186408251065,240,0.0
1094.563134,317,366.870449,1092.100482216576,6.218857714613474,317,0.0
256.62546,106,366.913101,254.7252778031075,1.2010959938855117,106,0.0
1801.424999,485,367.307992,1798.8534588469145,10.534451826401947,485,0.0
3913.175843,1000,368.163687,3910.5001007067985,23.31656587352542,1000,1.0
3478.148742,882,368.970083,3475.472191874045,20.783985105625735,882,0.0
1400.041297,385,369.12891,1397.5337453042905,8.12075667830336,385,0.0
2948.264035,780,369.85609,2945.6374063079497,17.358413195033382,780,0.0
2514.706786,668,370.3429,2512.121179790719,14.782635939068287,668,0.0
1716.040029,474,370.741878,1713.4983727327306,9.93898299474463,474,0.0
2157.245804,577,371.190323,2154.7138555914,12.648289050426108,577,0.0
2933.201439,787,372.01113,2930.608683606937,17.183004984106702,787,0.0
1891.205649,506,372.429067,1888.6866961242652,11.085676873188493,506,0.0
1208.311792,334,372.76654,1205.9737277458553,6.994506774876445,334,0.0
2898.673525,765,373.300323,2896.0450321537073,17.081361075069644,765,0.0
3962.639489,1000,374.115936,3960.028950440399,23.713005740263913,1000,1.0
3383.673571,901,374.904209,3381.0703240823464,19.877756874454295,901,0.0
3551.201647,1000,375.718695,3548.5487230465924,20.421083297799697,1000,1.0
4000.760522,1000,376.529437,3998.0612179514924,24.016818306350295,1000,1.0
2374.227809,616,376.978449,2371.65199863197,14.072877551801222,616,0.0
2000.544703,531,377.39533,1998.0791628438494,11.761575058121029,531,0.0
3787.198156,1000,378.202226,3784.5364735072803,22.30903053560794,1000,1.0
2819.625593,735,378.699924,2817.0294566064013,16.687682473976896,735,0.0
1722.815896,484,379.090703,1720.318091935319,9.914359624215987,484,0.0
2218.367579,576,379.52824,2215.831047438618,13.145304080003477,576,0.0
3754.525872,1000,380.34333,3751.8260392208817,22.046744879156147,1000,1.0
2478.987748,630,381.012869,2476.4671174593805,14.79987269581562,630,0.0
3545.348324,923,381.67748,3542.6452822044685,20.994669960091144,923,0.0
2478.293839,655,382.417914,2475.6805755525033,14.594993405736918,655,0.0
1241.730573,345,382.569707,1239.3461000656525,7.173951238559793,345,0.0
4067.612533,1000,383.403972,4064.8949938733963,24.551529569964128,1000,1.0
1817.78992,491,383.82325,1815.3204285159866,10.6181912709379,491,0.0
2622.706622,693,384.520477,2620.1226742055546,15.4473901753047,693,0.0
486.325732,157,384.585471,484.0964741951349,2.629678624104265,157,0.0
3838.629448,1000,385.417182,3835.9705136701978,22.72075071695599,1000,1.0
1707.561409,458,385.823345,1705.1057192894566,9.999736901042558,458,0.0
909.801322,271,385.943158,907.4850472937451,5.108775718711595,271,0.0
3804.658193,1000,386.787423,3802.0232922270748,22.44861430458359,1000,1.0
3815.969164,1000,387.683077,3813.3069299747663,22.53906641346732,1000,1.0
2156.026243,597,388.223055,2153.5027624666614,12.479640330950676,597,0.0
2092.890052,563,388.760436,2090.3814963509963,12.245705930356063,563,0.0
922.990403,273,389.166531,920.6245585273786,5.197846080667391,273,0.0
3944.289961,1000,390.337776,3941.6353643216908,23.565941769191436,1000,1.0
802.50611,269,390.492717,800.2610527621081,4.26696431799286,269,0.0
3919.948051,1000,391.698145,3917.283737813789,23.371045378786288,1000,1.0
3947.943093,1000,392.874043,3945.311826812131,23.594748286471006,1000,1.0
3916.125947,1000,394.067162,3913.4392753240136,23.340227681717963,1000,1.0
652.109371,214,394.460374,649.7007880590244,3.5002959400498073,214,0.0
1430.822964,403,394.708203,1428.2804908100288,8.222863169792397,403,0.0
2571.764652,656,395.662854,2569.2055248800298,15.334468136209283,656,0.0
2187.29282,592,396.290234,2184.6848665993653,12.768052956456128,592,0.0
2171.708435,586,396.948679,2169.190201540994,12.693170508007919,586,0.0
2590.006708,671,397.657802,2587.463759459829,15.36181189550025,671,0.0
1495.95959,428,398.227333,1493.613899822856,8.547440624472104,428,0.0
3250.771432,1000,399.451192,3248.176740630856,18.01877011681796,1000,1.0
3578.305877,898,400.589319,3575.5982222412176,21.457955161918473,898,0.0
1231.559751,338,401.094601,1229.1858314734245,7.148285740053144,338,0.0
1710.215024,472,401.385637,1707.8401723579896,9.910640593339815,472,0.0
2311.551609,596,402.334467,2308.9420142949707,13.730680358774512,596,0.0
1661.614709,444,402.899923,1659.1125082431956,9.743439139194898,444,0.0
4052.085448,1000,403.835556,4049.381341979688,24.427411854608625,1000,1.0
1171.888091,337,404.337532,1169.4206136724417,6.6784484680823795,337,0.0
3544.432382,1000,405.548269,3541.8463673685656,20.368640613778318,1000,1.0
1088.667094,304,406.056004,1086.3498672177361,6.276899421172439,304,0.0
3988.632891,1000,407.338912,3985.936328927297,23.920676395290656,1000,1.0
3863.112373,1000,408.609185,3860.410588431383,22.91626380950849,1000,1.0
3775.0113,1000,409.80218,3772.3594340082245,22.212222203251663,1000,1.0
4050.86648,1000,410.71133,4048.1313191523,24.417710976806404,1000,1.0
3604.461144,972,411.85485,3601.731858639963,21.077707762206792,972,0.0
1914.295032,522,412.439103,1911.7944426666218,11.143169740044854,522,0.0
2012.814583,534,413.061516,2010.3080353695507,11.836177128592938,534,0.0
977.017575,277,413.513837,974.7870819634413,5.599729625114707,277,0.0
1000.105932,298,413.977202,997.7766172473603,5.616305889632409,298,0.0
1714.154154,466,414.242693,1711.5583988398826,9.98775046560525,466,0.0
3941.431032,1000,415.366425,3938.722915673633,23.541655927091405,1000,1.0
134.793874,83,415.673036,132.76258194163944,0.4086340245639191,83,0.0
1698.334053,453,415.92474,1695.8942706979908,9.966343049826367,453,0.0
1574.567865,431,416.44843,1572.1338858163817,9.151047276256163,431,0.0
2691.135686,671,417.405715,2688.526811296899,16.170123958808322,671,0.0
1446.804285,432,417.650748,1444.3845055499044,8.120877060876172,432,0.0
3887.634978,1000,418.699549,3884.9322697359758,23.112326032991643,1000,1.0
1195.202006,347,419.151551,1192.8088397359434,6.785786878123095,347,0.0
1161.632211,420,419.64714,1158.99687661566,5.933163175859318,420,0.0
241.395678,104,419.707125,239.43446620403154,1.0947697162842989,104,0.0
3581.513422,1000,420.807066,3578.7945170498824,20.663455037325363,1000,1.0
3850.139603,1000,421.910877,3847.428671187599,22.812168397258016,1000,1.0
988.495857,289,422.34725,986.1320294920936,5.594597411873101,289,0.0
2465.966123,637,423.010011,2463.362743763696,14.639418066805968,637,0.0
3022.420461,801,423.731561,3019.7118197991776,17.784219792343894,801,0.0
2298.870799,577,424.604858,2296.2983527835795,13.781131851014948,577,0.0
3549.574256,1000,425.395045,3546.8548884584043,20.408501900586415,1000,1.0
2203.478068,608,426.238539,2200.8132392773446,12.770199547321575,608,0.0
1021.174179,300,426.397432,1018.6946363611712,5.767201546874069,300,0.0
3709.015878,1000,427.445929,3706.319023259715,21.684163874632002,1000,1.0
988.887861,294,427.847073,986.5842719037083,5.5584002463033375,294,0.0
2102.730945,626,428.470647,2100.1214659669195,11.822309431093737,626,0.0
2692.913282,683,429.130533,2690.366152648896,16.089636214337048,683,0.0
1433.284533,396,429.639319,1430.6863805135267,8.298411051905173,396,0.0
1828.961386,1000,430.809735,1826.4797747467107,6.649991384484005,1000,1.0
3377.798926,883,431.865498,3375.1447316287113,19.974923913146387,883,0.0
1848.079285,490,432.449758,1845.6209708223241,10.868980299661226,490,0.0
3864.50254,1000,433.622955,3861.8406716316,22.928236320584837,1000,1.0
1335.216584,386,433.851044,1332.7521900632596,7.594786219213294,386,0.0
3812.312376,1000,435.054228,3809.6109188980618,22.510138690578135,1000,1.0
3828.99525,1000,436.238378,3826.3352054903526,22.64415620375892,1000,1.0
1188.698399,336,436.733595,1186.323325955341,6.821543396064341,336,0.0
1227.93756,350,437.241298,1225.5256247789036,7.023822369747532,350,0.0
3806.332222,1000,438.430385,3803.695113166488,22.463150411523085,1000,1.0
2398.833504,626,439.06428,2396.2107778051745,14.189846944604911,626,0.0
2158.947807,551,439.686356,2156.3488272506306,12.86829700129277,551,0.0
3630.070096,918,440.818996,3627.3753809893474,21.713733902770628,918,0.0
3999.585852,1000,441.932823,3996.8841429487443,24.00801320858179,1000,1.0
873.745283,263,442.07539,871.3850810529955,4.883448011034026,263,0.0
1913.118936,504,442.627335,1910.594313328467,11.277458764085257,504,0.0
1838.968199,478,443.177865,1836.4341504706897,10.89120598618994,478,0.0
3926.844201,1000,444.283562,3924.1511000973646,23.426269808223662,1000,1.0
2192.30261,562,444.898714,2189.78404864111,13.04886465306773,562,0.0
2228.897374,597,445.529584,2226.3336062257686,13.062388663591205,597,0.0
1616.838178,471,446.057718,1614.3856463826553,9.170751091037552,471,0.0
3947.059583,1000,447.130162,3944.426771140341,23.589759882433583,1000,1.0
1991.835824,518,447.64921,1989.2561860168353,11.794848578209999,518,0.0
4092.662894,1000,448.655982,4089.900371783637,24.751455753915845,1000,1.0
988.274453,312,449.059612,985.9040411043017,5.409796510100763,312,0.0
1353.938215,367,449.49701,1351.4313688300267,7.895363119741865,367,0.0
1058.846583,303,449.656476,1056.4666842591687,6.0456203502359545,303,0.0
2024.632988,529,450.161988,2022.116356480805,11.970349110000273,529,0.0
4113.201381,1000,451.22379,4110.510422351205,24.916809233051655,1000,1.0
4001.440648,1000,452.291832,3998.7188890994234,24.02231710138821,1000,1.0
4025.954293,1000,453.378945,4023.2714446996038,24.219372090155172,1000,1.0
1441.36822,389,453.868877,1438.8869923304712,8.419880944705916,389,0.0
1409.960348,379,454.339432,1407.4622522771213,8.24816664357529,379,0.0
2486.811112,632,454.964077,2484.2040784407964,14.84652997851658,632,0.0
832.465321,263,455.114607,830.2695220622797,4.554625753873111,263,0.0
1044.931028,293,455.550938,1042.5470060449027,6.014271916886925,293,0.0
3948.936655,1000,456.652538,3946.2096269071794,23.602966758888556,1000,1.0
1702.272899,433,457.167971,1699.6919779878633,10.15587824525438,433,0.0
1664.822286,466,457.711927,1662.384353537621,9.594865373118186,466,0.0
2677.035229,681,458.354278,2674.4775308431135,15.978417547672988,681,0.0
4086.813203,1000,459.422958,4084.059380104339,24.706052837355358,1000,1.0
1036.702533,289,459.587409,1034.2348097675392,5.978973560852668,289,0.0
3921.946726,1000,460.675318,3919.212772484976,23.387338448805686,1000,1.0
3965.241824,1000,461.769341,3962.479278153237,23.7328704601179,1000,1.0
4057.047888,1000,462.837001,4054.323322554721,24.468038565050044,1000,1.0
1846.288544,467,463.339133,1843.6485472852414,11.03620602199441,467,0.0
1801.369588,476,463.854358,1798.8975703736198,10.607012669664908,476,0.0
1893.606415,513,464.400128,1891.0536471617397,11.04937410491741,513,0.0
3893.542049,1000,465.471316,3890.8233854925084,23.159939757545175,1000,1.0
1895.868363,520,466.01854,1893.198450906375,11.010607784702778,520,0.0
1092.999662,316,466.444499,1090.6429081078336,6.215550371134615,316,0.0
2677.106984,735,467.106894,2674.4527446151274,15.548176505529185,735,0.0
3971.333032,1000,468.189142,3968.614451598127,23.78225066574369,1000,1.0
2879.958598,741,469.15082,2877.331201130888,17.123362326948527,741,0.0
1582.535301,426,469.372394,1580.1025053384299,9.255334307617,426,0.0
1589.181314,500,469.884783,1586.7453704676384,8.719353231484838,500,0.0
3756.39694,1000,470.901592,3753.676063682951,22.06322822060395,1000,1.0
1001.187859,301,471.299247,998.950518706785,5.601891961892836,301,0.0
1895.130449,488,471.785758,1892.5804947670686,11.260889295348552,488,0.0
4007.10782,1000,472.783967,4004.352944246861,24.068667766351428,1000,1.0
3552.285778,1000,473.836484,3549.565137945778,20.431030541250173,1000,1.0
3880.422481,1000,474.889737,3877.7186010300834,23.055799514553645,1000,1.0
2474.62088,690,475.514271,2472.021132460863,14.287199138788111,690,0.0
3828.654365,1000,476.633723,3825.924104590451,22.640538668357884,1000,1.0
3971.719965,1000,477.738229,3969.000453639941,23.78481041425414,1000,1.0
4041.707327,1000,478.977288,4038.9482983258413,24.344025745741714,1000,1.0
3268.699814,888,480.000992,3266.053936067643,19.0621070911896,888,0.0
3008.984056,764,480.613177,3006.2967361790884,17.97065268246501,764,0.0
2247.213873,570,481.108584,2244.634401199315,13.423558775006045,570,0.0
3882.26622,1000,482.121016,3879.529838376884,23.069131705009113,1000,1.0
3964.100997,1000,483.021955,3961.4316218465992,23.724642369256138,1000,1.0
3761.263543,1000,483.884426,3758.5383724165,22.101602288327992,1000,1.0
3946.449246,1000,484.758177,3943.7209445682593,23.582910913948762,1000,1.0
3977.209941,1000,485.625913,3974.579787977121,23.830199976377823,1000,1.0
1800.042903,455,486.024388,1797.5335334013241,10.763152408459245,455,0.0
1227.261616,341,486.369504,1224.8734974647969,7.08997714921122,341,0.0
3785.893311,1000,486.999373,3783.2066855757557,22.299207826189093,1000,1.0
1069.660005,301,487.331924,1067.182693681504,6.1473455980787906,301,0.0
4039.073152,1000,488.163274,4036.321813647669,24.32377935984102,1000,1.0
3804.019829,1000,488.957685,3801.2976098148456,22.444982977921573,1000,1.0
4013.876313,1000,489.76963,4011.1003073836273,24.1221987589518,1000,1.0
3179.056983,778,490.276121,3176.3924116304415,19.22093681174111,778,0.0
4040.967749,1000,491.096731,4038.235963370533,24.339066191148923,1000,1.0
1679.267084,435,491.491678,1676.810962778465,9.956767079317535,435,0.0
3858.289187,1000,492.305316,3855.576365733439,22.877590534373034,1000,1.0
2566.387049,676,492.97342,2563.784894303588,15.132696012402398,676,0.0
4064.634149,1000,493.567389,4061.9234214510852,24.529014959978568,1000,1.0
1140.190345,312,493.882156,1137.7886356889933,6.624380119057252,312,0.0
4073.431474,1000,494.677388,4070.7427296424407,24.599146515551624,1000,1.0
3973.706496,1000,495.496746,3970.9965450371847,23.800918234393826,1000,1.0
4082.05969,1000,496.29779,4079.4153631788054,24.669016146684907,1000,1.0
4125.162398,1000,497.107421,4122.464679729313,25.012740529570756,1000,1.0
1390.076553,372,497.464592,1387.664509493396,8.145574603884512,372,0.0
3936.521915,1000,498.280719,3933.8435317381,23.504339286955613,1000,1.0
4132.674635,1000,499.094519,4129.923463320048,25.071916840989452,1000,1.0
4174.416926,1000,499.694726,4171.772072172576,25.40750183376271,1000,1.0
1025.87484,295,500.004836,1023.6356518853207,5.846989079882568,295,0.0
4123.866084,1000,500.788903,4121.153717640598,25.002407187724817,1000,1.0
2406.917018,608,501.230177,2404.3697505800096,14.39908938927542,608,0.0
2678.243811,635,501.676577,2675.5715063749085,16.35316121789893,635,0.0
1800.23028,460,502.04724,1797.7940171834643,10.725442764293286,460,0.0
2784.442556,686,502.701848,2781.7435426835946,16.796242949124828,686,0.0
3807.49206,931,503.457824,3804.8461558168874,23.029949806911617,931,0.0
2262.806614,575,503.879022,2260.352597555042,13.510156542886149,575,0.0
4019.136137,1000,504.671347,4016.4454898448207,24.164857417727305,1000,1.0
2079.929608,534,505.081888,2077.3751882460206,12.372776022091504,534,0.0
4036.366928,1000,505.870849,4033.6999899655066,24.30329437852812,1000,1.0
1517.086903,401,506.029316,1514.6365671986343,8.93020864250482,401,0.0
3489.611222,1000,506.812249,3487.027695225797,19.930907551181587,1000,1.0
1746.109114,465,507.18765,1743.6736880059716,10.253080992038097,465,0.0
4125.718267,1000,507.966409,4123.071695088568,25.018421337786496,1000,1.0
1354.623728,372,508.303671,1352.2080926266044,7.862015676779316,372,0.0
1809.000625,465,508.683553,1806.5045737783835,10.754870063989557,465,0.0
1022.040924,298,508.803253,1019.6544896436184,5.791309662625027,298,0.0
1213.931296,345,509.132717,1211.490866411538,6.95106927004225,345,0.0
4017.983956,1000,509.936865,4015.291240187226,24.15638739915828,1000,1.0
1286.231848,343,510.262578,1283.8707624961776,7.545882774306773,343,0.0
3907.482046,1000,511.047057,3904.718215688175,23.271014376590863,1000,1.0
3997.856635,1000,511.839122,3995.145421828773,23.995025983823894,1000,1.0
3697.344493,925,512.395758,3694.710892182898,22.196708398110307,925,0.0
1250.510663,342,512.720125,1248.1578994567426,7.268086684766259,342,0.0
2881.742632,723,513.204822,2879.120657657938,17.281304459077973,723,0.0
4134.189897,1000,513.98735,4131.534595176301,25.085316248678257,1000,1.0
2350.594633,598,514.616593,2348.0206211118143,14.027615069420724,598,0.0
4012.726705,1000,515.430912,4010.012220303752,24.113604598460675,1000,1.0
3587.50179,891,515.98245,3584.819275826374,21.58795889195092,891,0.0
3926.603592,1000,516.811178,3923.953480898143,23.425954842728352,1000,1.0
4126.192239,1000,517.619213,4123.45648821438,25.021552906716302,1000,1.0
3992.121351,1000,518.422137,3989.4515585105046,23.949239510832076,1000,1.0
3521.760279,884,519.178697,3519.0547761957646,21.11758096964363,884,0.0
4059.0245,1000,519.98104,4056.3356371776395,24.484669626916386,1000,1.0
4158.062664,1000,520.777621,4155.360729603821,25.27571331020283,1000,1.0
1071.76264,313,520.905364,1069.514600609875,6.070502666553325,313,0.0
3571.509556,861,521.638887,3568.8218946609254,21.699107891621868,861,0.0
1024.569968,300,521.947712,1022.2787000440238,5.796059397762598,300,0.0
1957.906923,511,522.347248,1955.3695922181375,11.579740209878905,511,0.0
1233.520756,346,522.486095,1231.1311337680486,7.1003930375006465,346,0.0
1350.060602,387,522.842912,1347.5089875837823,7.704588456404241,387,0.0
2436.79209,628,523.299463,2434.1525205368043,14.47753475457531,628,0.0
4219.825442,1000,524.107866,4217.1180993198095,25.77026875924834,1000,1.0
1245.449397,343,524.447106,1243.0615523348886,7.219302459450145,343,0.0
1014.320823,281,524.568751,1012.0329478806907,5.865381737015284,281,0.0
1025.870971,309,524.899106,1023.6099991067657,5.734892473178263,309,0.0
3889.330649,1000,525.730502,3886.7057866360383,23.126882383852763,1000,1.0
3810.204787,919,526.531181,3807.6088416990756,23.146610238978617,919,0.0
3996.299692,1000,527.397937,3993.6800798837935,23.982877754453675,1000,1.0
4195.960489,1000,528.205705,4193.285402332408,25.579231037145263,1000,1.0
3177.173648,766,528.71978,3174.6016452714457,19.302316284834696,766,0.0
1210.40414,322,529.053443,1207.9680627213163,7.106109754084204,322,0.0
4107.370473,1000,529.869499,4104.653962360468,24.869890526076837,1000,1.0
1107.797196,317,530.00653,1105.502574758564,6.326338872726692,317,0.0
1069.372881,302,530.326735,1067.0708857932807,6.138349816038071,302,0.0
2049.472851,527,530.741359,2046.9793912046557,12.18486690867784,527,0.0
3100.141172,781,531.456237,3097.5614424847076,18.56676252184042,781,0.0
4260.318695,1000,532.247846,4257.637128270765,26.09448981022402,1000,1.0
4145.346627,1000,533.032068,4142.71864601491,25.175167646835455,1000,1.0
2872.270055,734,533.520586,2869.7163670399004,17.117793762925174,734,0.0
2610.041427,657,533.972086,2607.515392512893,15.633627667828414,657,0.0
2118.40049,554,534.385984,2115.891345738999,12.521717330036564,554,0.0
1061.650453,334,534.712213,1059.4094382592536,5.822464980330742,334,0.0
3632.071055,872,535.443283,3629.4850427953916,22.096021449986143,872,0.0
4089.858794,1000,536.265875,4087.271907616498,24.731924429734985,1000,1.0
4063.48713,1000,537.08664,4060.8409046483935,24.520271549013316,1000,1.0
4024.026277,1000,537.875059,4021.4075119416357,24.204759798566005,1000,1.0
3917.17888,1000,538.479483,3914.548964446209,23.349774451171296,1000,1.0
4224.840215,1000,539.282574,4222.1996631895145,25.811248769411236,1000,1.0
1342.349084,402,539.636263,1339.865493786598,7.5235759621455,402,0.0
3996.402041,1000,540.424316,3993.7807363909906,23.983993604928425,1000,1.0
3331.232074,832,541.147255,3328.554624267609,20.007557550922858,832,0.0
1789.704001,454,541.536086,1787.2067062678138,10.688298741321336,454,0.0
1858.573048,495,541.951954,1856.1479289062418,10.913484483553923,495,0.0
4275.526063,1000,542.753721,4272.848357165384,26.215166013320232,1000,1.0
1246.73512,365,542.899001,1244.3142604862478,7.054683936497863,365,0.0
4105.127458,1000,543.684522,4102.4627756254595,24.853247191710842,1000,1.0
3735.702743,898,544.435316,3733.0104646822656,22.71807717774824,898,0.0
1175.99783,316,544.750731,1173.7192472019167,6.880150014524303,316,0.0
4099.737025,1000,545.543084,4097.032228691236,24.809320817697518,1000,1.0
4074.37466,1000,546.330478,4071.654703452422,24.606477351368333,1000,1.0
4125.882114,1000,546.930383,4123.201960598706,25.018594853839847,1000,1.0
2790.552517,722,547.611502,2787.934541772533,16.559962278580812,722,0.0
4034.494398,955,548.392291,4031.8162692208284,24.653789251535542,955,0.0
1830.222811,474,548.779792,1827.7067521926074,10.853184681060032,474,0.0
4041.577387,1000,549.570985,4038.87462907845,24.344752661140785,1000,1.0
3597.252793,851,550.11033,3594.591784640785,21.984150208590027,851,0.0
3659.695472,857,550.870962,3656.981888465819,22.435980766923155,857,0.0
1700.572249,437,551.247586,1698.1305331043372,10.111223767970078,437,0.0
1649.652891,420,551.604963,1647.1999119644954,9.83924720049713,420,0.0
1964.274846,532,552.015434,1961.8303785300664,11.464104249920581,532,0.0
926.887192,317,552.142118,924.502201918921,4.879193452531016,317,0.0
4120.528494,1000,552.996928,4117.866995229036,24.976689195352176,1000,1.0
1279.879834,368,553.346937,1277.3841999860742,7.294793559021894,368,0.0
4110.266957,1000,554.179779,4107.600767050166,24.894164455058952,1000,1.0
1228.31058,354,554.529971,1225.8357639097994,6.994123928188844,354,0.0
1662.520333,424,554.706807,1660.0416049290081,9.910323772086196,424,0.0
4137.228185,1000,555.523541,4134.504886050444,25.108723565447825,1000,1.0
3815.144802,897,556.30226,3812.4770207056818,23.36177790601161,897,0.0
1011.150759,299,556.624341,1008.6959368668729,5.695265633722393,299,0.0
4086.099547,1000,557.44407,4083.453442987254,24.70068190568752,1000,1.0
4209.473313,1000,558.265027,4206.813871243029,25.687937989355937,1000,1.0
3759.265936,1000,559.147107,3756.6057158085423,22.08673922619476,1000,1.0
4211.877752,1000,559.997561,4209.196350404298,25.706217307357182,1000,1.0
1542.487406,418,560.177273,1540.0434163342652,8.998444006142737,418,0.0
3045.533673,717,560.90347,3042.924199564535,18.639275325719538,717,0.0
2092.8271,540,561.347758,2090.2959020742496,12.428488607902022,540,0.0
4125.940988,1000,562.290265,4123.229287587293,25.019285482847177,1000,1.0
4141.834216,1000,563.213679,4139.133019550971,25.146024257211298,1000,1.0
4329.45099,1000,564.283259,4326.749165814664,26.646604910149705,1000,1.0
4140.949536,1000,565.318326,4138.27071910016,25.13988466677457,1000,1.0
1075.32389,305,565.485416,1072.8987348232552,6.161185098632524,305,0.0
4151.302406,1000,566.613642,4148.603787095098,25.221899793322766,1000,1.0
4353.518226,1000,567.787858,4350.871551220259,26.839726170433078,1000,1.0
1316.457882,348,568.273231,1313.9509236884007,7.746919310555184,348,0.0
3739.110494,876,569.40852,3736.404105673642,22.9203351872748,876,0.0
2567.969078,613,570.096468,2565.3562507351344,15.646886211572363,613,0.0
1919.735495,503,570.681251,1917.2359372627407,11.338542570172581,503,0.0
3703.128852,910,571.403547,3700.4221159928393,22.361770875276086,910,0.0
2717.968924,668,572.288751,2715.392472329012,16.40944784953854,668,0.0
4031.271146,1000,573.590943,4028.5072394078156,24.26157584547588,1000,1.0
4157.287649,1000,574.963898,4154.611259069808,25.270431769968408,1000,1.0
2199.228924,569,575.786195,2196.652437905042,13.048149093178708,569,0.0
4155.221995,1000,577.206587,4152.484229075699,25.253210237532702,1000,1.0
4162.138834,1000,578.839048,4159.419679655521,25.30875279776521,1000,1.0
1078.700385,304,579.179687,1076.28515224807,6.196328086203599,304,0.0
4252.90699,1000,580.696752,4250.213739643978,26.034636741912472,1000,1.0
4121.250479,1000,581.810388,4118.490852047518,24.98059925143754,1000,1.0
2716.994417,660,582.728107,2714.366352113177,16.464810248326373,660,0.0
4112.031037,1000,583.595726,4109.3171605023435,24.90778509025585,1000,1.0
2462.498591,631,584.547802,2459.9669851676827,14.660195212592685,631,0.0
4141.260847,1000,585.694761,4138.5599565093125,25.141371897839363,1000,1.0
1340.664346,358,585.89766,1338.2099358615608,7.860872055650521,358,0.0
4256.540246,976,587.010886,4253.782090133658,26.26220673846186,976,0.0
4266.255316,1000,588.168271,4263.549332506383,26.1411803519447,1000,1.0
3691.097014,861,589.263296,3688.4241829680045,22.655301878738847,861,0.0
1431.636428,377,589.778857,1429.1168134441796,8.436886653331904,377,0.0
4151.902199,1000,591.007004,4149.223367892703,25.227080827245718,1000,1.0
3656.938797,844,591.836061,3654.222228547809,22.51735087041102,844,0.0
1236.830277,335,592.344581,1234.3679837193672,7.213502294352546,335,0.0
4168.445461,1000,593.601533,4165.7150275777785,25.358321676618516,1000,1.0
4400.720093,1000,594.980336,4397.958942515798,27.216291669257146,1000,1.0
1027.505334,308,595.21289,1025.1592851037428,5.755500329129982,308,0.0
4394.9017,1000,596.547058,4392.198438863983,27.170117895606516,1000,1.0
4333.815811,1000,597.874278,4331.042941218672,26.68087980668735,1000,1.0
4232.551149,1000,599.320639,4229.773537567411,25.870445321417883,1000,1.0
4173.898706,1000,600.737806,4171.139612854306,25.402088858703806,1000,1.0
3053.05254,719,601.911153,3050.348439025497,18.681735232493224,719,0.0
4284.947296,987,603.273667,4282.197924300112,26.40154405642317,987,0.0
4127.956852,979,604.277828,4125.241461505793,25.210099047779334,979,0.0
4365.435267,1000,605.674012,4362.7213888783135,26.93413212430672,1000,1.0
1127.260667,319,606.241711,1124.8643352758256,6.46533820334161,319,0.0
1057.81267,294,606.811336,1055.47914508996,6.109243722275678,294,0.0
3418.728502,816,607.75553,3416.1501797883975,20.836470448457042,816,0.0
3438.69829,795,608.947686,3436.0379446189604,21.162174389032167,795,0.0
4244.1191,1000,610.254177,4241.376743788393,25.963581214055676,1000,1.0
2764.683568,689,610.905691,2762.036551885647,16.614849412921764,689,0.0
4267.275388,1000,611.896029,4264.580723563761,26.149324974097986,1000,1.0
4322.130546,992,612.796046,4319.420730058728,26.65967835326529,992,0.0
2370.586766,573,613.240049,2367.933908784694,14.386054660177242,573,0.0
3355.21793,809,613.999994,3352.5213098608147,20.38275247395741,809,0.0
4098.622263,1000,614.850436,4095.9305866446052,24.80025890375429,1000,1.0
4134.893221,1000,615.696654,4132.163643050259,25.089753724082545,1000,1.0
1841.134037,485,615.907147,1838.550474678588,10.852108698113001,485,0.0
4188.336288,1000,616.735736,4185.571996098628,25.517424068876664,1000,1.0
4280.099012,1000,617.562675,4277.410929596661,26.25237389227025,1000,1.0
4244.954011,1000,618.377994,4242.196173400271,25.969726533852533,1000,1.0
4283.880836,1000,619.219851,4281.182882817145,26.282106086181702,1000,1.0
4280.775147,1000,620.051205,4278.06559699862,26.257193493529755,1000,1.0
1573.341765,411,620.427291,1570.8828838918737,9.300125528071563,411,0.0
4097.827016,1000,621.241287,4095.0890935413477,24.793656442428695,1000,1.0
830.76728,254,621.546288,828.4784445525371,4.612146518920728,254,0.0
4204.121244,1000,622.156537,4201.39743868606,25.644098670513866,1000,1.0
3983.037913,928,622.937967,3980.357138118697,24.456863957323094,928,0.0
4252.087049,1000,623.79357,4249.393247606005,26.027483598952227,1000,1.0
4199.057798,1000,624.64688,4196.414845737961,25.60403592493652,1000,1.0
4325.624596,1000,625.512496,4322.9610709514745,26.616717316014142,1000,1.0
4284.652487,1000,626.336262,4281.918762054175,26.288388894573792,1000,1.0
4301.881009,1000,627.171674,4299.175455526569,26.426714137733928,1000,1.0
988.593182,271,627.491516,986.2411296032017,5.738724518980551,271,0.0
3429.947626,808,628.033892,3427.2483208678304,20.98850027915043,808,0.0
1475.524694,380,628.392721,1473.1336971508679,8.765053606909781,380,0.0
1080.832718,305,628.522771,1078.4489764374653,6.205769832397042,305,0.0
4304.184571,1000,629.375609,4301.428105489363,26.444008515725006,1000,1.0
4318.26242,1000,630.196915,4315.499731757406,26.55663574510733,1000,1.0
4339.160399,1000,631.052541,4336.395792112862,26.72388949684337,1000,1.0
4272.206477,1000,631.874829,4269.533240689487,26.189750796111802,1000,1.0
4194.854541,1000,632.736524,4192.118890631744,25.56953337443927,1000,1.0
3757.396609,842,633.51953,3754.703083872796,23.336954031629517,842,0.0
2652.660026,627,633.986063,2650.0914622923624,16.213518913084684,627,0.0
1015.941918,274,634.31023,1013.5811965884003,5.933312724759292,274,0.0
4340.860854,1000,635.133538,4338.15085527894,26.738156581270662,1000,1.0
2099.284519,518,635.557093,2096.8111721728383,12.656189250782152,518,0.0
4297.933015,1000,636.401865,4295.200952141242,26.39495662308522,1000,1.0
4391.213323,997,637.266658,4388.469243213992,27.172758243987253,997,0.0
2949.64849,709,637.768767,2947.106042795867,17.936128147669564,709,0.0
4384.393824,1000,638.626444,4381.688778174932,27.08619139636037,1000,1.0
4448.90857,1000,639.466975,4446.195719470221,27.60275439454295,1000,1.0
4392.168691,1000,640.295431,4389.476288887486,27.148864374326873,1000,1.0
1673.191013,420,640.666745,1670.8137135576594,10.028320611020947,420,0.0
3394.730578,771,641.205308,3392.0657440839345,21.001354645434343,771,0.0
4448.686083,1000,642.042382,4445.97992304061,27.60100126751616,1000,1.0
4381.110659,1000,642.882623,4378.358386715742,27.06035872259538,1000,1.0
1782.524138,442,643.264351,1779.9630596299437,10.725885176712104,442,0.0
1335.129426,373,643.612969,1332.6009041684401,7.697298997919043,373,0.0
3410.370245,794,644.165951,3407.666852182687,20.943610806308484,794,0.0
771.737673,235,644.476316,769.4595920447962,4.291469061152823,235,0.0
1038.376872,283,644.599961,1036.0635853024748,6.04201125087521,283,0.0
2105.67761,499,645.022216,2103.1689279110315,12.85757109349548,499,0.0
1585.63567,432,645.411884,1583.142879152826,9.232151313735486,432,0.0
1655.961048,410,645.805921,1653.4352229370313,9.969074427974439,410,0.0
4440.664276,1000,646.723188,4437.98697227139,27.537050187007853,1000,1.0
661.545337,205,646.82966,659.240100512275,3.6484811624101785,205,0.0
2123.852844,512,647.344393,2121.2560694403905,12.898825377197916,512,0.0
4335.639142,1000,648.547381,4332.901139362602,26.695897914815696,1000,1.0
728.415,217,648.680697,726.2081274721055,4.0887245136007495,217,0.0
4351.32585,1000,649.900366,4348.637702579709,26.8227664790962,1000,1.0
2297.36242,552,650.832739,2294.838039564189,13.969121152328212,552,0.0
4308.894186,1000,651.733775,4306.224463973287,26.483263679895348,1000,1.0
4182.3273,1000,652.895187,4179.585437729141,25.47035343864189,1000,1.0
4347.973706,1000,654.039933,4345.2240834079985,26.79542055787695,1000,1.0
1334.179402,356,654.520102,1331.7356648306306,7.8257671804491,356,0.0
3922.190885,949,655.468702,3919.5048985008098,23.803447533389136,949,0.0
4218.258988,1000,656.387556,4215.491102963479,25.75674967239441,1000,1.0
1917.9413,469,656.806467,1915.4507518817697,11.59486948516836,469,0.0
4285.047569,1000,657.669209,4282.32273437039,26.292098754141673,1000,1.0
4275.783839,1000,658.503217,4273.04080648006,26.21791863218473,1000,1.0
4365.339628,1000,659.328265,4362.574634954074,26.933572064667718,1000,1.0
2576.258889,612,659.797904,2573.683059247001,15.721550246009341,612,0.0
1713.354969,427,660.179532,1710.8093240316655,10.292266802359126,427,0.0
2772.890084,666,660.707438,2770.300175075274,16.864551024953123,666,0.0
2975.989462,688,661.238564,2973.321882874317,18.31334385400699,688,0.0
4510.153342,1000,662.072914,4507.454236582644,28.092316175259896,1000,1.0
4367.78896,1000,662.927632,4365.0876049444905,26.953672605090862,1000,1.0
2349.309634,559,663.379523,2346.6933923092597,14.32803587015825,559,0.0
3461.740504,809,664.140796,3459.1244945450735,21.23630200652518,809,0.0
4330.646861,1000,665.0051,4327.886542190061,26.65587739113502,1000,1.0
4296.699898,1000,665.872205,4294.023889086586,26.385517038229125,1000,1.0
1378.0797,367,666.231636,1375.6834359967788,8.090031223211575,367,0.0
2662.774601,645,666.705749,2660.15393512518,16.150627075755686,645,0.0
4409.439281,1000,667.582283,4406.692757092188,27.28603318994399,1000,1.0
1906.389446,475,668.071296,1903.799381386921,11.453745075819741,475,0.0
2512.474708,607,668.702764,2509.89554853877,15.251192643105068,607,0.0
4307.721147,1000,669.739702,4304.926677220656,26.472153612623288,1000,1.0
694.591336,216,669.844029,692.3652081571882,3.825568424077434,216,0.0
4280.02891,1000,670.868395,4277.23281379145,26.250558618776175,1000,1.0
4260.348174,1000,671.896004,4257.6658190455,26.095051996760937,1000,1.0
2971.638218,692,672.555752,2968.9744623923534,18.24677668610278,692,0.0
4278.321481,1000,673.744102,4275.634342712105,26.23846870139697,1000,1.0
308.745508,117,674.137131,306.8454109590157,1.5305661836576705,117,0.0
4311.869282,1000,675.611929,4309.14496972498,26.506220260945067,1000,1.0
4272.363474,1000,676.973794,4269.614404986618,26.19013706234287,1000,1.0
4359.626296,1000,678.121218,4356.9193515019515,26.888732300805692,1000,1.0
4335.72136,1000,678.950672,4333.002431845848,26.69749932403984,1000,1.0
4436.836652,1000,680.034268,4434.128317509598,27.50623271511025,1000,1.0
1833.217155,452,680.52335,1830.7222957274319,11.052124245255921,452,0.0
4376.242454,1000,681.563404,4373.531446903352,27.021770630254334,1000,1.0
3221.495131,751,682.46352,3218.8416080072607,19.775323267512483,751,0.0
4334.813032,1000,683.303737,4332.099418106285,26.690196460492686,1000,1.0
4396.904077,1000,684.041123,4394.149224410201,27.18608057904817,1000,1.0
4316.829519,1000,684.789255,4314.145923178679,26.54637569327678,1000,1.0
4414.203692,1000,685.634471,4411.466263602701,27.324620855040752,1000,1.0
1853.167299,458,685.86251,1850.6729026724797,11.164389494341224,458,0.0
4344.069569,1000,686.909303,4341.377637976911,26.76369597988539,1000,1.0
4360.716176,1000,687.939351,4358.022289154442,26.89715481356647,1000,1.0
4362.744785,1000,688.995567,4360.108446595967,26.91361497926439,1000,1.0
4349.482942,1000,690.012666,4346.7542511709735,26.806972391633437,1000,1.0
2928.294277,696,690.837593,2925.625474033183,17.86758561893464,696,0.0
4345.249927,1000,691.825322,4342.476602666132,26.772807371875654,1000,1.0
1928.09799,483,692.29957,1925.5734248110598,11.564426252851684,483,0.0
2680.202194,630,692.791222,2677.5873087735554,16.40916401867212,630,0.0
3134.74221,722,693.27714,3132.0731970565826,19.31243969775491,722,0.0
2555.879077,612,693.690724,2553.2738177546935,15.557821567043604,612,0.0
1171.696557,318,694.011489,1169.3231695386055,6.828460398969004,318,0.0
1036.276961,303,694.334487,1033.858710539566,5.864932319120814,303,0.0
1627.412479,412,694.509047,1624.8627286304732,9.724251312361472,412,0.0
4446.683103,986,695.29115,4443.985027404777,27.704249689157486,986,0.0
1057.712942,295,695.586965,1055.2619097120428,6.099325931910846,295,0.0
4342.980626,1000,696.405394,4340.2518535840545,26.75541480984712,1000,1.0
4413.419947,1000,697.227248,4410.710177567557,27.318712502102343,1000,1.0
4412.411339,1000,697.999316,4409.723301411416,27.310901318992837,1000,1.0
4459.243869,1000,698.803181,4456.609269503245,27.685546362684853,1000,1.0
4395.563198,990,699.612842,4392.83281100179,27.262727653939216,990,0.0
4312.084815,1000,700.421049,4309.403767461818,26.508551083528854,1000,1.0
2780.899383,664,700.871635,2778.314021125702,16.944654499640965,664,0.0
4423.587374,1000,701.672329,4420.870314506047,27.399741946710705,1000,1.0
3697.857464,846,702.219753,3695.1708271147545,22.82903800792274,846,0.0
4127.695043,960,702.961146,4125.013456294891,25.359491896658636,960,0.0
1162.176505,319,703.269234,1159.8757062997292,6.7454624645844845,319,0.0
4389.271773,1000,704.075882,4386.640875919177,27.126393361037366,1000,1.0
4480.385119,1000,704.846886,4477.739593411144,27.85455068112248,1000,1.0
1739.354931,468,705.242688,1736.9707626975144,10.175694372920312,468,0.0
1913.420533,475,705.633872,1910.9604775030743,11.511234475077595,475,0.0
2261.501254,555,706.068292,2259.075661090156,13.659076581035368,555,0.0
3586.760833,814,706.601084,3584.0777349423447,22.19466587638089,814,0.0
4511.420142,1000,707.392095,4508.744109341311,28.10265179227587,1000,1.0
3882.175845,882,708.155472,3879.508538557515,24.017385167293778,882,0.0
4414.331024,1000,708.890526,4411.683780149488,27.325984345630633,1000,1.0
4370.66376,1000,709.673772,4368.020255982575,26.976761596327126,1000,1.0
3980.771982,932,710.41893,3978.082490011219,24.407372462123067,932,0.0
2898.609381,687,710.897161,2895.988722267848,17.701926577346836,687,0.0
4407.12286,1000,711.66521,4404.446290215288,27.267906976009606,1000,1.0
3025.984024,691,712.151816,3023.4503498331037,18.689999623698522,691,0.0
4320.332156,994,712.917206,4317.66523143087,26.629688903401394,994,0.0
1286.59667,359,713.238992,1284.318922304492,7.422149458423733,359,0.0
3259.771406,755,713.935675,3257.184822237979,20.04994838906208,755,0.0
997.82453,278,714.045451,995.5896918613154,5.757702075384685,278,0.0
4240.233591,1000,714.857708,4237.611771140006,25.933699834446355,1000,1.0
2211.886283,553,715.282315,2209.462081891355,13.278175931727851,553,0.0
4408.219456,1000,716.034884,4405.519895774954,27.27730364168391,1000,1.0
3411.523314,823,716.708682,3408.9512003619793,20.722700760177588,823,0.0
1026.432151,303,716.824141,1024.231113132467,5.787803723391375,303,0.0
4267.237404,1000,717.553424,4264.5604017251335,26.149658332714985,1000,1.0
4386.434251,1000,718.292413,4383.775778077427,27.10330217523595,1000,1.0
3961.238432,891,718.983319,3958.532139824417,24.57709231495632,891,0.0
4376.305648,1000,719.719949,4373.650201374529,27.02236517638841,1000,1.0
4427.113705,1000,720.482529,4424.442086659888,27.428962773128852,1000,1.0
4009.514014,963,721.283425,4006.8408766237226,24.390916602989854,963,0.0
4331.211157,1000,722.092873,4328.491152961971,26.66131768456942,1000,1.0
4500.879845,1000,722.876242,4498.189132247667,28.01842016263463,1000,1.0
2822.862734,680,723.337945,2820.2462201798303,17.152403204615652,680,0.0
4379.170152,1000,724.125474,4376.504846553835,27.044653619785265,1000,1.0
985.841209,283,724.231161,983.5461479602869,5.621625640876045,283,0.0
3103.184852,717,724.862565,3100.5817467273937,19.10029900735558,717,0.0
4376.840725,1000,725.653978,4374.156730009963,27.026224561337568,1000,1.0
4326.516822,1000,726.419878,4323.895710230377,26.624389359074964,1000,1.0
4544.790421,1000,727.18594,4542.09778982677,28.36952782714714,1000,1.0
4466.281247,1000,727.946719,4463.620866511835,27.74190546153206,1000,1.0
1869.828886,474,728.331188,1867.3539652046911,11.170515823632618,474,0.0
1196.624605,321,728.455224,1194.289504644029,7.005027266630236,321,0.0
3193.753275,724,729.125625,3191.132354419305,19.768469968143886,724,0.0
4459.944834,1000,729.879651,4457.283345578707,27.69087573819846,1000,1.0
4443.605442,1000,730.646067,4440.982414629904,27.560928230974913,1000,1.0
4022.432919,913,731.182258,4019.7479462910223,24.89205311683865,913,0.0
4344.801078,1000,731.950445,4342.182970611092,26.770841051500785,1000,1.0
3223.399027,778,732.631446,3220.8540685875,19.576582894347347,778,0.0
2574.966208,626,733.060319,2572.371008530129,15.599417327782023,626,0.0
2791.354137,644,733.491318,2788.798498668533,17.187622667074645,644,0.0
1732.87173,434,733.841262,1730.4487545444017,10.393994871519768,434,0.0
4335.573712,1000,734.609399,4332.871774126649,26.6952938164099,1000,1.0
4342.416879,1000,735.375887,4339.683717434944,26.750096695693234,1000,1.0
3977.704819,913,736.096216,3975.0608675968097,24.53412441974075,913,0.0
349.366571,128,736.143827,347.2211467234645,1.7657420397138188,128,0.0
4415.619908,1000,736.914698,4412.880981146942,27.33578681395529,1000,1.0
4350.886403,1000,737.667565,4348.152135485408,26.817832660553737,1000,1.0
4368.97773,1000,738.434225,4366.295895513995,26.963626440202177,1000,1.0
4401.216485,1000,739.209216,4398.497833375179,27.220788217911927,1000,1.0
4474.113361,1000,739.974002,4471.370230671328,27.80386079334999,1000,1.0
4474.761821,1000,740.742033,4472.07057971651,27.809721004681958,1000,1.0
2632.188019,620,741.165594,2629.5601872815887,16.10439759009994,620,0.0
2366.334444,576,741.567679,2363.7718906243426,14.328002226576464,576,0.0
4382.386463,970,742.313375,4379.653742843788,27.317199796246985,970,0.0
3222.058169,746,742.797546,3219.370162499272,19.819365621714084,746,0.0
4336.83781,1000,743.574574,4334.096929062583,26.70513667515907,1000,1.0
1726.392518,429,743.914592,1723.9225440698656,10.381452496110823,429,0.0
1503.730782,380,744.252134,1501.2930315079725,8.990552978698984,380,0.0
4017.770711,881,744.961479,4015.0594991858525,25.10882623826035,881,0.0
4406.190482,1000,745.69358,4403.464239282627,27.260272244132853,1000,1.0
4434.320308,1000,746.445179,4431.616621129097,27.485820226836005,1000,1.0
899.627165,255,746.542638,897.2299121729947,5.153541474407475,255,0.0
4459.552411,1000,747.31853,4456.776814775663,27.68739620605863,1000,1.0
4013.377379,909,748.054568,4010.719270892918,24.85151304875974,909,0.0
4572.060503,1000,748.847197,4569.306597547209,28.58782285173854,1000,1.0
3339.923426,753,749.347209,3337.2697281076926,20.706622364669773,753,0.0
887.997366,259,749.634761,885.7002532793867,5.029949804946561,259,0.0
2633.628482,611,750.068788,2630.9583221154335,16.18725794465155,611,0.0
4416.289253,1000,750.839296,4413.556208212854,27.341313975573488,1000,1.0
1780.804443,431,751.211574,1778.2395195243187,10.799591607976149,431,0.0
3138.448748,721,751.701737,3135.761323956959,19.34951841323414,721,0.0
4500.956436,1000,752.467568,4498.183298475676,28.01867748490991,1000,1.0
2217.554081,531,752.877626,2214.9883825200227,13.497248503325395,531,0.0
782.959512,226,753.164433,780.6807364414225,4.452415734345753,226,0.0
4436.654595,1000,753.936168,4433.9677629493035,27.504497639590962,1000,1.0
4505.008416,1000,754.668515,4502.336689220481,28.051489544526454,1000,1.0
4146.038077,928,755.192497,4143.365884704406,25.76102891303326,928,0.0
4439.78851,1000,755.927362,4437.048193626916,27.529165264083954,1000,1.0
1600.879376,407,756.256764,1598.3894359779695,9.552448541103418,407,0.0
3642.038077,824,756.921079,3639.3367439530643,22.55750202531,824,0.0
998.106842,283,757.025941,995.6544301523766,5.718478010103058,283,0.0
1552.545676,385,757.347095,1550.0807632660546,9.341089747744473,385,0.0
3647.916145,804,758.002366,3645.250012489271,22.763895443688583,804,0.0
3568.303537,796,758.477201,3565.5922821123527,22.191301368177047,796,0.0
4101.804507,897,759.171699,4099.085499299714,25.654066313707453,897,0.0
2976.95825,659,759.598739,2974.3389253252203,18.552137837122388,659,0.0
2114.67285,522,759.968533,2112.205084044129,12.747365841772362,522,0.0
1617.079961,400,760.295038,1614.7016195000679,9.738819865345066,400,0.0
2674.439943,624,760.705815,2671.8536385997154,16.410559271806637,624,0.0
2364.55815,561,761.094783,2362.037145228226,14.435004106008316,561,0.0
282.925551,113,761.312219,280.9958643434633,1.3554027495736776,113,0.0
2095.223875,501,761.49747,2092.78392591694,12.75901509022572,501,0.0
798.321803,224,761.757258,796.0321566294795,4.591016276469383,224,0.0
919.263436,270,761.855678,916.8808721196235,5.191755163440927,270,0.0
2409.184792,567,762.423864,2406.589204526057,14.742711452754317,567,0.0
854.710019,244,762.514938,852.5004898706482,4.883786114904867,244,0.0
1592.717011,382,762.830909,1590.2131354461874,9.686225414747357,382,0.0
3262.751471,752,763.296109,3260.081852721268,20.097110353473468,752,0.0
4405.513171,1000,764.024946,4402.805048500826,27.255093829809656,1000,1.0
2932.04704,676,764.694861,2929.39668659863,18.057628816167593,676,0.0
4513.201883,1000,765.253207,4510.511185246786,28.116639751820163,1000,1.0
1289.632259,329,765.552482,1287.1912034523273,7.684132939342646,329,0.0
4366.004433,1000,766.317322,4363.308721025806,26.938751651756338,1000,1.0
4441.295918,1000,767.084279,4438.571639371243,27.54148992228054,1000,1.0
4421.963867,1000,767.851831,4419.239741536103,27.38602956406041,1000,1.0
3098.636997,734,768.333333,3095.9989374683514,18.927311076537364,734,0.0
1876.479999,464,768.713642,1873.9512482592456,11.302257377656812,464,0.0
4523.10999,1000,769.477708,4520.402611553841,28.196783392209074,1000,1.0
1514.276094,381,769.80955,1511.825510431315,9.06603339318839,381,0.0
3079.521814,719,770.256661,3076.8405867065644,18.89420503015096,719,0.0
4173.488933,960,770.971939,4170.784304624251,25.725377984267226,960,0.0
211.414691,101,771.006972,209.365887684609,0.8777627211546613,101,0.0
4435.795756,1000,771.745936,4433.016870996806,27.49679437914495,1000,1.0
4615.468839,1000,772.470411,4612.705061597427,28.93405428232459,1000,1.0
261.344221,108,772.688982,259.312086234267,1.221813819741287,108,0.0
4603.47483,1000,773.429207,4600.691767462506,28.837780346685907,1000,1.0
3108.07806,716,773.87959,3105.377499049714,19.14614296588731,716,0.0
4539.984526,1000,774.62674,4537.235009104807,28.331210740443638,1000,1.0
1141.904611,302,774.916245,1139.437931055093,6.716734982659158,302,0.0
140.375914,75,774.941974,138.65266219912397,0.5194437342967332,75,0.0
4523.384143,1000,775.681783,4520.674206070728,28.19881426325634,1000,1.0
171.499277,84,775.714651,169.6854269176761,0.6961320642553588,84,0.0
3368.236518,756,776.215887,3365.5546453288694,20.909526272354405,756,0.0
4580.187964,1000,776.996414,4577.464085083105,28.65310813522624,1000,1.0
4346.682541,1000,777.788867,4343.9610823209905,26.78411641632,1000,1.0
4467.872679,1000,778.567915,4465.109623626188,27.753949798498038,1000,1.0
4496.851643,1000,779.323564,4494.087652340318,27.985463243476218,1000,1.0
2646.399862,645,779.758293,2643.857825335953,16.020527729171487,645,0.0
1797.36109,443,780.114958,1794.8479065943998,10.836774547483788,443,0.0
4391.941605,1000,780.907006,4389.2338116988585,27.147191819714852,1000,1.0
822.291555,241,781.185519,820.0427827720121,4.648107331154168,241,0.0
223.050869,100,781.221058,221.13861118953898,0.9801562147092631,100,0.0
3925.384623,880,781.902857,3922.7077219092466,24.379009438415757,880,0.0
4414.240989,1000,782.450758,4411.504276648274,27.325117671782117,1000,1.0
4449.920803,1000,783.192372,4447.172034198242,27.60960272755143,1000,1.0
4178.157759,1000,783.927626,4175.548733305477,25.438498842242627,1000,1.0
2343.186678,552,784.310938,2340.6723117739857,14.335528773290084,552,0.0
4422.682043,1000,785.048253,4420.02555240069,27.39390542519048,1000,1.0
4484.944299,1000,785.788473,4482.288034863823,27.891894770815437,1000,1.0
4532.936244,1000,786.521292,4530.251349888861,28.275269348313163,1000,1.0
3869.616551,895,787.212076,3866.9486149366785,23.81230239159526,895,0.0
1735.660284,428,787.548623,1733.134819402062,10.462720729612228,428,0.0
4352.460102,1000,788.288005,4349.806423208327,26.83188142724239,1000,1.0
4478.929098,1000,789.030665,4476.248078489218,27.842674154132688,1000,1.0
4463.442334,1000,789.767646,4460.809665610066,27.71954842610455,1000,1.0
4394.302962,1000,790.498929,4391.59014939974,27.165552502402374,1000,1.0
1186.806076,327,790.619573,1184.4267287163009,6.878065355927263,327,0.0
4448.768588,1000,791.352712,4446.049131021686,27.60109231221555,1000,1.0
3235.741626,760,791.993777,3233.133017247802,19.818410707630665,760,0.0
3728.62195,841,792.484537,3725.938234622085,23.115291683502186,841,0.0
4514.928994,1000,793.205974,4512.195778040254,28.130450942077953,1000,1.0
4446.186908,1000,793.945423,4443.486798652796,27.581123133160098,1000,1.0
4489.025463,1000,794.678981,4486.309742051013,27.92347720684633,1000,1.0
4467.584789,1000,795.418846,4464.8450132012595,27.751827344567666,1000,1.0
4475.269935,1000,796.152744,4472.582599263416,27.813859519173477,1000,1.0
1732.856952,429,796.490974,1730.3319959063906,10.432784141614773,429,0.0
3177.050812,725,796.942169,3174.4123989811474,19.62707540548114,725,0.0
2531.942914,602,797.526632,2529.3939286969085,15.446283339651622,602,0.0
4460.068886,1000,798.254277,4457.4063563940135,27.69230260098587,1000,1.0
1568.13755,410,798.406985,1565.7668140266887,9.268112066475195,410,0.0
4441.873327,1000,799.142167,4439.158681910209,27.546496619153423,1000,1.0
4461.332765,1000,799.87994,4458.673480710413,27.70250411702638,1000,1.0
4277.131634,1000,800.621756,4274.508049952415,26.229322541959363,1000,1.0
4446.065724,1000,801.35095,4443.366352831602,27.5798905191906,1000,1.0
4430.621465,1000,802.079274,4427.9551911982335,27.456496095053595,1000,1.0
2085.112492,518,802.451075,2082.6719513353833,12.542619391710453,518,0.0
4581.438166,1000,803.178982,4578.71382461139,28.66162197481651,1000,1.0
2530.999972,604,803.585749,2528.4534920189376,15.423249526471535,604,0.0
3604.963572,848,804.267826,3602.364968157011,22.070156134588554,848,0.0
4520.286151,1000,804.992323,4517.614887992856,28.17402242366789,1000,1.0
4592.988252,1000,805.731799,4590.287469565803,28.754781383770908,1000,1.0
4432.56927,1000,806.464154,4429.884838875701,27.471551912125847,1000,1.0
3153.654551,715,806.916188,3151.046779104529,19.519688237106593,715,0.0
4399.293833,1000,807.654015,4396.6475063106,27.20586664468047,1000,1.0
4162.796907,908,808.365879,4160.093914075636,26.054201926971814,908,0.0
4523.26428,1000,809.105254,4520.544155193143,28.197083950348187,1000,1.0
4388.049906,967,809.84602,4385.398341334502,27.38715607649241,967,0.0
1652.423881,409,810.186199,1649.9724064795514,9.948873300621463,409,0.0
4605.695431,1000,810.926532,4603.00806791651,28.856024293935942,1000,1.0
1464.814168,364,811.07336,1462.3117114681352,8.806318117823318,364,0.0
4523.333963,1000,811.806859,4520.635502985424,28.19766288749484,1000,1.0
902.094225,245,812.073955,899.7587970899764,5.253566865854428,245,0.0
4479.664854,1000,812.802273,4477.00534672128,27.848479978859526,1000,1.0
4589.91039,1000,813.544408,4587.176128100723,28.730170023462712,1000,1.0
169.58518,83,813.573386,167.76233544965686,0.6885703960850054,83,0.0
4434.758576,1000,814.343121,4432.074457061493,27.489481031318327,1000,1.0
2614.386846,606,814.741544,2611.8428970656246,16.07447005240853,606,0.0
776.249239,223,814.824462,773.9793309966383,4.422703928371002,223,0.0
4565.732381,1000,815.558513,4563.010137227907,28.53645285014962,1000,1.0
4485.795149,1000,816.327118,4483.05074380301,27.897295411116247,1000,1.0
2407.379771,554,816.724282,2404.80215785394,14.832287519983751,554,0.0
877.702697,248,816.998946,875.4235295162944,5.035424462162653,248,0.0
4555.81635,1000,817.734004,4553.127687259276,28.457656230325217,1000,1.0
1819.679055,438,818.094118,1817.1026576386346,11.054772372083965,438,0.0
4529.59321,995,818.839448,4526.912061673954,28.295636756883113,995,0.0
3626.240827,809,819.320882,3623.582730202406,22.55111411699135,809,0.0
4521.9624,1000,820.054482,4519.258851137834,28.187139227817802,1000,1.0
4586.938523,1000,820.80151,4584.254737727881,28.706331395359303,1000,1.0
1191.662477,310,821.099964,1189.2313232940783,7.05129797414758,310,0.0
3620.274261,821,821.589256,3617.6208850511966,22.407975849812757,821,0.0
3115.692159,718,822.226176,3113.0894051671976,19.19254664777259,718,0.0
326.439641,121,822.273069,324.4101885906989,1.6388407602142432,121,0.0
162.212066,79,822.301067,160.41364119178328,0.6616877591209257,79,0.0
3905.447264,909,823.026103,3902.7647520236,23.987934083275327,909,0.0
4542.485196,999,823.795808,4539.7903373621275,28.367287705936736,999,0.0
4540.094036,1000,824.563279,4537.408541989958,28.332383161064058,1000,1.0
4244.956151,958,825.281041,4242.301387153413,26.314242576904324,958,0.0
698.90209,227,825.365809,696.7943204376741,3.773931359122235,227,0.0
4573.503218,1000,826.092949,4570.778334217409,28.599286282225844,1000,1.0
608.091303,189,826.160697,605.9246630455574,3.349374425718539,189,0.0
2111.725619,485,826.519051,2109.2006272768813,13.017503795867588,485,0.0
3245.961638,727,827.145316,3243.318409218933,20.162364410872733,727,0.0
2610.062701,593,827.542579,2607.4798988362295,16.14298022778609,593,0.0
4560.717114,1000,828.273483,4557.956359886711,28.49683137631625,1000,1.0
4449.154689,1000,829.006929,4446.4566188486915,27.60461372679821,1000,1.0
4493.713049,1000,829.736376,4491.0312293887755,27.961495841051384,1000,1.0
4422.996463,982,830.459186,4420.245756055502,27.546119331351814,982,0.0
1723.485505,425,830.616314,1720.954930951194,10.389334781677135,425,0.0
4576.31845,1000,831.347672,4573.5719979188825,28.6214770663501,1000,1.0
4541.717854,1000,832.087227,4538.953437694094,28.344573639813685,1000,1.0
3303.411996,753,832.726798,3300.752684588049,20.414422237857906,753,0.0
4035.587929,895,833.42483,4032.9293293556902,25.141292286265468,895,0.0
4427.780282,1000,834.156461,4425.08355803043,27.434084121991944,1000,1.0
1513.668066,381,834.303679,1511.1905778072592,9.062434707029759,381,0.0
4520.599296,1000,835.020019,4517.883196568113,28.17611121809385,1000,1.0
4405.664785,1000,835.749645,4402.94631699979,27.255988958031406,1000,1.0
4516.063938,1000,836.479396,4513.336894483227,28.139730236992502,1000,1.0
4485.249028,1000,837.209582,4482.530821145081,27.89363449534901,1000,1.0
4504.008501,1000,837.940302,4501.31190495619,28.043896803700168,1000,1.0
4535.494783,1000,838.670833,4532.841864541343,28.29618039689538,1000,1.0
4567.895984,1000,839.398197,4565.191659269563,28.554665855905117,1000,1.0
364.528231,128,839.443491,362.50722185801345,1.8877937715630666,128,0.0
4579.488599,1000,840.177188,4576.803879273439,28.647569511835187,1000,1.0
4609.280001,1000,840.906235,4606.546564863701,28.885496796130596,1000,1.0
1937.725069,458,841.254493,1935.225706727166,11.840388297785376,458,0.0
4666.12075,1000,841.98511,4663.4374907758465,29.340350510719347,1000,1.0
1056.631014,294,842.27162,1054.3912418389186,6.100848412810793,294,0.0
1321.161828,335,842.395038,1318.7483126387722,7.888359878261505,335,0.0
4540.367281,1000,843.123527,4537.655883385385,28.334537145007815,1000,1.0
677.906614,208,843.373973,675.7500082921703,3.756765033832008,208,0.0
4548.269744,1000,844.117042,4545.555750909025,28.3970594369089,1000,1.0
4601.908301,1000,844.672433,4599.245376075725,28.82714128737982,1000,1.0
4445.601012,1000,845.407016,4442.969637394223,27.577758067310132,1000,1.0
4547.75007,1000,846.140324,4545.029608747327,28.393732707827247,1000,1.0
1883.029174,449,846.484297,1880.5230431418372,11.474931805299759,449,0.0
3703.931329,805,847.135892,3701.307715366224,23.205018882873315,805,0.0
4563.326892,1000,847.853526,4560.6493792449655,28.518203765847357,1000,1.0
4585.128869,1000,848.574351,4582.389717764764,28.691450622992228,1000,1.0
4563.204872,1000,849.292562,4560.54218537583,28.51710219057373,1000,1.0
