#{"t_start": 1789350253.151583, "env_id": "Walker2d-v5"}
r,l,t,task_return,displacement,episode_steps,full_episode
3.412769,34,0.405248,3.412769202528267,-0.2358771043738259,34,0.0
16.862073,41,0.413123,16.86207318868642,-0.1841251198935013,41,0.0
-0.220354,15,0.415956,-0.22035350713902968,-0.11339112172689482,15,0.0
-0.582959,17,0.419124,-0.5829587727620655,-0.13224726134851456,17,0.0
0.802498,11,0.421222,0.8024982035718713,-0.07331195485882473,11,0.0
-3.24572,9,0.422981,-3.2457201018139017,-0.08975527247183117,9,0.0
8.008507,24,0.427416,8.008507375172282,-0.11933855532223407,24,0.0
-16.354804,18,0.431109,-16.354803720700737,-0.26634669940901695,18,0.0
-3.905043,34,0.437549,-3.9050430630621937,-0.29443313641394264,34,0.0
-3.566313,16,0.440642,-3.566313126203525,-0.1481717794567154,16,0.0
-1.727096,21,0.444529,-1.7270955983631118,-0.1732833413538246,21,0.0
13.889217,36,0.451131,13.889217068262736,-0.16799456748043476,36,0.0
3.517885,33,0.457574,3.5178845894263038,-0.2270535684149929,33,0.0
-1.316217,12,0.459969,-1.3162165514560864,-0.09825637631948626,12,0.0
13.071484,28,0.465527,13.071483876224233,-0.11081646828595662,28,0.0
-0.030581,30,0.473319,-0.030580646538564293,-0.23150804367060526,30,0.0
-4.33207,15,0.47641,-4.3320704460153046,-0.14632366306400646,15,0.0
-2.565528,11,0.47857,-2.5655284152107853,-0.10028823462927533,11,0.0
-1.266817,29,0.484302,-1.266816775608266,-0.23342719826802924,29,0.0
-0.057358,11,0.486395,-0.05735800437500704,-0.08021202360574059,11,0.0
-1.55792,14,0.488901,-1.557920374292909,-0.1161053457732501,14,0.0
-2.819529,15,0.491878,-2.819529026172305,-0.13419484456820932,15,0.0
2.595725,19,0.495691,2.595725375862961,-0.12273133618807658,19,0.0
0.555211,13,0.498234,0.555210504556378,-0.0912141618766537,13,0.0
-7.759893,11,0.691516,-7.759892578135906,-0.14178600337182515,11,0.0
-5.000184,9,0.693337,-5.000184058308641,-0.10377539282649044,9,0.0
-9.823846,19,0.696962,-9.82384640125111,-0.22212922990471276,19,0.0
-2.552969,12,0.699163,-2.5529691593883665,-0.10811196433244206,12,0.0
0.864747,18,0.702407,0.8647467042514215,-0.12867118845212527,18,0.0
11.147314,27,0.707356,11.147314303165642,-0.1181715593946549,27,0.0
-6.701981,19,0.710779,-6.701980969887265,-0.19713217399144575,19,0.0
0.604504,24,0.715054,0.6045037596540295,-0.1785713115725236,24,0.0
-3.431277,10,0.716865,-3.4312773363192473,-0.09921684629748978,10,0.0
2.172097,13,0.719157,2.1720974283504275,-0.07827675590758996,13,0.0
-1.949142,11,0.721688,-1.949141751546867,-0.09531469835464275,11,0.0
-3.161857,18,0.725085,-3.1618574494430884,-0.16086200099153825,18,0.0
-7.266963,27,0.730135,-7.2669633853562905,-0.26547523290633174,27,0.0
-1.874003,23,0.734457,-1.8740029312064495,-0.19041119039550394,23,0.0
-2.145304,15,0.737187,-2.1453039184648053,-0.12880013670546372,15,0.0
-5.9156,17,0.740844,-5.915600114628225,-0.1749267071849519,17,0.0
-2.895513,10,0.742935,-2.895513143330094,-0.09490324054889551,10,0.0
0.124196,16,0.746134,0.12419561596122097,-0.11859866831477728,16,0.0
9.825534,24,0.75144,9.825534354680295,-0.10470874598794368,24,0.0
-8.119137,14,0.754349,-8.119136685259576,-0.16861018165469863,14,0.0
-1.95858,12,0.756626,-1.958580148648663,-0.1033994873343796,12,0.0
1.332673,14,0.759355,1.3326732251357614,-0.09303568570509005,14,0.0
17.189871,31,0.765408,17.189870941839793,-0.10168284718196352,31,0.0
3.45208,30,0.77138,3.45208037767651,-0.20368409284896416,30,0.0
2.057563,18,0.774958,2.0575628858427635,-0.11908270711887992,18,0.0
-8.104489,15,0.77793,-8.104488626371403,-0.1764530110285974,15,0.0
-6.626241,18,0.78171,-6.626240693258593,-0.188557574324254,18,0.0
-8.252164,21,0.785585,-8.25216387970255,-0.22546326040952455,21,0.0
3.660777,17,0.788752,3.660776575738386,-0.09829827190887325,17,0.0
19.069934,35,0.975791,19.069934231011146,-0.11849337924818737,35,0.0
-1.164516,34,0.982497,-1.1645158273312057,-0.27244314713508244,34,0.0
-3.666554,19,0.986308,-3.666554228791875,-0.17290451694777534,19,0.0
8.783999,33,0.992934,8.783999325581163,-0.1848589824871958,33,0.0
-5.155085,16,0.996641,-5.155085093164855,-0.1609029648331742,16,0.0
2.757443,15,0.999703,2.757443105392606,-0.08958161781590072,15,0.0
-4.270195,14,1.002429,-4.270195074920655,-0.13778157374602645,14,0.0
2.45585,14,1.005778,2.455850000875538,-0.08400569092362746,14,0.0
7.254668,23,1.010343,7.254668311816168,-0.1173938636200913,23,0.0
30.921144,46,1.019898,30.92114428934201,-0.11146953035961635,46,0.0
8.265811,23,1.02484,8.265811256588204,-0.10928770758965047,23,0.0
5.731752,18,1.028098,5.731752403803799,-0.08972653536851202,18,0.0
5.315896,16,1.030958,5.315896195750503,-0.07714749278001633,16,0.0
-2.967506,12,1.033665,-2.9675058752353003,-0.11139838428669324,12,0.0
-13.854001,21,1.038124,-13.854001149638544,-0.27031418636989585,21,0.0
0.39995,22,1.042529,0.39995023618238057,-0.16423528638122453,22,0.0
-1.361773,18,1.046479,-1.3617728651527359,-0.14648120484391455,18,0.0
5.03013,18,1.050059,5.030129903622868,-0.09530934735631226,18,0.0
11.225411,20,1.054172,11.225410827737015,-0.06174934366476764,20,0.0
1.663359,13,1.05665,1.6633585410997902,-0.08237303584246734,13,0.0
-0.783522,15,1.059574,-0.7835219434727135,-0.11788153605612678,15,0.0
-2.498306,22,1.063816,-2.4983064341333825,-0.1874425630001151,22,0.0
-4.191266,23,1.068201,-4.191266390849458,-0.20899571413876933,23,0.0
-0.530275,15,1.071085,-0.5302746335740084,-0.11586216571852331,15,0.0
36.994674,72,1.266405,36.994673962868106,-0.27028056511711107,72,0.0
41.090672,50,1.276301,41.090672461354444,-0.06211784242062798,50,0.0
-9.75299,14,1.279118,-9.752990388000484,-0.18168583982608177,14,0.0
-3.24814,10,1.281474,-3.2481399611640684,-0.09771322652703222,10,0.0
0.830975,11,1.283597,0.830974555896423,-0.07305485216270524,11,0.0
-4.034051,9,1.285396,-4.034051422218264,-0.09604846859035963,9,0.0
-0.158271,13,1.287783,-0.15827139425929693,-0.09689750637530536,13,0.0
-4.056981,12,1.290431,-4.0569807614971705,-0.12014494576515913,12,0.0
11.578782,36,1.297475,11.578781936294932,-0.18645008635539137,36,0.0
-2.340302,10,1.299432,-2.34030160985837,-0.09041810524625303,10,0.0
-6.653483,18,1.303327,-6.6534827515245185,-0.1887614827217495,18,0.0
2.011853,30,1.309104,2.011853142923213,-0.21514765765106303,30,0.0
-2.187191,11,1.311802,-2.187191099171124,-0.09718796758361584,11,0.0
-3.651135,11,1.313944,-3.6511352298164326,-0.10893470818239269,11,0.0
-6.883044,16,1.316951,-6.883044447780116,-0.17467269428564233,16,0.0
-2.563173,13,1.319396,-2.563172706087901,-0.11616097946306199,13,0.0
-4.092657,14,1.322368,-4.092657049654476,-0.1363927136445601,14,0.0
-2.726067,16,1.325439,-2.726066713907125,-0.14141197498039396,16,0.0
-0.787285,26,1.330884,-0.7872846425389406,-0.2056659117962193,26,0.0
7.251932,18,1.334446,7.25193236406421,-0.07756876241399956,18,0.0
4.456343,18,1.337947,4.4563432880555185,-0.09993470172314428,18,0.0
-3.589951,28,1.34376,-3.5899507974463885,-0.24407898343034343,28,0.0
3.97647,22,1.348146,3.9764701893784213,-0.1356738771881922,22,0.0
1.786107,32,1.354667,1.7861072540022782,-0.2328845363714022,32,0.0
1.914368,14,1.357388,1.9143684234266873,-0.08834638767016548,14,0.0
2.576921,21,1.547161,2.5769211499499862,-0.13889968826639298,21,0.0
-4.240158,11,1.549332,-4.240158401254315,-0.11367272947029569,11,0.0
-7.757702,13,1.551854,-7.7577022053676945,-0.15774503543444224,13,0.0
-2.698079,22,1.556574,-2.698078786591455,-0.18906314171094757,22,0.0
-1.12739,11,1.558859,-1.1273896277086528,-0.08871862999882228,11,0.0
4.922448,23,1.56345,4.92244844218615,-0.13607217711222233,23,0.0
4.691766,28,1.568932,4.691765987996004,-0.17772951508699364,28,0.0
8.682614,21,1.573019,8.682613972168602,-0.09003370311435907,21,0.0
-0.958543,12,1.575304,-0.958542634227674,-0.09537950077807447,12,0.0
-5.267729,20,1.579158,-5.267728671703384,-0.19362122037479199,20,0.0
-7.385533,18,1.582526,-7.38553319150547,-0.19461900861102807,18,0.0
-2.744722,13,1.584966,-2.744721806120884,-0.117654590031425,13,0.0
4.28037,27,1.590184,4.2803702478814944,-0.17317609171397533,27,0.0
-2.601855,9,1.591836,-2.6018547218298176,-0.08458530060332686,9,0.0
-5.496893,22,1.596144,-5.496893068406826,-0.21138905576135295,22,0.0
-1.41564,18,1.599668,-1.415640206388858,-0.1469268324614369,18,0.0
14.68452,42,1.607733,14.684519789140822,-0.20943092350321887,42,0.0
9.23131,31,1.614173,9.231310166019396,-0.1654232886316522,31,0.0
-2.884847,23,1.61884,-2.884846833079579,-0.19846007351120182,23,0.0
1.755712,15,1.621815,1.7557115400966696,-0.0976373065506574,15,0.0
2.421601,28,1.6279,2.4216012159881233,-0.19597831040504798,28,0.0
-0.182155,19,1.631656,-0.18215504999545762,-0.14494345513783718,19,0.0
-3.265201,9,1.633407,-3.2652014001511533,-0.08988638782501708,9,0.0
-2.262004,20,1.637156,-2.262003647475444,-0.16955874720558478,20,0.0
8.677382,28,1.642515,8.677381905581875,-0.14589126224093824,28,0.0
3.768653,21,1.82749,3.768653255606406,-0.12936533279662313,21,0.0
4.65402,22,1.831768,4.654019971510078,-0.13021492169505614,22,0.0
-1.017242,11,1.833808,-1.017241738219665,-0.08790555316727544,11,0.0
-4.930169,25,1.838478,-4.930168844626061,-0.23072568265893875,25,0.0
17.296923,41,1.847264,17.296922617835055,-0.18056054132796026,41,0.0
-0.813719,12,1.849742,-0.8137187896655222,-0.0942020502821619,12,0.0
-7.033305,21,1.853695,-7.033305115201572,-0.2157150348482286,21,0.0
1.630024,23,1.858017,1.6300241906734094,-0.16232382055068173,23,0.0
6.490638,23,1.862585,6.490637657813398,-0.1235503129409727,23,0.0
41.174841,59,1.874233,41.1748405048288,-0.13324611570312475,59,0.0
0.785898,14,1.877118,0.7858984533392206,-0.09737614992806887,14,0.0
15.957537,39,1.884668,15.957536829453733,-0.1753707272317832,39,0.0
1.424256,17,1.888007,1.4242562914216532,-0.11621212394669979,17,0.0
8.098559,30,1.894309,8.098559383857276,-0.16649861902393231,30,0.0
-3.6346,19,1.898139,-3.6345997065310347,-0.17258751031309738,19,0.0
2.700692,19,1.90225,2.7006922251706866,-0.1219630984106668,19,0.0
-1.673949,8,1.903777,-1.6739487603959073,-0.06919671420302273,8,0.0
8.524884,24,1.908407,8.52488377575352,-0.11518489570904081,24,0.0
-0.140471,36,1.915864,-0.14047126156735956,-0.2801868750759581,36,0.0
3.199825,23,1.920466,3.1998253150137588,-0.14986374719832654,23,0.0
7.541197,25,1.925107,7.54119722042497,-0.13110123575029642,25,0.0
9.065774,34,2.110651,9.065773657622996,-0.19062032514823773,34,0.0
-5.380369,12,2.113138,-5.380368967503114,-0.1307719118741139,12,0.0
-5.563423,22,2.11759,-5.563423048328105,-0.21199932210497902,22,0.0
-4.402376,14,2.120548,-4.402376319734741,-0.13888742894063807,14,0.0
-1.188044,28,2.125805,-1.1880438508220441,-0.2247542015500266,28,0.0
34.75719,55,2.135737,34.75718970843666,-0.15266108416560423,55,0.0
15.535576,28,2.141189,15.535576489287509,-0.09107993414626206,28,0.0
-0.805674,15,2.144188,-0.8056738514195271,-0.11806149396316937,15,0.0
1.104072,21,2.148288,1.1040715532104244,-0.15065929086323326,21,0.0
-2.92139,11,2.150693,-2.921390222203878,-0.10306186258833823,11,0.0
-3.541256,21,2.154897,-3.541256027480885,-0.18789052826733008,21,0.0
2.851038,31,2.161198,2.8510378230524465,-0.2163905145001238,31,0.0
2.352126,15,2.164103,2.352125690363093,-0.09285860813233833,15,0.0
-0.332015,15,2.167014,-0.3320151467614656,-0.11432329039856258,15,0.0
-1.552913,12,2.169344,-1.5529128804525434,-0.10012265403211272,12,0.0
-1.690955,21,2.173769,-1.6909551529103075,-0.17293862716341848,21,0.0
33.609793,45,2.182797,33.60979305616913,-0.08201437404179136,45,0.0
-6.656261,14,2.185421,-6.656260753253334,-0.15687453979788607,14,0.0
15.957278,29,2.190575,15.957278240396887,-0.09558508253530218,29,0.0
2.199096,20,2.194281,2.1990964515913873,-0.13390304015141977,20,0.0
-0.657988,20,2.197967,-0.6579876281627797,-0.15674539390137746,20,0.0
7.242775,25,2.20291,7.242775082368734,-0.13342315236002686,25,0.0
32.022298,55,2.393949,32.02229831501648,-0.17445588059210818,55,0.0
31.064387,45,2.402777,31.064386683119846,-0.1022855717795013,45,0.0
7.478287,18,2.406356,7.478287153042297,-0.07573197095764128,18,0.0
0.243592,32,2.412961,0.24359171649514444,-0.24523951146393433,32,0.0
-3.557599,19,2.416843,-3.5575990512967595,-0.17195599039010742,19,0.0
4.02618,19,2.420994,4.0261804011726925,-0.11133181735066162,19,0.0
1.155798,21,2.425166,1.1557979232429356,-0.1502892564877623,21,0.0
-1.254006,13,2.427605,-1.2540061161939693,-0.1057134436835294,13,0.0
27.610041,53,2.437664,27.610040911596485,-0.19370132623980013,53,0.0
29.050693,39,2.444863,29.050692877540314,-0.07062297476283133,39,0.0
-1.914095,11,2.447013,-1.914094661538245,-0.09504273964325888,11,0.0
5.551315,21,2.451066,5.551314772948827,-0.11518261222333298,21,0.0
-3.470537,19,2.45431,-3.4705371436810686,-0.17126537991997495,19,0.0
7.181891,27,2.458916,7.1818914346574925,-0.14983523554769074,27,0.0
3.848086,24,2.464087,3.8480859009251587,-0.15262799779573036,24,0.0
-1.257535,13,2.466681,-1.257534532091946,-0.10578644748157928,13,0.0
3.993382,26,2.47223,3.9933820448132744,-0.1673774863231804,26,0.0
24.608856,41,2.480187,24.60885604318798,-0.12208175843588202,41,0.0
2.309777,19,2.483899,2.309777072497547,-0.12508007924924122,19,0.0
9.171765,23,2.667177,9.171764501662336,-0.1020951361493143,23,0.0
4.872346,29,2.673038,4.872346115765234,-0.18433900725095662,29,0.0
53.006604,65,2.686137,53.00660407246427,-0.08620603521865905,65,0.0
-1.49394,23,2.690942,-1.4939398468579912,-0.18733116360650642,23,0.0
11.577965,34,2.697705,11.577965121464171,-0.17058549392518166,34,0.0
13.122562,44,2.706291,13.122561767441624,-0.23799029350485326,44,0.0
4.620699,30,2.712311,4.620698861252103,-0.1942447603684995,30,0.0
0.614475,23,2.716864,0.6144754915063109,-0.17049599453674047,23,0.0
-1.920841,16,2.719997,-1.9208409777974913,-0.13496120021856742,16,0.0
-3.840785,14,2.722724,-3.840785393963622,-0.13436875607730492,14,0.0
7.459228,24,2.727536,7.459228034138895,-0.12378469980222559,24,0.0
10.138631,35,2.734608,10.138631139636768,-0.19003864058699066,35,0.0
0.183435,17,2.737896,0.18343462423618262,-0.12616348834908855,17,0.0
9.682044,32,2.743903,9.682043764683288,-0.1698020160109635,32,0.0
8.130244,24,2.74847,8.130244317435897,-0.11832131809391637,24,0.0
1.768628,28,2.754023,1.7686284886742716,-0.20110549353318308,28,0.0
-3.057811,13,2.756447,-3.057811235084672,-0.1201386797819846,13,0.0
6.683058,34,2.762687,6.683058339267825,-0.20972933378458883,34,0.0
14.239361,41,2.948121,14.23936118698898,-0.20506456867596246,41,0.0
22.717907,54,2.959112,22.71790704810257,-0.24102642373965408,54,0.0
-9.30994,20,2.96333,-9.309939712623319,-0.2259216074048519,20,0.0
16.499136,36,2.970455,16.49913637898224,-0.1471238715793517,36,0.0
-2.740128,24,2.975028,-2.7401281868001623,-0.2052630215550856,24,0.0
16.826081,45,2.983878,16.826080611632808,-0.21630776924253886,45,0.0
1.715296,14,2.986654,1.715296497047082,-0.0899072573655088,14,0.0
-2.989735,15,2.98968,-2.9897354145875323,-0.135528346800425,15,0.0
3.886439,48,2.999413,3.8864392920804347,-0.3438398722654677,48,0.0
-3.766743,12,3.002048,-3.766743172553402,-0.11780853827027259,12,0.0
5.980067,19,3.005706,5.980066784006171,-0.0956689509848088,19,0.0
24.618258,65,3.017937,24.618257994916327,-0.3133820797667724,65,0.0
16.307535,40,3.026151,16.3075350789334,-0.18051381622973503,40,0.0
1.03714,23,3.030866,1.0371400923773533,-0.16710277250198433,23,0.0
-0.54678,26,3.036056,-0.5467797035273125,-0.20380063071430918,26,0.0
51.799367,65,3.229379,51.79936706581482,-0.09602759226006613,65,0.0
16.701602,47,3.238529,16.701602011059354,-0.23320323009778232,47,0.0
12.203859,26,3.243341,12.20385862404308,-0.1017401294554163,26,0.0
0.245961,31,3.249053,0.2459611987268695,-0.23731088059187522,31,0.0
65.235452,79,3.26585,65.23545180948884,-0.10006745100200455,79,0.0
4.81298,26,3.271473,4.812979905670768,-0.1608487933810593,26,0.0
45.272974,71,3.286165,45.272973628212696,-0.1961246070566699,71,0.0
11.551208,29,3.292273,11.551207529186678,-0.13088271874251636,29,0.0
7.938474,35,3.299579,7.938473901761246,-0.20756702139933766,35,0.0
19.745754,39,3.308247,19.74575367158041,-0.14504879426991607,39,0.0
7.386742,26,3.313884,7.386742419186447,-0.14022919495844896,26,0.0
-4.727892,16,3.317247,-4.727892364383671,-0.15738940085663644,16,0.0
28.252698,47,3.327726,28.252697717088726,-0.14077751111440376,47,0.0
-1.494589,21,3.52113,-1.4945891727808531,-0.17141877380115808,21,0.0
4.026681,19,3.525056,4.026681305492434,-0.11129856990928838,19,0.0
35.405392,80,3.540872,35.40539239429017,-0.3469177339192975,80,0.0
-5.279644,10,3.542962,-5.279644006463458,-0.11398770572949754,10,0.0
9.237408,26,3.548235,9.23740822454823,-0.1254727025353609,26,0.0
3.721281,17,3.551645,3.7212809140371856,-0.09778668774008993,17,0.0
8.941942,26,3.55666,8.94194241187236,-0.12785960540602515,26,0.0
0.57669,57,3.567734,0.5766901032447413,-0.4419315324279237,57,0.0
76.709623,102,3.586729,76.70962300851563,-0.1917795280505646,102,0.0
94.157299,91,3.604443,94.1572993609626,0.03554797155715709,91,0.0
15.612818,34,3.610998,15.612818024673523,-0.13822798350011542,34,0.0
4.315753,25,3.615897,4.315752513941229,-0.156905182857984,25,0.0
14.323563,34,3.802848,14.323562679893238,-0.14859631572226512,34,0.0
7.5168,49,3.81284,7.5167999720150345,-0.32256072959885324,49,0.0
16.748762,74,3.827374,16.748762045379483,-0.44824738372789513,74,0.0
10.474912,39,3.835142,10.474911754551758,-0.21920850334077,39,0.0
1.509311,13,3.837568,1.5093108026590023,-0.08358494865629836,13,0.0
33.462658,81,3.853742,33.462657775228685,-0.3703005952125466,81,0.0
8.461011,27,3.858713,8.461010949717998,-0.1396380730333986,27,0.0
20.96924,34,3.865793,20.969240331199835,-0.09539242782542952,34,0.0
-5.919642,17,3.869274,-5.9196424841961806,-0.17495651325329167,17,0.0
6.624152,31,3.875475,6.624151953523748,-0.1862010292781163,31,0.0
42.05699,108,3.89725,42.05699044137622,-0.5168481730199037,108,0.0
43.930923,55,4.091943,43.930922510538124,-0.07918170538196066,55,0.0
30.69501,80,4.107706,30.69501046190931,-0.3843304069800707,80,0.0
28.433288,78,4.123215,28.43328778422054,-0.3864140891274744,78,0.0
63.715679,78,4.138642,63.7156793791148,-0.10435222031647416,78,0.0
44.082552,87,4.155194,44.082552444967575,-0.3331344518351311,87,0.0
15.439278,50,4.164698,15.439277890734074,-0.2672731717889035,50,0.0
3.250062,29,4.170082,3.2500624829701623,-0.19727401923842092,29,0.0
-2.115482,11,4.172111,-2.1154824883624133,-0.09662176191579042,11,0.0
-4.378464,65,4.184665,-4.37846412746045,-0.5454804379849728,65,0.0
38.606261,90,4.381598,38.60626121461565,-0.40098325940900026,90,0.0
6.489341,20,4.385396,6.489341168137628,-0.09963745707694899,20,0.0
69.64721,90,4.402899,69.64721011820012,-0.15260232163907983,90,0.0
23.903779,44,4.412792,23.903779340686974,-0.15166419388809993,44,0.0
41.341619,53,4.424617,41.34161887506698,-0.08389463462660288,53,0.0
24.56841,73,4.439689,24.56840980891552,-0.37758196680803274,73,0.0
20.893789,39,4.447555,20.893789318880057,-0.13591789285632977,39,0.0
66.956257,142,4.671232,66.95625680059682,-0.5887251880389809,142,0.0
61.220298,115,4.696272,61.22029758489021,-0.41929447302642997,115,0.0
2.098844,31,4.702499,2.0988441497670163,-0.22243014945713754,31,0.0
8.611137,29,4.708906,8.611136854791908,-0.15436029837893034,29,0.0
2.651224,28,4.714533,2.6512241207289575,-0.19407611623751517,28,0.0
45.630065,120,4.738878,45.630065090539084,-0.5840492204349179,120,0.0
280.326621,252,4.981703,280.3266213775938,0.24069998454012007,252,0.0
27.108129,68,4.995267,27.10812934838802,-0.3174214809703375,68,0.0
-2.122345,29,5.000787,-2.1223448792346895,-0.2402530972187334,29,0.0
15.762129,29,5.00654,15.762128543723591,-0.097192871455772,29,0.0
43.994856,56,5.017177,43.994855617749856,-0.08670562843982596,56,0.0
77.581955,81,5.032805,77.58195542572267,-0.01724861677324644,81,0.0
6.208258,31,5.038923,6.2082576600165575,-0.18956119830736406,31,0.0
34.571389,54,5.050776,34.57138940839447,-0.14602176638071412,54,0.0
31.008819,100,5.253318,31.0088192698642,-0.541472505770826,100,0.0
72.407561,89,5.2719,72.40756078639149,-0.12241180958401714,89,0.0
212.32372,160,5.304419,212.3237197469504,0.4305077346090151,160,0.0
75.833555,102,5.326181,75.8335545402865,-0.19860175547895464,102,0.0
42.824046,63,5.339456,42.82404648778962,-0.15183358443725833,63,0.0
53.223367,80,5.54072,53.223366722135204,-0.20415330284445468,80,0.0
127.830371,161,5.573566,127.830370957601,-0.2532497684584101,161,0.0
2.230884,15,5.576613,2.2308835070763595,-0.09378358697876568,15,0.0
120.327575,136,5.603686,120.3275751116716,-0.11385650475954054,136,0.0
79.850066,118,5.627483,79.85006583346357,-0.29428357248406745,118,0.0
117.613912,203,5.847189,117.61391160283246,-0.670032504899799,203,0.0
45.791077,114,5.87158,45.79107706042219,-0.5346930201980208,114,0.0
97.846308,114,5.894303,97.84630807501941,-0.11830181558700478,114,0.0
23.515098,48,5.903701,23.515098351636098,-0.18664001511875433,48,0.0
75.322995,120,6.111393,75.32299471479399,-0.346482579286078,120,0.0
50.75294,72,6.126457,50.752940257352364,-0.1601593898308088,72,0.0
54.870257,58,6.138002,54.87025749525197,-0.015619137519120996,58,0.0
1.982544,28,6.144016,1.9825439422321114,-0.19947967243609982,28,0.0
56.646403,77,6.159721,56.6464029254882,-0.15281903296986474,77,0.0
124.28187,96,6.179051,124.2818704791153,0.23671673081118255,96,0.0
69.831096,95,6.197839,69.83109562312288,-0.19079972445422516,95,0.0
190.224072,241,6.423505,190.22407197026726,-0.3922026517898817,241,0.0
19.590884,40,6.431805,19.590884107115844,-0.154288373412958,40,0.0
118.264638,215,6.476653,118.26463848138263,-0.7602796628277492,215,0.0
64.524973,84,6.673883,64.5249728351576,-0.14559542457053362,84,0.0
16.943228,71,6.688861,16.9432278271117,-0.4227092638055387,71,0.0
122.795348,90,6.707694,122.7953475518688,0.2725308635648904,90,0.0
130.858119,114,6.730042,130.85811911254578,0.14577629991333318,114,0.0
219.653353,146,6.757756,219.65335296942797,0.6009651991132416,146,0.0
190.355768,314,7.002441,190.3557675170074,-0.9729746285965177,314,0.0
133.596865,156,7.033782,133.59686523544698,-0.1671473087922398,156,0.0
253.25192,188,7.25304,253.2519198867513,0.5346503412589589,188,0.0
6.884805,27,7.258189,6.884804672333139,-0.1523044136082403,27,0.0
70.807101,111,7.280532,70.80710061335246,-0.3106954266313832,111,0.0
150.749462,162,7.312815,150.74946203762462,-0.07788833468220413,162,0.0
307.911696,197,7.534512,307.9116959654771,0.9001078273996151,197,0.0
218.018139,192,7.572687,218.01813924888384,0.22096640088987546,192,0.0
251.24064,199,7.610954,251.2406400692702,0.43092757415515,199,0.0
349.924042,254,7.839586,349.92404194529547,0.7817054089851235,254,0.0
29.189634,60,7.851982,29.189634374292456,-0.23696624970290148,60,0.0
56.891909,85,7.869743,56.8919087917539,-0.21478000979107284,85,0.0
251.10043,312,8.117082,251.10042957737494,-0.4713674350253987,312,0.0
207.031442,123,8.142862,207.03144208244683,0.6833166213283827,123,0.0
355.98967,231,8.189822,355.9896704221912,1.0137605686427644,231,0.0
309.353147,217,8.410057,309.35314652079023,0.7524070599726225,217,0.0
169.895505,141,8.438434,169.8955046268266,0.24267402759964943,141,0.0
497.426314,354,8.695347,497.4263136599273,1.1643469209773025,354,0.0
86.330847,217,8.737933,86.3308473521586,-1.0317068064790418,217,0.0
307.800125,200,8.956397,307.8001247783346,0.8754924546068827,200,0.0
387.822869,259,9.008415,387.8228692442158,1.0453097127599946,259,0.0
471.856686,314,9.25256,471.85668555707935,1.2791414960736578,314,0.0
269.642976,180,9.290757,269.64297567491184,0.7296719527093141,180,0.0
291.50961,182,9.328181,291.5096096447198,0.8889147734032903,182,0.0
308.166347,172,9.544112,308.16634730017074,1.101874088909965,172,0.0
209.162783,115,9.566686,209.16278291230915,0.76422258261445,115,0.0
338.455017,240,9.615671,338.4550165680334,0.8018831618367066,240,0.0
239.34686,136,9.829343,239.34685975074194,0.8382846100199698,136,0.0
50.554735,131,9.85619,50.55473540298317,-0.6321664226711802,131,0.0
316.259101,190,9.895219,316.25910091621864,1.0230757270837623,190,0.0
106.287882,192,10.113218,106.28788172407684,-0.672561437352744,192,0.0
271.2391,150,10.143313,271.2391001483467,0.981769311651341,150,0.0
281.984622,157,10.174584,281.98462176489676,1.0120297004355332,157,0.0
119.790782,187,10.393789,119.79078177633794,-0.5248233963171591,187,0.0
269.176637,160,10.427518,269.17663695894385,0.8855494807927001,160,0.0
275.660793,171,10.462137,275.66079251725085,0.8498817982506642,171,0.0
22.060324,140,10.683019,22.06032427089989,-0.9319438572974502,140,0.0
243.660061,135,10.712657,243.66006090320752,0.8806256768668899,135,0.0
281.232617,155,10.747285,281.23261674313454,1.0218510501664422,155,0.0
282.938149,157,10.970654,282.93814855589915,1.0196233563700254,157,0.0
348.131785,209,11.014392,348.1317854374024,1.1266854937621051,209,0.0
419.763258,259,11.067988,419.763257870876,1.300623145257733,259,0.0
330.358924,189,11.294701,330.3589239400621,1.1435067811702737,189,0.0
464.338902,381,11.554632,464.3389019915122,0.6847369074785981,381,0.0
361.516404,218,11.601889,361.5164036599144,1.1616339807340244,218,0.0
21.97692,89,11.620425,21.976919747499984,-0.5258521917642485,89,0.0
447.298152,325,11.87113,447.29815224205805,0.9950140830983754,325,0.0
293.180685,191,11.909981,293.1806849394375,0.8302689113177157,191,0.0
246.030962,165,11.942769,246.0309624182389,0.6603219883129763,165,0.0
293.43045,148,12.150962,293.43045009802125,1.1751978757126469,148,0.0
299.703903,194,12.192312,299.7039033248125,0.8587082795670548,194,0.0
268.494338,155,12.223599,268.4943381774598,0.9199822366961338,155,0.0
78.969307,146,12.431219,78.96930742328121,-0.5244588655642923,146,0.0
268.626338,151,12.46335,268.6263381063706,0.952834062432126,151,0.0
326.799082,192,12.502826,326.79908232115713,1.0915386372249236,192,0.0
315.909879,178,12.714955,315.909878789657,1.1159781769279407,178,0.0
329.464271,212,12.757498,329.4642709118043,0.9532524422992644,212,0.0
311.845046,192,12.975109,311.8450455485263,0.971607656179556,192,0.0
274.847464,174,13.009375,274.8474642806083,0.8193929774896074,174,0.0
794.476032,698,13.331443,794.4760321473716,0.79847972693119,698,0.0
250.085543,132,13.358571,250.0855434917724,0.9560563298306387,132,0.0
296.212918,211,13.579027,296.2129176496322,0.6953900461698171,211,0.0
251.351355,147,13.608561,251.35135546400738,0.8466356147926916,147,0.0
371.240595,238,13.837569,371.2405946618349,1.0802051903967254,238,0.0
324.367741,190,13.876587,324.3677408161644,1.0878452160848873,190,0.0
813.418452,631,14.186686,813.4184524131376,1.4839571201032633,631,0.0
356.59639,208,14.411552,356.5963898279881,1.2020422830388422,208,0.0
338.938886,191,14.449634,338.9388860312654,1.1965402056723013,191,0.0
280.640709,172,14.486556,280.64070904016256,0.881749547104117,172,0.0
291.648495,186,14.705608,291.6484953550787,0.858177084992959,186,0.0
379.866858,261,14.756986,379.8668582578808,0.9659799711101035,261,0.0
146.354453,243,15.000491,146.35445347487197,-0.7587581377094061,243,0.0
328.899215,184,15.037172,328.89921533139585,1.1719454811274204,184,0.0
272.972372,146,15.065219,272.97237183186576,1.0276051276822853,146,0.0
211.995076,114,15.273289,211.99507603221835,0.7949048814436628,114,0.0
326.548924,181,15.310589,326.5489237455787,1.1772058057836416,181,0.0
343.626105,212,15.352949,343.62610485525084,1.066385064768454,212,0.0
238.932591,152,15.561717,238.93259122955257,0.7074037338953263,152,0.0
244.160039,122,15.585667,244.16003862205756,0.9883612680436759,122,0.0
236.664755,148,15.615675,236.66475502349948,0.7211778685979684,148,0.0
299.039808,181,15.842087,299.03980761934076,0.9570845762285404,181,0.0
352.962607,215,15.885648,352.96260702258206,1.117507240316162,215,0.0
319.506333,187,15.924499,319.5063332418774,1.0730067291161804,187,0.0
336.382703,183,16.154622,336.3827026408918,1.2397246568575009,183,0.0
335.428067,178,16.192776,335.4280674626852,1.2721535016088075,178,0.0
395.79093,257,16.427218,395.7909297642782,1.1251864107470173,257,0.0
327.571278,192,16.466924,327.57127822789585,1.097702550312932,192,0.0
385.99651,240,16.516189,385.9965097854144,1.182321603901101,240,0.0
316.021049,166,16.728078,316.02104864752926,1.212489252871161,166,0.0
456.996983,286,16.786583,456.99698324857115,1.383688928652135,286,0.0
295.512514,162,17.009374,295.51251446882435,1.080469821257196,162,0.0
340.444881,186,17.047134,340.44488132025725,1.2484492805900187,186,0.0
316.546007,193,17.087258,316.5460065540798,1.0013402560640576,193,0.0
307.282725,158,17.303912,307.28272529440545,1.2064547527185154,158,0.0
112.173911,224,17.349984,112.17391099077463,-0.8804056656704428,224,0.0
373.73382,200,17.392047,373.73382020100183,1.402929621550158,200,0.0
419.951176,265,17.626795,419.95117551656614,1.2549465798701296,265,0.0
261.842604,131,17.653612,261.8426040968456,1.0581566993071283,131,0.0
389.501261,223,17.881518,389.5012605017725,1.346251254848,223,0.0
344.323496,196,17.922045,344.3234958763898,1.1998076742626431,196,0.0
405.352473,222,17.967782,405.35247272803775,1.4806524885695493,222,0.0
334.235561,172,18.184395,334.2355609249133,1.3104854042906646,172,0.0
344.688068,214,18.228723,344.68806773683247,1.0594406687810625,214,0.0
331.182057,202,18.450725,331.18205707070086,1.046717309396557,202,0.0
368.392543,239,18.501005,368.3925434668398,1.0497189795353186,239,0.0
411.424275,225,18.730471,411.42427452600435,1.5057119278660318,225,0.0
383.584379,222,18.776363,383.5843790683893,1.3069491059811766,222,0.0
358.665759,205,18.819492,358.6657590013572,1.242850262397614,205,0.0
367.9683,222,19.052652,367.96830017291643,1.1818255298536042,222,0.0
344.99204,195,19.094983,344.9920398419564,1.213256519800111,195,0.0
327.088567,180,19.331096,327.0885673332935,1.1896952217566792,180,0.0
353.719835,199,19.374579,353.7198354232371,1.2512611400923797,199,0.0
308.740236,158,19.407919,308.7402358917294,1.2181244763057737,158,0.0
312.585457,171,19.631917,312.58545684953384,1.1453260079207228,171,0.0
293.759762,178,19.66972,293.75976174913956,0.9388723317842126,178,0.0
381.641552,235,19.719489,381.6415518344109,1.1873078599515996,235,0.0
336.170454,176,19.94336,336.17045433604943,1.293953345480688,176,0.0
477.303951,309,20.007381,477.30395069602054,1.3627812872077418,309,0.0
283.052973,147,20.222929,283.0529726722048,1.100329443645574,147,0.0
326.449966,173,20.258919,326.44996631680834,1.2402380469026848,173,0.0
333.056525,172,20.294905,333.05652509930945,1.3009775068046276,172,0.0
392.479615,219,20.532458,392.4796149590146,1.4016149741078545,219,0.0
362.887858,217,20.575564,362.8878576838836,1.1809490463357082,217,0.0
327.058326,200,20.799063,327.0583264934681,1.0298948641977017,200,0.0
268.529498,131,20.825868,268.5294983054656,1.111437362759629,131,0.0
317.290522,162,20.859123,317.2905222204369,1.254638129371289,162,0.0
378.860233,207,20.90181,378.8602329893589,1.3883877229604156,207,0.0
285.618612,143,21.116358,285.61861236618836,1.1527015200549346,143,0.0
433.592069,253,21.171207,433.5920694563815,1.4598578228105232,253,0.0
355.636587,192,21.407656,355.6365872630846,1.3221173575269025,192,0.0
406.620613,213,21.45293,406.6206130971491,1.562656492626713,213,0.0
315.453161,161,21.48859,315.45316069147714,1.24780919296197,161,0.0
338.37049,168,21.710071,338.37049015874214,1.3753790473414818,168,0.0
365.329526,190,21.748824,365.3295255180073,1.4156513696336919,190,0.0
317.136449,157,21.781686,317.1364488323035,1.2932565568589076,157,0.0
287.149991,143,21.99247,287.1499909460722,1.1650975160236952,143,0.0
506.495533,291,22.053234,506.49553339684206,1.740219160154718,291,0.0
339.833123,172,22.282524,339.8331234817188,1.3554343317067463,172,0.0
220.680566,109,22.307249,220.6805662974362,0.9043434333759326,109,0.0
349.872222,164,22.34192,349.8722217938183,1.499296161172554,164,0.0
355.364171,203,22.387703,355.36417117445194,1.2324809976819289,203,0.0
298.249004,166,22.605993,298.2490040303062,1.0705892576495881,166,0.0
295.722346,146,22.635666,295.72234610688935,1.2096085345060241,146,0.0
351.055433,197,22.675964,351.0554332603034,1.2458463334508505,197,0.0
334.455452,189,22.908966,334.4554521867533,1.1769863690291475,189,0.0
381.342652,207,22.951216,381.3426516325192,1.408225448195059,207,0.0
599.48039,407,23.222538,599.4803900798541,1.5594911302750365,407,0.0
421.473195,209,23.266792,421.47319473667926,1.7136358568494705,209,0.0
361.09617,187,23.493606,361.0961695281434,1.4055985283800356,187,0.0
361.800555,201,23.535076,361.800554748407,1.2999518033742268,201,0.0
353.611598,191,23.758423,353.6115981275479,1.314094967150339,191,0.0
353.566198,210,23.802634,353.5661979758743,1.1623192222680747,210,0.0
311.739809,202,23.845455,311.739809270078,0.8914439638320142,202,0.0
374.426814,194,24.078888,374.42681380336785,1.4566563276056148,194,0.0
423.73142,235,24.126294,423.7314200770273,1.5244858759659712,235,0.0
382.69729,209,24.362741,382.6972903167466,1.4033976950724483,209,0.0
328.436351,192,24.403954,328.43635104254156,1.104908794879058,192,0.0
327.109109,184,24.444256,327.1091092688159,1.1581082795397455,184,0.0
319.211161,163,24.670119,319.2111612984695,1.2622260675991095,163,0.0
485.848593,317,24.736113,485.84859323990975,1.3678423902902654,317,0.0
61.838559,151,24.962508,61.838559269054855,-0.7011055756479533,151,0.0
424.707185,212,25.007899,424.70718454411445,1.715310743125309,212,0.0
300.082551,162,25.042434,300.0825505555989,1.1170912765540448,162,0.0
404.74243,198,25.265274,404.74243042185867,1.6672214095856779,198,0.0
346.982022,170,25.298555,346.982021815087,1.4287046475927494,170,0.0
350.772848,190,25.337045,350.7728484482812,1.2992806364169942,190,0.0
429.898477,229,25.571969,429.89847666657295,1.6216741867268458,229,0.0
447.92028,274,25.629429,447.92028012166867,1.40723588235113,274,0.0
336.658347,202,25.853624,336.6583473491372,1.090916855952613,202,0.0
323.412007,155,25.886865,323.4120071790449,1.3594264366567876,155,0.0
356.716568,155,25.918938,356.7165684140165,1.6257770712409125,155,0.0
311.460558,172,26.145704,311.4605577081427,1.1282950879352056,172,0.0
361.878085,180,26.183901,361.8780845006159,1.4678624367877284,180,0.0
383.012771,184,26.223316,383.01277125665524,1.6051547031610525,184,0.0
370.042292,209,26.453416,370.04229238025835,1.3018352271585356,209,0.0
368.652843,189,26.492717,368.6528432502806,1.4502854749744216,189,0.0
440.442036,272,26.73869,440.44203637480865,1.3629236609445807,272,0.0
340.012579,167,26.774154,340.0125790489778,1.3967678755763424,167,0.0
279.572552,155,26.80499,279.5725521389205,1.0087094216899373,155,0.0
357.1273,190,27.070551,357.1272999814125,1.3500144804370553,190,0.0
352.050512,181,27.111043,352.05051168383955,1.3814928274232086,181,0.0
358.057455,193,27.157537,358.057455191896,1.3338520164614147,193,0.0
303.778062,177,27.387556,303.7780619932616,1.0270728964299316,177,0.0
279.899611,142,27.419395,279.89961131811214,1.115193999335921,142,0.0
370.013485,212,27.656569,370.013485407473,1.2778600783633427,212,0.0
326.25068,199,27.698341,326.25068001870017,1.031335404424142,199,0.0
384.862805,223,27.745413,384.8628047599712,1.3089053769736267,223,0.0
393.990155,211,27.979814,393.99015500787567,1.477869912407682,211,0.0
331.220942,189,28.019139,331.2209423355478,1.1511105995284945,189,0.0
393.441391,221,28.257174,393.4413908745349,1.3935848179461987,221,0.0
394.251065,197,28.300095,394.25106543696705,1.591606388789472,197,0.0
363.72572,179,28.338001,363.7257203602741,1.4905452244899573,179,0.0
328.569694,175,28.566786,328.56969372386703,1.2413570248205132,175,0.0
315.399341,150,28.597553,315.3993407173143,1.3351673462667073,150,0.0
364.645211,180,28.634127,364.6452105379089,1.4900332734945276,180,0.0
436.305694,228,28.867123,436.30569388722466,1.6806291609480362,228,0.0
386.109265,193,28.907434,386.1092651445877,1.5580110848363888,193,0.0
383.75118,197,28.950517,383.7511800517631,1.5073741256845727,197,0.0
398.334524,202,29.181218,398.3345240275508,1.5841959336061158,202,0.0
359.665229,186,29.219141,359.66522918694375,1.402636946823948,186,0.0
419.196016,222,29.458921,419.1960161370553,1.5916537759697835,222,0.0
389.674818,181,29.49747,389.67481752028004,1.6822091504253838,181,0.0
385.514828,199,29.54076,385.5148279365718,1.505536052923218,199,0.0
375.914562,168,29.760557,375.9145623093022,1.675840567087954,168,0.0
359.360865,182,29.798689,359.3608652386974,1.431887060290608,182,0.0
387.707741,217,30.02711,387.7077408360758,1.379816077532693,217,0.0
415.951456,246,30.077153,415.95145618635826,1.374538004666539,246,0.0
377.990033,203,30.11924,377.9900332826062,1.4134970240946774,203,0.0
345.646504,165,30.335044,345.64650438211015,1.4577425059133844,165,0.0
441.847024,245,30.388011,441.8470240772098,1.589522354914883,245,0.0
314.157597,153,30.604181,314.1575970745896,1.3012692182311911,153,0.0
375.315574,191,30.644385,375.31557413213454,1.4875121610746376,191,0.0
323.537587,166,30.678526,323.5375871484881,1.2726958401240536,166,0.0
321.999224,158,30.901899,321.9992241647199,1.3242250780926,158,0.0
413.410477,199,30.94487,413.4104768575924,1.7286266184502714,199,0.0
382.599729,195,30.983263,382.59972923139253,1.5140445211281295,195,0.0
358.029317,185,31.196009,358.0293173417001,1.3973619910074533,185,0.0
336.627222,174,31.231789,336.6272220930316,1.3136670762731686,174,0.0
390.539604,191,31.271483,390.53960387662346,1.609670214417656,191,0.0
397.555583,206,31.498134,397.5555831264859,1.546130646228726,206,0.0
351.13469,193,31.538127,351.1346900322912,1.278527776336368,193,0.0
362.584401,226,31.771367,362.58440128569316,1.1068282134719996,226,0.0
405.140073,224,31.817393,405.140073086595,1.4633803205359246,224,0.0
338.987634,172,31.852532,338.98763425485765,1.3483304695766842,172,0.0
286.814599,163,32.064366,286.8145993116225,1.0031315682609807,163,0.0
402.049946,205,32.106533,402.0499459984653,1.5899098583438422,205,0.0
380.463377,201,32.147353,380.4633767601743,1.4490981779180936,201,0.0
380.992795,211,32.374067,380.9927949609519,1.37367041152841,211,0.0
373.271262,175,32.408584,373.27126167547004,1.5987767393510826,175,0.0
380.996415,209,32.632492,380.99641496598053,1.3896673939286373,209,0.0
378.535698,202,32.673396,378.53569810743187,1.425836617948392,202,0.0
350.454047,164,32.705922,350.454046895685,1.5040699143224714,164,0.0
493.537021,262,32.94081,493.537021378482,1.8674773596522074,262,0.0
347.219921,181,32.976905,347.21992083781487,1.342716056964824,181,0.0
363.558969,200,33.204568,363.55896900367463,1.3219656427367779,200,0.0
441.372954,265,33.261075,441.3729544864048,1.426029074187866,265,0.0
385.587858,182,33.29751,385.5878581332908,1.6416299181276404,182,0.0
323.175126,172,33.514555,323.1751257630046,1.2221253963607208,172,0.0
396.596821,236,33.56388,396.5968213979415,1.2992205591631827,236,0.0
343.478964,171,33.78316,343.47896351678025,1.3922571981098477,171,0.0
400.678819,215,33.827593,400.67881933144076,1.4993288809311216,215,0.0
364.521433,194,33.867852,364.5214330396546,1.3773020285926674,194,0.0
373.674448,185,34.085915,373.67444781114216,1.5222733142431157,185,0.0
328.531692,171,34.119433,328.53169199208696,1.2727018333236848,171,0.0
374.361123,163,34.152511,374.3611227483861,1.7033681971950638,163,0.0
276.556718,117,34.359762,276.5567176745564,1.287580967615964,117,0.0
399.372361,198,34.399311,399.37236127240226,1.6243893551247004,198,0.0
347.322409,175,34.435092,347.32240927684,1.3914716411781576,175,0.0
387.091473,186,34.656762,387.0914725934769,1.6218259215964257,186,0.0
411.493473,212,34.70252,411.49347270991433,1.6095434367294443,212,0.0
385.847993,190,34.934042,385.8479929647028,1.5799328146937999,190,0.0
336.778449,167,34.968719,336.7784485551197,1.3705344277529203,167,0.0
344.011041,157,34.99974,344.0110405813278,1.5083068987591783,157,0.0
370.606468,209,35.248626,370.60646802417085,1.3066485482647696,209,0.0
326.05641,150,35.278593,326.056409565545,1.4205662162135306,150,0.0
363.090896,175,35.314503,363.090895853137,1.517422758005215,175,0.0
400.630248,202,35.548881,400.6302475278231,1.6025776926798465,202,0.0
269.533841,137,35.575661,269.533840931814,1.0718416759919507,137,0.0
370.368699,181,35.612238,370.3686991513006,1.5278158257978929,181,0.0
355.162091,174,35.834437,355.1620905264488,1.4620764314915766,174,0.0
321.369152,150,35.864781,321.3691523819506,1.3830314889926776,150,0.0
456.172177,261,35.919444,456.17217671837113,1.5768274445990798,261,0.0
377.455174,194,36.147547,377.4551737218597,1.4809886948047402,194,0.0
369.735264,185,36.185146,369.7352636294735,1.4907857027804037,185,0.0
409.161741,214,36.408026,409.1617412849189,1.5754046086815925,214,0.0
364.345039,175,36.444945,364.3450392630722,1.5274972936757483,175,0.0
320.457436,145,36.474867,320.457435583259,1.4157566652430669,145,0.0
344.96148,156,36.506158,344.96148035009634,1.523921390989628,156,0.0
399.353867,193,36.734197,399.3538669791923,1.6641954935374978,193,0.0
382.170571,198,36.778125,382.1705712671823,1.4868239687796385,198,0.0
487.087169,315,37.037455,487.08716939246284,1.3936259708422547,315,0.0
381.259952,195,37.077828,381.2599522858186,1.503520890663585,195,0.0
342.275124,161,37.296079,342.2751241005643,1.4625464356837605,161,0.0
402.924587,217,37.341191,402.9245870371354,1.5016192747923587,217,0.0
384.678308,180,37.377902,384.6783084497324,1.6504194580087455,180,0.0
441.062287,224,37.616578,441.0622873678139,1.7509931679600172,224,0.0
355.486952,185,37.65542,355.4869519249494,1.3769736477707184,185,0.0
344.733945,166,37.690262,344.73394502483933,1.4423506530537231,166,0.0
363.210121,182,37.916238,363.2101214439041,1.4626334993080365,182,0.0
368.405164,213,37.962772,368.40516427365014,1.2572374531316295,213,0.0
387.531172,197,38.19853,387.5311715538912,1.5378065274209314,197,0.0
366.311265,180,38.237679,366.3112648948175,1.503161989185276,180,0.0
439.655924,208,38.281759,439.65592395502756,1.8671452129990909,208,0.0
370.220694,182,38.50285,370.22069430040386,1.519048488498011,182,0.0
497.228167,298,38.565821,497.2281667939003,1.6103897591882146,298,0.0
385.349915,184,38.796649,385.34991456522454,1.6238621624261749,184,0.0
325.787986,153,38.830172,325.78798611236857,1.3947287431686664,153,0.0
384.882683,175,38.867227,384.8826830407269,1.6919400657408985,175,0.0
382.33909,170,39.088471,382.33909022464127,1.7114304599896586,170,0.0
358.930578,163,39.121635,358.9305779071517,1.5799334838783305,163,0.0
343.518919,156,39.152975,343.5189188814962,1.5124764706824034,156,0.0
396.861191,197,39.385234,396.86119087229144,1.612355287129257,197,0.0
392.284449,203,39.427407,392.2844489141576,1.527603288630377,203,0.0
355.152956,176,39.464133,355.1529564197092,1.446118686978453,176,0.0
356.017684,168,39.679641,356.01768406169936,1.5169121614986263,168,0.0
371.798338,164,39.715109,371.7983378991482,1.6748874979959776,164,0.0
383.326025,185,39.752587,383.32602488684597,1.6000197717741806,185,0.0
403.568279,180,39.969925,403.568279042983,1.8014567197176898,180,0.0
405.386246,193,40.008735,405.3862457446325,1.7127884040305705,193,0.0
343.911654,166,40.042531,343.9116542097285,1.4359620064162555,166,0.0
384.520685,200,40.274138,384.5206847249947,1.48977881206503,200,0.0
364.176604,167,40.307517,364.176603855521,1.589875131039993,167,0.0
329.08264,162,40.340998,329.0826399220113,1.3491118077121345,162,0.0
344.616031,168,40.558273,344.616031086724,1.4256368989202644,168,0.0
357.442491,177,40.593273,357.4424914699567,1.4565066403182643,177,0.0
410.800888,201,40.814408,410.80088780033435,1.692163999547625,201,0.0
364.8734,182,40.853672,364.87339992708365,1.476030399333972,182,0.0
352.809472,154,40.885079,352.80947241322747,1.602649562533623,154,0.0
408.049741,196,41.103751,408.049741343643,1.709971748845105,196,0.0
387.519021,191,41.142023,387.51902079708435,1.5854550443052724,191,0.0
308.552079,148,41.170888,308.55207870949414,1.2963733292712734,148,0.0
406.598086,204,41.393827,406.59808625860006,1.634475576237077,204,0.0
376.341812,175,41.429011,376.3418117411427,1.6235999312523695,175,0.0
402.825609,187,41.466311,402.82560859240107,1.7399200634502971,187,0.0
372.753757,186,41.697504,372.7537566574924,1.5071471863246015,186,0.0
326.249529,162,41.73111,326.249529395448,1.326535629356447,162,0.0
356.518798,162,41.76375,356.5187980182446,1.5684020098021068,162,0.0
363.251859,178,41.984163,363.25185907250653,1.4949748280483595,178,0.0
323.538949,156,42.017277,323.5389487728275,1.352575486642334,156,0.0
402.693656,169,42.052356,402.69365576925753,1.8821122776281882,169,0.0
366.235387,171,42.270778,366.23538729452173,1.5747751460957615,171,0.0
370.944892,179,42.306223,370.94489164214633,1.5484139069335676,179,0.0
333.250178,167,42.341172,333.2501782012837,1.3425746346953065,167,0.0
357.010648,163,42.559092,357.01064795838033,1.5646146484418066,163,0.0
324.868865,171,42.597578,324.86886478832895,1.2437427246310175,171,0.0
411.732296,200,42.642023,411.73229597443554,1.707421282763022,200,0.0
404.933925,196,42.866313,404.93392457957157,1.6850160151025104,196,0.0
326.256545,163,42.900267,326.25654496970003,1.318628298284142,163,0.0
370.735225,161,42.934001,370.73522502661456,1.690351661724057,161,0.0
358.420889,153,43.157684,358.4208893714316,1.6556482798411198,153,0.0
371.845078,185,43.198883,371.8450779290561,1.5079732489280742,185,0.0
419.201218,209,43.243423,419.2012182087933,1.6955673795773216,209,0.0
342.259768,162,43.459484,342.2597675519343,1.4545802293668875,162,0.0
483.489494,280,43.521652,483.4894935202553,1.6442130482003114,280,0.0
385.42241,198,43.760081,385.4224101977223,1.5130056602902986,198,0.0
369.109377,190,43.800853,369.1093771188727,1.4462013289639515,190,0.0
263.30209,127,43.827532,263.30209017627163,1.1017442922033922,127,0.0
349.753416,164,44.06397,349.7534156136787,1.498590958629821,164,0.0
345.630776,169,44.099238,345.63077587078885,1.4259435832447254,169,0.0
374.419206,179,44.136812,374.4192057449947,1.5763121593297411,179,0.0
290.607826,131,44.359093,290.6078259671388,1.288615141005294,131,0.0
387.996059,197,44.40179,387.99605903372225,1.5414838388529108,197,0.0
374.495552,191,44.441609,374.49555189979526,1.4815561841215774,191,0.0
404.51007,195,44.673009,404.5100703155266,1.6896044627136497,195,0.0
365.993223,157,44.70591,365.99322276018177,1.6841747377759295,157,0.0
381.175855,164,44.742068,381.1758553998125,1.750158971447534,164,0.0
384.604033,177,44.972831,384.60403305652676,1.6736016470475312,177,0.0
373.838572,174,45.011542,373.8385724074567,1.611659837319246,174,0.0
411.6183,198,45.054767,411.6182997567037,1.7225261864814296,198,0.0
378.19726,181,45.285664,378.19726031709024,1.590451091939493,181,0.0
325.324185,146,45.315308,325.324184703617,1.4466373781275905,146,0.0
352.152368,162,45.348883,352.15236781677305,1.533686669504276,162,0.0
375.034719,189,45.568206,375.034718884624,1.5017486685514707,189,0.0
420.607693,187,45.604842,420.60769342891837,1.8820387773000609,187,0.0
294.364473,137,45.631964,294.36447309533446,1.2706548256161323,137,0.0
333.547532,145,45.841087,333.54753189926885,1.5203180499726465,145,0.0
327.254152,143,45.871371,327.2541515115172,1.485915076679913,143,0.0
369.675501,170,45.907189,369.6755009117032,1.6102673164958754,170,0.0
364.00001,159,46.131104,364.00000989258734,1.652358696735164,159,0.0
337.084071,152,46.161594,337.08407149730454,1.4926603709849513,152,0.0
377.95356,176,46.198412,377.9535600796297,1.628575714587757,176,0.0
366.964795,181,46.426442,366.9647953654002,1.5007459537512189,181,0.0
381.316752,170,46.462635,381.31675225163644,1.7033748462157556,170,0.0
295.938925,123,46.487985,295.9389253071093,1.3948453413144153,123,0.0
354.329551,188,46.5266,354.3295511542313,1.3436324838181632,188,0.0
363.663248,165,46.7451,363.66324824059586,1.6019183509009673,165,0.0
413.205495,202,46.789646,413.20549471314916,1.7034758024643664,202,0.0
398.37991,220,47.017672,398.3799101815537,1.441351445569547,220,0.0
383.994387,174,47.0531,383.99438697823837,1.6930073261803076,174,0.0
300.583558,150,47.084721,300.58355838272007,1.2168970133887402,150,0.0
386.591947,172,47.315659,386.591947095997,1.7294767496344063,172,0.0
387.462479,181,47.354543,387.46247871481415,1.6647890075449328,181,0.0
380.605373,171,47.391392,380.60537262585257,1.6898465907451328,171,0.0
388.447552,170,47.618716,388.44755244526675,1.760556971798028,170,0.0
232.166734,112,47.642463,232.16673370464665,0.9724582978437621,112,0.0
238.572935,113,47.666405,238.57293532674004,1.0157217423228009,113,0.0
346.739452,159,47.699899,346.73945245833653,1.5143014108026434,159,0.0
366.585205,152,47.92338,366.5852054238891,1.7289436011440953,152,0.0
373.328685,188,47.963307,373.32868526355094,1.4961080257769275,188,0.0
415.358059,193,48.004809,415.35805928854927,1.792472629650678,193,0.0
469.176536,241,48.24294,469.17653594893926,1.8401092868810747,241,0.0
395.880518,206,48.284895,395.88051847047427,1.5328054436551608,206,0.0
389.661778,184,48.503091,389.66177841687374,1.658415732664375,184,0.0
357.863646,155,48.535143,357.8636457456002,1.6352934712608016,155,0.0
321.817094,141,48.565603,321.81709430883194,1.458590730168262,141,0.0
390.663742,172,48.791748,390.6637417741277,1.7622652819548814,172,0.0
385.757532,173,48.828102,385.75753197654814,1.7150854070353312,173,0.0
420.764309,207,48.872134,420.76430895701844,1.7241567453275137,207,0.0
444.619864,206,49.116565,444.6198635017222,1.9228476354272692,206,0.0
350.965145,176,49.153471,350.96514462445265,1.4126766781088613,176,0.0
398.777085,166,49.188355,398.7770845504743,1.8747818749784753,166,0.0
354.112225,150,49.397218,354.1122249575101,1.645001324897263,150,0.0
352.804058,149,49.427344,352.8040582484002,1.6425958034719017,149,0.0
414.306292,202,49.469517,414.3062915119655,1.712364422375215,202,0.0
413.749785,194,49.68378,413.7497853397394,1.7716931520070895,194,0.0
299.37809,137,49.712295,299.3780899514883,1.3107601702987925,137,0.0
295.226612,129,49.742414,295.22661226258674,1.3414174184392822,129,0.0
305.426318,141,49.960834,305.4263179112811,1.3273469784085667,141,0.0
285.320643,144,49.990242,285.3206427179212,1.1427345402281215,144,0.0
399.404924,169,50.025657,399.40492426766303,1.856066420902441,169,0.0
395.265662,175,50.062707,395.2656623274803,1.7750254858141874,175,0.0
355.822162,155,50.284657,355.822161769679,1.6188380267737306,155,0.0
335.250755,140,50.312845,335.25075485914886,1.5739271132049295,140,0.0
368.43156,164,50.346159,368.43156045929373,1.6481367952323782,164,0.0
419.958089,197,50.573475,419.9580885355332,1.7974117914397048,197,0.0
353.496548,153,50.606312,353.4965477041948,1.6161619392052229,153,0.0
268.232307,121,50.632552,268.23230713119756,1.1893041199019574,121,0.0
282.531985,129,50.848556,282.53198539456264,1.2399737295295976,129,0.0
361.478529,172,50.884537,361.47852867982425,1.5288938197112538,172,0.0
309.274497,144,50.913449,309.27449655347544,1.3343981817737998,144,0.0
279.458924,138,50.94318,279.4589239601897,1.1434380008659615,138,0.0
344.964824,162,51.162467,344.9648238436021,1.4764711886037551,162,0.0
363.877281,168,51.19702,363.877280572886,1.5798367220246443,168,0.0
273.592253,138,51.225042,273.5922533214557,1.0965896335190166,138,0.0
366.49666,165,51.444486,366.4966598108427,1.6246055836329374,165,0.0
289.696321,129,51.470129,289.6963206114352,1.2971428674825376,129,0.0
356.784106,164,51.505054,356.78410590833556,1.5549481179221099,164,0.0
318.434349,144,51.723943,318.43434900195774,1.4075861024920993,144,0.0
358.980192,144,51.755289,358.9801920868133,1.7319353835110767,144,0.0
316.427651,148,51.785343,316.4276510057141,1.3596477826910902,148,0.0
360.040963,160,51.818885,360.04096337491677,1.6130145468825492,160,0.0
413.236767,175,52.039794,413.2367673377505,1.919029524147323,175,0.0
408.842734,186,52.078028,408.84273362873364,1.7962249257991103,186,0.0
352.168044,155,52.108398,352.16804373036194,1.5898280557081157,155,0.0
379.289664,169,52.328865,379.2896639665019,1.6952178353959788,169,0.0
406.869038,192,52.367125,406.8690375744645,1.7326556431843352,192,0.0
377.780029,190,52.404344,377.78002921564047,1.5158700204176834,190,0.0
402.011522,180,52.624231,402.0115217800144,1.7894317289746433,180,0.0
417.526354,178,52.661173,417.52635411942623,1.9294884146867333,178,0.0
318.50199,143,52.691284,318.501990392243,1.4160400328628533,143,0.0
386.922017,168,52.911273,386.9220171067398,1.7641812310776206,168,0.0
381.549985,174,52.948421,381.5499846755706,1.6734390349229833,174,0.0
412.146361,190,53.168162,412.14636120797405,1.7907656302343158,190,0.0
417.856547,181,53.203607,417.85654656178116,1.9080976627578068,181,0.0
362.180072,175,53.239615,362.18007235269954,1.510523516442177,175,0.0
410.143001,175,53.463831,410.14300073235864,1.8942598570888582,175,0.0
415.130774,205,53.509064,415.130773741548,1.6950368444852046,205,0.0
357.21355,165,53.54476,357.2135497206863,1.550526546011526,165,0.0
391.194223,185,53.766172,391.1942232080013,1.662849084076453,185,0.0
356.232462,162,53.800817,356.2324621011577,1.56637114118744,162,0.0
397.293632,177,53.837472,397.29363232244157,1.7755013482988526,177,0.0
382.372031,167,54.050234,382.3720310801465,1.7357766771741672,167,0.0
389.207221,173,54.086642,389.2072206255614,1.742711791544859,173,0.0
443.567445,196,54.128276,443.56744547016035,1.9939808361280764,196,0.0
411.917002,191,54.355818,411.91700200520035,1.7808097205454512,191,0.0
379.200949,189,54.39625,379.2009488414082,1.535033532037898,189,0.0
394.030694,194,54.437652,394.0306935005179,1.6139001155540795,194,0.0
433.440644,208,54.658076,433.44064388924227,1.817507476954677,208,0.0
392.488091,169,54.693348,392.4880908355694,1.800779838151759,169,0.0
377.265601,175,54.916772,377.265601228154,1.631054003826247,175,0.0
436.924363,213,54.962259,436.92436305426344,1.8056364308091664,213,0.0
347.040826,143,54.991182,347.0408260757903,1.6445563169659,143,0.0
369.824131,165,55.209613,369.8241306079096,1.6513895992186927,165,0.0
390.485985,189,55.249679,390.48598547499984,1.6256267149605883,189,0.0
358.716943,172,55.286188,358.7169426368969,1.5067555051875854,172,0.0
378.897124,174,55.513027,378.8971242612433,1.6523662039832923,174,0.0
370.742806,165,55.547277,370.74280623395475,1.6587605007891097,165,0.0
400.010636,183,55.586133,400.0106363749051,1.7493202419213296,183,0.0
421.798702,198,55.811112,421.79870212355485,1.8041909122539947,198,0.0
379.527432,157,55.843338,379.5274317604482,1.7925792218875072,157,0.0
404.973343,168,55.877248,404.97334308231063,1.9086361822426554,168,0.0
352.96312,150,56.088467,352.9631201991305,1.6361416682948036,150,0.0
422.437035,198,56.128784,422.4370347329072,1.809423260677703,198,0.0
391.040133,165,56.160722,391.0401330279821,1.8211783892208182,165,0.0
389.95455,166,56.36776,389.95455020897236,1.804407447588027,166,0.0
396.809596,169,56.403625,396.8095961172873,1.8352361454166795,169,0.0
390.269275,165,56.437875,390.26927510445046,1.8149411078370021,165,0.0
389.280729,180,56.656902,389.2807294237674,1.687350756838648,180,0.0
377.094419,152,56.686636,377.09441907479595,1.8130546344944607,152,0.0
424.468286,192,56.724885,424.4682864768805,1.8734913852202915,192,0.0
347.536798,163,56.938563,347.5367983124274,1.4889342699966843,163,0.0
367.018396,157,56.969663,367.018396140521,1.6927823645908577,157,0.0
447.669092,197,57.010143,447.6690918428847,2.019102989913355,197,0.0
384.134479,163,57.224156,384.13447937465907,1.7816387990939382,163,0.0
381.149993,175,57.260402,381.1499926602461,1.6620361586965562,175,0.0
430.285738,195,57.301964,430.2857375211593,1.896054783455318,195,0.0
383.511377,158,57.528127,383.51137684968074,1.8166011903273123,158,0.0
406.787045,174,57.566998,406.787044842273,1.8751992561678383,174,0.0
479.140058,233,57.617219,479.1400576382553,1.9840675457070818,233,0.0
350.171621,168,57.839197,350.171621364043,1.4703497024893006,168,0.0
410.18962,183,57.883903,410.1896199387438,1.830729287231477,183,0.0
406.641372,182,58.122335,406.64137180668916,1.8104478558754666,182,0.0
452.275118,218,58.16776,452.27511771848594,1.8884247686591915,218,0.0
390.28407,183,58.206864,390.28406955276273,1.6715760914607067,183,0.0
425.268456,196,58.433614,425.26845551303063,1.8481266845516353,196,0.0
397.191797,183,58.473888,397.1917971008953,1.726954133953551,183,0.0
396.634849,185,58.513148,396.63484890706695,1.7064910561726494,185,0.0
378.66781,209,58.752273,378.6678096629194,1.371759782996387,209,0.0
413.846844,176,58.788627,413.846844249816,1.9159560601101553,176,0.0
382.816602,170,58.824169,382.8166021659774,1.7154421944454628,170,0.0
408.656141,188,59.05492,408.65614092609184,1.7788438133869924,188,0.0
374.68225,165,59.089451,374.6822498129046,1.6902983425844047,165,0.0
349.819248,151,59.121732,349.81924789373863,1.6029349506654291,151,0.0
443.342279,210,59.366195,443.3422793974535,1.8810465545061175,210,0.0
367.276419,162,59.401757,367.27641895905197,1.6549778158192026,162,0.0
502.811458,259,59.651758,502.8114581667142,1.966343152071554,259,0.0
358.038682,164,59.685991,358.03868241482456,1.5651263715454395,164,0.0
479.358518,232,59.737486,479.3585182350968,1.9940653107320139,232,0.0
277.146726,125,59.95682,277.1467260092121,1.228738621974437,125,0.0
456.802572,206,60.00086,456.8025720597794,2.020636406068572,206,0.0
441.040556,195,60.042177,441.04055566857716,1.982040426578757,195,0.0
442.254721,190,60.271696,442.25472119605456,2.0316753800672522,190,0.0
410.372979,171,60.309071,410.3729791113106,1.9278714488298532,171,0.0
481.418122,230,60.553633,481.4181217573091,2.026233144047463,230,0.0
387.111911,170,60.589878,387.1119109749555,1.7498228928842525,170,0.0
432.014642,189,60.630043,432.0146415380385,1.9576775259245922,189,0.0
369.318128,164,60.857164,369.31812799746535,1.6550796187977408,164,0.0
372.778441,165,60.891078,372.7784413386283,1.6750073153516511,165,0.0
345.174303,157,60.92483,345.1743027814281,1.5179390726738342,157,0.0
393.717805,170,61.143602,393.7178048201902,1.8028739370650193,170,0.0
403.125257,183,61.183101,403.12525737037475,1.7744619022185784,183,0.0
330.182196,134,61.210636,330.1821958745196,1.5813303610059017,134,0.0
399.627698,173,61.434851,399.62769779503765,1.8261534497588103,173,0.0
361.328731,155,61.468859,361.32873062514386,1.6631427746334795,155,0.0
394.268694,173,61.507328,394.2686943495874,1.7832651380767988,173,0.0
498.896662,244,61.757137,498.89666152594305,2.054613461418091,244,0.0
405.68624,178,61.796629,405.686240428043,1.8347158310266891,178,0.0
480.46287,254,62.049973,480.4628697907041,1.8273480729903187,254,0.0
364.8579,155,62.08313,364.8579003308165,1.691341807861969,155,0.0
414.342918,177,62.123173,414.34291818381195,1.9118621651305374,177,0.0
419.621959,184,62.355261,419.6219592366911,1.898362094370712,184,0.0
401.050719,172,62.39156,401.05071865831025,1.8454999987403662,172,0.0
437.584164,210,62.436326,437.5841638638667,1.8349887877024014,210,0.0
440.563455,194,62.670494,440.5634554690459,1.986125171019798,194,0.0
398.080197,166,62.706078,398.08019693838264,1.8694955802449842,166,0.0
363.794813,158,62.738239,363.79481298657134,1.6588217979953817,158,0.0
394.107561,163,62.956392,394.107560913349,1.86150983064745,163,0.0
402.756788,175,62.992574,402.75678757825307,1.8354143870819661,175,0.0
372.406915,154,63.025792,372.4069153778979,1.759691996093022,154,0.0
405.559938,175,63.250152,405.5599379533986,1.857598446071868,175,0.0
437.874163,197,63.293816,437.8741627761659,1.940727228112543,197,0.0
453.506362,197,63.335087,453.50636196774116,2.065904500467259,197,0.0
447.216019,215,63.567561,447.21601853430934,1.8722188971774911,215,0.0
450.804305,216,63.614893,450.8043045104843,1.8932124658553955,216,0.0
432.777807,196,63.847961,432.77780701975735,1.9079938232264624,196,0.0
378.341816,157,63.880556,378.3418160843588,1.7833594197995368,157,0.0
433.902494,208,63.923906,433.9024935810348,1.8215440378485144,208,0.0
455.318609,221,64.162832,455.31860861986877,1.889152891579662,221,0.0
380.889492,175,64.199042,380.8894921402783,1.6603781655147574,175,0.0
443.633264,201,64.240842,443.6332640507319,1.9550848516596038,201,0.0
459.359974,225,64.482644,459.3599740299869,1.8897078727780914,225,0.0
418.157019,200,64.525927,418.15701909799475,1.759042730648507,200,0.0
447.57688,191,64.75671,447.5768801572096,2.066322433222878,191,0.0
467.850476,219,64.804769,467.85047594786414,2.0053688384254675,219,0.0
469.894704,218,65.040085,469.8947036505709,2.0296645658767107,218,0.0
428.440194,196,65.080028,428.440193942795,1.8734735911520246,196,0.0
454.096577,210,65.12468,454.096576571891,1.967184402992869,210,0.0
467.964591,204,65.366132,467.9645911563972,2.125935645238936,204,0.0
374.853476,170,65.403658,374.8534756634126,1.6517973250423823,170,0.0
443.365735,212,65.449146,443.3657347753131,1.8654890274181601,212,0.0
416.511081,171,65.676518,416.5110805050667,1.9772084804538348,171,0.0
445.490027,186,65.71627,445.4900266113603,2.08929080690483,186,0.0
425.166973,176,65.936032,425.1669726295688,2.0063700308880295,176,0.0
410.871328,176,65.97336,410.8713283161854,1.8922871472315759,176,0.0
447.46334,212,66.017449,447.4633396508802,1.8981020180340302,212,0.0
424.277493,189,66.249132,424.27749287912866,1.895820818965753,189,0.0
390.494482,175,66.286661,390.4944824033441,1.737128244092336,175,0.0
386.359888,163,66.319034,386.3598880464771,1.7996443120554857,163,0.0
419.170963,181,66.543555,419.1709627832035,1.9187964975250726,181,0.0
402.199045,176,66.57928,402.1990451414967,1.8228219058721442,176,0.0
421.054382,190,66.617145,421.05438202204544,1.8622025041611407,190,0.0
476.320329,188,66.846705,476.320329095255,2.319933796940516,188,0.0
385.405439,174,66.88418,385.40543881629225,1.7042155300960942,174,0.0
437.950019,199,66.926719,437.9500189698304,1.9254707881528905,199,0.0
375.225707,152,67.143534,375.2257065797907,1.7983091132402294,152,0.0
389.81159,182,67.180539,389.81159020480237,1.6759956770334488,182,0.0
422.306748,190,67.223419,422.30674834003014,1.8722502537165446,190,0.0
430.071634,185,67.455906,430.0716344407722,1.974071869636435,185,0.0
400.529946,185,67.494688,400.5299460459423,1.7378475519790635,185,0.0
449.385821,194,67.726476,449.3858207306679,2.0569120847961626,194,0.0
445.284064,210,67.772384,445.28406425984724,1.896619763636973,210,0.0
429.979009,185,67.814119,429.97900911145877,1.9735740040237113,185,0.0
442.851727,205,68.056794,442.8517271946378,1.9168652053225468,205,0.0
477.577532,224,68.104717,477.5775320711143,2.043509378305315,224,0.0
446.090059,208,68.337075,446.09005924445154,1.9188311119803636,208,0.0
428.298648,182,68.375255,428.29864754524516,1.983683415869918,182,0.0
416.006311,168,68.410136,416.00631062804274,1.997092205237711,168,0.0
418.69681,170,68.638283,418.6968103957722,2.002455022436761,170,0.0
474.574894,220,68.688054,474.57489415459906,2.051220340275514,220,0.0
459.808823,204,68.733179,459.8088231438897,2.06061746982998,204,0.0
452.0229,190,68.973072,452.02290048147745,2.109900596636362,190,0.0
432.850341,201,69.017374,432.850341190734,1.8687729689746995,201,0.0
426.382363,192,69.256165,426.3823625578852,1.888845307616203,192,0.0
429.848607,205,69.299875,429.84860692010164,1.8128623952614071,205,0.0
350.929355,149,69.330995,350.9293548402925,1.6277223074295288,149,0.0
447.344417,199,69.563229,447.34441700380404,2.000775349223565,199,0.0
429.985179,191,69.60413,429.98517931388477,1.9256951029791125,191,0.0
394.341524,165,69.638214,394.3415236909554,1.847535526942392,165,0.0
340.112062,159,69.866058,340.1120624673037,1.4614698642048587,159,0.0
397.019637,169,69.903702,397.01963740985644,1.8371564038928805,169,0.0
429.093061,216,69.949832,429.09306094432645,1.7192147640211835,216,0.0
384.629394,161,70.180019,384.62939375827733,1.8017279654957494,161,0.0
478.785753,224,70.229177,478.7857532502287,2.0527216075257546,224,0.0
445.119508,192,70.463909,445.1195080750345,2.038820035906753,192,0.0
426.643371,200,70.505121,426.6433714291325,1.8270626820829798,200,0.0
445.924863,209,70.554146,445.9248631702236,1.9094786790937852,209,0.0
365.563729,157,70.772847,365.5637290175543,1.681090099944178,157,0.0
462.804275,219,70.817419,462.8042745956345,1.9648848515325303,219,0.0
488.369661,217,71.065107,488.36966141594877,2.1856706701425703,217,0.0
478.490614,208,71.108681,478.49061389065184,2.178290777287563,208,0.0
418.44885,180,71.145795,418.44884959355153,1.9208705180708812,180,0.0
480.49485,207,71.380151,480.4948504994022,2.2021654339038617,207,0.0
405.07693,177,71.415136,405.0769300628059,1.8376435252564585,177,0.0
436.878231,180,71.454917,436.8782307262033,2.0684190970377734,180,0.0
408.645208,172,71.677537,408.6452081667571,1.9064049455976728,172,0.0
470.178012,213,71.721753,470.1780121641224,2.07166554186716,213,0.0
404.682962,166,71.755771,404.682962387767,1.9223808498258839,166,0.0
382.327014,158,71.979862,382.32701350970353,1.807429157292055,158,0.0
497.635416,221,72.029608,497.6354157968136,2.2278763903503807,221,0.0
424.77235,167,72.254395,424.77235001789376,2.075032243235815,167,0.0
427.533276,171,72.289974,427.5332760372781,2.0653690506813103,171,0.0
535.240004,213,72.33412,535.2400035046803,2.5919903491740626,213,0.0
463.634018,200,72.568248,463.63401795602175,2.123024449723196,200,0.0
417.686552,176,72.606088,417.6865521466561,1.946947972364512,176,0.0
436.901326,185,72.644827,436.90132585591704,2.0287820671628296,185,0.0
450.130228,204,72.882884,450.13022782704127,1.9832099956593867,204,0.0
418.940218,178,72.922448,418.9402184118623,1.9406808522921914,178,0.0
391.815897,167,72.95851,391.81589693342045,1.8113078273617613,167,0.0
431.59666,187,73.193475,431.5966597165221,1.9701238521780868,187,0.0
395.503587,164,73.227237,395.5035867536031,1.8647831965560075,164,0.0
454.398677,205,73.463224,454.39867733855806,2.009341288898165,205,0.0
424.071235,181,73.499973,424.0712353519661,1.9578799907462903,181,0.0
412.769169,171,73.535165,412.7691686939723,1.947128898370486,171,0.0
452.150301,219,73.767658,452.1503011303326,1.8799462698909084,219,0.0
463.804759,202,73.809244,463.80475895055474,2.1085513629178423,202,0.0
435.978193,175,73.847678,435.97819296037994,2.100968343231378,175,0.0
410.742636,178,74.075881,410.7426362181594,1.8749789760863793,178,0.0
471.534979,193,74.115937,471.5349791317955,2.241955476878405,193,0.0
409.480272,161,74.147841,409.4802719519958,2.0005485977819344,161,0.0
451.444336,189,74.37623,451.4443364048427,2.113039172592989,189,0.0
368.236475,152,74.408354,368.23647472056575,1.7424475759885487,152,0.0
435.585764,183,74.445588,435.58576447612876,2.034047184393988,183,0.0
415.130954,181,74.670514,415.13095360862417,1.8863024472553906,181,0.0
417.486859,175,74.706836,417.4868592698801,1.9531343836968573,175,0.0
401.586164,165,74.739679,401.5861639548683,1.9055225159074247,165,0.0
420.606491,186,74.966426,420.6064912692397,1.8903791295545074,186,0.0
500.417325,233,75.018246,500.4173252711512,2.1544636074665697,233,0.0
371.647042,178,75.24439,371.64704182586263,1.5624202283606394,178,0.0
415.704438,174,75.282175,415.70443788364605,1.9465803637072883,174,0.0
386.184127,153,75.314103,386.18412683013827,1.8778857587794955,153,0.0
456.639477,200,75.554821,456.6394774461382,2.066932223667749,200,0.0
409.727821,171,75.59223,409.72782089733704,1.9229119767572869,171,0.0
490.452293,210,75.637204,490.45229300512716,2.2577964376383113,210,0.0
447.264318,186,75.873282,447.26431847880156,2.1035973868894953,186,0.0
472.232304,209,75.917826,472.2323035606697,2.120000552418308,209,0.0
481.182652,203,76.152818,481.18265249873645,2.239700363415491,203,0.0
449.275671,197,76.19447,449.2756705431186,2.032114131783444,197,0.0
347.195536,150,76.226095,347.1955364593769,1.589971036583556,150,0.0
433.583709,175,76.456563,433.5837091542331,2.081790582664417,175,0.0
518.877932,237,76.507363,518.8779323290561,2.270355951634043,237,0.0
506.895103,196,76.546615,506.8951031500502,2.50102438935081,196,0.0
388.877711,165,76.775722,388.8777114546981,1.8039534217394002,165,0.0
467.272546,192,76.817841,467.2725455933946,2.21602784971157,192,0.0
406.989203,168,76.854448,406.98920285712995,1.924773718077192,168,0.0
446.766921,181,77.079199,446.7669211380715,2.13942387692561,181,0.0
435.476697,165,77.11354,435.4766969605015,2.1767015112237202,165,0.0
442.690094,186,77.152367,442.69009396385627,2.067116597660688,186,0.0
399.517233,177,77.378413,399.51723252531525,1.7933865182519075,177,0.0
441.751216,189,77.417256,441.7512158060429,2.0356555240232326,189,0.0
386.669395,159,77.64571,386.6693948049112,1.8337285743992886,159,0.0
404.504711,175,77.683086,404.5047109384402,1.8490937205000737,175,0.0
430.665798,178,77.721587,430.66579842227463,2.034586570988218,178,0.0
451.827251,207,77.961157,451.8272505984332,1.9726477692609063,207,0.0
380.297748,167,77.996981,380.2977484042238,1.7192068651021977,167,0.0
383.423828,166,78.032365,383.4238281372003,1.7521803330311554,166,0.0
478.466139,209,78.265983,478.4661393641426,2.1700422143989626,209,0.0
490.875314,207,78.314026,490.8753139376305,2.285136503026553,207,0.0
396.441722,162,78.348536,396.4417218841985,1.8883198752776917,162,0.0
421.068939,171,78.585451,421.068939309585,2.013633723864007,171,0.0
438.844219,206,78.631202,438.8442185235241,1.877007957950631,206,0.0
493.936371,237,78.880995,493.93637107258655,2.0706295457886164,237,0.0
449.431343,192,78.92321,449.4313425840673,2.0730793846919036,192,0.0
487.646948,185,78.964095,487.6469475102028,2.4346520661996665,185,0.0
135.376446,242,79.21281,135.3764455009776,-0.8372494506306487,242,0.0
436.470213,189,79.250189,436.47021289421383,1.9933520314443034,189,0.0
422.085885,173,79.486172,422.08588485121743,2.0056682128602654,173,0.0
406.026913,171,79.522224,406.0269130370054,1.8932936669779465,171,0.0
409.310792,170,79.559324,409.3107915300946,1.9274842592619919,170,0.0
406.840741,181,79.79483,406.84074077485843,1.8199566351900445,181,0.0
420.682885,177,79.834577,420.6828847044524,1.962804466713336,177,0.0
471.128954,198,79.877242,471.12895394913653,2.198973497776747,198,0.0
448.448343,183,80.11222,448.4483426799068,2.137126852411963,183,0.0
441.322323,180,80.149628,441.3223226291026,2.103959125888079,180,0.0
537.824031,203,80.19438,537.8240307309391,2.6926761934613497,203,0.0
493.131779,220,80.444238,493.1317787539213,2.1997597455995157,220,0.0
425.669039,173,80.485224,425.6690387897389,2.0343819433067636,173,0.0
411.325202,168,80.520012,411.32520229970464,1.95944731084316,168,0.0
433.216108,183,80.754378,433.21610751203986,2.0153672184667197,183,0.0
456.442084,187,80.793875,456.44208406191314,2.169138056997209,187,0.0
416.537706,163,80.829048,416.5377059696835,2.0411248630064627,163,0.0
420.37446,171,81.067339,420.37446003757884,2.008171606170126,171,0.0
429.88168,169,81.104859,429.8816798073574,2.099912289613195,169,0.0
432.631498,188,81.343042,432.63149793276455,1.9706709833363365,188,0.0
407.949688,173,81.380232,407.9496875918618,1.8928590581388487,173,0.0
396.239614,172,81.417429,396.23961369406385,1.8070476365372128,172,0.0
345.572522,150,81.450829,345.5725224961936,1.5770071060487547,150,0.0
413.044732,172,81.684752,413.04473170336763,1.9412020832585328,172,0.0
438.895246,178,81.723459,438.89524573437876,2.10042112510193,178,0.0
345.227003,147,81.75285,345.22700304084424,1.5981546428036286,147,0.0
384.43962,158,81.976731,384.439620401317,1.8241916588059377,158,0.0
496.749879,208,82.021334,496.749879417508,2.324242298973989,208,0.0
485.338838,210,82.263272,485.33883761441285,2.2171422023560066,210,0.0
462.689727,184,82.303595,462.68972685012847,2.2429504518787833,184,0.0
456.280828,175,82.341191,456.2808277585439,2.2633309496468965,175,0.0
430.77441,198,82.573059,430.77441012670016,1.8761005663170838,198,0.0
430.577404,174,82.609405,430.57740438562524,2.065909119429676,174,0.0
514.520224,201,82.650886,514.5202244688866,2.5220672346715736,201,0.0
423.80746,178,82.879286,423.80745980858103,1.9799405792284577,178,0.0
447.231839,206,82.92637,447.23183899434065,1.9441295924077397,206,0.0
402.064873,166,82.962418,402.0648725263179,1.901511187751675,166,0.0
377.209372,157,83.186589,377.2093721046647,1.7743929322077512,157,0.0
435.778617,186,83.225477,435.7786173021333,2.0116896728980582,186,0.0
423.365957,169,83.260608,423.3659568176681,2.0480232421516127,169,0.0
423.943698,174,83.491964,423.9436975157662,2.0126997538787,174,0.0
389.611731,162,83.52755,389.6117310518922,1.8337666921593723,162,0.0
393.255808,159,83.563555,393.2558076247669,1.88661014292541,159,0.0
449.373021,184,83.797597,449.37302063240605,2.1367717725511954,184,0.0
480.520008,222,83.84437,480.5200084071197,2.082905537472525,222,0.0
396.196566,168,84.074862,396.19656562776026,1.838564517358779,168,0.0
459.843497,183,84.113587,459.8434965851614,2.228241833564929,183,0.0
499.750479,210,84.15942,499.75047940407956,2.3323933724152734,210,0.0
436.265416,173,84.392494,436.2654159486577,2.119269442859706,173,0.0
456.886095,185,84.431223,456.8860946351451,2.1885177114086414,185,0.0
421.044628,164,84.465332,421.0446284369464,2.069262324098789,164,0.0
400.259404,165,84.694295,400.25940408049087,1.8950238850287267,165,0.0
571.535171,222,84.739804,571.5351708766825,2.8110973335748954,222,0.0
468.630262,198,84.97669,468.63026195591374,2.178994697072194,198,0.0
465.848225,193,85.017465,465.8482252025094,2.1968339889271595,193,0.0
420.726994,189,85.059438,420.72699357160576,1.8675588961778775,189,0.0
437.456707,179,85.302376,437.4567071159322,2.0810573751363513,179,0.0
432.859031,171,85.340018,432.8590307321149,2.108058790300401,171,0.0
501.209959,238,85.39252,501.20995943539947,2.1211925958935702,238,0.0
502.686959,216,85.633312,502.6869587920215,2.3082289946878958,216,0.0
393.81837,165,85.669425,393.81837008141116,1.8436810278020537,165,0.0
425.127347,174,85.706877,425.1273470017001,2.022336192953486,174,0.0
377.371905,166,85.941032,377.37190501132085,1.7039230714260434,166,0.0
414.640838,165,85.977584,414.6408379364821,2.0100741239464415,165,0.0
411.796431,167,86.013536,411.79643071426807,1.9712601275021437,167,0.0
407.406146,177,86.248904,407.4061461431802,1.856706583412095,177,0.0
395.445599,159,86.283569,395.4455993675341,1.9044640336659313,159,0.0
465.689595,190,86.32433,465.6895950787915,2.219545673966207,190,0.0
457.485056,194,86.559971,457.4850564510237,2.1218932977888922,194,0.0
311.239242,129,86.586513,311.2392419503253,1.4697441586348758,129,0.0
406.03126,175,86.624229,406.03126036653566,1.861443246179134,175,0.0
456.095262,185,86.865084,456.09526227597235,2.182571439034947,185,0.0
406.027018,161,86.900825,406.0270181888517,1.973094749115668,161,0.0
451.375591,173,86.937408,451.375591446591,2.240257884511288,173,0.0
426.631529,173,87.163949,426.63152879849366,2.0421776036657624,173,0.0
500.0538,217,87.211253,500.0538002500049,2.2791487755110253,217,0.0
411.451358,166,87.439782,411.4513577135422,1.9767020962731183,166,0.0
429.885228,169,87.475706,429.8852281213782,2.100142783250321,169,0.0
564.198002,269,87.534414,564.1980016524085,2.378329961167927,269,0.0
487.777484,219,87.783463,487.77748362630155,2.16492738209039,219,0.0
405.256132,157,87.816333,405.2561319459503,1.9987029727628787,157,0.0
440.469552,181,87.856219,440.4695522177383,2.0892990976897075,181,0.0
426.600311,180,88.089123,426.60031117330385,1.9865314793349507,180,0.0
434.195631,175,88.125811,434.195631313461,2.0869234041285485,175,0.0
463.875919,189,88.355824,463.87591898703533,2.2126920156884213,189,0.0
439.496586,174,88.393304,439.49658621756464,2.1370651102444804,174,0.0
459.677652,181,88.433627,459.67765158850176,2.2428932761530342,181,0.0
425.054011,175,88.668273,425.0540113287247,2.013899438904573,175,0.0
573.674149,262,88.725319,573.6741491217151,2.509433593647357,262,0.0
442.691432,176,88.76414,442.69143176961506,2.14711768580491,176,0.0
472.584451,195,89.001896,472.5844505013544,2.2346210883100484,195,0.0
424.585743,176,89.040158,424.58574329017284,2.0020654005327136,176,0.0
482.395538,199,89.278901,482.3955382973417,2.2814693078340937,199,0.0
381.763535,159,89.311817,381.76353488138346,1.7949058360800083,159,0.0
502.707158,196,89.353956,502.7071577198955,2.4675100873123212,196,0.0
515.701664,243,89.594405,515.701664037634,2.1970414803347853,243,0.0
480.426239,206,89.640337,480.42623863527194,2.2096496317843624,206,0.0
591.787308,328,89.909856,591.7873079906303,2.1287082210288166,328,0.0
415.227791,180,89.950623,415.2277906067081,1.895311903705165,180,0.0
450.560123,175,89.989243,450.56012305450656,2.2176317587054166,175,0.0
440.610192,169,90.225277,440.61019238396494,2.18607465185066,169,0.0
453.754432,189,90.267388,453.754432016778,2.1318924422601557,189,0.0
495.177934,211,90.515745,495.17793402402083,2.287948473110823,211,0.0
440.022059,183,90.557318,440.0220589457085,2.069782238083709,183,0.0
462.058726,187,90.597882,462.058726051623,2.214251654706232,187,0.0
440.548365,177,90.836223,440.5483654567143,2.1217073718567274,177,0.0
446.051304,172,90.874661,446.0513044711878,2.2056515697061827,172,0.0
420.773634,161,90.910951,420.7736344609461,2.0910906254115,161,0.0
435.299759,179,91.152017,435.2997589516405,2.0640476693072904,179,0.0
459.429989,173,91.188847,459.42998883492555,2.304642204610911,173,0.0
418.126954,163,91.222867,418.1269544986956,2.0539250538632783,163,0.0
424.675469,175,91.455305,424.6754690689922,2.010727777582184,175,0.0
465.38649,192,91.496334,465.38648960708804,2.2010484102073824,192,0.0
489.467435,185,91.536532,489.4674347203101,2.449220716412637,185,0.0
468.580944,197,91.784194,468.58094443000124,2.1867781948990164,197,0.0
548.63426,209,91.829817,548.6342601496162,2.7315504666590265,209,0.0
471.237176,179,92.066318,471.2371764402879,2.3514169753276164,179,0.0
538.292397,190,92.108606,538.2923974276787,2.8000506386148087,190,0.0
487.989822,195,92.151107,487.9898224234641,2.357845083787342,195,0.0
481.708504,209,92.401976,481.70850444544624,2.1961054001753455,209,0.0
421.111955,172,92.43864,421.111955338832,2.0061568226132462,172,0.0
424.307957,166,92.473298,424.3079565425038,2.0795954691723795,166,0.0
509.209092,199,92.701821,509.2090921408957,2.495612892730157,199,0.0
458.970802,187,92.740355,458.97080170673445,2.189619184282284,187,0.0
498.040263,216,92.982224,498.040263397624,2.2710559381172466,216,0.0
474.408311,191,93.023903,474.40831096996175,2.2811433868335227,191,0.0
452.046056,176,93.059265,452.0460561990766,2.221784872142247,176,0.0
414.435704,163,93.281136,414.4357036006191,2.02471319637058,163,0.0
478.026114,182,93.318737,478.02611379227324,2.3816851660595977,182,0.0
470.123023,203,93.36286,470.12302275783264,2.151286313172533,203,0.0
377.203541,156,93.587183,377.203541199836,1.782562962233433,156,0.0
487.339171,202,93.632481,487.3391713436966,2.297016190953401,202,0.0
463.58991,173,93.66908,463.58990989729585,2.3381369119556106,173,0.0
363.525281,149,93.891221,363.52528118549503,1.7286202256752272,149,0.0
428.762715,168,93.925657,428.7627154336835,2.0992807944236795,168,0.0
458.475988,181,93.962379,458.4759884404202,2.2333101546063627,181,0.0
501.530672,202,94.19145,501.5306720331238,2.410440343268527,202,0.0
444.217282,173,94.226545,444.2172821479926,2.183057737813578,173,0.0
412.192793,169,94.263248,412.19279269750564,1.9589465106403374,169,0.0
326.110725,134,94.479888,326.11072536909404,1.5489038235006782,134,0.0
392.449889,164,94.514119,392.449889372638,1.8406055249893996,164,0.0
475.229245,206,94.556336,475.22924497869496,2.1681221382706726,206,0.0
279.627746,117,94.766243,279.62774623123505,1.3126271303973003,117,0.0
574.726652,210,94.809989,574.7266520175473,2.9324298437050316,210,0.0
381.166933,152,94.842648,381.1669332020361,1.8460106986376679,152,0.0
483.861359,202,95.079015,483.8613590200948,2.269217937528011,202,0.0
337.290663,142,95.109691,337.29066329332977,1.5746631179060768,142,0.0
544.799711,254,95.165479,544.7997113230132,2.342431552534145,254,0.0
554.656799,205,95.394985,554.6567989146575,2.811498814359312,205,0.0
554.317792,241,95.448429,554.3177915294995,2.5221775658105434,241,0.0
422.586657,162,95.676516,422.5866571614149,2.0975301782158047,162,0.0
471.902866,187,95.715237,471.90286562404543,2.293013449033644,187,0.0
403.200409,175,95.750397,403.2004088427782,1.8389442307577686,175,0.0
432.663498,171,95.982633,432.66349801611767,2.1065484840500845,171,0.0
410.754457,176,96.020425,410.75445739304774,1.8913890593664076,176,0.0
504.081919,192,96.062497,504.0819194352506,2.5105315170736198,192,0.0
572.859197,206,96.29857,572.8591966356051,2.948859827206016,206,0.0
525.66618,187,96.33762,525.6661804278124,2.723406316256969,187,0.0
423.716752,176,96.56802,423.71675176236016,1.9951317687527026,176,0.0
494.959728,210,96.612521,494.9597283077176,2.294064828413898,210,0.0
440.623157,186,96.653257,440.6231574072741,2.0506235184832518,186,0.0
406.862918,163,96.876336,406.86291770948634,1.9639312545720176,163,0.0
445.544248,183,96.916933,445.54424797214466,2.113969134416945,183,0.0
498.531416,188,96.956576,498.5314160033775,2.4980411966602856,188,0.0
484.408744,197,97.186725,484.40874423415954,2.3132922254677757,197,0.0
477.345827,207,97.228203,477.34582665338826,2.1772472771692777,207,0.0
464.097706,186,97.266524,464.09770611102186,2.238564591507349,186,0.0
403.124844,153,97.488302,403.1248439073181,2.0136721309680237,153,0.0
544.862662,234,97.538944,544.8626623868312,2.5021804751501047,234,0.0
402.37944,155,97.765249,402.3794402292381,1.991882235697217,155,0.0
478.466916,183,97.803835,478.4669156884195,2.377301664054862,183,0.0
443.153237,172,97.83933,443.153236710005,2.182625647335345,172,0.0
600.745521,218,98.075971,600.7455208931946,3.0764531918675755,218,0.0
379.227002,154,98.108042,379.2270024255784,1.8144712936076755,154,0.0
540.558024,228,98.155272,540.5580235736555,2.5156156511190297,228,0.0
528.462006,241,98.399769,528.4620056727916,2.3150419647604368,241,0.0
442.300901,165,98.433489,442.30090124310084,2.2312257852422896,165,0.0
459.461961,176,98.668675,459.4619608057835,2.28090642537805,176,0.0
488.724159,210,98.719495,488.7241594340052,2.244453893711125,210,0.0
592.373526,220,98.767637,592.373525772862,2.993603820489075,220,0.0
566.635007,207,99.006856,566.6350074347615,2.8914985078294158,207,0.0
465.89088,186,99.050804,465.890879552912,2.25278895675844,186,0.0
519.6727,190,99.294761,519.6727003913727,2.651157734294334,190,0.0
481.624126,183,99.332683,481.62412601585527,2.4025475284777236,183,0.0
642.261694,271,99.393345,642.2616941682095,2.9864666516194367,271,0.0
659.144153,252,99.65531,659.1441531725211,3.2728601757801905,252,0.0
393.208584,172,99.693463,393.2085842327423,1.7829362567739362,172,0.0
497.491027,198,99.933254,497.4910271977688,2.409872059602035,198,0.0
616.974029,306,100.002176,616.9740286946567,2.5054835425907145,306,0.0
457.241705,191,100.253139,457.2417048428498,2.1436131410590833,191,0.0
500.378539,183,100.29113,500.3785390062123,2.5528824660506864,183,0.0
471.732743,192,100.33316,471.7327434999991,2.2518189542635407,192,0.0
549.956846,207,100.584089,549.9568463443732,2.75802546281159,207,0.0
575.346921,200,100.625007,575.3469213381734,3.0169859619536257,200,0.0
221.512678,105,100.648404,221.51267837109094,0.943241009914692,105,0.0
478.611121,204,100.880095,478.61112066607564,2.2113029566885993,204,0.0
118.089476,228,100.928773,118.0894758344767,-0.8639941915406666,228,0.0
502.916258,194,101.15619,502.91625775363383,2.4854529280836046,194,0.0
464.740342,176,101.193413,464.74034169985214,2.3235990315000135,176,0.0
479.850973,177,101.231247,479.8509734645967,2.4362600941084454,177,0.0
395.471702,161,101.456172,395.4717018502248,1.8888616635802715,161,0.0
492.543602,188,101.496164,492.54360156694554,2.4502995198677953,188,0.0
653.21104,257,101.552298,653.2110400494628,3.1858191922252797,257,0.0
583.419009,209,101.786299,583.4190090414829,3.0098519888686,209,0.0
423.437631,179,101.825006,423.4376306224517,1.9689695518103565,179,0.0
543.763245,201,102.053074,543.7632454380755,2.7562568598577855,201,0.0
540.157673,199,102.097252,540.1576726797872,2.7433772833499286,199,0.0
355.307296,148,102.129512,355.30729573107317,1.6709964790407745,148,0.0
618.880144,219,102.372394,618.8801440484372,3.2137971015573608,219,0.0
544.14202,217,102.421361,544.1420198067868,2.6319204021488027,217,0.0
414.915534,166,102.456669,414.9155341685801,2.004246321492682,166,0.0
391.120859,161,102.684688,391.1208591360978,1.8540528227169293,161,0.0
548.953848,226,102.731647,548.9538484119382,2.5988368096949834,226,0.0
466.312442,177,102.965977,466.3124424358185,2.3280101577587864,177,0.0
504.392318,215,103.011458,504.3923177731781,2.329870090019776,215,0.0
451.704141,167,103.047588,451.70414062046774,2.290796982608165,167,0.0
515.870415,198,103.292378,515.8704150258055,2.557278112493979,198,0.0
535.44664,196,103.335276,535.4466397602134,2.72975530313274,196,0.0
528.475458,196,103.376568,528.4754575737917,2.6738138645884026,196,0.0
563.358715,199,103.612483,563.3587146234973,2.9290977419400948,199,0.0
467.085,194,103.653196,467.085000040725,2.1987866110784413,194,0.0
593.497836,217,103.892169,593.4978361623746,3.026896481363409,217,0.0
645.501608,284,103.956432,645.501608009409,2.909054413912487,284,0.0
414.616305,161,104.188009,414.61630479316256,2.0417647181991505,161,0.0
635.917131,242,104.24126,635.9171309218955,3.166962766633724,242,0.0
486.233602,185,104.284724,486.2336019129785,2.423750199102843,185,0.0
465.624132,190,104.518235,465.6241316376506,2.21887108720859,190,0.0
479.496381,185,104.55928,479.49638140676,2.3697066254809083,185,0.0
485.598833,202,104.602405,485.5988332820169,2.2833120324090483,202,0.0
462.315127,176,104.844236,462.31512717427773,2.3040464937316316,176,0.0
585.20983,205,104.889795,585.2098302656027,3.0560293803521876,205,0.0
515.015373,189,105.129205,515.0153731193082,2.6219321727979272,189,0.0
462.784991,180,105.168275,462.7849914233151,2.275942765405922,180,0.0
516.764471,207,105.210784,516.7644714303931,2.492413952556931,207,0.0
549.609029,240,105.464725,549.6090290046765,2.492215876688996,240,0.0
595.73405,273,105.522978,595.7340496725622,2.5985384527981163,273,0.0
427.666601,170,105.749047,427.66660052990864,2.0745125163606435,170,0.0
536.334969,191,105.791414,536.33496948242,2.7764970329402034,191,0.0
599.594869,202,105.835332,599.5948687307056,3.1949546844703947,202,0.0
530.049284,199,106.069922,530.0492843886401,2.6626443738423515,199,0.0
403.209072,167,106.105072,403.20907190978386,1.9029620891593582,167,0.0
537.144533,205,106.341732,537.1445329037375,2.6715217384942807,205,0.0
453.449261,182,106.380135,453.44926055271856,2.1851691778587337,182,0.0
260.513447,121,106.406123,260.51344669889824,1.1277776028933135,121,0.0
458.14709,178,106.443866,458.1470897479027,2.254507229696622,178,0.0
496.239587,189,106.675419,496.23958688015813,2.4719431884029515,189,0.0
516.960008,196,106.716547,516.9600078338514,2.5818788982318615,196,0.0
571.17772,217,106.953061,571.1777196053116,2.8482547272083725,217,0.0
632.133772,227,106.999258,632.1337717353484,3.2562925322413427,227,0.0
463.189839,209,107.237915,463.1898385867976,2.048036551324304,209,0.0
393.963293,156,107.271321,393.96329321525735,1.91649950910544,156,0.0
797.012039,274,107.329279,797.0120390851695,4.2006075556437965,274,0.0
449.343662,179,107.565752,449.34366228613976,2.1764223287335396,179,0.0
403.080175,151,107.597865,403.08017496698926,2.0294166651799856,151,0.0
465.102975,201,107.642079,465.102975301219,2.1272901890744107,201,0.0
562.655972,211,107.887481,562.6559723729972,2.8276782608835056,211,0.0
531.01037,233,107.938465,531.0103704366089,2.39964467689317,233,0.0
572.246832,257,108.18946,572.2468315491251,2.5381484890489134,257,0.0
498.903258,192,108.229869,498.9032577546842,2.469153345424174,192,0.0
512.298854,200,108.463867,512.2988541122849,2.5128035197929286,200,0.0
260.271356,114,108.488765,260.27135590387354,1.1817198752238667,114,0.0
558.279647,208,108.534614,558.2796472165946,2.8168150600906303,208,0.0
518.988246,208,108.781995,518.9882459994843,2.50245073307294,208,0.0
601.436646,226,108.829369,601.4366457204443,3.018398610548111,226,0.0
600.276623,211,108.875603,600.2766227402601,3.1289080847287516,211,0.0
546.352415,204,109.133582,546.3524147670746,2.753210631722982,204,0.0
575.97689,204,109.181486,575.9768904925104,2.9901367722919305,204,0.0
550.098394,205,109.430032,550.0983942926783,2.775374533796062,205,0.0
558.548361,207,109.479978,558.5483612623439,2.827025531078057,207,0.0
535.170932,202,109.522742,535.1709320831903,2.6795872517910597,202,0.0
585.179363,204,109.75919,585.1793628762168,3.0637985786776385,204,0.0
480.171661,168,109.795201,480.1716606801235,2.5108022581863016,168,0.0
314.592843,133,109.822641,314.59284257298805,1.464835791269616,133,0.0
551.537439,199,110.061496,551.5374391459849,2.8344182727627394,199,0.0
572.475468,211,110.107131,572.4754676546256,2.906436980238969,211,0.0
609.350912,229,110.368971,609.350911743739,3.0583199109484274,229,0.0
596.244555,212,110.414572,596.2445551762778,3.0885264970998856,212,0.0
613.5036,217,110.460422,613.503600354468,3.1870119689026697,217,0.0
348.695693,153,110.685979,348.6956932674678,1.5784287206415502,153,0.0
582.671348,208,110.729655,582.6713484196249,3.0118448233548745,208,0.0
627.564221,216,110.975141,627.5642211086504,3.3073445750155783,216,0.0
638.096371,225,111.022673,638.0963705854515,3.3197682408556575,225,0.0
581.182365,228,111.072364,581.182364839198,2.840679824884599,228,0.0
578.6225,211,111.314867,578.6225000659668,2.955765275544644,211,0.0
591.48075,205,111.359531,591.4807496989266,3.1062303228600876,205,0.0
557.685381,208,111.602157,557.6853810000387,2.8119885303535788,208,0.0
639.907244,237,111.654145,639.9072435876602,3.2386500388002126,237,0.0
467.843838,192,111.89587,467.84383783067625,2.220770170572926,192,0.0
544.190659,193,111.938269,544.1906589310985,2.823636706276347,193,0.0
646.793214,226,111.986515,646.7932137313959,3.3816193696085097,226,0.0
581.043793,204,112.221843,581.0437928143942,3.030752654367357,204,0.0
612.961912,228,112.270841,612.9619115505915,3.0951731695485,228,0.0
455.523702,218,112.513692,455.52370211794965,1.915145848118587,218,0.0
632.565823,217,112.560852,632.5658232939617,3.3394780706220875,217,0.0
415.639115,172,112.597927,415.63911533354093,1.9624880874947281,172,0.0
539.603933,210,112.838365,539.6039328558078,2.6515144004014792,210,0.0
683.822155,241,112.888839,683.8221548687095,3.5581047873233547,241,0.0
610.226274,203,113.12087,610.2262740388285,3.272267899362748,203,0.0
620.663328,219,113.167082,620.6633283654803,3.2283477246123296,219,0.0
645.873485,225,113.404115,645.8734852560556,3.381884683800482,225,0.0
546.83209,206,113.447763,546.832090474294,2.741087829347524,206,0.0
406.313031,156,113.482157,406.31303112205,2.0153724421576316,156,0.0
606.999723,213,113.723193,606.9997232466297,3.1667718328595162,213,0.0
588.173496,209,113.76857,588.1734956220349,3.047856990852655,209,0.0
696.412467,253,114.017495,696.4124670173256,3.563182831569748,253,0.0
546.725255,209,114.063329,546.7252545027781,2.71641427220629,209,0.0
483.038975,190,114.107085,483.0389745594932,2.35811412665881,190,0.0
629.491496,223,114.351383,629.4914958841642,3.2669445915037825,223,0.0
555.109962,209,114.398835,555.1099616205161,2.7836201834034773,209,0.0
532.697909,196,114.636254,532.6979092555245,2.707558364043578,196,0.0
635.695083,223,114.68625,635.6950826916061,3.316617938108209,223,0.0
615.050774,223,114.735164,615.0507743108017,3.1512612144087804,223,0.0
682.313095,258,114.993104,682.3130949392487,3.4104320717251264,258,0.0
607.415761,238,115.045503,607.4157610222101,2.9707741414165953,238,0.0
567.146855,197,115.276815,567.1468552707883,2.975453592328878,197,0.0
594.07316,216,115.3237,594.0731602592999,3.0396611789512624,216,0.0
683.015322,234,115.567571,683.0153222808756,3.607346403327325,234,0.0
632.968513,269,115.625093,632.9685126464705,2.9283914581068853,269,0.0
606.830807,222,115.875048,606.8308068711312,3.0937174695391203,222,0.0
629.289928,226,115.924022,629.2899282277093,3.241592893069981,226,0.0
679.031577,250,116.169049,679.0315769276989,3.447972755808893,250,0.0
501.506467,192,116.210722,501.50646650013636,2.490213531015636,192,0.0
658.345068,246,116.262043,658.3450675142516,3.314561652586095,246,0.0
441.025505,172,116.499608,441.025504802458,2.165470219376864,172,0.0
597.826926,217,116.54836,597.8269263030662,3.061683465482425,217,0.0
546.387154,214,116.788351,546.3871535121185,2.6740339332643557,214,0.0
603.011226,215,116.836276,603.0112264190552,3.1188591159371564,215,0.0
617.306464,222,116.883941,617.3064643569074,3.177706871971126,222,0.0
667.922755,238,117.125301,667.9227551715815,3.454762972876723,238,0.0
628.252645,235,117.175683,628.2526454069634,3.1616143351884403,235,0.0
539.635928,208,117.414784,539.6359282083952,2.667475018034059,208,0.0
680.330202,241,117.467169,680.3302017724019,3.5302871870362176,241,0.0
610.543434,216,117.706538,610.5434337310453,3.171284441859244,216,0.0
404.943053,170,117.74209,404.94305333808416,1.8927676391582093,170,0.0
464.14259,193,117.782433,464.1425895670397,2.1833071132566535,193,0.0
658.181602,236,118.019128,658.1816015175597,3.3927528005546432,236,0.0
417.807931,170,118.056089,417.80793137604456,1.9957628151486133,170,0.0
542.099978,196,118.282431,542.0999784170064,2.7831103096722574,196,0.0
719.768753,262,118.335173,719.7687534254891,3.6784738683442817,262,0.0
648.30136,231,118.568222,648.3013602360747,3.3535892260954805,231,0.0
547.327947,214,118.613055,547.3279468961306,2.6814298509204835,214,0.0
660.501595,239,118.662648,660.5015946322748,3.3875493199899225,239,0.0
657.813776,256,118.906442,657.8137755678441,3.23072236606511,256,0.0
650.900382,238,118.956209,650.9003823691263,3.318644348729016,238,0.0
638.496474,224,119.188964,638.4964736894699,3.3309232829298776,224,0.0
541.806383,194,119.229396,541.8063831692616,2.7963168562278575,194,0.0
569.501144,203,119.459049,569.5011444835378,2.9464357548577076,203,0.0
488.626363,178,119.495762,488.62636347360416,2.4984657792114446,178,0.0
679.601818,254,119.548504,679.601818247706,3.420990598725214,254,0.0
614.656837,213,119.778818,614.656837144291,3.2278977599526355,213,0.0
562.425017,202,119.821229,562.4250165475398,2.8977593614783914,202,0.0
525.777627,195,120.054296,525.7776274800666,2.6602940550685967,195,0.0
721.440391,264,120.112082,721.4403910296036,3.676081014873647,264,0.0
593.047194,230,120.35016,593.047193896747,2.919531013124807,230,0.0
726.760838,275,120.411113,726.7608381461213,3.6306876531897885,275,0.0
632.414004,223,120.650731,632.414004350869,3.290276596640489,223,0.0
689.568542,261,120.70802,689.5685418668868,3.445090521094736,261,0.0
659.598718,226,120.955417,659.5987180831588,3.4841909894415974,226,0.0
572.322717,204,121.000121,572.3227172943679,2.9610464738061006,204,0.0
381.528365,151,121.03239,381.52836509149864,1.8569528551098613,151,0.0
289.093904,125,121.061219,289.0939035758675,1.3246789974753332,125,0.0
621.505148,225,121.305791,621.5051476247411,3.187044591956614,225,0.0
563.41738,203,121.349992,563.4173799256622,2.8979705634074784,203,0.0
591.933719,216,121.590637,591.9337188296445,3.0223637136770094,216,0.0
552.581117,238,121.642766,552.5811172000007,2.532205272186819,238,0.0
560.142297,195,121.882602,560.1422969756579,2.9354770294814725,195,0.0
576.395175,212,121.927755,576.3951750536702,2.9300866545107396,212,0.0
656.13981,236,121.976898,656.1398096765729,3.376588395356278,236,0.0
633.694065,223,122.221339,633.6940654714494,3.300626475801055,223,0.0
603.286925,210,122.265488,603.2869250792266,3.1607116828862196,210,0.0
722.847861,278,122.520224,722.8478612129167,3.575473058480813,278,0.0
464.698498,191,122.560244,464.698497714957,2.2035082173888956,191,0.0
682.945987,245,122.812259,682.9459871648014,3.5195087183187885,245,0.0
548.817724,193,122.855548,548.8177238713091,2.860685208798258,193,0.0
687.139749,258,123.100974,687.1397491654637,3.449067811779326,258,0.0
691.879001,243,123.154483,691.8790011218998,3.6065212704664242,243,0.0
630.567608,221,123.203199,630.567607670352,3.2914716224551612,221,0.0
691.168411,248,123.450292,691.1684109172081,3.5611723429964806,248,0.0
635.382043,238,123.502129,635.3820429239323,3.194903972744861,238,0.0
611.727455,218,123.744551,611.7274546994828,3.1646332136906685,218,0.0
632.759493,248,123.797919,632.7594931025152,3.0937555640867727,248,0.0
626.411738,243,124.036602,626.4117380132473,3.083129165188721,243,0.0
603.137319,212,124.081763,603.1373185525204,3.1439160461946543,212,0.0
605.771143,219,124.315146,605.7711429311144,3.109197596296066,219,0.0
572.695935,205,124.358751,572.6959350282357,2.95605181793666,205,0.0
283.319596,124,124.384938,283.319596092713,1.28656884015935,124,0.0
530.043955,203,124.623541,530.0439547935362,2.6308670526072224,203,0.0
534.672252,179,124.658966,534.6722517404447,2.8590871629889842,179,0.0
566.213637,216,124.704352,566.2136371865463,2.816392469711464,216,0.0
616.138511,240,124.937929,616.1385113602179,3.0245352119249427,240,0.0
398.849334,147,124.969726,398.8493335116287,2.0275565616918563,147,0.0
656.242238,236,125.214479,656.2422384795509,3.377374752495442,236,0.0
638.193182,218,125.259555,638.193181684168,3.37663965994248,218,0.0
728.104048,310,125.51504,728.1040479464214,3.362774853293031,310,0.0
703.508868,246,125.567471,703.5088675883811,3.6760252992996794,246,0.0
479.579186,190,125.799946,479.5791860469189,2.330437310888557,190,0.0
612.868094,247,125.849782,612.8680939750338,2.942691000322111,247,0.0
679.279723,269,126.094545,679.279723076112,3.2989542548513726,269,0.0
652.490625,237,126.142264,652.4906253499757,3.339029113403957,237,0.0
641.413781,229,126.189716,641.4137813675565,3.3147793932610194,229,0.0
642.121909,263,126.437295,642.1219094207966,3.0494338804877303,263,0.0
653.477341,258,126.494505,653.4773411238901,3.179995392528633,258,0.0
661.123508,253,126.750504,661.1235076259975,3.280944489888783,253,0.0
572.183911,207,126.793608,572.1839105021575,2.935906811601777,207,0.0
711.306658,266,127.041189,711.30665807913,3.5788044638567023,266,0.0
739.919327,268,127.099421,739.9193274980445,3.791668033881416,268,0.0
592.416122,217,127.34399,592.4161224776931,3.0178802328972587,217,0.0
667.957897,240,127.393223,667.9578967174297,3.4392552835602417,240,0.0
526.461724,204,127.630578,526.4617240000067,2.5938973438172734,204,0.0
691.603823,252,127.685579,691.6038226519876,3.5326974391103656,252,0.0
333.085969,123,127.711103,333.0859694035539,1.6924142486755198,123,0.0
639.415318,232,127.955498,639.415318232568,3.274576069714155,232,0.0
704.029243,237,128.008069,704.0292431433353,3.7519732064879623,237,0.0
551.436085,222,128.252991,551.43608485041,2.650415855048301,222,0.0
557.580147,210,128.2992,557.5801465697596,2.795091415002949,210,0.0
700.863063,267,128.554181,700.8630632147043,3.4871672458411833,267,0.0
656.687026,236,128.60226,656.6870261578276,3.3806370672823234,236,0.0
735.190615,286,128.854668,735.19061481908,3.6104156416753885,286,0.0
332.369997,131,128.881682,332.36999670536454,1.6230780154618776,131,0.0
645.157615,233,128.933152,645.1576145419989,3.3126600899896763,233,0.0
658.488733,228,129.175716,658.4887334710287,3.459088539051878,228,0.0
396.642343,164,129.212796,396.64234305159596,1.8743221070224738,164,0.0
689.787624,248,129.463029,689.7876237814222,3.550089266582877,248,0.0
551.921919,223,129.510495,551.9219190331866,2.6462670127648766,223,0.0
704.360468,280,129.758408,704.3604680595007,3.411584909285992,280,0.0
609.908967,233,129.805601,609.9089666681671,3.030757645317226,233,0.0
554.007514,195,130.035802,554.0075137024214,2.886371871264969,195,0.0
598.13756,219,130.085031,598.1375601812413,3.04809054477636,219,0.0
551.330718,215,130.12908,551.3307175198934,2.7053141541064822,215,0.0
661.412093,241,130.370426,661.4120926380524,3.379038271966125,241,0.0
652.520192,216,130.413639,652.5201916091628,3.5070295926639954,216,0.0
703.575758,256,130.653987,703.5757580808024,3.596859155425717,256,0.0
646.825994,251,130.705459,646.8259941387659,3.182478620114151,251,0.0
398.012598,150,130.92465,398.012597968224,1.9967926341155866,150,0.0
596.061116,220,130.969304,596.0611157612695,3.0234975633582533,220,0.0
990.570376,375,131.239405,990.5703755562005,4.944262610391379,375,0.0
636.809751,226,131.287195,636.8097505921568,3.3015776507216104,226,0.0
768.616148,261,131.536375,768.6161476099727,4.077492108981765,261,0.0
698.610974,246,131.587556,698.6109743036147,3.636654455900603,246,0.0
690.853949,250,131.826844,690.853949351032,3.542776496693718,250,0.0
721.314443,259,131.882931,721.3144425174057,3.71468245729195,259,0.0
287.411079,110,131.906192,287.4110786178016,1.4308998218729025,110,0.0
610.113523,238,132.148925,610.1135228552363,2.9925094312570786,238,0.0
565.501918,235,132.201179,565.5019180052533,2.659285345431113,235,0.0
614.618938,222,132.446422,614.6189376120007,3.1559724949333914,222,0.0
546.550333,238,132.498625,546.5503332061465,2.484190473044853,238,0.0
617.837958,214,132.739259,617.837957679575,3.2455838013528058,214,0.0
648.23331,242,132.792344,648.2333100697687,3.265861171888159,242,0.0
682.432079,250,133.032469,682.4320792592442,3.475500040058948,250,0.0
718.680639,252,133.08602,718.6806386516572,3.7496744172205423,252,0.0
629.054888,216,133.130194,629.0548884896805,3.319396880561682,216,0.0
690.623514,252,133.373562,690.6235141626706,3.5249119880465076,252,0.0
620.692204,229,133.419829,620.6922044497637,3.148649406728108,229,0.0
625.869056,227,133.657501,625.8690561621551,3.2062185139699686,227,0.0
688.09013,244,133.706867,688.0901304368788,3.568674508641972,244,0.0
677.972507,235,133.936183,677.9725069666613,3.559279552916892,235,0.0
632.142947,224,133.983273,632.1429469195461,3.2804446264636056,224,0.0
615.730319,232,134.220937,615.7303190128708,3.0851480258785675,232,0.0
647.602284,253,134.271752,647.6022843363806,3.1729441112189543,253,0.0
740.401124,264,134.513967,740.4011235006305,3.82752362787978,264,0.0
558.928459,227,134.561948,558.9284593657098,2.670788139016159,227,0.0
525.484579,186,134.599531,525.4845794546994,2.729966858802822,186,0.0
667.98137,263,134.847986,667.9813696031038,3.25610135699551,263,0.0
712.96159,262,135.096013,712.9615899600974,3.6242906303066396,262,0.0
756.956946,270,135.152263,756.956946405545,3.9123483258156866,270,0.0
596.864417,225,135.201693,596.8644166552308,2.990092466895159,225,0.0
617.710701,225,135.442916,617.7107008577302,3.15670261284558,225,0.0
708.352802,263,135.500162,708.3528023263415,3.5791981918915914,263,0.0
580.832814,221,135.743504,580.832813904361,2.8935439251994413,221,0.0
612.469112,224,135.790377,612.4691116788607,3.122996711193358,224,0.0
846.763949,312,136.045906,846.7639491614531,4.296129678379274,312,0.0
604.869257,226,136.094735,604.8692573852713,3.0460626705932388,226,0.0
620.800259,238,136.339002,620.8002594173761,3.0778443121573815,238,0.0
421.603707,153,136.371303,421.6037066445096,2.161829083698888,153,0.0
682.101679,239,136.62141,682.10167892417,3.560272165816282,239,0.0
710.257841,257,136.675695,710.2578407344108,3.642240044283901,257,0.0
501.50408,200,136.718944,501.5040804411339,2.4264203315204433,200,0.0
689.640474,275,136.971196,689.6404737518367,3.333714787348798,275,0.0
608.63158,202,137.013855,608.6315804131671,3.2675735720383883,202,0.0
577.271222,225,137.259972,577.2712223061916,2.8332454084137715,225,0.0
582.176736,205,137.302971,582.1767356568535,3.0318057607407174,205,0.0
617.386361,218,137.538497,617.3863609993804,3.2099322059215787,218,0.0
819.983151,281,137.600536,819.9831508158044,4.329064838783658,281,0.0
633.378707,230,137.834246,633.3787070127569,3.2423055764652005,230,0.0
675.517491,249,137.887574,675.5174909296873,3.4281516995848778,249,0.0
593.317564,225,138.131685,593.3175638460885,2.961476792458152,225,0.0
634.0685,234,138.180575,634.068499637733,3.2159854284307943,234,0.0
530.774628,218,138.227522,530.77462783758,2.5170480668097306,218,0.0
636.957838,242,138.463414,636.957837525831,3.175293551961568,242,0.0
821.240372,246,138.514125,821.240372180308,4.6178115327503395,246,0.0
594.852631,225,138.744902,594.8526308482743,2.973845651604978,225,0.0
667.745936,240,138.79597,667.7459356894296,3.4376210375922156,240,0.0
843.355609,291,139.042945,843.3556087439304,4.43612942036493,291,0.0
596.815858,234,139.089848,596.8158576234537,2.917837792565905,234,0.0
626.156291,237,139.326964,626.1562907486453,3.1289652886159685,237,0.0
607.20442,239,139.377273,607.2044201418493,2.961016248678573,239,0.0
660.634885,241,139.613302,660.6348854201048,3.3728449858782024,241,0.0
518.062904,210,139.656487,518.0629044277949,2.4793882462841514,210,0.0
446.643502,163,139.689929,446.6435018943151,2.2823752755792754,163,0.0
613.751658,246,139.923512,613.7516583743096,2.957923118838201,246,0.0
696.716434,247,139.974707,696.7164337118882,3.6136052903222144,247,0.0
794.430302,266,140.222672,794.4303015108862,4.2439072450430615,266,0.0
524.055772,188,140.262296,524.0557721874414,2.7024813638787486,188,0.0
677.08997,256,140.504935,677.0899695027366,3.384801258877184,256,0.0
688.536988,245,140.55582,688.5369876580055,3.5638940825806746,245,0.0
613.299423,223,140.804045,613.2994226695905,3.137513985941084,223,0.0
711.364973,243,140.855041,711.3649730144487,3.762449324582665,243,0.0
593.514459,224,141.094319,593.5144585619585,2.9712390328231453,224,0.0
727.024641,267,141.151348,727.0246405225781,3.696745357169081,267,0.0
673.985405,235,141.385635,673.985405015873,3.527360031166094,235,0.0
681.989989,243,141.437822,681.9899890495795,3.5276717891317686,243,0.0
562.118195,211,141.673507,562.1181945778645,2.8237413258608273,211,0.0
572.628496,206,141.71555,572.6284957814341,2.9473860807007806,206,0.0
494.723764,173,141.751088,494.72376369848445,2.587312441650822,173,0.0
645.576908,231,141.989279,645.5769079120404,3.3320613182289858,231,0.0
775.690087,310,142.058213,775.6900867831888,3.743714343485796,310,0.0
547.317161,216,142.291432,547.3171613580691,2.665312344551018,216,0.0
602.399164,234,142.342888,602.3991635109927,2.962523068528569,234,0.0
682.135408,251,142.592222,682.1354083808272,3.465021119447903,251,0.0
649.920973,282,142.652889,649.9209731508159,2.9605541254240113,282,0.0
664.949609,235,142.89391,664.9496086188676,3.4548650628692186,235,0.0
539.484131,221,142.93905,539.4841306672281,2.5630177359855453,221,0.0
727.397721,272,143.194556,727.3977208945444,3.659937895012097,272,0.0
695.491766,240,143.244389,695.4917655014083,3.6594230494580224,240,0.0
664.975568,259,143.486338,664.9755676834525,3.264131323264842,259,0.0
789.198426,263,143.543082,789.1984258889962,4.226105738923268,263,0.0
867.571254,286,143.787057,867.5712538405178,4.669777102403786,286,0.0
640.948815,244,143.837549,640.9488154430157,3.1917932961409767,244,0.0
796.453052,274,144.088082,796.4530519387711,4.196634811075237,274,0.0
938.364997,346,144.163192,938.3649974164363,4.75822924835555,346,0.0
700.631394,268,144.41727,700.6313939629048,3.4773638995346956,268,0.0
701.507656,244,144.469298,701.5076558898385,3.67571046138085,244,0.0
619.534795,248,144.716813,619.5347945815219,2.9882617827750995,248,0.0
665.094673,238,144.767233,665.0946725828522,3.4324207311564687,238,0.0
660.974684,234,145.003053,660.97468437177,3.4311052075888457,234,0.0
614.783061,228,145.050261,614.783061231453,3.1094200176267957,228,0.0
693.031204,244,145.293396,693.0312036401323,3.608209564501203,244,0.0
631.21396,229,145.338382,631.2139600716952,3.2329427527982375,229,0.0
620.284532,228,145.57417,620.2845319399275,3.1532820577922407,228,0.0
311.404351,133,145.600756,311.4043506094598,1.439581676562777,133,0.0
631.950205,258,145.653417,631.9502049971424,3.007716804751607,258,0.0
666.354181,247,145.890884,666.354181436488,3.3705970546688238,247,0.0
518.412744,199,145.934006,518.4127436101799,2.569466952209092,199,0.0
600.581463,239,146.172515,600.5814631971434,2.908434707184432,239,0.0
812.962297,270,146.228374,812.9622967236706,4.360577843413153,270,0.0
642.974558,236,146.465876,642.9745578045747,3.2710138215333426,236,0.0
841.506859,279,146.522079,841.5068590411043,4.5170051627191246,279,0.0
586.038385,216,146.749244,586.0383850046446,2.9753770494360583,216,0.0
632.628757,239,146.796901,632.6287567715686,3.1646122045945906,239,0.0
615.29492,224,147.029751,615.2949198591209,3.1454678865426517,224,0.0
690.385806,261,147.082559,690.385806129751,3.4514524913530407,261,0.0
749.003709,269,147.32113,749.0037089834411,3.8565113967789006,269,0.0
796.212911,264,147.375104,796.2129111408558,4.273926395137665,264,0.0
717.334182,271,147.616008,717.3341817119748,3.5874132075451404,271,0.0
632.708095,230,147.661483,632.7080946439328,3.236944082721437,230,0.0
743.593105,250,147.899092,743.5931045838063,3.96469295409239,250,0.0
637.490324,249,147.948809,637.4903242638997,3.1237312299513857,249,0.0
836.148198,351,148.204409,836.1481977490699,3.900496274959473,351,0.0
623.806385,241,148.254019,623.8063848992629,3.0781089377921522,241,0.0
709.800766,276,148.504959,709.8007661781983,3.4872140745527216,276,0.0
645.360107,236,148.55446,645.3601074116448,3.2903647557069737,236,0.0
668.624138,246,148.79668,668.6241377033949,3.3965618307549166,246,0.0
809.089826,284,148.856574,809.0898258536648,4.2180185751501975,284,0.0
641.983517,275,149.103682,641.983516645321,2.95282386260149,275,0.0
679.759667,237,149.151133,679.75966741825,3.557387735744417,237,0.0
669.226092,230,149.384175,669.2260924400096,3.529026119216743,230,0.0
679.159701,232,149.433236,679.1597010382334,3.5925460100869655,232,0.0
677.07092,245,149.669924,677.0709199234029,3.472327911014948,245,0.0
763.756383,271,149.727861,763.7563832613583,3.95876125914841,271,0.0
564.399857,212,149.965146,564.3998565816934,2.8339731476352825,212,0.0
678.478877,244,150.015942,678.4788773209681,3.491540173700739,244,0.0
547.990798,214,150.246304,547.9907980615452,2.686706729236573,214,0.0
735.171534,252,150.297859,735.1715338317599,3.881555396559769,252,0.0
614.646927,245,150.347378,614.646926991697,2.9729110151608262,245,0.0
678.972685,244,150.584444,678.9726854635882,3.4957052770255275,244,0.0
842.346337,395,150.846204,842.3463370099128,3.5997370926606838,395,0.0
672.332303,236,150.893689,672.3323027384234,3.5062795857850473,236,0.0
928.884893,386,151.157792,928.884893033232,4.363491589898601,386,0.0
495.83717,198,151.198405,495.83717004027943,2.3967976905399757,198,0.0
595.547765,234,151.4292,595.5477653596612,2.9077723520568135,234,0.0
600.536597,249,151.482152,600.5365974085403,2.82824490286675,249,0.0
757.170014,330,151.742658,757.1700137930156,3.4361639286137544,330,0.0
723.086112,246,151.79225,723.0861115182611,3.8325681538251035,246,0.0
663.421696,229,152.030581,663.4216964229433,3.4904456035772,229,0.0
754.78736,265,152.087273,754.7873604909524,3.934828495679984,265,0.0
581.687152,219,152.326073,581.6871519832118,2.9163354420136245,219,0.0
723.624933,303,152.389733,723.6249334942466,3.383021171052873,303,0.0
663.237277,249,152.635243,663.237276658391,3.329899322978021,249,0.0
743.232646,270,152.690401,743.2326457442695,3.80258713919705,270,0.0
853.855748,278,152.939447,853.8557478820646,4.6237013274479475,278,0.0
729.740615,249,152.992442,729.7406153921409,3.861826000790408,249,0.0
656.316601,233,153.232353,656.3166011694484,3.402004608062386,233,0.0
778.44994,261,153.288583,778.4499398560228,4.155942421914605,261,0.0
597.712625,210,153.527335,597.712625404237,3.1162943717641696,210,0.0
436.395831,201,153.570926,436.3958313051629,1.897664453659033,201,0.0
424.751287,199,153.803152,424.7512868102925,1.8207679435631667,199,0.0
602.171959,242,153.853584,602.1719590818896,2.8972184359784534,242,0.0
743.881415,287,154.107426,743.8814151232702,3.6722493357567982,287,0.0
701.666656,261,154.162077,701.6666555413639,3.5420353258771016,261,0.0
77.123801,186,154.202178,77.12380110068099,-0.8568173263470948,186,0.0
459.753704,205,154.435324,459.7537035311037,2.0526346041391985,205,0.0
834.992777,283,154.495753,834.9927768629411,4.433406404216881,283,0.0
615.525495,212,154.740741,615.5254951752362,3.24312683548563,212,0.0
772.831441,246,154.794899,772.8314405090756,4.230510485875515,246,0.0
816.320331,295,155.05297,816.3203314643655,4.188231856989358,295,0.0
757.382589,252,155.110289,757.3825889845414,4.059212944667633,252,0.0
630.657074,237,155.365883,630.6570742260924,3.164969582139718,237,0.0
766.501801,267,155.423976,766.5018013913993,4.012912179053108,267,0.0
716.977217,246,155.679156,716.977217161454,3.7837036446743366,246,0.0
762.168798,262,155.737661,762.1687977809554,4.018005613917188,262,0.0
612.784856,256,155.998734,612.7848555296566,2.8707170436325686,256,0.0
821.085278,270,156.059344,821.0852784818204,4.425541239890213,270,0.0
625.759783,241,156.311641,625.7597826875639,3.0938106526537394,241,0.0
703.906611,238,156.363471,703.9066106423633,3.7427746240238773,238,0.0
887.390933,275,156.624982,887.3909334172549,4.916266198560638,275,0.0
871.874704,315,156.694623,871.8747036601229,4.4734671161545805,315,0.0
691.380318,267,156.948925,691.3803181683506,3.4120211805769065,267,0.0
760.407714,241,157.000015,760.4077135801643,4.170998382769415,241,0.0
658.030599,245,157.252419,658.0305988502876,3.3203393680365374,245,0.0
708.646744,233,157.304878,708.6467443202349,3.820539474451507,233,0.0
733.488894,284,157.569008,733.4888940939533,3.6132853468269754,284,0.0
686.091785,241,157.623145,686.0917850227668,3.5765864898404964,241,0.0
836.50575,307,157.890192,836.5057498236567,4.254240052359297,307,0.0
590.254068,228,157.942929,590.2540679495216,2.9134389900009285,228,0.0
660.087861,219,158.188725,660.0878608865593,3.543806632092909,219,0.0
648.329636,214,158.236293,648.3296363984795,3.4897186725484985,214,0.0
896.045836,341,158.506054,896.0458362050944,4.459413017449626,341,0.0
896.210992,301,158.770702,896.2109921772017,4.779573404496151,301,0.0
637.495839,228,158.819898,637.4958394240309,3.2915558918952557,228,0.0
715.554771,262,159.07486,715.5547709240641,3.6451829250541095,262,0.0
629.31385,239,159.126829,629.3138495350265,3.138398867918747,239,0.0
545.510335,205,159.171613,545.510335108846,2.7385858918251342,205,0.0
684.276576,240,159.424165,684.2765759140095,3.5697181261703936,240,0.0
662.394242,243,159.478083,662.3942417630293,3.3712349205090226,243,0.0
877.429833,281,159.734776,877.4298326583304,4.788765477606622,281,0.0
823.92854,298,159.798584,823.9285400256563,4.225251952814348,298,0.0
833.11039,285,160.059996,833.1103897503115,4.402437823938952,285,0.0
748.68385,253,160.315635,748.6838501107069,3.9817029889167324,253,0.0
548.770916,218,160.365006,548.7709159905658,2.661374769967875,218,0.0
638.549296,235,160.4171,638.5492961602681,3.2440936524573165,235,0.0
587.595032,219,160.671194,587.5950317456736,2.963717294282745,219,0.0
916.143971,311,160.743914,916.1439706489108,4.859699253966392,311,0.0
686.438907,280,161.017356,686.4389065308105,3.2683933957579194,280,0.0
721.095616,267,161.277325,721.0956159487358,3.6494408018678364,267,0.0
669.712603,243,161.331306,669.7126030756515,3.429788448259144,243,0.0
686.788307,234,161.384188,686.7883069492774,3.6379616152655427,234,0.0
740.189171,246,161.644283,740.1891711986208,3.969635537096619,246,0.0
709.623184,255,161.704055,709.6231842839773,3.6532677860391614,255,0.0
879.626621,289,161.978217,879.6266207740034,4.742497614744747,289,0.0
761.918249,252,162.036865,761.9182489278957,4.095636386995945,252,0.0
688.640245,264,162.308959,688.640245432009,3.414100678661637,264,0.0
671.518442,227,162.358732,671.5184422923546,3.571550609630583,227,0.0
785.772128,265,162.628169,785.7721279909874,4.182879634306055,265,0.0
886.826625,306,162.920488,886.8266252734625,4.664651832160667,306,0.0
614.300946,232,162.974706,614.3009463083933,3.0741166892236147,232,0.0
745.598485,306,163.246136,745.5984851233661,3.5347570750098707,306,0.0
669.178549,238,163.300689,669.1785492492637,3.465133077593641,238,0.0
609.443536,218,163.561774,609.4435355244747,3.1466447133277198,218,0.0
618.902089,232,163.614286,618.902089452845,3.110540068659064,232,0.0
724.40597,271,163.681714,724.4059700420459,3.6440375978448287,271,0.0
732.412426,255,163.946608,732.412426387886,3.835771221379708,255,0.0
649.652036,223,163.994048,649.6520355093344,3.4286048252758006,223,0.0
571.259866,231,164.259978,571.2598661823932,2.7376023012059085,231,0.0
756.353852,271,164.32274,756.3538515942756,3.8996800238714555,271,0.0
897.491139,372,164.612124,897.4911390248272,4.224481679740219,372,0.0
695.78409,257,164.884136,695.784090049401,3.5267117601154325,257,0.0
692.370678,234,164.938511,692.3706782742607,3.6827622017241777,234,0.0
998.493614,332,165.224993,998.4936142301256,5.3508677742802115,332,0.0
713.916039,234,165.280055,713.9160393755232,3.854738073577588,234,0.0
571.32209,195,165.53138,571.3220895680207,3.0251630773638016,195,0.0
566.490299,215,165.579116,566.4902992023168,2.826870664472144,215,0.0
693.328866,263,165.84473,693.3288664960256,3.459130198870189,263,0.0
792.22641,290,165.912847,792.2264101914241,4.03563568353401,290,0.0
708.097886,234,166.179462,708.0978860249093,3.8080998497274128,234,0.0
865.598995,279,166.245713,865.598994857051,4.709998578823185,279,0.0
805.904439,301,166.522489,805.9044390418699,4.057123524180716,301,0.0
307.283558,133,166.552995,307.28355823740714,1.4065232267071026,133,0.0
758.439437,250,166.607943,758.4394372183874,4.083783416316137,250,0.0
659.350009,239,166.85964,659.3500091276899,3.378517485474662,239,0.0
743.105235,268,166.917989,743.1052352597973,3.8175778912002487,268,0.0
702.503825,235,167.164584,702.5038251980969,3.7557530975932774,235,0.0
760.640184,310,167.231026,760.6401844477498,3.6234992322232458,310,0.0
787.259578,273,167.486197,787.2595777028774,4.131038142045271,273,0.0
920.383001,310,167.742837,920.3830011233499,4.901120225686801,310,0.0
667.536328,233,167.793149,667.5363277395547,3.4920967482893257,233,0.0
591.156849,235,168.039336,591.1568489097455,2.8648496135031283,235,0.0
680.451087,250,168.09375,680.4510872362089,3.459737125865479,250,0.0
647.134152,224,168.142397,647.1341520787985,3.4006594520902818,224,0.0
559.4743,222,168.379108,559.4742999465732,2.714993809266993,222,0.0
693.641367,245,168.432672,693.6413668340135,3.605032264944774,245,0.0
794.069421,285,168.681684,794.0694214597254,4.089881200670567,285,0.0
688.873485,242,168.731278,688.8734854617795,3.590775068770863,242,0.0
578.755917,221,168.965504,578.7559170871773,2.8770191102277756,221,0.0
664.335916,238,169.013658,664.3359158013598,3.4264276469406645,238,0.0
832.361315,332,169.267577,832.3613147761228,4.021720388120989,332,0.0
762.353262,246,169.318652,762.3532619890087,4.146717495294685,246,0.0
630.285877,248,169.560362,630.2858765716298,3.0742941722513044,248,0.0
770.326158,269,169.616545,770.3261577917189,4.0272503614090684,269,0.0
582.796945,217,169.854619,582.7969447718763,2.941257791473394,217,0.0
677.042826,238,169.906763,677.0428256302307,3.528262847725811,238,0.0
730.139169,250,170.148066,730.1391689374693,3.8572895628037855,250,0.0
680.884758,258,170.199732,680.8847578928463,3.3993113660498566,258,0.0
685.127209,257,170.432821,685.1272093434575,3.4411766421308663,257,0.0
691.253648,238,170.483768,691.2536484786136,3.6417014368415384,238,0.0
683.233935,225,170.719261,683.233934992535,3.6812039184688197,225,0.0
958.254938,295,170.781169,958.254937702719,5.323913089331599,295,0.0
652.505965,237,171.014643,652.5059650274324,3.3397142407758964,237,0.0
495.770975,220,171.061807,495.77097462989735,2.221422195969996,220,0.0
753.104803,277,171.295251,753.1048033145871,3.8257367388385624,277,0.0
820.483565,271,171.350371,820.4835649428536,4.412588603007701,271,0.0
656.948681,227,171.585442,656.9486811316144,3.454864483069846,227,0.0
761.002067,280,171.645684,761.0020666764606,3.865224106216449,280,0.0
703.38194,244,171.885079,703.3819401250064,3.691066625661091,244,0.0
705.044198,251,171.93745,705.0441984149559,3.6485541789574003,251,0.0
659.00494,247,172.181093,659.0049397599225,3.312223534166477,247,0.0
668.822181,209,172.224002,668.8221810132169,3.693281849998344,209,0.0
590.945007,229,172.457182,590.9450073630844,2.9108359228487606,229,0.0
658.271112,247,172.507455,658.271112231047,3.306150599978662,247,0.0
682.348568,246,172.741056,682.3485676516963,3.506799577800518,246,0.0
637.250859,248,172.793392,637.2508587586169,3.13020576739623,248,0.0
660.375896,254,172.845849,660.3758964894964,3.267528487007262,254,0.0
706.388825,233,173.076721,706.3888253696927,3.8024030132758164,233,0.0
518.673749,207,173.116638,518.6737491403766,2.5080993214410268,207,0.0
759.786221,254,173.342633,759.786221067522,4.062673710809897,254,0.0
766.884828,257,173.392729,766.8848277167849,4.095639018550859,257,0.0
691.753202,230,173.627958,691.7532019880084,3.709279403721502,230,0.0
816.192835,295,173.689982,816.1928348988398,4.187493506698956,295,0.0
753.058011,245,173.92668,753.0580107619959,4.080408590192142,245,0.0
583.79567,214,173.969538,583.7956695585816,2.9733668332659273,214,0.0
885.487117,288,174.210299,885.4871169961282,4.7973016597148,288,0.0
631.827011,213,174.252698,631.827010507232,3.365571189930681,213,0.0
684.365066,224,174.488994,684.3650663454505,3.6985432208731397,224,0.0
775.624674,286,174.550754,775.6246742787368,3.9343190447636,286,0.0
679.111792,243,174.780696,679.1117924137768,3.504747463925953,243,0.0
636.885904,242,174.828684,636.8859040426735,3.1749917329879036,242,0.0
682.215392,246,175.062386,682.2153918680555,3.505857881077793,246,0.0
718.076567,245,175.112942,718.0765671028531,3.8004835274064983,245,0.0
755.453627,249,175.35193,755.4536271846155,4.067469579679886,249,0.0
748.639119,258,175.404139,748.6391187822867,3.941709431901914,258,0.0
831.288617,269,175.646401,831.2886172333338,4.5150886235492855,269,0.0
726.273515,246,175.699171,726.2735154467132,3.8583687425378432,246,0.0
820.112054,269,175.947872,820.1120535286672,4.425640603694183,269,0.0
608.798168,233,175.997107,608.7981675020083,3.0220550205984256,233,0.0
615.668355,223,176.234526,615.6683550794648,3.156547296921101,223,0.0
867.909753,300,176.299718,867.9097527182747,4.561267394558408,300,0.0
692.259162,250,176.535388,692.2591621134528,3.554416741980502,250,0.0
671.76204,221,176.578822,671.76204025636,3.6214148509303152,221,0.0
692.241097,230,176.81106,692.2410967363422,3.713267282722541,230,0.0
780.42465,257,176.864714,780.4246500034942,4.203598379591027,257,0.0
675.699713,233,176.912453,675.6997126852233,3.557272241480892,233,0.0
695.219374,227,177.140074,695.2193741686716,3.7614717305936516,227,0.0
685.824175,232,177.186617,685.8241752976036,3.6460653516815587,232,0.0
709.406972,233,177.422944,709.406972121948,3.826762451669946,233,0.0
675.733815,223,177.468267,675.73381457893,3.637012831556298,223,0.0
765.812563,269,177.699577,765.8125634706645,3.9911677569466235,269,0.0
645.724767,222,177.743393,645.7247671414837,3.4047943053932643,222,0.0
660.510154,224,177.969753,660.5101543978845,3.507163388557405,224,0.0
716.035754,236,178.018412,716.0357542760007,3.8561245937796618,236,0.0
769.201842,292,178.273238,769.2018419302317,3.8352454982945825,292,0.0
695.575219,230,178.324132,695.5752186976684,3.7399903543228863,230,0.0
803.304553,253,178.578566,803.3045528877213,4.418727350098392,253,0.0
623.5042,227,178.628036,623.5041996088049,3.1874551631556325,227,0.0
803.523372,271,178.895644,803.5233724800095,4.277092034878711,271,0.0
621.516617,230,178.94538,621.5166168475299,3.1477560375271416,230,0.0
690.619757,247,179.191094,690.6197566541455,3.5649415731114007,247,0.0
750.807722,246,179.243435,750.8077216539672,4.05453615144931,246,0.0
657.882282,217,179.288997,657.8822816654039,3.542264297471883,217,0.0
608.055669,217,179.526634,608.055668656757,3.143321773679337,217,0.0
680.790878,229,179.5763,680.7908778809433,3.6299971547141348,229,0.0
707.944393,254,179.828347,707.9443926299406,3.6479011481836072,254,0.0
699.48538,244,179.880624,699.4853800035795,3.6599262767499403,244,0.0
644.398818,234,180.123017,644.3988177714868,3.2987283153628937,234,0.0
859.741928,269,180.180602,859.7419280127754,4.742762273420313,269,0.0
726.117694,247,180.425244,726.1176939201912,3.8491945010184527,247,0.0
674.78588,239,180.476317,674.7858801988732,3.5020980168827514,239,0.0
589.94503,212,180.713226,589.9450297029266,3.038647533154708,212,0.0
746.386668,264,180.768622,746.386667576619,3.8758613173235252,264,0.0
758.325779,246,181.017496,758.3257791606882,4.114848326551493,246,0.0
711.874288,257,181.071381,711.8742878980197,3.6556354489620437,257,0.0
665.98248,237,181.319316,665.982480354821,3.447969692647309,237,0.0
647.130322,217,181.366656,647.130322384785,3.455866440554313,217,0.0
699.378158,222,181.412246,699.3781575742961,3.8342694474576735,222,0.0
719.75912,250,181.665125,719.7591199123442,3.774400214395971,250,0.0
672.455298,220,181.716075,672.4552981656544,3.63469780783805,220,0.0
701.324395,235,181.960595,701.3243953779304,3.74606786007748,235,0.0
648.230258,218,182.005619,648.2302579025351,3.4569777170764957,218,0.0
682.53499,259,182.250613,682.5349898556045,3.404720712227771,259,0.0
700.378269,233,182.302305,700.3782685511846,3.7547246365248097,233,0.0
808.858566,263,182.548056,808.8585659141222,4.383409412473657,263,0.0
706.887384,240,182.595801,706.887383649804,3.75078470798007,240,0.0
640.73401,232,182.828508,640.7340100462873,3.2854827889813856,232,0.0
746.689458,241,182.879335,746.6894583691475,4.061405694826397,241,0.0
1082.037009,354,183.132507,1082.0370094702494,5.843794787034141,354,0.0
687.104295,219,183.182619,687.104294782072,3.7600388860612046,219,0.0
743.622899,236,183.424013,743.6228990958256,4.076418950131682,236,0.0
878.55844,274,183.478363,878.5584399078987,4.85372959992421,274,0.0
782.098837,251,183.713442,782.0988370735178,4.264803724150904,251,0.0
550.927499,195,183.753392,550.92749912064,2.8617797785051513,195,0.0
767.085304,273,183.99789,767.0853044222661,3.969860551731356,273,0.0
830.645705,275,184.054173,830.6457045302469,4.462615478363425,275,0.0
776.327161,244,184.327828,776.3271609158415,4.274479496562983,244,0.0
724.466066,246,184.380773,724.4660657401126,3.8439592102171285,246,0.0
717.297989,240,184.635477,717.297989108253,3.834527663116367,240,0.0
791.893011,243,184.687467,791.8930107488512,4.4069168915372225,243,0.0
668.330494,233,184.936234,668.330493690707,3.498155708970727,233,0.0
743.161447,239,184.987023,743.161446617893,4.049069256990028,239,0.0
640.751388,233,185.03622,640.7513875306629,3.277620899693703,233,0.0
666.731365,231,185.268161,666.7313647466572,3.501577965570314,231,0.0
583.538717,192,185.306616,583.5387174008675,3.1467719352347996,192,0.0
733.320602,255,185.536718,733.3206022168297,3.842842416195774,255,0.0
713.015553,233,185.583786,713.0155528254961,3.855768229813069,233,0.0
704.115075,242,185.812968,704.115075384334,3.7128563471795766,242,0.0
744.999238,251,185.862966,744.999237973476,3.9684841710142833,251,0.0
736.152011,245,186.095004,736.1520107616257,3.945397653736775,245,0.0
713.020086,227,186.140069,713.0200862236424,3.9038989435511526,227,0.0
746.321403,244,186.375656,746.3214028175247,4.034463866497594,244,0.0
733.948867,249,186.425704,733.9488665456233,3.895633456720446,249,0.0
612.953721,202,186.466307,612.9537213053171,3.3021887172159503,202,0.0
654.176066,221,186.698145,654.1760664802456,3.4808134822693217,221,0.0
817.085668,255,186.750171,817.0856681669902,4.513105993710518,255,0.0
889.60704,284,186.99784,889.6070402483989,4.862127398694362,284,0.0
699.486983,242,187.046666,699.486982781382,3.676060169975742,242,0.0
675.050144,220,187.276152,675.0501439296311,3.655473421047178,220,0.0
685.863102,224,187.321597,685.8631021966992,3.7102285878014363,224,0.0
825.419668,271,187.569106,825.4196677540343,4.452120480524865,271,0.0
697.391017,251,187.619594,697.3910170544328,3.5871783605445504,251,0.0
663.015918,241,187.855814,663.0159183169283,3.392218693146698,241,0.0
696.319128,221,187.900131,696.319127604835,3.817819420945857,221,0.0
869.840148,262,188.139063,869.8401476936995,4.879506987263914,262,0.0
971.098339,288,188.197673,971.0983386395902,5.482545080759511,288,0.0
612.165119,203,188.422701,612.1651193201953,3.288026432070279,203,0.0
806.693659,256,188.476412,806.6936592622897,4.422039440497013,256,0.0
744.859645,254,188.7146,744.8596445854715,3.943040134871908,254,0.0
747.411112,256,188.766348,747.4111119934834,3.9478409401141192,256,0.0
724.927483,238,189.00062,724.9274826876639,3.9112005595511268,238,0.0
680.652235,221,189.04557,680.6522351023759,3.6923371449522815,221,0.0
661.712185,232,189.273589,661.7121847453958,3.453589019997389,232,0.0
635.975561,215,189.317191,635.9755611080527,3.382733344204417,215,0.0
836.355763,268,189.373044,836.3557628246923,4.563601649916143,268,0.0
632.010833,224,189.606711,632.0108332049865,3.279289439895428,224,0.0
669.404376,217,189.649427,669.404375538389,3.6342737994393053,217,0.0
609.758852,223,189.884034,609.7588524862584,3.10930860951351,223,0.0
644.201304,210,189.927294,644.201304151945,3.4883457981313657,210,0.0
709.605518,240,190.167165,709.6055184049771,3.7725191966509475,240,0.0
764.236639,251,190.220753,764.2366388678493,4.121974453201283,251,0.0
753.022991,239,190.453038,753.022991329071,4.127806583789092,239,0.0
730.4982,258,190.507536,730.498200321642,3.7963829595722456,258,0.0
766.426926,236,190.739376,766.4269262989451,4.2589902904299475,236,0.0
582.795789,187,190.778181,582.7957888966982,3.180535539140624,187,0.0
687.226882,234,190.825303,687.2268815191404,3.6414463162548385,234,0.0
668.422495,228,191.058282,668.4224954903895,3.538804078857282,228,0.0
741.906099,251,191.110655,741.906099124145,3.9436633589419285,251,0.0
712.638279,248,191.348568,712.6382785513313,3.733349004257856,248,0.0
674.573816,228,191.396776,674.5738155612405,3.5882752737243915,228,0.0
696.390416,229,191.633412,696.3904156546012,3.754765748924312,229,0.0
720.931381,237,191.682695,720.9313812901398,3.8871694958605927,237,0.0
766.000653,241,191.919464,766.0006525685267,4.2157380180963875,241,0.0
701.580151,234,191.969743,701.5801512334427,3.756316080346463,234,0.0
704.77415,239,192.204429,704.7741502576629,3.7420763694818207,239,0.0
677.235798,254,192.25712,677.2357979743591,3.4024111191329265,254,0.0
595.684726,224,192.491472,595.6847264763428,2.9887278416354155,224,0.0
722.784531,252,192.546229,722.7845314177742,3.7827452780949375,252,0.0
816.739589,261,192.784408,816.7395885893184,4.462386478842455,261,0.0
708.137227,233,192.832889,708.1372268245746,3.8169195261070206,233,0.0
668.476204,230,192.880302,668.476204100595,3.5236183207952925,230,0.0
670.389151,234,193.118086,670.3891505938523,3.5069045762397595,234,0.0
595.156735,214,193.162089,595.1567352057941,3.064085306860535,214,0.0
611.400431,200,193.388879,611.4004310914739,3.30589867285766,200,0.0
775.34235,246,193.439401,775.3423496225117,4.250924560391319,246,0.0
779.504448,260,193.681007,779.5044478857967,4.172608817938774,260,0.0
480.644375,168,193.715797,480.644375091952,2.514717947600951,168,0.0
711.202282,247,193.76758,711.2022816349745,3.729806856929412,247,0.0
707.973732,242,194.004874,707.9737321466747,3.7438496201821265,242,0.0
695.877147,233,194.053789,695.8771470576569,3.718800050974675,233,0.0
715.5723,253,194.295131,715.5722996140939,3.7170129589215786,253,0.0
693.404259,237,194.346743,693.4042594641079,3.667051067480709,237,0.0
867.699013,277,194.603259,867.6990127369528,4.74298622353692,277,0.0
706.608954,234,194.652489,706.6089535172381,3.796479857597171,234,0.0
769.292738,271,194.901351,769.2927382563518,4.003165710181591,271,0.0
584.839614,205,194.945477,584.8396138747174,3.0536249615870052,205,0.0
876.434562,269,195.190119,876.434562410574,4.876431175204903,269,0.0
738.449205,248,195.242393,738.4492054929235,3.9395796142612354,248,0.0
608.193849,209,195.476315,608.1938492109176,3.2085034400443457,209,0.0
700.025023,225,195.525877,700.0250225813085,3.815715044435822,225,0.0
752.327711,244,195.765218,752.3277110151112,4.082757180453168,244,0.0
749.64423,239,195.81505,749.6442296308231,4.100963781870897,239,0.0
706.020905,256,196.059444,706.0209053420117,3.616886876103937,256,0.0
720.310561,224,196.106524,720.3105610216093,3.985933592141089,224,0.0
765.796587,261,196.346983,765.7965870378719,4.0553319371679395,261,0.0
756.959167,265,196.401079,756.9591673466855,3.9526379389723862,265,0.0
858.884964,258,196.64606,858.8849636767908,4.823772027383494,258,0.0
713.501914,226,196.692393,713.5019140920624,3.915467895728182,226,0.0
647.189001,224,196.739727,647.189001022526,3.400900341450535,224,0.0
708.941174,233,196.976717,708.941173653749,3.8231006056651657,233,0.0
787.413306,253,197.02928,787.4133058815657,4.291894939638804,253,0.0
686.588293,217,197.263814,686.5882926283492,3.7718868015226676,217,0.0
762.748595,245,197.315586,762.7485951771123,4.158173097904106,245,0.0
724.410224,234,197.55629,724.410223988507,3.9390348038658,234,0.0
1036.284686,321,197.624129,1036.284686433377,5.741362461548243,321,0.0
723.612426,241,197.863991,723.6124257724367,3.877139717145062,241,0.0
682.784522,219,197.909901,682.7845222691019,3.7257127002007815,219,0.0
874.426674,281,198.171884,874.4266737924684,4.764804163284065,281,0.0
644.283677,211,198.216225,644.2836768488916,3.4813308708064667,211,0.0
614.440216,227,198.457051,614.4402164885825,3.1153259803906503,227,0.0
704.938028,248,198.511057,704.9380278689704,3.67190933456824,248,0.0
755.427989,243,198.760389,755.4279894636961,4.115546769403121,243,0.0
819.236196,249,198.815887,819.2361961966361,4.578040370407497,249,0.0
741.553387,251,199.067586,741.5533866503014,3.9408022629322232,251,0.0
946.420195,293,199.130108,946.4201952520347,5.245226064235763,293,0.0
1008.036633,334,199.397488,1008.0366329875868,5.411341516622603,334,0.0
736.256102,233,199.44833,736.256101763981,4.041755404795046,233,0.0
780.995833,252,199.699541,780.9958328308162,4.248409752017143,252,0.0
649.796343,219,199.746254,649.7963434871953,3.4615217419860618,219,0.0
771.098856,244,199.992629,771.0988562141353,4.232785317722185,244,0.0
596.950575,198,200.050614,596.9505750593706,3.206032113424299,198,0.0
757.92931,239,200.29665,757.9293098415587,4.167399000997366,239,0.0
753.864892,250,200.352261,753.8648923205448,4.047198734314743,250,0.0
788.990231,254,200.604555,788.9902305120668,4.296467124730962,254,0.0
731.313404,244,200.656393,731.3134036676142,3.914644829407986,244,0.0
747.34713,247,200.709497,747.3471296681552,4.018829225066953,247,0.0
777.180626,269,200.958246,777.1806262254183,4.08251870440966,269,0.0
765.680071,240,201.010066,765.6800711810985,4.22119284281092,240,0.0
759.708762,237,201.255332,759.7087623105461,4.1975579227040205,237,0.0
746.144718,238,201.30503,746.1447178227972,4.081184424537351,238,0.0
817.845875,260,201.553512,817.8458752731611,4.479648360946631,260,0.0
933.184634,306,201.813288,933.1846342439778,5.035576209934627,306,0.0
746.114428,238,201.865274,746.1144277563538,4.081002376553221,238,0.0
660.094009,240,201.916668,660.094009473726,3.376431684005384,240,0.0
642.671229,229,202.160868,642.6712288359017,3.325124517936874,229,0.0
1010.384811,292,202.235373,1010.3848105701468,5.764798311391726,292,0.0
770.743563,274,202.495402,770.7435626535378,3.9911669680866804,274,0.0
774.412969,240,202.549269,774.4129692392329,4.2910571661242445,240,0.0
962.567863,293,202.81506,962.5678628664594,5.374295258671154,293,0.0
686.879997,220,202.86409,686.8799965660297,3.7503688116682525,220,0.0
607.187146,244,203.108702,607.1871458371006,2.921444979116191,244,0.0
793.088762,258,203.166611,793.0887616882487,4.29716228293938,258,0.0
877.999648,298,203.432456,877.9996481904436,4.658037465634685,298,0.0
818.772741,252,203.692577,818.772741198293,4.550214446151518,252,0.0
773.70912,249,203.74748,773.7091198431194,4.214005760869276,249,0.0
661.553488,239,203.798333,661.553487719737,3.396289924080498,239,0.0
643.488055,232,204.044611,643.4880550861753,3.307634136070068,232,0.0
711.942091,236,204.096436,711.9420908227484,3.823388077630781,236,0.0
655.483509,216,204.343345,655.4835094016157,3.53098244403628,216,0.0
849.256499,280,204.405682,849.2564990690757,4.571474486468616,280,0.0
753.76485,238,204.653617,753.7648499746074,4.141870825686094,238,0.0
730.634438,266,204.71051,730.6344384556675,3.733687743382375,266,0.0
688.941669,239,204.957686,688.9416685222841,3.615339652130162,239,0.0
825.930903,271,205.016595,825.9309028580225,4.456252830978407,271,0.0
792.06806,252,205.266889,792.0680595212676,4.3367189079854205,252,0.0
822.090474,304,205.333728,822.0904744453344,4.162890256707252,304,0.0
757.896745,231,205.584181,757.8967452405604,4.2308491885895885,231,0.0
721.83985,236,205.634749,721.8398502958989,3.902422220604347,236,0.0
682.878076,218,205.875399,682.8780763164078,3.7340586367195763,218,0.0
733.85092,233,205.926651,733.850920251592,4.022467373109127,233,0.0
663.88475,224,206.171081,663.8847502625428,3.534324521421916,224,0.0
733.975625,244,206.224197,733.9756254767119,3.9359749411430625,244,0.0
829.410354,270,206.481215,829.4103538868254,4.492111572971942,270,0.0
923.14271,281,206.542281,923.1427097102332,5.1547858347730235,281,0.0
688.923423,222,206.78558,688.9234234478452,3.7506314626743187,222,0.0
804.735755,257,206.841845,804.7357547519865,4.398595894669483,257,0.0
938.431532,293,207.101693,938.4315315697422,5.181310771062475,293,0.0
718.43025,236,207.151908,718.4302503780508,3.8753925170336294,236,0.0
644.108548,227,207.399233,644.108548324657,3.3521181517391225,227,0.0
635.982834,234,207.449862,635.9828336738676,3.2315784311036952,234,0.0
683.536061,215,207.499077,683.5360609275052,3.763268577326643,215,0.0
855.861114,283,207.759811,855.8611140860787,4.600353038591021,283,0.0
1048.42153,316,208.033254,1048.4215301217828,5.878263110811513,316,0.0
765.566788,279,208.094174,765.5667882195353,3.909870147903746,279,0.0
732.54816,236,208.345658,732.5481597758526,3.987903185892422,236,0.0
760.167064,244,208.398994,760.1670637299103,4.14549515668547,244,0.0
808.066848,252,208.653858,808.0668480115751,4.465042597176542,252,0.0
698.96524,228,208.704054,698.9652401453259,3.783086133498628,228,0.0
721.045959,244,208.957185,721.0459593892668,3.832304998293233,244,0.0
798.359433,244,209.011906,798.3594334067592,4.450990600565671,244,0.0
768.22009,257,209.266202,768.2200904332308,4.106467806606346,257,0.0
1119.650278,337,209.339164,1119.6502775491028,6.280325467162245,337,0.0
709.285672,241,209.593569,709.2856719694707,3.762428446867987,241,0.0
767.204626,242,209.645952,767.2046261785758,4.217669738007505,242,0.0
710.566341,236,209.897063,710.5663407685413,3.8125204115440647,236,0.0
828.679526,251,209.952463,828.6795260462779,4.637887687174688,251,0.0
1298.875251,380,210.236136,1298.8752514535533,7.371895095293945,380,0.0
810.788103,277,210.298028,810.7881026562262,4.28758122785181,277,0.0
713.746821,231,210.558288,713.7468213154698,3.877397427096773,231,0.0
917.977527,293,210.623179,917.9775271348732,5.017727702781063,293,0.0
739.960067,245,210.88365,739.9600670499708,3.97602388368564,245,0.0
847.224907,281,210.946067,847.224906625558,4.547303418925824,281,0.0
905.623615,277,211.21651,905.6236151579121,5.0462143831002,277,0.0
751.291107,272,211.279632,751.2911065192889,3.8514711153032213,272,0.0
695.569046,236,211.539387,695.5690461010893,3.6925914149351304,236,0.0
863.135001,273,211.600717,863.1350012286298,4.738210581423499,273,0.0
793.143577,247,211.864854,793.1435767765196,4.385480419590362,247,0.0
855.674181,261,211.92419,855.6741810092196,4.773977361424233,261,0.0
680.633234,221,212.184955,680.6332336095815,3.6923166380680716,221,0.0
874.46649,273,212.247646,874.4664902465739,4.829057393665309,273,0.0
727.765173,234,212.510595,727.7651726081565,3.9660228042347856,234,0.0
740.193639,245,212.567379,740.193638574979,3.9776736894456515,245,0.0
759.557738,241,212.826163,759.5577375567403,4.164407639375794,241,0.0
730.79405,247,212.88103,730.7940504172332,3.886725003805741,247,0.0
673.802196,233,213.139979,673.802196478011,3.542117666313468,233,0.0
648.631802,229,213.191777,648.6318023914274,3.372543892088744,229,0.0
742.854748,222,213.450447,742.8547483196143,4.1820999058365,222,0.0
752.898758,240,213.506949,752.8987575598649,4.1194058224608225,240,0.0
239.133297,294,213.786293,239.13329719413215,-0.42063339462793264,294,0.0
897.654345,277,213.851666,897.6543454254562,4.982812461816939,277,0.0
741.434262,286,214.130591,741.4342617973962,3.6612228771275275,286,0.0
1001.120018,336,214.206945,1001.1200175498482,5.3402063362981,336,0.0
750.797897,238,214.469692,750.7978970967142,4.118245663854221,238,0.0
680.812418,218,214.523032,680.8124179955751,3.7177505224611127,218,0.0
745.718564,265,214.790439,745.7185638920956,3.862852476681835,265,0.0
727.428086,241,214.848729,727.4280864639682,3.90740558522959,241,0.0
643.383044,233,215.115609,643.3830444232804,3.298912733803322,233,0.0
628.878911,228,215.16936,628.8789112790415,3.222735558561179,228,0.0
746.521931,248,215.436304,746.5219310563266,4.004554906309009,248,0.0
935.47694,277,215.505141,935.4769397106944,5.28517858702242,277,0.0
730.36619,229,215.76944,730.3661900715418,4.026495324784687,229,0.0
767.585418,266,215.831637,767.5854179278758,4.029752270125256,266,0.0
669.643854,243,216.09853,669.6438538724823,3.429306041654603,243,0.0
922.057568,285,216.163585,922.0575681286497,5.1143568975792135,285,0.0
996.393362,330,216.445486,996.3933620238437,5.350461732958251,330,0.0
947.790769,294,216.517639,947.790769209333,5.248279985977376,294,0.0
786.435472,250,216.786498,786.4354717108808,4.307764560464893,250,0.0
985.137814,292,217.058024,985.1378136323508,5.56298378634619,292,0.0
693.75494,219,217.110416,693.7549400678,3.813453389940116,219,0.0
878.851489,276,217.381325,878.8514890052925,4.8401817772437505,276,0.0
665.386,221,217.431359,665.385999976475,3.5706105942767485,221,0.0
1105.527485,330,217.717712,1105.527485323666,6.223440430677054,330,0.0
711.678166,243,217.775893,711.6781659429981,3.7655244610597176,243,0.0
634.745207,214,217.825773,634.7452065689466,3.381117630782334,214,0.0
845.595138,291,218.099138,845.5951383684653,4.454747349961016,291,0.0
939.107774,283,218.388009,939.1077744810699,5.266457733055646,283,0.0
978.773619,297,218.463609,978.773618687113,5.472615707860742,297,0.0
725.774869,219,218.74055,725.7748685804124,4.069464071358684,219,0.0
693.151876,226,218.797949,693.1518760439903,3.752911910725731,226,0.0
751.508842,240,219.081085,751.5088415444394,4.108242883831662,240,0.0
802.870229,255,219.144341,802.8702293939608,4.399555617623185,255,0.0
572.845947,217,219.196219,572.8459469206412,2.8620979411468004,217,0.0
727.533183,239,219.465399,727.5331826489145,3.924514142262529,239,0.0
818.2327,254,219.525433,818.2327001358699,4.530287449984508,254,0.0
924.766879,290,219.804768,924.7668793988421,5.0960291573479815,290,0.0
768.917061,263,219.867002,768.9170611237653,4.064350610902077,263,0.0
1156.199543,353,220.164396,1156.199543250476,6.445738535213149,353,0.0
1164.75964,365,220.459002,1164.759639522979,6.418824903767443,365,0.0
756.264495,255,220.524219,756.2644946006932,4.0266548325902685,255,0.0
775.959681,241,220.789038,775.959681089745,4.2956772957752385,241,0.0
687.867593,247,220.846543,687.8675926484808,3.543316590982443,247,0.0
747.52,239,221.114485,747.519999769839,4.084052030415992,239,0.0
751.425154,276,221.178894,751.4251538035671,3.8207593754466433,276,0.0
978.051374,308,221.461799,978.0513735247811,5.378922467670989,308,0.0
757.841809,243,221.517448,757.841809033389,4.134996046297967,243,0.0
867.600953,304,221.797409,867.6009532977789,4.527179220616603,304,0.0
1045.005018,369,222.095435,1045.0050183203577,5.428401852431371,369,0.0
803.378642,256,222.156168,803.3786419147979,4.395574692978433,256,0.0
718.099013,217,222.417029,718.0990127845839,4.0240395848386425,217,0.0
757.333862,250,222.476615,757.3338618376265,4.075220510901861,250,0.0
772.685292,234,222.751646,772.6852916709391,4.3253530374540095,234,0.0
849.794141,280,222.81801,849.7941410707983,4.575958183897645,280,0.0
738.255047,232,223.087223,738.2550469206458,4.065655327059556,232,0.0
940.60935,275,223.150388,940.609350189879,5.34217154248402,275,0.0
784.534275,265,223.425585,784.534274981259,4.173226661803347,265,0.0
915.16951,269,223.494865,915.1695099068695,5.186569527061376,269,0.0
870.203335,266,223.766632,870.2033351485729,4.850648297296366,266,0.0
684.164892,220,223.817262,684.1648918973219,3.7288892207283073,220,0.0
863.01136,276,224.097065,863.0113604825161,4.713406852441602,276,0.0
738.235328,259,224.158896,738.2353281972289,3.850792138527939,259,0.0
813.901532,271,224.438628,813.901532321493,4.360575519083251,271,0.0
830.582444,289,224.511214,830.5824439854188,4.3505442034064306,289,0.0
828.9155,269,224.78503,828.9155000097095,4.496390727915225,269,0.0
672.703417,215,224.835942,672.7034168059391,3.6769011162537457,215,0.0
858.398904,282,225.115259,858.3989036682318,4.629020720969529,282,0.0
692.808145,284,225.182066,692.8081447199287,3.2882558562169395,284,0.0
792.890803,250,225.452667,792.8908025041677,4.359780514348473,250,0.0
721.079487,241,225.511007,721.079486738384,3.8567317777840895,241,0.0
766.972734,249,225.786047,766.9727337634376,4.1600438785714635,249,0.0
602.069199,225,225.839753,602.0691991049649,3.0320873176860363,225,0.0
590.758268,221,226.105828,590.7582684824304,2.973395896001022,221,0.0
983.416748,312,226.177786,983.4167481601512,5.389975020402609,312,0.0
1006.443092,357,226.476399,1006.4430923357838,5.215829326201324,357,0.0
790.681474,248,226.537334,790.6814742575691,4.35778575946731,248,0.0
817.530749,268,226.814711,817.5307485290657,4.413288648315213,268,0.0
699.992829,267,226.87841,699.9928289405287,3.480970635237347,267,0.0
817.156962,262,227.148344,817.1569623892959,4.458327308000492,262,0.0
783.178727,245,227.206272,783.1787274703398,4.321777143375956,245,0.0
715.453574,218,227.474419,715.4535739998173,3.994927984839364,218,0.0
794.666103,259,227.539388,794.6661031737561,4.30191250579533,259,0.0
798.343838,243,227.808468,798.343838051461,4.458900731863728,243,0.0
730.057561,234,227.864795,730.0575605193886,3.9841171499328962,234,0.0
609.949375,249,228.13925,609.9493747675203,2.9038547673377173,249,0.0
1116.424129,339,228.220623,1116.4241290193315,6.239009299738912,339,0.0
681.283816,211,228.486432,681.2838155521241,3.777318425641337,211,0.0
1042.823779,301,228.557683,1042.8237786194723,5.952781714147469,301,0.0
822.33617,259,228.836069,822.3361703866657,4.523549369530963,259,0.0
1200.353667,357,229.136833,1200.3536670675028,6.766699721345391,357,0.0
752.583037,251,229.19661,752.583037467412,4.029026878977894,251,0.0
1202.756607,346,229.506493,1202.756607469435,6.873697957549493,346,0.0
643.121159,209,229.558727,643.121158621819,3.487954660217913,209,0.0
725.840162,220,229.831521,725.8401617532506,4.062123730531076,220,0.0
652.452561,212,229.883619,652.4525609373934,3.53873057235787,212,0.0
1055.798338,308,230.167278,1055.798337549613,6.0007702360949615,308,0.0
1298.874256,383,230.260633,1298.8742563882915,7.348150481632039,383,0.0
922.350901,273,230.544138,922.3509010709995,5.212158465744131,273,0.0
925.460231,276,230.830353,925.4602311494608,5.213016303408959,276,0.0
1081.935121,308,230.903989,1081.9351214130036,6.209810370204302,308,0.0
748.366246,239,231.185611,748.3662461641024,4.090976907329827,239,0.0
851.103052,288,231.254484,851.1030524890531,4.5226070550191295,288,0.0
744.527856,259,231.533629,744.527855562097,3.90083393181342,259,0.0
882.505355,280,231.600941,882.5053551598585,4.8375716836162965,280,0.0
1149.233065,366,231.910343,1149.2330650680487,6.286303048034404,366,0.0
806.174742,248,231.970158,806.1747423767341,4.481646093443589,248,0.0
683.775787,243,232.260609,683.7757867312165,3.542246313259466,243,0.0
775.317257,249,232.32326,775.3172571344397,4.227021321455649,249,0.0
839.498063,271,232.611309,839.4980634150786,4.565204171981839,271,0.0
1018.379107,321,232.907038,1018.3791073733616,5.597915381013897,321,0.0
700.953435,239,232.966183,700.9534345831423,3.7118110072370056,239,0.0
778.762643,257,233.028433,778.7626434956825,4.1909246639999775,257,0.0
1434.126616,508,233.375267,1434.1266162571246,7.434334156922051,508,0.0
649.929684,227,233.660439,649.929683828548,3.399146682345742,227,0.0
885.161292,273,233.727091,885.1612918790248,4.9145020983312735,273,0.0
972.675807,309,234.019672,972.6758073423463,5.328116619059397,309,0.0
677.428142,243,234.306519,677.4281416935002,3.4914856662352327,243,0.0
647.896194,234,234.364787,647.8961941155736,3.3270656927055757,234,0.0
849.95924,265,234.661514,849.9592404661596,4.696473532209468,265,0.0
881.340974,277,234.730792,881.3409742418226,4.852140476181929,277,0.0
791.822139,236,235.010293,791.8221389903575,4.46214470973583,236,0.0
764.288849,242,235.071172,764.2888488033985,4.194519465416829,242,0.0
1032.826505,327,235.382627,1032.8265050436298,5.665817907497978,327,0.0
777.465875,233,235.440766,777.4658748817171,4.37135541612656,233,0.0
828.793481,265,235.728824,828.7934810145874,4.527556206738858,265,0.0
861.788356,276,235.796724,861.7883559656457,4.703914740925758,276,0.0
788.582282,251,236.093718,788.582281942291,4.3172066058222,251,0.0
744.834598,229,236.155953,744.834598305928,4.142155664355045,229,0.0
1030.193997,313,236.46304,1030.1939968211343,5.756340528516653,313,0.0
835.204622,257,236.525953,835.2046222620086,4.6423927368109315,257,0.0
810.348053,274,236.815823,810.3480533234464,4.308219851311229,274,0.0
712.113998,251,236.875775,712.1139980980377,3.70552740641288,251,0.0
760.433643,231,237.151023,760.4336428874308,4.251228856950362,231,0.0
863.096239,250,237.211599,863.0962391399719,4.921128567893568,250,0.0
1079.738412,333,237.513477,1079.738411672572,5.99309938372332,333,0.0
849.767438,267,237.579477,849.7674383022222,4.679377828531414,267,0.0
791.261619,253,237.866607,791.2616187062112,4.322652823766134,253,0.0
930.519578,323,237.947555,930.5195784372295,4.879259611255696,323,0.0
721.57122,248,238.237522,721.5712200515405,3.804862656909393,248,0.0
873.124775,257,238.30072,873.1247753307217,4.945550487918868,257,0.0
872.31183,295,238.601479,872.3118297129771,4.6364809089538825,295,0.0
1023.987206,301,238.901264,1023.9872058936143,5.802075550832772,301,0.0
821.307165,261,238.965115,821.3071654479228,4.499146059270553,261,0.0
743.009896,257,239.248923,743.009895533056,3.904785900255387,257,0.0
843.417465,255,239.312298,843.4174653771328,4.723855067061253,255,0.0
823.673281,249,239.592769,823.6732808680295,4.613603422761349,249,0.0
1073.525897,338,239.674562,1073.5258965022012,5.904042737688934,338,0.0
858.471688,270,239.963442,858.471688246237,4.724781043795858,270,0.0
1131.286341,390,240.282226,1131.2863414835072,5.9515733063652165,390,0.0
1015.79289,308,240.369888,1015.7928903780704,5.680655023222091,308,0.0
796.397282,240,240.668065,796.3972824297223,4.467349886407955,240,0.0
1181.640126,353,240.75603,1181.6401256264703,6.648965952723334,353,0.0
1135.040214,356,241.063461,1135.0402142169187,6.252348530634316,356,0.0
1001.211378,293,241.365153,1001.2113778869918,5.683608806537888,293,0.0
708.94695,264,241.431879,708.9469504991037,3.576541252422295,264,0.0
610.369222,210,241.701023,610.3692216369172,3.2182015899327343,210,0.0
759.720034,267,241.767445,759.7200336342866,3.959057148191667,267,0.0
762.025665,265,242.059295,762.0256648786319,3.9933562067181487,265,0.0
701.604575,246,242.116639,701.6045754450248,3.6611022151267982,246,0.0
768.379114,269,242.403616,768.379113876455,4.012346108709153,269,0.0
774.501669,242,242.462405,774.5016690091979,4.276126309607962,242,0.0
789.487591,272,242.750275,789.48759071221,4.1571777611324086,272,0.0
954.414716,287,242.818614,954.4147161565405,5.357370250628269,287,0.0
940.403792,295,243.118636,940.4037915180667,5.181504715315062,295,0.0
741.511483,257,243.183694,741.5114832714523,3.892766217235178,257,0.0
838.831652,264,243.47205,838.831651519855,4.615792320418074,264,0.0
1161.125761,349,243.562615,1161.1257608166252,6.517016130134506,349,0.0
799.247579,255,243.84571,799.247579440463,4.370651041565376,255,0.0
837.455571,269,243.910915,837.4555708271907,4.5648207489564925,269,0.0
709.027508,245,244.188284,709.0275080365142,3.728504481984683,245,0.0
680.768646,206,244.239651,680.7686460321088,3.813182406410776,206,0.0
836.73431,261,244.5299,836.7343097839552,4.622960863244199,261,0.0
653.221605,205,244.583842,653.2216051938315,3.60060521281069,205,0.0
1596.150891,495,244.931999,1596.15089092832,8.83443618530666,495,0.0
931.426284,278,245.248429,931.4262842639258,5.244891949382352,278,0.0
877.668197,276,245.317166,877.6681970857081,4.831056625467541,276,0.0
979.975045,293,245.60934,979.9750446219562,5.513688652885035,293,0.0
679.173901,250,245.670764,679.1739005966807,3.4496833416447013,250,0.0
685.046486,227,245.951603,685.0464855251955,3.680166138748551,227,0.0
880.076324,276,246.017096,880.0763241838256,4.850103346970723,276,0.0
876.254345,277,246.310668,876.254345400968,4.811591226453045,277,0.0
749.421165,226,246.36569,749.421165439949,4.203008841037353,226,0.0
1531.719288,548,246.72664,1531.7192877021942,7.896656587625553,548,0.0
704.177448,224,247.002514,704.1774480125114,3.857092924502636,224,0.0
730.447534,225,247.057728,730.4475340269596,4.059175813908016,225,0.0
843.897838,263,247.341942,843.8978383579574,4.664262143955143,263,0.0
774.816335,248,247.400853,774.8163351556586,4.231115034770458,248,0.0
1006.714232,303,247.710284,1006.7142321528473,5.6481847057309595,303,0.0
766.274892,244,247.768174,766.2748921601495,4.194392641724593,244,0.0
962.735854,282,248.062306,962.7358544720693,5.463662063931403,282,0.0
786.212981,253,248.123948,786.2129813903491,4.282274313140112,253,0.0
657.495395,230,248.401701,657.4953953408793,3.4356018091480593,230,0.0
788.916136,297,248.47588,788.9161355270148,3.9535570780974485,297,0.0
510.488452,172,248.748375,510.48845150594843,2.7215752151882855,172,0.0
1264.20131,416,249.078427,1264.2013102658761,6.8078032047968176,416,0.0
567.926546,194,249.127874,567.9265457079383,3.0060467028279696,194,0.0
1557.24139,465,249.469798,1557.2413902594967,8.76201623587238,465,0.0
659.589746,225,249.526769,659.5897460366971,3.4922412391157045,225,0.0
786.51315,244,249.812672,786.513149744369,4.356390222244926,244,0.0
857.794155,275,249.882055,857.794154747081,4.67978649748522,275,0.0
945.502906,282,250.174762,945.5029061810993,5.325832317284832,282,0.0
851.011644,260,250.23861,851.0116442893842,4.7449402137148935,260,0.0
450.200935,165,250.511247,450.2009345983759,2.295201790959872,165,0.0
917.104329,288,250.583574,917.1043294356302,5.050788389102638,288,0.0
1132.468838,340,250.893828,1132.4688379053546,6.359327533343102,340,0.0
602.13307,202,250.945232,602.1330697587266,3.216003857791086,202,0.0
707.057534,255,251.249094,707.0575341364587,3.6332326039420337,255,0.0
821.994426,245,251.310712,821.9944263769648,4.632379819845493,245,0.0
773.627931,257,251.601223,773.6279313449165,4.149817166108269,257,0.0
999.527486,309,251.679965,999.5274858104611,5.543052313147178,309,0.0
1362.108362,434,252.016739,1362.1083617328734,7.447637844054647,434,0.0
1284.401171,399,252.340516,1284.4011706352826,7.104895683506789,399,0.0
811.529763,246,252.400113,811.5297628894023,4.540552884088118,246,0.0
982.453775,315,252.700823,982.4537746325825,5.358366379622739,315,0.0
2012.382337,645,253.107379,2012.3823372085492,10.969075451513778,645,0.0
824.277926,260,253.397541,824.2779261713746,4.531079923762487,260,0.0
768.128847,261,253.464924,768.1288473574695,4.074009019753907,261,0.0
1109.110933,318,253.773065,1109.1109329806993,6.3477428499910005,318,0.0
949.404721,291,254.071335,949.4047212600681,5.285245906284056,291,0.0
958.595873,284,254.141494,958.5958726846636,5.414745815541988,284,0.0
976.42315,296,254.448835,976.4231501597935,5.461652309472879,296,0.0
961.875328,324,254.530108,961.8753278058073,5.122271768925189,324,0.0
867.931367,295,254.824198,867.9313668450901,4.601794266168475,295,0.0
635.813745,208,254.877128,635.8137445629187,3.437532367618814,208,0.0
684.268452,236,255.164041,684.2684515888988,3.6023027712085813,236,0.0
1568.841193,467,255.505824,1568.8411928428018,8.83871378988021,467,0.0
739.620168,227,255.562393,739.6201677152613,4.1166631798065865,227,0.0
762.198074,236,255.850825,762.1980735383692,4.225689756301231,236,0.0
1260.872663,374,255.944483,1260.8726631027528,7.115890604144422,374,0.0
734.82225,254,256.233238,734.8222499162725,3.8630275801998204,254,0.0
1194.61838,395,256.554548,1194.6183801447135,6.418439631372767,395,0.0
1236.977684,350,256.639068,1236.9776836158712,7.115855008589108,350,0.0
856.015289,261,256.927073,856.0152885412091,4.776930944941931,261,0.0
614.95359,245,256.986755,614.9535901883253,2.9760187708356285,245,0.0
823.480894,309,257.308915,823.4808943305009,4.134592016140619,309,0.0
852.14129,256,257.373395,852.1412895151698,4.785728631418053,256,0.0
1163.96013,383,257.685582,1163.9601298070797,6.268918434573939,383,0.0
1567.400644,520,258.039119,1567.4006443273677,8.405168710823862,520,0.0
679.180391,242,258.320968,679.1803905615146,3.5135841917613764,242,0.0
686.818392,208,258.373252,686.818392363654,3.8456602083206035,208,0.0
820.714964,271,258.440922,820.7149639797989,4.415106595714675,271,0.0
822.256406,266,258.734859,822.2564058249914,4.467103635396516,266,0.0
743.707157,228,258.792971,743.7071569701062,4.141389239347065,228,0.0
977.581198,289,259.089834,977.5811977254285,5.526536964418785,289,0.0
867.526808,268,259.377959,867.5268075530975,4.8132763953112825,268,0.0
1190.036181,358,259.464531,1190.036181042281,6.676503677664009,358,0.0
1387.837378,461,259.799906,1387.8373780767831,7.438775269799246,461,0.0
1048.702646,334,260.098794,1048.702645904724,5.737200321416292,334,0.0
747.241762,218,260.152585,747.2417619416356,4.249405074612689,218,0.0
1029.482717,332,260.462959,1029.4827169284813,5.599339041127922,332,0.0
1511.179252,478,260.803083,1511.1792523898603,8.28965191159617,478,0.0
515.953207,204,260.853983,515.9532065711085,2.5104497788254982,204,0.0
785.216658,246,261.138875,785.2166579819873,4.330111530805104,246,0.0
707.009182,243,261.197743,707.0091815322357,3.7285569938098635,243,0.0
964.325876,286,261.493594,964.3258763766318,5.444265968873021,286,0.0
812.166757,245,261.553075,812.1667574133704,4.553606559468042,245,0.0
889.807156,269,261.838618,889.8071562234136,4.983797987787656,269,0.0
808.92216,251,261.901021,808.9221603061771,4.479902475051953,251,0.0
1612.366193,536,262.252536,1612.36619255816,8.637166060814332,536,0.0
71.102969,197,262.533897,71.10296929087905,-0.992252701245588,197,0.0
735.739593,255,262.596685,735.7395932343184,3.8629366437163966,255,0.0
1630.80106,490,262.941347,1630.8010597241582,9.151216872064213,490,0.0
1619.625396,496,263.308734,1619.6253956699402,9.014007598381403,496,0.0
937.283321,302,263.606568,937.2833208108979,5.1005130352500485,302,0.0
249.228302,133,263.637535,249.228301553334,0.9424127314094374,133,0.0
1621.391264,458,263.97033,1621.3912640528654,9.330437479254151,458,0.0
1498.452032,467,264.306844,1498.4520321718348,8.2758036672329,467,0.0
689.079686,251,264.368314,689.0796857643237,3.521097027508035,251,0.0
820.398943,280,264.659814,820.3989429422722,4.340622193351443,280,0.0
641.371286,199,264.709163,641.3712860431102,3.5535786000389993,199,0.0
1167.375757,338,265.007857,1167.3757569126235,6.654652153843942,338,0.0
870.786141,257,265.070125,870.7861413910725,4.927135372466763,257,0.0
1124.383895,354,265.377126,1124.383895010741,6.183645542666742,354,0.0
933.506413,272,265.67286,933.5064133280995,5.309224538141758,272,0.0
862.635578,298,265.747858,862.6355778886417,4.535324132342408,298,0.0
1024.230753,304,266.045797,1024.230752556233,5.78023521426225,304,0.0
952.815014,284,266.113197,952.815013635748,5.368094886955491,284,0.0
963.984391,283,266.405978,963.9843912330253,5.465624860065638,283,0.0
742.422467,251,266.465635,742.4224674858991,3.9480070709335795,251,0.0
843.606805,278,266.751386,843.6068050597537,4.542282915255405,278,0.0
867.575731,266,266.816164,867.5757314064462,4.829495061615419,266,0.0
1053.261094,374,267.128253,1053.2610935670832,5.454996345104313,374,0.0
801.379631,256,267.424287,801.3796311725125,4.379790883822337,256,0.0
944.335838,294,267.493324,944.3358378232513,5.220609459184341,294,0.0
935.207968,302,267.788949,935.2079683681964,5.083926165612428,302,0.0
1084.860238,333,267.871625,1084.8602384904034,6.034466773790391,333,0.0
1189.048475,395,268.189753,1189.0484747376172,6.374223035563241,395,0.0
768.312645,241,268.472655,768.3126445304624,4.234661045653017,241,0.0
994.319001,328,268.555011,994.3190014215677,5.349945208602601,328,0.0
821.161184,243,268.834691,821.1611837371793,4.641397276779323,243,0.0
949.720026,282,268.903182,949.7200256613432,5.359553195874669,282,0.0
949.843444,294,269.185917,949.8434441755553,5.264902159132089,294,0.0
990.529968,310,269.48143,990.5299681139153,5.462842075424619,310,0.0
732.858905,220,269.534632,732.8589054136094,4.11837826731766,220,0.0
1007.155235,318,269.832039,1007.1552354679702,5.5319461758865245,318,0.0
729.924868,235,269.887085,729.9248679405491,3.9754635539255623,235,0.0
1109.001918,317,270.180401,1109.0019182420137,6.354856612675292,317,0.0
650.354189,235,270.238979,650.3541892834436,3.3387293985718545,235,0.0
916.443263,290,270.534123,916.4432634821758,5.029462341843094,290,0.0
964.449783,303,270.608349,964.4497828425656,5.310112300832051,303,0.0
1536.45124,486,270.938089,1536.4512397645508,8.428631727144868,486,0.0
846.539874,284,271.229876,846.5398740609157,4.518162164183504,284,0.0
1354.772179,480,271.559253,1354.7721788246247,7.022477727389754,480,0.0
995.108785,356,271.646497,995.1087847228181,5.133384223583729,356,0.0
1104.781547,326,271.937964,1104.7815469863995,6.249436619214476,326,0.0
1113.95337,322,272.227936,1113.9533697791137,6.3545262381504966,322,0.0
633.519526,227,272.284718,633.5195258725365,3.267945656464378,227,0.0
682.596541,210,272.563805,682.5965412234114,3.795752240754231,210,0.0
903.295357,266,272.62963,903.2953568911586,5.115489988696158,266,0.0
727.584237,245,272.913022,727.5842373175204,3.8771698656060796,245,0.0
815.381768,280,272.981658,815.3817682934989,4.300799723266113,280,0.0
824.389168,300,273.273151,824.3891676112754,4.213489042068068,300,0.0
1016.678521,291,273.341592,1016.6785210262901,5.823374655733004,291,0.0
806.909143,255,273.646972,806.9091430904838,4.432053442750149,255,0.0
731.388833,239,273.706342,731.3888331184428,3.955348490005009,239,0.0
904.779685,296,274.000389,904.7796848190834,4.88864946271973,296,0.0
623.622274,193,274.048388,623.6222735740077,3.4595888893660693,193,0.0
1076.078771,375,274.368963,1076.078771140735,5.629310186246079,375,0.0
1144.346164,345,274.680887,1144.3461640048347,6.41476465059503,345,0.0
790.880097,277,274.762538,790.8800966737972,4.128445004486068,277,0.0
1221.170744,361,275.073744,1221.170743540059,6.901793581682364,361,0.0
820.1628,243,275.13422,820.1628000717396,4.633415150987746,243,0.0
894.728401,513,275.492156,894.7284008269928,3.0793543543998454,513,0.0
707.352071,255,275.781222,707.3520705980034,3.6356381135560736,255,0.0
1162.115146,352,275.866627,1162.1151457991612,6.500692878048253,352,0.0
1160.294615,354,276.178914,1160.294614988413,6.470773917059691,354,0.0
1033.067984,330,276.471976,1033.0679843024318,5.643985071717928,330,0.0
874.371608,263,276.538085,874.3716075923109,4.908150934943783,263,0.0
908.410854,299,276.820812,908.4108542196642,4.893343328214029,299,0.0
81.390986,97,276.843623,81.39098584285593,-0.11362938014135669,97,0.0
1687.896365,524,277.179538,1687.8963649804018,9.337086306147476,524,0.0
791.204416,251,277.456553,791.2044157098691,4.338354041016991,251,0.0
1384.590621,447,277.568553,1384.5906214520685,7.52405790537214,447,0.0
888.568935,285,277.84733,888.5689345659569,4.846431551932075,285,0.0
934.953506,284,278.126655,934.9535060638764,5.225700172324454,284,0.0
710.575295,234,278.182786,710.5752946908424,3.8286197565286053,234,0.0
1846.147874,637,278.548355,1846.1478741499193,9.702833593563783,637,0.0
1134.109816,360,278.843745,1134.109816396514,6.2131769420245515,360,0.0
1029.457359,345,279.133227,1029.4573590027987,5.4955750443442755,345,0.0
710.176707,237,279.187041,710.1767074646347,3.8013855721281193,237,0.0
46.231251,208,279.451517,46.2312512561525,-1.2787130011407026,208,0.0
1105.875436,330,279.532468,1105.8754364440156,6.2263722364935505,330,0.0
1154.276386,329,279.820201,1154.2763862682402,6.6216503332204315,329,0.0
968.013145,288,279.887143,968.01314549102,5.457867574602401,288,0.0
1014.893561,301,280.165127,1014.8935607234255,5.729416438587205,301,0.0
770.941529,278,280.230772,770.9415288516715,3.9610469444909455,278,0.0
1344.930907,400,280.54191,1344.9309070333782,7.581127521335104,400,0.0
981.958536,278,280.817207,981.9585357528315,5.649114234023648,278,0.0
1324.339701,375,281.115356,1324.339700508239,7.61547423011218,375,0.0
718.083671,220,281.165345,718.0836712796378,4.000081542915959,220,0.0
1290.692497,388,281.466757,1290.6924974818628,7.242877819387557,388,0.0
717.846393,249,281.528393,717.846393135623,3.767522204120754,249,0.0
694.651998,245,281.790571,694.651998157658,3.61348146177492,245,0.0
766.422023,260,281.849915,766.422022993302,4.068335804431496,260,0.0
786.451133,273,282.122227,786.4511332220031,4.124910222635869,273,0.0
1016.483484,315,282.195982,1016.4834838641214,5.630783608673222,315,0.0
1224.554784,373,282.485442,1224.5547843063746,6.833249011039195,373,0.0
1151.34735,347,282.77177,1151.3473501111378,6.454730058987805,347,0.0
900.909585,263,282.831287,900.9095852128758,5.120158296749421,263,0.0
653.728016,225,283.090078,653.7280156212436,3.445364226745847,225,0.0
902.130251,290,283.156892,902.1302508509907,4.914861683819971,290,0.0
958.838912,280,283.427268,958.8389119490872,5.448319949318752,280,0.0
751.80746,237,283.485065,751.8074598951696,4.134341058328904,237,0.0
809.233362,251,283.751332,809.2333624414831,4.482353320827305,251,0.0
1875.919146,645,284.105149,1875.9191455357184,9.877619816047465,645,0.0
1502.191474,460,284.417663,1502.1914739688382,8.361149860386169,460,0.0
731.929462,221,284.46944,731.9294619839403,4.102720721239965,221,0.0
780.274249,248,284.735156,780.27424877759,4.274451871116114,248,0.0
931.279964,267,284.797045,931.2799639046831,5.331298257422958,267,0.0
912.094803,269,285.064171,912.094803344971,5.161902146760753,269,0.0
765.425402,226,285.116067,765.4254021413153,4.330987747006302,226,0.0
963.24598,288,285.387075,963.2459800524797,5.419809237684807,288,0.0
1024.09032,305,285.670913,1024.0903195109158,5.771152310440456,305,0.0
927.701456,271,285.731569,927.7014561814248,5.270766658142762,271,0.0
872.435683,277,285.998654,872.4356830768024,4.7808151359593705,277,0.0
686.237195,246,286.055775,686.2371948445772,3.5383186734816747,246,0.0
808.073478,239,286.316638,808.0734782418424,4.568649279748428,239,0.0
980.989696,288,286.380234,980.9896960192877,5.5617847759422325,288,0.0
841.400894,260,286.648198,841.4008938494294,4.668311635198939,260,0.0
1151.425767,353,286.731124,1151.4257667573168,6.407384033339843,353,0.0
670.407475,208,286.98345,670.4074747544843,3.7143034023753483,208,0.0
916.439506,262,287.043772,916.4395061294626,5.25243891130655,262,0.0
816.994836,244,287.304659,816.9948362805695,4.600336607743841,244,0.0
825.552213,276,287.367876,825.5522132470202,4.413846594852153,276,0.0
754.953548,242,287.634057,754.9535484910159,4.11994284500473,242,0.0
1033.024191,309,287.7046,1033.0241910321195,5.81036548889113,309,0.0
793.104204,229,287.960944,793.1042044259568,4.528444512720373,229,0.0
755.494336,235,288.015601,755.4943358143092,4.180025578290595,235,0.0
999.680279,284,288.283373,999.6802791370325,5.742992480981547,284,0.0
689.038193,211,288.35066,689.0381932421818,3.839472676638704,211,0.0
719.359522,220,288.629563,719.3595218574579,4.0104974782894915,220,0.0
886.408999,267,288.694629,886.4089990989339,4.9722691365629705,267,0.0
1073.037126,329,288.999093,1073.0371259813116,5.971409030231762,329,0.0
717.615605,216,289.050014,717.6156049695502,4.028233437328548,216,0.0
744.688752,243,289.324636,744.6887523015666,4.029712826932356,243,0.0
732.508043,213,289.375434,732.5080433984132,4.171151015992527,213,0.0
733.598598,243,289.661111,733.5985978702511,3.9412666404027186,243,0.0
865.538223,247,289.718293,865.5382229692797,4.964661276757741,247,0.0
792.664433,234,289.773185,792.6644334931962,4.48508932016817,234,0.0
828.498725,270,290.038732,828.498724852837,4.48523212810259,270,0.0
1018.808741,292,290.311648,1018.8087407723095,5.832487380813826,292,0.0
865.460241,278,290.37416,865.4602409738131,4.717443550601241,278,0.0
901.577108,276,290.648973,901.5771076584656,5.022187623633786,276,0.0
849.676497,272,290.710368,849.6764971745623,4.638786524843577,272,0.0
772.01686,242,290.970064,772.0168597052431,4.25647023902673,242,0.0
972.171122,289,291.036327,972.1711215993698,5.483500296761159,289,0.0
781.249371,251,291.297996,781.2493713812478,4.2586985453088175,251,0.0
879.72894,260,291.35571,879.7289404982806,4.974748930966189,260,0.0
852.736291,259,291.625092,852.7362908836664,4.766832568347812,259,0.0
1045.971727,302,291.692868,1045.9717268342706,5.969992172109587,302,0.0
807.331586,259,291.959214,807.3315857416084,4.403601247539791,259,0.0
1035.833219,308,292.030426,1035.8332193602052,5.841256130737208,308,0.0
920.182455,277,292.305641,920.1824547693317,5.162801664508466,277,0.0
918.233917,289,292.588003,918.2339171002232,5.051949348455171,289,0.0
822.687351,262,292.64749,822.6873513530879,4.502552525423235,262,0.0
912.504743,274,292.916865,912.5047429038614,5.125606280754268,274,0.0
891.343827,255,292.974991,891.3438267193495,5.107673471561811,255,0.0
763.647167,258,293.241926,763.647166843294,4.062010859549983,258,0.0
955.782968,303,293.310113,955.7829684857967,5.240871493945449,303,0.0
658.915139,241,293.572889,658.9151392210073,3.3597286538444733,241,0.0
849.340389,249,293.630748,849.3403890139476,4.81927507619341,249,0.0
1138.893261,329,293.909509,1138.8932608063437,6.498534684001555,329,0.0
1018.967874,296,293.980151,1018.967874299413,5.80183897150609,296,0.0
803.455674,255,294.266059,803.4556738636252,4.404443138317974,255,0.0
774.456717,230,294.323163,774.456716977161,4.371273724786817,230,0.0
900.786424,299,294.639909,900.7864236249255,4.8326694330104765,299,0.0
842.338822,271,294.710388,842.3388217864737,4.588071598488051,271,0.0
1114.243068,349,295.043504,1114.2430678573742,6.142084991494436,349,0.0
975.512763,288,295.354363,975.5127630342118,5.5180494732699135,288,0.0
817.861788,257,295.422775,817.8617881178758,4.503611310870124,257,0.0
941.436839,268,295.714635,941.4368394873215,5.404896118186697,268,0.0
745.550106,245,295.775223,745.5501058504354,4.02078885767601,245,0.0
785.305272,261,296.059961,785.305272155312,4.211435207129351,261,0.0
707.311922,225,296.119209,707.3119222550149,3.8744820726368303,225,0.0
998.85462,286,296.416096,998.8546200924017,5.720589591121989,286,0.0
1014.888549,291,296.489663,1014.8885487182498,5.80906391654217,291,0.0
840.378613,247,296.769897,840.3786125225186,4.763476837137851,247,0.0
839.172079,270,296.836578,839.1720786974913,4.570776862390457,270,0.0
796.986365,228,297.121871,796.9863650476848,4.567497182824135,228,0.0
994.885681,286,297.192951,994.885680626884,5.688848971844033,286,0.0
739.700323,247,297.480768,739.7003232137298,3.9581431556662507,247,0.0
1061.559058,294,297.558449,1061.5590581606305,6.1584956982461145,294,0.0
857.530677,280,297.853907,857.5306768242227,4.63791868532781,280,0.0
1071.536613,311,297.934412,1071.536613060906,6.1029781059216655,311,0.0
817.223771,248,298.221034,817.2237709316805,4.570258769741957,248,0.0
736.493976,253,298.288386,736.4939761170837,3.8844655730256448,253,0.0
795.581388,260,298.586773,795.5813877212044,4.301686708416545,260,0.0
879.279597,267,298.653335,879.2795968196638,4.915274087688926,267,0.0
794.369984,239,298.935342,794.3699844931834,4.459065306361303,239,0.0
768.92946,294,299.228623,768.9294601318356,3.817683857409599,294,0.0
1024.50839,303,299.299225,1024.5083900936252,5.790394569499847,303,0.0
928.313963,262,299.584227,928.3139630006609,5.3473913092426795,262,0.0
1138.948471,316,299.658577,1138.9484712128824,6.602167030942682,316,0.0
950.246731,280,299.948155,950.2467312425363,5.379639253139673,280,0.0
890.965803,246,300.001925,890.9658028402047,5.176109152834048,246,0.0
912.179028,283,300.264201,912.1790276378186,5.051036429296273,283,0.0
890.214705,263,300.321652,890.2147050561258,5.034826493938169,263,0.0
1112.301059,312,300.590997,1112.3010593236454,6.421075713772721,312,0.0
843.331569,248,300.646774,843.3315693046654,4.778929050728488,248,0.0
861.821474,271,300.905256,861.8214739046003,4.743542494874031,271,0.0
850.187226,268,300.964629,850.1872261783532,4.67449255178772,268,0.0
712.422945,237,301.22185,712.422945374833,3.8195587871147323,237,0.0
917.956084,262,301.279471,917.9560841490159,5.264519133102607,262,0.0
789.38406,248,301.541751,789.3840598912896,4.347554333554198,248,0.0
785.393886,255,301.598881,785.393886120154,4.259846265251579,255,0.0
928.99911,269,301.859547,928.9991103665672,5.297176901783794,269,0.0
999.690714,282,302.123899,999.6907136584647,5.759248023608711,282,0.0
861.110265,278,302.185498,861.110265174462,4.682453178654803,278,0.0
1040.279002,277,302.449055,1040.2790024074643,6.123600934537245,277,0.0
726.32681,221,302.502888,726.3268103381765,4.058209240385261,221,0.0
982.86363,313,302.783885,982.8636297745633,5.377539934468639,313,0.0
689.726234,214,302.831143,689.7262335497438,3.8212343535952424,214,0.0
833.634057,251,303.088069,833.6340569517046,4.6776835727922075,251,0.0
939.230476,273,303.147572,939.2304764195285,5.347140270242235,273,0.0
927.361908,270,303.409192,927.361908006256,5.276049768181572,270,0.0
876.179029,254,303.467008,876.1790288153843,4.994115386750774,254,0.0
889.391852,279,303.738872,889.3918517137546,4.900802183157682,279,0.0
830.190206,263,303.79734,830.1902061486275,4.554700733141701,263,0.0
745.352204,228,304.052055,745.3522043818231,4.154581614901195,228,0.0
1012.661426,290,304.117481,1012.6614256297725,5.799303164554033,290,0.0
917.428675,299,304.393328,917.4286754723519,4.965715787926408,299,0.0
807.508506,255,304.449568,807.508506281214,4.43675725917262,255,0.0
575.981255,189,304.697918,575.98125528331,3.1100869694088464,189,0.0
794.035035,236,304.75309,794.035035499693,4.480295784276685,236,0.0
953.395834,288,305.055409,953.3958344413431,5.341143525192882,288,0.0
914.495282,316,305.132439,914.4952823348616,4.806982059258999,316,0.0
816.174651,253,305.388904,816.1746514107567,4.522085167192666,253,0.0
829.826633,252,305.445305,829.8266326318017,4.639006718358758,252,0.0
751.974356,228,305.703605,751.9743559675093,4.207429370675453,228,0.0
833.48618,242,305.759363,833.4861795245223,4.748147972241618,242,0.0
744.726949,241,306.024548,744.726949208777,4.0458442142318,241,0.0
769.618502,249,306.079548,769.618501550682,4.181492373098068,249,0.0
744.656031,250,306.33847,744.6560309309634,3.973697317191686,250,0.0
671.46107,200,306.38277,671.4610698633226,3.7864100905212394,200,0.0
983.673968,311,306.655753,983.673967785271,5.400121961918282,311,0.0
796.857608,230,306.707212,796.8576083936426,4.5504839785089155,230,0.0
878.659269,268,306.97709,878.6592689649572,4.902446698398812,268,0.0
645.442484,194,307.021632,645.4424837565133,3.626232825248943,194,0.0
852.632348,250,307.078636,852.6323483900347,4.8375063845345325,250,0.0
843.161373,259,307.339293,843.1613726530966,4.690085342409125,259,0.0
827.194568,251,307.397224,827.1945682602734,4.626036565981271,251,0.0
717.461412,243,307.65323,717.4614116841478,3.81203455157095,243,0.0
893.951,267,307.710984,893.950999562102,5.032640905400255,267,0.0
866.484974,256,307.975582,866.4849736598686,4.9004478220503,256,0.0
793.602169,238,308.031498,793.6021688345334,4.460741357516483,238,0.0
930.060938,268,308.298312,930.0609379490718,5.313455671651008,268,0.0
777.186281,257,308.356349,777.1862813227857,4.178194135852569,257,0.0
745.811496,230,308.611328,745.8114955833875,4.142210443264799,230,0.0
698.284965,229,308.662303,698.2849646701511,3.770023673360821,229,0.0
945.238249,274,308.924269,945.2382494856924,5.3872341709227065,274,0.0
682.672251,210,308.970413,682.6722511334887,3.7966994619202508,210,0.0
813.306448,246,309.229146,813.3064483519954,4.5546024509160485,246,0.0
926.357492,279,309.293245,926.3574915279165,5.196404074596238,279,0.0
724.555809,216,309.552996,724.5558093021149,4.083830077255882,216,0.0
918.874225,273,309.61655,918.8742254770399,5.184287248204868,273,0.0
866.245066,250,309.875346,866.245065871518,4.946331544900377,250,0.0
878.254442,258,309.934245,878.2544424482849,4.978782565800656,258,0.0
760.109262,233,310.191758,760.1092623863472,4.232677383570082,233,0.0
695.354903,209,310.240091,695.3549028385173,3.9061203505456237,209,0.0
519.892216,169,310.27847,519.8922155075771,2.820730842251381,169,0.0
1382.412591,411,310.597881,1382.41259082336,7.793082560968514,411,0.0
772.502045,226,310.864551,772.502044517412,4.3875369247932365,226,0.0
803.172184,232,310.915273,803.1721837044258,4.585233831461357,232,0.0
538.005294,188,311.15751,538.0052941018355,2.814505526393176,188,0.0
657.380275,206,311.203666,657.380275026929,3.626016076380657,206,0.0
1132.496443,365,311.488196,1132.496443409706,6.1606871100226455,365,0.0
664.479387,219,311.538637,664.4793873346978,3.579369042367945,219,0.0
625.949403,195,311.58346,625.9494031881798,3.4621839778850774,195,0.0
646.5643,208,311.832672,646.5642997336769,3.5234776499397777,208,0.0
743.366737,221,311.882934,743.3667368278185,4.194607983284109,221,0.0
800.961567,240,312.138416,800.9615671015438,4.503957707743236,240,0.0
478.635647,159,312.173975,478.6356472097279,2.570535316426447,159,0.0
659.263801,201,312.218566,659.2638011530524,3.680980057027204,201,0.0
666.933799,221,312.476696,666.9337985908267,3.582948924170159,221,0.0
1023.061947,413,312.781977,1023.0619471283206,4.903098064358749,413,0.0
660.352843,214,312.830401,660.352842991939,3.586057599228809,214,0.0
677.305436,208,313.078642,677.3054362020338,3.7695357091347703,208,0.0
886.787262,298,313.146896,886.7872618819767,4.7286230535702405,298,0.0
624.921262,198,313.190744,624.9212621634193,3.4301846327910717,198,0.0
786.027973,232,313.446443,786.0279729806637,4.448067599209253,232,0.0
531.605442,183,313.488525,531.6054418473168,2.8029923457798667,183,0.0
566.493864,198,313.739452,566.4938644819379,2.9627241163404268,198,0.0
798.71404,237,313.791356,798.7140400324942,4.509683546997787,237,0.0
639.993678,191,314.035233,639.993677862786,3.6066127962720116,191,0.0
675.502921,219,314.085905,675.5029207211697,3.667143515447907,219,0.0
712.811621,207,314.131914,712.8116205677758,4.061436623392829,207,0.0
732.57121,221,314.382214,732.5712101717853,4.108185070799591,221,0.0
791.227096,261,314.44088,791.2270955574229,4.258515813206693,261,0.0
731.792845,220,314.700302,731.7928445754557,4.109871494692549,220,0.0
706.031033,211,314.748757,706.0310327716436,3.9754711334953345,211,0.0
928.860663,285,315.011057,928.8606633223833,5.168573771467444,285,0.0
825.786841,252,315.067067,825.7868407841395,4.606779842335801,252,0.0
834.400788,246,315.320293,834.4007882620788,4.723407002918889,246,0.0
572.194453,197,315.364656,572.1944527108301,3.016464248744089,197,0.0
888.025637,260,315.625686,888.0256374987184,5.041172427200796,260,0.0
788.58646,236,315.677352,788.58646012856,4.436700751292656,236,0.0
605.378985,192,315.720125,605.3789853634345,3.3214799076423276,192,0.0
713.946361,213,315.966531,713.9463609436374,4.022789153943087,213,0.0
775.430504,227,316.017867,775.4305044761185,4.403138247252836,227,0.0
749.671523,229,316.275214,749.6715230060277,4.181262445792371,229,0.0
709.9717,230,316.324005,709.9716998540042,3.8555026794867135,230,0.0
878.078917,264,316.591215,878.078916675981,4.929407930054605,264,0.0
859.101222,267,316.652365,859.101221627555,4.754004809148604,267,0.0
978.759513,284,316.917549,978.7595132669953,5.5757557977766234,284,0.0
886.647795,251,316.97291,886.647795164475,5.101835739154232,251,0.0
916.883029,262,317.258835,916.8830288005867,5.256153490174466,262,0.0
671.303995,217,317.308778,671.3039954942045,3.649874734564199,217,0.0
820.901191,252,317.561784,820.9011912934794,4.5676860674152815,252,0.0
837.541032,246,317.618063,837.5410324401576,4.748747814904993,246,0.0
752.283476,233,317.871215,752.2834758096955,4.170149571727682,233,0.0
768.287974,228,317.926418,768.2879739717695,4.337946946175489,228,0.0
1010.976474,311,318.202057,1010.9764736603227,5.618614418092168,311,0.0
756.71835,252,318.259413,756.7183502456538,4.054358433316752,252,0.0
823.762579,259,318.525479,823.7625792817907,4.534918037295151,259,0.0
827.175955,251,318.5812,827.1759546013885,4.625852564628315,251,0.0
672.22106,227,318.83337,672.22105965869,3.5774192237798816,227,0.0
797.744471,260,318.892731,797.7444714872407,4.318903028520763,260,0.0
711.026938,245,319.158215,711.0269379992433,3.744493359809313,245,0.0
885.448441,283,319.220938,885.448440953193,4.83725077031395,283,0.0
841.331714,295,319.492966,841.3317142007523,4.3886107942319414,295,0.0
1273.057702,383,319.579995,1273.0577016792079,7.141464860529872,383,0.0
1326.074522,391,319.877378,1326.0745218548327,7.501821902302728,391,0.0
928.907787,265,320.139574,928.9077871644382,5.328211640240607,265,0.0
867.707068,270,320.19968,867.707067640754,4.798874790758072,270,0.0
775.421514,249,320.458619,775.4215140295717,4.227955817138432,249,0.0
943.021381,293,320.526662,943.0213810864606,5.218033627438548,293,0.0
804.317622,245,320.788145,804.3176220867849,4.490980380233796,245,0.0
765.074083,228,320.839543,765.0740830999113,4.3121650496875965,228,0.0
882.206417,273,321.108671,882.206417370301,4.890762535430062,273,0.0
1015.771104,307,321.179875,1015.7711038546548,5.688535136841818,307,0.0
828.033643,248,321.438168,828.0336426813124,4.656568647783223,248,0.0
848.531089,259,321.499589,848.5310894380418,4.7328334928213485,259,0.0
145.037226,260,321.768288,145.0372258017721,-0.9025689128019303,260,0.0
688.87235,211,321.814903,688.8723495273479,3.8383346999206385,211,0.0
840.430631,258,322.075649,840.4306313238708,4.676253205065906,258,0.0
885.215036,263,322.136032,885.215035566339,4.994343139612871,263,0.0
836.658809,254,322.397205,836.6588088443116,4.677641333101568,254,0.0
1170.747945,328,322.470622,1170.7479454385127,6.761181378295843,328,0.0
718.170864,241,322.729803,718.1708642812526,3.833335159260842,241,0.0
871.943451,251,322.789325,871.9434506929967,4.983792182601632,251,0.0
682.419517,221,323.055507,682.4195166908482,3.70675213507902,221,0.0
864.077682,244,323.115941,864.0776819550664,4.976616195616311,244,0.0
1116.947782,322,323.425838,1116.9477824110093,6.378320398861555,322,0.0
901.444918,263,323.490259,901.4449181218039,5.1242462065174195,263,0.0
754.859551,244,323.785961,754.8595513045635,4.1030465339540205,244,0.0
1028.336336,413,324.121002,1028.3363360214482,4.945062549770967,413,0.0
800.550189,293,324.195076,800.5501886727285,4.0783735294826275,293,0.0
865.025076,274,324.491845,865.0250764435183,4.745307063164772,274,0.0
758.902147,238,324.554486,758.9021470348268,4.183204617820243,238,0.0
912.678038,287,324.86259,912.6780378706878,5.023051905511047,287,0.0
873.725025,257,324.928431,873.7250245860937,4.950245411849716,257,0.0
1017.972726,298,325.247682,1017.9727255155312,5.777939353247528,298,0.0
791.754036,269,325.315785,791.7540358592396,4.199062893131651,269,0.0
1042.181466,305,325.664331,1042.1814660483265,5.915891194024398,305,0.0
994.19031,297,326.023647,994.1903096074178,5.595244602645702,297,0.0
671.917054,223,326.091494,671.9170541949997,3.6066714996931735,223,0.0
813.117825,254,326.452977,813.1178252395018,4.489445345316646,254,0.0
1141.716053,333,326.556335,1141.7160531088132,6.489135317702868,333,0.0
912.723291,285,326.902633,912.7232906582988,5.0395909024782375,285,0.0
1012.383507,291,326.988794,1012.383506875542,5.788897808132218,291,0.0
1288.341434,524,327.432069,1288.3414342921876,6.14101520588701,524,0.0
842.96358,319,327.811116,842.9635800719748,4.210863180465459,319,0.0
1280.668543,408,328.238646,1280.6685434706126,7.003444798988726,408,0.0
1066.84904,326,328.338663,1066.8490395981346,5.946267318896011,326,0.0
1248.525269,373,328.770608,1248.5252686113279,7.024868000958617,373,0.0
777.749755,248,329.151388,777.7497551384085,4.25425780624798,248,0.0
731.700902,219,329.21867,731.7009016607884,4.116770373426937,219,0.0
800.462949,235,329.566865,800.462949175281,4.539436754457728,235,0.0
1015.416558,304,329.67266,1015.4165581093637,5.709824582507088,304,0.0
811.08534,239,330.079939,811.0853403380172,4.592567779333915,239,0.0
1365.502755,414,330.243606,1365.5027550745438,7.633963396112565,414,0.0
873.324619,256,330.691881,873.3246190302211,4.955365805744112,256,0.0
1110.673393,336,331.151562,1110.6733926674244,6.216893521095534,336,0.0
825.838914,260,331.245846,825.838913508908,4.543691007451958,260,0.0
766.089976,252,331.655949,766.0899755003128,4.129406940143155,252,0.0
910.861612,273,331.743788,910.8616120490444,5.120132825584126,273,0.0
687.48021,216,331.823046,687.4802101862923,3.7872040976338663,216,0.0
929.872722,269,332.223309,929.8727221927084,5.304175464535457,269,0.0
668.360211,206,332.28891,668.3602108211288,3.713768475662755,206,0.0
928.195163,266,332.66775,928.1951629176032,5.3144186809221186,266,0.0
1029.241217,311,333.097164,1029.241216874482,5.764367617992025,311,0.0
916.312854,273,333.195636,916.3128541168812,5.163786030117283,273,0.0
1036.773211,311,333.724889,1036.773211442827,5.824580546765285,311,0.0
1064.883927,312,333.844745,1064.8839271555191,6.041818040096201,312,0.0
203.508584,329,334.280027,203.50858392807947,-0.9843233057253569,329,0.0
1054.833132,308,334.687543,1054.8331316370652,5.993158809560277,308,0.0
1030.831713,302,334.780552,1030.8317130806495,5.8489890939203,302,0.0
1079.20983,314,335.173815,1079.2098304875622,6.140166038978443,314,0.0
945.239261,286,335.268516,945.2392614706049,5.291525943847264,286,0.0
880.423687,262,335.660271,880.4236867973623,4.96442148500945,262,0.0
540.165335,178,335.715266,540.165335272006,2.9112488783470183,178,0.0
1025.189954,293,336.091168,1025.1899539385922,5.875273023992775,293,0.0
926.102668,272,336.178921,926.1026684007436,5.249993972180463,272,0.0
858.450001,278,336.524047,858.450001117083,4.661217065868963,278,0.0
978.62179,284,336.60442,978.6217896585908,5.574795668755916,284,0.0
856.544047,253,336.946486,856.5440471149042,4.844918932463032,253,0.0
865.289415,276,337.026229,865.2894153757424,4.731653527496894,276,0.0
770.7385,234,337.332284,770.7384999147484,4.309732756288618,234,0.0
718.908374,214,337.387399,718.908374183435,4.054515420120925,214,0.0
951.638026,280,337.68878,951.6380258896473,5.390763864084216,280,0.0
621.060786,225,337.745938,621.0607860320903,3.183908396048245,225,0.0
893.48712,276,338.016778,893.4871202006638,4.957284846969079,276,0.0
898.484892,311,338.085962,898.484892249709,4.718631446915838,311,0.0
1120.921787,311,338.349237,1120.9217865612632,6.49784049809262,311,0.0
1348.953594,477,338.652539,1348.9535942175162,7.00013083517903,477,0.0
988.507223,297,338.918633,988.5072226581341,5.550264749192588,297,0.0
1077.071383,323,338.989536,1077.0713834605556,6.051824319403733,323,0.0
924.945243,285,339.251725,924.9452429328919,5.137615894803861,285,0.0
771.103348,259,339.306621,771.1033483732854,4.113590387020919,259,0.0
2053.405974,627,339.6464,2053.4059740854314,11.440723921828818,627,0.0
656.720882,225,339.906538,656.7208815488336,3.469476199076566,225,0.0
1068.974059,302,339.97774,1068.9740586388043,6.154035608669838,302,0.0
748.593343,244,340.243584,748.5933427781089,4.053126225596844,244,0.0
769.467734,238,340.296972,769.4677338479152,4.2677023354601635,238,0.0
927.29645,266,340.56019,927.2964498093784,5.307502294882549,266,0.0
1051.104236,320,340.845497,1051.1042364185441,5.867918251858463,320,0.0
741.564628,243,340.899529,741.5646283582889,4.004878357734989,243,0.0
1012.344902,285,341.178677,1012.3449016610057,5.836472068811496,285,0.0
982.304841,290,341.245079,982.3048410563143,5.5563637770644325,290,0.0
731.763152,221,341.501261,731.7631521092065,4.101630925443797,221,0.0
887.25412,270,341.560756,887.254120419257,4.955249955163253,270,0.0
1135.722074,335,341.852342,1135.7220735480341,6.424995625809983,335,0.0
894.182549,292,341.920678,894.1825490607796,4.83530033519485,292,0.0
1013.988976,299,342.197492,1013.9889758207651,5.738173815572115,299,0.0
497.887106,201,342.24652,497.887105598391,2.389962397709838,201,0.0
1041.781658,307,342.54408,1041.7816576075898,5.896510842792255,307,0.0
929.014745,267,342.608604,929.0147453185825,5.312929085250162,267,0.0
690.320106,195,342.882092,690.3201060316619,3.97705582382575,195,0.0
780.268671,256,342.943146,780.2686714213628,4.210753836940273,256,0.0
778.573666,251,343.200525,778.5736661055608,4.237172300435988,251,0.0
1067.182174,305,343.272014,1067.182174100165,6.115518190498254,305,0.0
1421.957689,476,343.59816,1421.957688957968,7.591710330888091,476,0.0
950.878148,283,343.866012,950.8781477690538,5.36082496543348,283,0.0
746.044026,232,343.916499,746.0440262725674,4.1280495743022145,232,0.0
787.287821,262,344.175134,787.2878206924245,4.219092865203649,262,0.0
954.96499,276,344.23583,954.9649904403267,5.449178800408088,276,0.0
97.026313,195,344.478342,97.02631334331734,-0.7689121571928331,195,0.0
1013.847535,324,344.550434,1013.8475345151327,5.538140823089939,324,0.0
616.518246,191,344.794507,616.5182456336969,3.4184894095687626,191,0.0
743.416248,225,344.844404,743.4162478528025,4.162858962712468,225,0.0
835.782941,276,345.103363,835.7829407080825,4.4956787056856315,276,0.0
949.321307,280,345.165291,949.3213071940289,5.372241699524831,280,0.0
781.880994,248,345.423988,781.8809935389505,4.287344009341265,248,0.0
860.859598,262,345.480997,860.8595977233674,4.807837962529773,262,0.0
801.914285,247,345.733237,801.9142854147973,4.455512662038701,247,0.0
1017.038441,309,345.800049,1017.0384410120207,5.6828871392187725,309,0.0
1128.326103,327,346.070042,1128.326102619685,6.429662188064658,327,0.0
926.201137,290,346.330931,926.2011365958762,5.107615900128741,290,0.0
1117.474938,336,346.404971,1117.4749375655704,6.271397988756683,336,0.0
434.716863,141,346.636125,434.7168632843219,2.3623499308794105,141,0.0
819.249763,267,346.693876,819.2497634895464,4.435134495448951,267,0.0
647.067126,202,346.737501,647.0671261201171,3.575374855554868,202,0.0
801.284908,253,346.994254,801.2849079140825,4.4028652010929905,253,0.0
739.119201,223,347.042955,739.1192014080544,4.144447411736902,223,0.0
873.997676,271,347.300493,873.9976762132861,4.841214499082531,271,0.0
931.173744,279,347.362232,931.173743743108,5.235039062262572,279,0.0
1026.327773,296,347.622991,1026.3277727473242,5.86062120741378,296,0.0
902.951226,275,347.878114,902.9512264646704,5.040983949040715,275,0.0
959.541882,267,347.936614,959.541881876204,5.557370128938167,267,0.0
810.941042,256,348.189595,810.9410416240822,4.4562530325168925,256,0.0
1071.763496,422,348.282042,1071.763496465238,5.220751640353933,422,0.0
775.49338,237,348.532108,775.4933797292667,4.324119404131936,237,0.0
844.102992,268,348.590717,844.1029915005314,4.625892514423557,268,0.0
949.824579,273,348.841453,949.8245785679014,5.431786601972057,273,0.0
1048.333702,296,349.100857,1048.33370164352,6.03659731554061,296,0.0
693.10236,222,349.150057,693.1023602109595,3.784430616057444,222,0.0
751.680191,265,349.207149,751.6801913854588,3.9105608791021007,265,0.0
1049.562058,323,349.475116,1049.5620578478336,5.831431059692807,323,0.0
1278.758885,349,349.751146,1278.7588853707468,7.457609888426533,349,0.0
935.986611,295,349.816467,935.9866105166062,5.145794507527196,295,0.0
1150.349537,322,350.086814,1150.349536583766,6.645765091811363,322,0.0
1277.863643,360,350.360803,1277.8636431878701,7.363188854612995,360,0.0
735.17873,259,350.417429,735.178729648202,3.8264859000683824,259,0.0
1157.916516,376,350.698624,1157.9165159029956,6.276510766436593,376,0.0
387.271032,132,350.727273,387.27103218268627,2.0545972558274888,132,0.0
709.953667,209,350.975753,709.9536667389017,4.022790341157215,209,0.0
878.648942,289,351.038652,878.6489417080774,4.735114229203578,289,0.0
1106.016625,319,351.308679,1106.016624811306,6.31484571111083,319,0.0
894.19656,276,351.368832,894.1965602011985,4.963165648125754,276,0.0
528.988692,265,351.625657,528.9886922819659,2.129057807744202,265,0.0
724.89079,219,351.673099,724.8907896371727,4.062276113570242,219,0.0
695.482172,243,351.92347,695.4821721525614,3.6360933645447564,243,0.0
861.514866,279,351.986235,861.5148661851601,4.677710372040201,279,0.0
816.693869,244,352.237348,816.6938692806526,4.5977487252850135,244,0.0
922.920607,283,352.297525,922.9206066265368,5.137335913206369,283,0.0
1075.299717,337,352.568861,1075.2997166036205,5.92605920306149,337,0.0
918.734317,283,352.826881,918.7343167482812,5.103475781471979,283,0.0
862.627238,274,352.887075,862.627238302713,4.726565932063294,274,0.0
986.916303,291,353.148524,986.9163029898097,5.585215286158881,291,0.0
758.458741,215,353.195606,758.4587412068239,4.362780832636428,215,0.0
1397.406448,404,353.478107,1397.4064479573155,7.9690941022507795,404,0.0
1606.212554,471,353.777923,1606.212554245021,9.105556570127595,471,0.0
817.62824,258,353.835843,817.6282404177624,4.493743451650846,258,0.0
819.569284,250,354.090774,819.5692840556466,4.573091794301078,250,0.0
665.983797,230,354.141467,665.983797223895,3.503627256253779,230,0.0
963.960651,292,354.397507,963.9606513037015,5.3936046149092896,292,0.0
452.24388,147,354.430154,452.2438798918323,2.45495301521769,147,0.0
924.061414,290,354.690961,924.0614140084788,5.090623272327579,290,0.0
374.510222,128,354.719013,374.51022223749334,1.9842044076299787,128,0.0
944.312925,294,354.784647,944.3129246008572,5.220368639677382,294,0.0
949.589076,284,355.044129,949.5890760668848,5.342469395801659,284,0.0
611.129931,219,355.092716,611.1299307727688,3.1526583979554204,219,0.0
1062.707924,314,355.35638,1062.7079237103721,6.008451994179952,314,0.0
522.301635,170,355.393448,522.3016354996035,2.832003844971041,170,0.0
1146.864556,367,355.670152,1146.8645556674462,6.259577187295539,367,0.0
1517.475147,431,355.959643,1517.475147186863,8.714832220538247,431,0.0
789.535199,239,356.012054,789.5351987438796,4.420501746466052,239,0.0
813.48995,264,356.267031,813.4899495971711,4.413024149708521,264,0.0
981.983114,280,356.326287,981.9831135184568,5.633375837489085,280,0.0
713.252246,210,356.570908,713.2522462501248,4.041125356156981,210,0.0
1080.7936,351,356.846698,1080.7935998381167,5.8582917959249095,351,0.0
640.286575,226,356.89555,640.2865749897775,3.32975848149964,226,0.0
1079.229515,306,357.157475,1079.2295153844889,6.204158628265017,306,0.0
1072.778742,302,357.22237,1072.778741654985,6.184449920039986,302,0.0
876.084585,281,357.480944,876.0845854781014,4.778365588803148,281,0.0
959.920822,300,357.545906,959.9208223359091,5.297770808107513,300,0.0
787.418474,258,357.801535,787.4184739204362,4.252255103894515,258,0.0
557.257864,169,357.838576,557.2578640406509,3.119900344739036,169,0.0
920.990761,280,358.12223,920.9907614040837,5.1457499394597095,280,0.0
816.891654,266,358.180104,816.8916537895651,4.424257949619623,266,0.0
1109.35394,363,358.462087,1109.353940374531,5.991622193514081,363,0.0
943.00285,291,358.525903,943.0028503041522,5.233732019145258,291,0.0
1080.740601,325,358.798668,1080.7406007228926,6.064821827539644,325,0.0
1273.420528,360,359.078761,1273.4205281640934,7.327669854884647,360,0.0
1051.923379,296,359.141516,1051.9233786173568,6.06548241718555,296,0.0
959.038917,267,359.393578,959.0389165676349,5.553515274914472,267,0.0
790.888756,233,359.443598,790.8887559402077,4.478961764008402,233,0.0
999.95404,297,359.707401,999.9540400830085,5.641791126609959,297,0.0
1580.591253,476,360.009873,1580.5912526118302,8.861049099684667,476,0.0
684.45626,216,360.058201,684.4562595268321,3.763138635460721,216,0.0
749.09022,224,360.307312,749.0902198491148,4.216444791703294,224,0.0
1372.264837,443,360.597908,1372.2648365485281,7.457489199513962,443,0.0
573.015804,182,360.638464,573.0158044003952,3.142126402612457,182,0.0
1849.176671,593,360.968039,1849.1766705726018,10.078031530307587,593,0.0
580.686085,213,361.208243,580.6860854655208,2.9569097462029585,213,0.0
907.442424,265,361.266813,907.4424243006139,5.1567507791967895,265,0.0
843.809855,265,361.518375,843.8098554614139,4.647549364476948,265,0.0
676.41227,219,361.565426,676.4122701409299,3.6747531998910246,219,0.0
764.996444,239,361.616995,764.9964442863472,4.224084950870178,239,0.0
1381.590582,396,361.897618,1381.5905822134623,7.906290562457264,396,0.0
936.729243,285,362.149127,936.7292433014402,5.2317703984258985,285,0.0
778.946417,244,362.20214,778.9464168968154,4.295972692429468,244,0.0
631.272987,212,362.442668,631.2729866243528,3.3692927582111944,212,0.0
865.622182,294,362.507718,865.6221820093145,4.591418107291993,294,0.0
767.620002,250,362.753596,767.6200016334759,4.157481789149798,250,0.0
981.155595,301,362.81828,981.1555948872787,5.459687294718409,301,0.0
605.731441,237,363.065634,605.7314407820741,2.96618639508536,237,0.0
719.272621,223,363.114353,719.2726212318104,3.985871390198023,223,0.0
992.149139,317,363.383176,992.1491386566637,5.420271030111126,317,0.0
1214.040747,367,363.658519,1214.040746622161,6.796850779968505,367,0.0
671.310612,213,363.705313,671.3106123212658,3.6817339499463717,213,0.0
504.185974,257,363.760631,504.1859743387514,1.9943482453261174,257,0.0
792.477301,232,364.006955,792.4773012605839,4.499528428838679,232,0.0
1149.438445,341,364.291681,1149.4384448945411,6.487396663996675,341,0.0
861.691413,246,364.345612,861.6914129749692,4.94189982231618,246,0.0
703.446309,209,364.592599,703.4463094082323,3.970989357594876,209,0.0
913.841091,279,364.653739,913.8410907684666,5.09642325019749,279,0.0
815.112496,260,364.910462,815.1124956042588,4.457787795328973,260,0.0
696.890061,217,364.957643,696.8900611879897,3.8547095624559646,217,0.0
967.373803,284,365.215441,967.3738030451074,5.484703102651759,284,0.0
662.409595,221,365.263077,662.4095945719727,3.5469504173896094,221,0.0
1172.741709,336,365.530212,1172.7417085517284,6.713446843029626,336,0.0
720.601616,225,365.577673,720.601615506154,3.980610721839029,225,0.0
899.581881,265,365.831117,899.5818806965129,5.093733353932755,265,0.0
1383.529702,390,365.916709,1383.5297017905025,7.969363119781642,390,0.0
978.256711,306,366.180785,978.2567113279396,5.396456923773536,306,0.0
1278.695625,380,366.459677,1278.695625022547,7.210928263128023,380,0.0
883.823313,257,366.514904,883.8233133258095,5.031243969467868,257,0.0
872.105776,264,366.771694,872.1057762614371,4.881912566418884,264,0.0
738.814511,224,366.819249,738.814510500327,4.133977817942672,224,0.0
937.2289,281,367.075052,937.2289003097771,5.267484403975377,281,0.0
937.867762,255,367.130463,937.8677617025584,5.4796439603561735,255,0.0
1088.496174,331,367.411411,1088.4961739327784,6.079426304492936,331,0.0
934.712972,298,367.477604,934.7129718704124,5.111932752641645,298,0.0
746.628965,227,367.73004,746.6289649826599,4.172532101284437,227,0.0
967.145312,297,367.794864,967.1453118383928,5.3793697187744485,297,0.0
1002.18685,302,368.062352,1002.1868503339633,5.619878651575406,302,0.0
597.924558,207,368.108,597.9245583196168,3.1422329471372,207,0.0
682.37387,235,368.38807,682.373870074174,3.595198348221427,235,0.0
1145.568012,321,368.669847,1145.5680116524486,6.615455122714884,321,0.0
782.910736,242,368.724696,782.9107363618839,4.343484331342519,242,0.0
820.387156,259,368.785444,820.3871559180575,4.508084770954232,259,0.0
1031.83003,358,369.066544,1031.8300295411964,5.41078408581419,358,0.0
1105.909073,314,369.33462,1105.9090729942227,6.353889511883,314,0.0
956.012555,291,369.398081,956.0125547706712,5.33811727161415,291,0.0
442.137523,145,369.630933,442.13752324627325,2.3898466300008505,145,0.0
866.675667,259,369.687174,866.6756674875379,4.878421169251101,259,0.0
935.343792,277,369.954128,935.3437922807846,5.284361348956053,277,0.0
569.336396,207,370.001388,569.3363959485001,2.91362594599708,207,0.0
779.637789,250,370.253611,779.6377894960928,4.253767675948239,250,0.0
962.056238,320,370.323782,962.0562380646592,5.15555061891489,320,0.0
762.882951,231,370.571084,762.8829512503193,4.270970651991821,231,0.0
696.666077,246,370.625394,696.6660768697166,3.6219555086783197,246,0.0
679.535519,227,370.873865,679.5355192788523,3.6358458995028395,227,0.0
326.414866,119,370.89929,326.4148663922596,1.6715547012611576,119,0.0
1092.416145,330,370.971608,1092.4161451272023,6.118703127175052,330,0.0
770.397243,256,371.258712,770.3972433343455,4.131981373892292,256,0.0
918.626753,287,371.559292,918.6267528949078,5.070884978547324,287,0.0
1094.11358,322,371.639303,1094.1135802779793,6.196109019891158,322,0.0
1424.107769,429,371.946406,1424.107768659922,7.983809571345151,429,0.0
886.108782,285,372.220332,886.1087822462429,4.826831693457435,285,0.0
726.650605,245,372.27342,726.6506047833254,3.8696599328611097,245,0.0
1005.840347,301,372.539539,1005.8403470251761,5.657064553538194,301,0.0
497.922609,158,372.574468,497.9226087683604,2.7326928520297833,158,0.0
1134.236973,352,372.852236,1134.236972698746,6.278010243599599,352,0.0
1480.601017,456,373.156648,1480.6010172299934,8.221012704965014,456,0.0
676.472134,249,373.212895,676.4721343761674,3.436479122800673,249,0.0
415.167965,137,373.242939,415.167964776265,2.238111937096227,137,0.0
789.94137,248,373.49525,789.9413704556497,4.352108560060035,248,0.0
1005.878545,303,373.563456,1005.8785450408761,5.641454340947099,303,0.0
971.26086,343,373.835735,971.2608599720207,5.0460572405181185,343,0.0
732.18658,233,373.885487,732.1865802935282,4.009699909674527,233,0.0
891.206431,255,374.134004,891.2064307355726,5.106509573217803,255,0.0
1009.099588,305,374.400908,1009.0995875182213,5.6512812859822965,305,0.0
726.361178,248,374.454423,726.3611777961377,3.8434533558440487,248,0.0
834.111493,280,374.708081,834.111493458829,4.450660519332414,280,0.0
1215.782033,361,374.785521,1215.7820333910836,6.858911892062204,361,0.0
962.564891,304,375.044493,962.5648905790124,5.287131520526813,304,0.0
1135.537111,354,375.32091,1135.5371111617376,6.272758534220945,354,0.0
771.449903,242,375.372179,771.449903398014,4.251870145963184,242,0.0
718.787396,200,375.414644,718.7873959344338,4.165382143334295,200,0.0
686.427411,229,375.659948,686.4274113200263,3.675169125378045,229,0.0
726.488945,252,375.715428,726.4889451156419,3.8124257421944665,252,0.0
1711.972858,489,376.021688,1711.9728584570964,9.809073617759838,489,0.0
1008.661396,290,376.280868,1008.6613962527757,5.767305074260325,290,0.0
634.089844,186,376.320507,634.0898436017912,3.5991932018156128,186,0.0
764.091996,249,376.566219,764.0919957502779,4.137460701337671,249,0.0
1340.222173,396,376.843934,1340.2221732191003,7.575603073992928,396,0.0
1274.230613,367,376.921383,1274.2306131243422,7.278550618898276,367,0.0
755.192078,232,377.172903,755.1920777474874,4.201616037046065,232,0.0
1646.11326,479,377.474185,1646.1132595298182,9.36169016627973,479,0.0
798.39473,235,377.524904,798.3947298739254,4.5231554056634415,235,0.0
925.662366,276,377.781383,925.6623655668777,5.214856300000545,276,0.0
775.056282,227,377.830578,775.0562820649925,4.40015997197664,227,0.0
887.149891,324,378.095162,887.1498910143789,4.524736324417823,324,0.0
1060.939415,308,378.161883,1060.9394147438215,6.042065414861948,308,0.0
330.275297,118,378.381821,330.2752971488495,1.710276941370202,118,0.0
1365.368426,409,378.468631,1365.368425764867,7.672833894279051,409,0.0
735.590781,263,378.717851,735.5907812075551,3.797810966649166,263,0.0
805.536362,262,378.773552,805.5363618263456,4.365154887419155,262,0.0
912.400721,282,379.032551,912.4007210037126,5.06086859117032,282,0.0
776.130979,269,379.088634,776.1309787842484,4.074265473756595,269,0.0
772.488132,240,379.341372,772.4881318791269,4.276012620574768,240,0.0
864.52153,294,379.404919,864.5215300015941,4.582517798318956,294,0.0
1017.413684,290,379.655973,1017.4136843593084,5.836895185417675,290,0.0
814.311493,238,379.898585,814.3114933735792,4.626656622707736,238,0.0
1439.517624,407,379.984728,1439.5176242187597,8.282049889495953,407,0.0
1781.838539,507,380.307581,1781.8385391272657,10.224276242973334,507,0.0
1264.67614,366,380.588314,1264.6761395509473,7.2100497331430216,366,0.0
765.835568,259,380.858429,765.8355676066889,4.071763286591182,259,0.0
722.708337,238,380.912877,722.7083367237169,3.893903225362153,238,0.0
1117.974096,321,381.195114,1117.974095695448,6.394641336674096,321,0.0
429.420703,142,381.232157,429.4207033136739,2.3121293909057017,142,0.0
1104.003755,347,381.541177,1104.003755212788,6.0757698658623,347,0.0
1517.069301,483,381.885437,1517.0693012438674,8.297369940940255,483,0.0
646.50949,187,381.931485,646.5094903559834,3.690413612189843,187,0.0
720.164157,219,381.985103,720.1641568731366,4.025027504973179,219,0.0
606.822843,209,382.245844,606.8228425021662,3.197866656006429,209,0.0
785.649325,233,382.296848,785.6493248791737,4.437216522407778,233,0.0
829.863198,242,382.557338,829.863197952343,4.718984031732729,242,0.0
836.934197,252,382.617218,836.9341971835886,4.696300838219987,252,0.0
762.887507,227,382.885382,762.8875066515637,4.3028254279335005,227,0.0
799.187328,285,382.950467,799.1873282758147,4.131625215180669,285,0.0
978.154776,270,383.224188,978.1547758257134,5.682439403639456,270,0.0
1037.511953,300,383.291111,1037.5119534719922,5.91844422805454,300,0.0
1078.553826,315,383.56734,1078.553826387291,6.127400863183808,315,0.0
1483.136648,451,383.866315,1483.1366484368425,8.280801172888449,451,0.0
1024.015507,299,383.932917,1024.015506544334,5.818331756903393,299,0.0
778.194121,226,384.195846,778.1941210482709,4.433239210782182,226,0.0
720.985258,231,384.247378,720.9852578958612,3.936236881236266,231,0.0
729.454519,211,384.49525,729.4545187480971,4.162874514060087,211,0.0
1013.242618,308,384.563251,1013.2426182851024,5.660824713030693,308,0.0
817.961876,246,384.822292,817.961876412126,4.592314087576931,246,0.0
790.027736,234,384.874219,790.0277362437532,4.464169022679024,234,0.0
824.128392,301,385.140266,824.1283923024649,4.203650743074049,301,0.0
998.377567,290,385.20249,998.3775674961269,5.685162997169231,290,0.0
2081.007126,601,385.532545,2081.007125828926,11.86878257721978,601,0.0
523.241857,189,385.794261,523.2418572141274,2.6885925410352254,189,0.0
335.212624,117,385.821613,335.2126242365907,1.7578433770229924,117,0.0
1522.802709,427,386.132139,1522.8027092783755,8.78904483351263,427,0.0
1060.164051,413,386.425851,1060.164050918703,5.200286611107568,413,0.0
770.450362,234,386.476893,770.4503615937301,4.307669948473468,234,0.0
2056.387281,583,386.813956,2056.3872806337195,11.8156354747912,583,0.0
799.156953,249,387.083737,799.1569532333538,4.418200055352887,249,0.0
794.058902,247,387.141924,794.0589015356499,4.393095923135618,247,0.0
910.269227,262,387.420809,910.2692268446323,5.2031718705574,262,0.0
515.642344,254,387.484144,515.6423436479377,2.1100222302222384,254,0.0
2666.072003,837,388.162954,2666.0720032642976,14.669464023283414,837,0.0
851.728575,283,388.236237,851.7285748473936,4.567800629597613,283,0.0
792.624444,255,388.553989,792.6244439876594,4.317879640756509,255,0.0
978.740053,305,388.876972,978.7400532600202,5.408271323753209,305,0.0
931.04349,307,388.966786,931.0434903163398,5.011093130501684,307,0.0
1675.540564,507,389.40929,1675.5405636570217,9.37403575671803,507,0.0
728.542251,219,389.74832,728.5422510565779,4.091856108257028,219,0.0
724.702766,215,389.814437,724.7027657390057,4.0930523818829645,215,0.0
751.095656,229,389.881548,751.0956555858922,4.192845622919661,229,0.0
890.185111,278,390.262713,890.1851112869896,4.915175826809818,278,0.0
954.18145,294,390.647388,954.1814503355022,5.299534225768093,294,0.0
825.529452,278,390.740858,825.5294521265063,4.398211073842164,278,0.0
1374.018044,393,391.171519,1374.0180440731378,7.869495108588166,393,0.0
1222.579358,364,391.570174,1222.579357907669,6.889309868654444,364,0.0
704.869104,220,391.643399,704.8691036253052,3.89450678906687,220,0.0
730.904181,216,391.717862,730.9041809995944,4.134702694196109,216,0.0
814.581059,235,392.078394,814.5810588844373,4.652569061702506,235,0.0
1864.122116,550,392.516609,1864.122116318351,10.540369076638711,550,0.0
775.239787,247,392.595466,775.2397874476654,4.242285161940779,247,0.0
1234.126261,355,392.984,1234.1262610265628,7.053416536047771,355,0.0
729.522374,224,393.34818,729.5223739009211,4.060212296388561,224,0.0
885.435378,260,393.436666,885.4353775659331,5.020435030545288,260,0.0
848.136936,265,393.831698,848.1369364804627,4.68219976912852,265,0.0
658.970494,223,393.898954,658.9704938284742,3.503438784114581,223,0.0
619.713118,225,394.228576,619.7131181883228,3.173605805476254,225,0.0
819.036919,266,394.307192,819.0369189023091,4.44161235133749,266,0.0
1358.174978,396,394.743166,1358.1749779105367,7.719317322756678,396,0.0
1021.410437,312,394.829019,1021.410437397783,5.69432577801875,312,0.0
855.810121,271,395.193602,855.8101212840093,4.695851522856603,271,0.0
791.21086,232,395.264992,791.2108604142934,4.489494402528111,232,0.0
988.290351,289,395.638035,988.290350702956,5.612292140390848,289,0.0
916.645818,309,395.993605,916.645818429606,4.8798391687391565,309,0.0
900.484003,272,396.076493,900.4840030799212,5.045484765938342,272,0.0
1239.005425,365,396.491537,1239.0054252990737,7.012653502494264,365,0.0
1094.850807,327,396.595553,1094.8508067238895,6.1622898842186125,327,0.0
790.186267,230,396.970522,790.1862666753627,4.497385924465988,230,0.0
665.840862,236,397.045289,665.8408620785666,3.4549609622552815,236,0.0
778.576439,229,397.401493,778.5764390406914,4.412317247886036,229,0.0
773.686836,247,397.478883,773.6868362595743,4.230396973499243,247,0.0
699.157595,210,397.84421,699.1575946564994,3.928612511786053,210,0.0
724.973373,216,397.916698,724.9733725915577,4.0872910948666945,216,0.0
1160.21037,352,398.311427,1160.2103697118357,6.485930819733823,352,0.0
655.978776,233,398.388672,655.978775773654,3.3998578653744653,233,0.0
965.857259,296,398.76131,965.8572591285307,5.377190331152149,296,0.0
547.318029,184,398.822006,547.3180290764616,2.9208159636074305,184,0.0
890.197275,259,399.205552,890.1972754192819,5.066521856177821,259,0.0
1540.355236,486,399.658348,1540.35523569934,8.459974616753941,486,0.0
1310.124798,401,399.78432,1310.1247976768864,7.295169501393748,401,0.0
855.718845,267,400.172904,855.7188450205655,4.727068337792945,267,0.0
505.199255,169,400.227538,505.1992548274396,2.7034463785782883,169,0.0
767.924214,221,400.590815,767.9242142479396,4.391161002203636,221,0.0
763.424333,256,400.681,763.4243331820354,4.076692127575073,256,0.0
785.222135,230,401.065835,785.2221353830159,4.4576365231430835,230,0.0
1207.690978,380,401.194078,1207.6909779946855,6.6428577034490734,380,0.0
730.874316,226,401.549224,730.8743164882638,4.0549391555757195,226,0.0
1367.916011,442,401.978794,1367.9160110295995,7.430882752128701,442,0.0
1167.525662,353,402.088655,1167.5256623107896,6.536471603863088,353,0.0
808.54342,246,402.465605,808.5434197759142,4.5168438306079235,246,0.0
787.075415,241,402.54591,787.0754149910109,4.384928857147734,241,0.0
1125.754719,358,402.95114,1125.7547190470752,6.162641765312956,358,0.0
542.64543,162,403.001942,542.6454302093174,3.0586188167931865,162,0.0
1281.349497,372,403.423959,1281.3494965938144,7.29597634608857,372,0.0
851.632232,267,403.81597,851.6322317886576,4.694201585809287,267,0.0
962.236396,301,403.915103,962.2363962171972,5.308211926989741,301,0.0
1064.921752,327,404.324935,1064.9217519264782,5.922732833160548,327,0.0
951.544986,289,404.422027,951.5449863920497,5.318384931889585,289,0.0
1444.359244,475,404.858845,1444.3592442765646,7.779550119806551,475,0.0
2579.564272,867,405.754139,2579.5642719759985,13.739218790859395,867,0.0
1254.777061,367,406.178985,1254.7770613768632,7.122856768640897,367,0.0
1023.664057,305,406.286493,1023.6640571119236,5.767855901090684,305,0.0
1091.51394,312,406.700727,1091.513939918871,6.2548961970315515,312,0.0
768.293505,237,406.781576,768.2935046801922,4.266430160353235,237,0.0
948.089981,288,407.186337,948.0899812832049,5.298771485572902,288,0.0
860.356677,277,407.587735,860.3566765138397,4.6844220711266455,277,0.0
911.779477,257,407.666557,911.7794774001467,5.255104713628252,257,0.0
572.836745,217,407.752203,572.836745306254,2.861906150817765,217,0.0
1129.417395,327,408.170558,1129.417395485294,6.438709362255097,327,0.0
819.798558,272,408.534722,819.7985575913144,4.399913232007374,272,0.0
403.182254,135,408.575177,403.1822544612197,2.1580486296610712,135,0.0
1710.871696,532,409.049339,1710.8716955722962,9.457889519652493,532,0.0
1062.518933,312,409.441629,1062.5189325535632,6.022676621403328,312,0.0
294.459214,111,409.475506,294.45921442182595,1.4796377279527366,111,0.0
1138.223339,331,409.584697,1138.2233391752418,6.477430099608534,331,0.0
1073.534117,316,409.965271,1073.5341170769245,6.079067897496044,316,0.0
1417.958682,412,410.37924,1417.9586820693708,8.069878518246506,412,0.0
756.423617,449,410.823509,756.4236171339384,2.483504780000619,449,0.0
760.147787,270,410.911246,760.1477871567416,3.9385935736596056,270,0.0
816.840092,269,411.284787,816.8400921277655,4.4000158715301785,269,0.0
496.260324,168,411.337953,496.26032388457696,2.639775219053264,168,0.0
860.980548,254,411.701711,860.9805481701137,4.872695910272732,254,0.0
604.788855,222,411.768511,604.7888548515863,3.078249689878627,222,0.0
1283.368439,377,412.163765,1283.3684391039558,7.272069492559993,377,0.0
636.778368,239,412.240726,636.7783680586035,3.198535033415914,239,0.0
754.962731,262,412.623796,754.9627307752893,3.9608617621599143,262,0.0
1081.937123,325,412.724334,1081.9371232542057,6.075046936981634,325,0.0
920.435571,266,413.102083,920.4355705289768,5.252713176159292,266,0.0
839.563325,255,413.184488,839.5633250269867,4.693218801498276,255,0.0
886.842459,281,413.555526,886.842458837776,4.864517207063684,281,0.0
893.764245,262,413.63496,893.7642449583224,5.071175311131636,262,0.0
997.645211,311,414.006196,997.6452108911611,5.512219803646315,311,0.0
1161.448884,328,414.383906,1161.448884113847,6.687189052545778,328,0.0
1797.678203,557,414.81622,1797.67820263112,9.952972357967349,557,0.0
997.643153,291,414.901699,997.6431532013689,5.6712258880943,291,0.0
1174.105963,356,415.280428,1174.1059627084817,6.565288054444867,356,0.0
1299.378286,397,415.658915,1299.3782863590798,7.241051139769645,397,0.0
698.292913,202,415.722894,698.2929126290823,3.9850081832902395,202,0.0
941.579533,275,416.063909,941.5795327029748,5.350204790260157,275,0.0
734.090756,250,416.138348,734.0907556520976,3.889411182383417,250,0.0
946.827591,269,416.517113,946.8275906270493,5.439825644773248,269,0.0
1503.029742,425,416.916098,1503.0297420144796,8.647012793829218,425,0.0
673.50514,242,416.987108,673.5051400616293,3.4685900783428845,242,0.0
1181.913006,384,417.36858,1181.9130059265492,6.40442342000656,384,0.0
910.293147,301,417.459732,910.2931468823799,4.892900604879011,301,0.0
1114.310513,334,417.835593,1114.3105129985586,6.2622870077673225,334,0.0
933.395797,288,418.196326,933.3957974406374,5.181236660172932,288,0.0
1408.178342,450,418.321227,1408.178341988129,7.689135131519321,450,0.0
864.741715,268,418.644012,864.7417145637222,4.791176042708862,268,0.0
825.380861,260,418.971566,825.3808608911995,4.539959873741547,260,0.0
1105.116809,336,419.070659,1105.1168088778684,6.172665598107654,336,0.0
836.543318,267,419.405444,836.5433178865468,4.573619262289349,267,0.0
1068.639673,320,419.497067,1068.6396727232839,6.008238911292791,320,0.0
796.521306,254,419.834602,796.5213062312307,4.357161012087645,254,0.0
905.618507,260,419.913981,905.6185072049641,5.181908332673202,260,0.0
1045.682799,326,420.271876,1045.682798884007,5.777078703654101,326,0.0
1323.9635,390,420.652332,1323.9634995846825,7.493278963936349,390,0.0
342.070669,120,420.690164,342.0706687172884,1.7885701910501421,120,0.0
989.661909,303,421.037925,989.6619091542813,5.511633387620674,303,0.0
864.760388,273,421.121434,864.7603882410524,4.75174885462892,273,0.0
815.829848,271,421.4742,815.8298476774681,4.376025372103576,271,0.0
903.839552,290,421.552629,903.839552061256,4.928995054938616,290,0.0
884.296634,288,421.897222,884.2966343337981,4.788397968223381,288,0.0
1286.40465,393,422.272175,1286.4046500682443,7.169019680850086,393,0.0
1145.307746,342,422.394223,1145.3077463119312,6.446521770834376,342,0.0
937.055102,294,422.757448,937.0551021423782,5.162820195223124,294,0.0
638.361137,229,422.820234,638.3611369784452,3.290605858206376,229,0.0
912.329294,281,423.187087,912.3292936258686,5.06830477724669,281,0.0
768.212919,253,423.261089,768.2129193408093,4.1383984952437896,253,0.0
839.327741,263,423.613454,839.3277414647107,4.627667479444245,263,0.0
1451.733489,528,424.037787,1451.7334885575744,7.416945769410154,528,0.0
636.497119,187,424.089227,636.497118541459,3.6102756157150515,187,0.0
911.546766,274,424.438433,911.5467664321956,5.117831897489408,274,0.0
1000.572175,298,424.523612,1000.5721752186736,5.638974851058396,298,0.0
469.42905,246,424.853954,469.42904987112337,1.8043494442195225,246,0.0
752.917578,273,424.934077,752.9175782294865,3.856685565218638,273,0.0
432.947281,143,425.232211,432.9472814115323,2.332392646692023,143,0.0
357.392656,124,425.267888,357.3926559726002,1.8793851713862204,124,0.0
800.12407,269,425.345512,800.1240698977231,4.266310502364563,269,0.0
722.346096,251,425.671897,722.346095844071,3.787450251121198,251,0.0
1247.149633,400,426.029446,1247.1496333779578,6.799305654216968,400,0.0
761.471463,275,426.102283,761.4714629205212,3.9093414092490746,275,0.0
862.41643,290,426.439856,862.4164304569398,4.597496123241474,290,0.0
749.429632,258,426.509893,749.4296322943425,3.948090620567104,258,0.0
823.036733,268,426.841682,823.0367327123108,4.4576453011474895,268,0.0
674.050719,241,426.908479,674.0507185474158,3.4806562819545195,241,0.0
1939.008474,543,427.301646,1939.0084735042817,11.195104037073012,543,0.0
823.471127,252,427.625089,823.4711270002713,4.588534554559604,252,0.0
1240.684722,361,427.729436,1240.684722376831,7.058204104694225,361,0.0
1457.788924,443,428.124803,1457.7889235957643,8.141618637365012,443,0.0
930.377772,273,428.480818,930.3777717926985,5.276607723560164,273,0.0
971.624737,304,428.576088,971.6247367951349,5.359815130277935,304,0.0
871.232884,296,428.943252,871.2328843658739,4.620207802245727,296,0.0
548.186574,272,429.314622,548.1865738539445,2.2270255504482956,272,0.0
942.197002,319,429.411573,942.1970024554282,5.0045425813613456,319,0.0
755.953167,241,429.758511,755.9531665920149,4.135851314250084,241,0.0
1243.189757,346,429.859176,1243.189756770436,7.197394397395141,346,0.0
798.186027,259,430.206095,798.1860271277977,4.330437362801392,259,0.0
1114.984773,293,430.289354,1114.9847733058116,6.593743025529081,293,0.0
1214.555522,450,430.725394,1214.5555215432596,6.140405945762107,450,0.0
919.024793,291,431.098479,919.0247933092086,5.042221049918252,291,0.0
905.549104,286,431.181884,905.5491038511497,4.974167492758099,286,0.0
1012.384865,319,431.558847,1012.3848650827134,5.566054496012861,319,0.0
730.574884,262,431.904706,730.574884388639,3.7659027305658626,262,0.0
1331.404028,426,432.04097,1331.4040276860412,7.266048111957928,426,0.0
856.383743,282,432.414287,856.3837434107731,4.612991160048785,282,0.0
828.563445,269,432.497145,828.5634452345961,4.493741728815583,269,0.0
1308.998305,383,432.885445,1308.9983045132587,7.429468010874267,383,0.0
879.207177,279,433.256234,879.2071769692998,4.819378668270308,279,0.0
2584.397693,844,433.811535,2584.3976934859497,13.960974443746679,844,0.0
1116.044767,338,434.208393,1116.0447670773863,6.243818743654177,338,0.0
1395.900428,439,434.644175,1395.9004281052057,7.678538543155895,439,0.0
1781.180094,540,435.097429,1781.180094442431,9.956448633826206,540,0.0
908.105301,286,435.474473,908.1053007985673,4.994752326168287,286,0.0
856.662961,251,435.554368,856.6629607208313,4.862007665113553,251,0.0
923.747075,301,435.934016,923.7470753778582,5.000347500983713,301,0.0
765.506638,256,436.013364,765.506638244148,4.092746682761267,256,0.0
788.313426,264,436.371243,788.3134263883496,4.211677580963197,264,0.0
909.246097,290,436.463936,909.2460967046217,4.972172767625203,290,0.0
1039.128125,316,436.851602,1039.1281252898852,5.80414084064839,316,0.0
705.83669,253,436.934025,705.8366898454593,3.6395624049476214,253,0.0
1315.248261,422,437.358441,1315.2482611941098,7.168476432240691,422,0.0
881.145189,290,437.734186,881.1451893144774,4.747311355761084,290,0.0
911.481023,284,437.8229,911.4810232096321,5.037827769117407,284,0.0
1951.151105,535,438.274168,1951.1511050523586,11.355727030479612,535,0.0
887.240071,286,438.64676,887.2400714808961,4.827683299898448,286,0.0
1461.182219,441,439.049728,1461.1822185849987,8.184471556098742,441,0.0
2491.259664,719,439.546797,2491.2596636536396,14.210625879047132,719,0.0
1161.217287,336,439.976011,1161.2172865171055,6.621504579186121,336,0.0
898.98978,284,440.073721,898.989779737677,4.937731061474542,284,0.0
1736.62402,556,440.529907,1736.6240201576281,9.472574009631877,556,0.0
1135.877624,363,440.913855,1135.8776235911312,6.203655227961214,363,0.0
968.039333,292,441.276533,968.0393327994876,5.426399732430389,292,0.0
1753.492791,527,441.712314,1753.4927912065739,9.838315177758204,527,0.0
818.272816,254,441.786538,818.2728155027302,4.53071623431159,254,0.0
1144.623288,409,442.164718,1144.6232882397117,5.907253126425747,409,0.0
742.606323,213,442.22581,742.6063228004405,4.252209456934984,213,0.0
1172.493186,334,442.617691,1172.4931861721323,6.72761808053805,334,0.0
752.916886,254,442.962828,752.9168861097256,4.00808097257545,254,0.0
715.107684,239,443.029855,715.1076836307888,3.8249232354230283,239,0.0
673.557209,230,443.099686,673.5572091288045,3.5643603484607307,230,0.0
1256.881101,369,443.490853,1256.88110087716,7.124056387770701,369,0.0
1154.248399,335,443.863092,1154.2483985347624,6.573527782558796,335,0.0
744.687851,222,443.930076,744.6878505960964,4.19715099410297,222,0.0
945.6903,282,444.287795,945.6903000658754,5.327276582268736,282,0.0
967.152467,304,444.382031,967.1524665939139,5.323817172893496,304,0.0
1277.022766,379,444.784047,1277.0227658821284,7.20552561276165,379,0.0
689.160725,238,445.127012,689.1607249888411,3.625502906891933,238,0.0
756.869598,254,445.208025,756.8695982994434,4.039689734713671,254,0.0
782.463313,254,445.566379,782.4633130846528,4.244619437248251,254,0.0
1155.167066,346,445.672142,1155.1670660895138,6.493242926130501,346,0.0
646.53357,214,446.003616,646.5335701275255,3.47561600014725,214,0.0
830.068014,265,446.082679,830.0680137466586,4.5377885257808055,265,0.0
1196.390605,346,446.456035,1196.39060450654,6.82315353267502,346,0.0
1157.79388,353,446.819643,1157.7938801306052,6.458351930243698,353,0.0
1518.178524,443,446.944858,1518.1785237859842,8.624726819361296,443,0.0
1571.105065,489,447.355908,1571.1050648201747,8.68186120268536,489,0.0
833.436489,270,447.653758,833.4364894376765,4.524771682468001,270,0.0
1492.629057,443,448.016701,1492.6290565341649,8.420129602769537,443,0.0
832.474423,250,448.08241,832.4744232740186,4.676444043873566,250,0.0
1411.555658,412,448.438777,1411.5556578232413,8.01872491232881,412,0.0
864.090117,257,448.750754,864.0901167164394,4.87371364201034,257,0.0
704.373638,250,448.817809,704.3736379063218,3.6517020667515667,250,0.0
1424.008052,419,449.180999,1424.008052139464,8.062301886762796,419,0.0
887.822437,259,449.247287,887.8224365772045,5.047485601034251,259,0.0
614.950069,209,449.544068,614.9500692315353,3.2627953455064085,209,0.0
633.24697,225,449.606096,633.2469699390032,3.2818101198545,225,0.0
945.748194,260,449.912139,945.7481939805956,5.502827217198388,260,0.0
2496.520197,801,450.368168,2496.520197209762,13.60024906952662,801,0.0
1007.187725,300,450.687022,1007.1877246416408,5.675567720862103,300,0.0
771.133598,245,450.747789,771.1335978955823,4.225516937429716,245,0.0
765.738953,225,451.052975,765.7389534846855,4.341684794171696,225,0.0
803.60658,244,451.127822,803.6065801101892,4.493500974786779,244,0.0
876.713627,270,451.467605,876.7136269931966,4.871094342317102,270,0.0
1231.108034,383,451.833406,1231.1080340645208,6.806403990790192,383,0.0
990.911801,311,451.920837,990.9118006950881,5.458172963918879,311,0.0
951.722435,282,452.264114,951.7224351453032,5.37550905299849,282,0.0
832.761445,246,452.333719,832.7614451288987,4.710357611006714,246,0.0
712.624647,213,452.653245,712.6246472967184,4.012441925709956,213,0.0
1016.666808,298,452.735643,1016.6668079833003,5.76765777635944,298,0.0
871.780541,252,453.067802,871.7805408407442,4.974768746475111,252,0.0
1385.665566,391,453.440185,1385.6655662547275,7.978706497763045,391,0.0
886.260312,259,453.519174,886.2603119882901,5.034835211380318,259,0.0
751.951341,270,453.86198,751.9513407056536,3.872926544172942,270,0.0
1105.965207,320,453.955951,1105.9652065362418,6.3067927216795185,320,0.0
111.364373,64,453.97598,111.36437291782951,0.38917208789591856,64,0.0
1577.800686,467,454.350795,1577.800685612397,8.910467983384844,467,0.0
1040.073981,303,454.69369,1040.0739811211552,5.914853669084384,303,0.0
949.375869,278,454.774312,949.3758694020554,5.388706767751643,278,0.0
291.735814,108,455.069056,291.73581360116003,1.4816348604372405,108,0.0
1018.399029,289,455.150068,1018.3990286270217,5.853098960720427,289,0.0
703.749683,241,455.489403,703.7496833062486,3.7183492719283207,241,0.0
775.747047,230,455.558619,775.7470470061099,4.382168919559231,230,0.0
839.082533,258,455.891053,839.0825325770361,4.6655430581965,258,0.0
734.093309,221,455.954015,734.093308691905,4.1205552268273475,221,0.0
793.944911,243,456.022229,793.944911309053,4.424179430553701,243,0.0
827.554189,244,456.356276,827.5541890948551,4.684978708547913,244,0.0
1087.377925,341,456.721573,1087.377925383254,5.990918085134409,341,0.0
754.803691,216,456.780231,754.8036908099964,4.3258914644979525,216,0.0
950.734966,269,457.107619,950.7349663900033,5.471108006960195,269,0.0
1486.080746,439,457.240663,1486.080745961393,8.3999116487428,439,0.0
733.415972,204,457.577203,733.4159724300523,4.249949066158593,204,0.0
1253.830143,382,457.947857,1253.830142773724,6.996203055034681,382,0.0
933.951052,299,458.034338,933.9510520840764,5.098032938000564,299,0.0
703.138645,239,458.362233,703.1386450516444,3.7293117551627835,239,0.0
1109.337884,322,458.457647,1109.3378837791217,6.3178499183732555,322,0.0
991.765301,289,458.7973,991.7653008663561,5.639991702637816,289,0.0
1493.62248,449,459.19206,1493.622479851546,8.380635719663115,449,0.0
902.607194,285,459.268552,902.6071940257889,4.9587954899744835,285,0.0
892.076955,266,459.594331,892.0769547872609,5.025705462263065,266,0.0
821.706448,247,459.660752,821.7064475289402,4.6141072448122085,247,0.0
1097.37013,314,460.023434,1097.3701302627649,6.285944084083358,314,0.0
811.670071,255,460.093846,811.6700711315467,4.470250500900647,255,0.0
748.652588,240,460.427729,748.6525882693643,4.0855042868622995,240,0.0
834.873321,249,460.500927,834.8733211759414,4.703777752878276,249,0.0
1022.64169,299,460.844806,1022.6416897097195,5.80752514210888,299,0.0
1159.463128,390,461.211024,1159.4631283978097,6.177063747571682,390,0.0
835.569935,261,461.289158,835.5699354105634,4.61327190032173,261,0.0
798.580858,250,461.628357,798.5808575459221,4.4053998420655205,250,0.0
1089.417267,322,461.721931,1089.4172669897382,6.158658479209287,322,0.0
845.535023,235,462.077248,845.5350228692861,4.900343488094766,235,0.0
1152.521091,347,462.178664,1152.5210908386757,6.464059142769975,347,0.0
803.395968,238,462.486508,803.3959682751635,4.539348833160629,238,0.0
1249.695204,369,462.832215,1249.6952038491995,7.066194283306345,369,0.0
866.742727,255,462.896284,866.7427266656813,4.910590676722995,255,0.0
1298.513351,458,463.288623,1298.5133514998984,6.748692812009564,458,0.0
1291.060326,371,463.639488,1291.0603256533348,7.381196660861713,371,0.0
683.461127,231,463.707131,683.4611265781878,3.635660162152039,231,0.0
966.023755,276,464.036658,966.0237549775239,5.537618254789306,276,0.0
1095.608136,307,464.128282,1095.60813558187,6.32752143715074,307,0.0
902.261555,246,464.468986,902.2615551714885,5.266498019526048,246,0.0
822.801675,243,464.538628,822.8016748494938,4.654778396932597,243,0.0
743.659351,235,464.859739,743.6593506746341,4.085750310734189,235,0.0
1068.267712,316,464.947006,1068.267711872886,6.037205374678216,316,0.0
923.659428,284,465.288745,923.6594278366371,5.135212059107479,284,0.0
783.712201,231,465.35284,783.7122006342018,4.437717209565616,231,0.0
1028.932785,308,465.684295,1028.932785442636,5.786449018249857,308,0.0
823.852216,264,465.760304,823.8522160004354,4.495921792458744,264,0.0
1080.995538,321,466.11057,1080.995537717528,6.0992466535637515,321,0.0
867.836685,263,466.446878,867.8366848365752,4.8558428663595565,263,0.0
827.286041,248,466.521684,827.2860411043783,4.650726137761245,248,0.0
970.289947,292,466.862419,970.2899468214611,5.444473422703807,292,0.0
930.717214,290,466.941938,930.7172142683511,5.143649629352227,290,0.0
1181.953256,351,467.291919,1181.9532560520875,6.667638822777061,351,0.0
828.094612,249,467.36014,828.0946119819494,4.649296826178732,249,0.0
1704.862498,568,467.7916,1704.8624977406516,9.122872774878454,568,0.0
1011.36564,284,468.124355,1011.3656397517929,5.836805042145904,284,0.0
840.308602,247,468.459046,840.3086023626669,4.763009894266955,247,0.0
1006.778325,301,468.542145,1006.7783246020329,5.664651226430013,301,0.0
655.462845,205,468.862373,655.4628454617914,3.6189791058478793,205,0.0
837.440277,254,468.936862,837.4402774922538,4.683998346523186,254,0.0
827.906145,269,469.277443,827.906144869207,4.488779879843232,269,0.0
851.169659,258,469.352658,851.169658954169,4.762106140492727,258,0.0
1366.58843,370,469.712961,1366.5884298032054,7.993421353648907,370,0.0
1303.339884,409,470.06577,1303.3398837316702,7.176777131378585,409,0.0
1085.04004,309,470.150603,1085.0400402971902,6.226892477182589,309,0.0
1130.963509,363,470.503396,1130.963508843093,6.164396355870164,363,0.0
873.710857,260,470.569048,873.7108566571573,4.926448752017941,260,0.0
733.051629,207,470.873029,733.051629139595,4.223493815384957,207,0.0
1287.950102,351,470.965865,1287.950102427941,7.515783661931482,351,0.0
899.369363,269,471.284619,899.3693632438884,5.059967301349797,269,0.0
784.929554,268,471.606437,784.9295535847351,4.152918837850574,268,0.0
2092.566881,724,472.044241,2092.566881459072,10.982096805990542,724,0.0
1000.974372,316,472.374955,1000.9743724164197,5.498794096648037,316,0.0
903.946167,271,472.449785,903.9461674856822,5.080936715294688,271,0.0
996.684472,324,472.787752,996.6844716259136,5.400742369466167,324,0.0
695.712776,236,472.850814,695.7127762863673,3.6938103640495057,236,0.0
1482.632,431,473.235704,1482.6320004478494,8.43579310913862,431,0.0
1817.004705,493,473.63976,1817.0047047267394,10.617214503099172,493,0.0
810.799699,251,473.707389,810.7996987822004,4.495196370832065,251,0.0
830.745532,260,474.038728,830.7455315069041,4.582713752086818,260,0.0
803.198539,263,474.113418,803.198538980991,4.338532894822468,263,0.0
630.466129,221,474.428774,630.4661292254376,3.2912115858252413,221,0.0
1397.136508,406,474.818865,1397.1365080912506,7.95096522748109,406,0.0
709.16277,205,474.881084,709.1627699633265,4.048300060711348,205,0.0
703.432996,236,475.210046,703.4329955376563,3.7558351809029418,236,0.0
1100.213345,315,475.295965,1100.2133452018402,6.3005919424456795,315,0.0
833.370562,279,475.651628,833.3705615510801,4.452887075262225,279,0.0
1201.804798,349,475.757305,1201.8047978786985,6.8423413823980805,349,0.0
677.469793,232,476.097606,677.4697930537263,3.579811169381518,232,0.0
785.424288,258,476.176632,785.4242878114208,4.236277349802928,258,0.0
1425.165139,448,476.574117,1425.1651391045411,7.8409254280241125,448,0.0
624.171487,219,476.904338,624.171487115976,3.256946403337278,219,0.0
389.813689,131,476.9432,389.81368866982916,2.083091209085738,131,0.0
1124.155401,355,477.321632,1124.1554007835844,6.1736732311412155,355,0.0
957.039172,292,477.404676,957.0391716448557,5.338323549689892,292,0.0
886.196418,286,477.770991,886.1964181472002,4.819431306402321,286,0.0
931.477546,292,477.861918,931.4775462239963,5.133804819389048,292,0.0
895.252077,279,478.243435,895.2520773706692,4.9476466388061375,279,0.0
828.684588,254,478.330178,828.6845881061273,4.614187520485459,254,0.0
871.382544,267,478.753216,871.3825435309192,4.852277871038011,267,0.0
1193.395617,335,479.1355,1193.3956166126895,6.886658232850492,335,0.0
1628.144271,455,479.265877,1628.1442710555148,9.408932963424716,455,0.0
1411.048084,425,479.647774,1411.04808370524,7.9113083684136605,425,0.0
1001.105138,304,479.99026,1001.1051381398665,5.595454261864141,304,0.0
1137.109755,320,480.074633,1137.109754766957,6.555826979758514,320,0.0
659.046355,189,480.357064,659.046354585308,3.77475231442492,189,0.0
1020.195153,299,480.429166,1020.1951530248566,5.78821769760079,299,0.0
947.37019,274,480.732285,947.3701901373593,5.404481238282767,274,0.0
1316.833342,371,481.050256,1316.8333420087984,7.587380836941623,371,0.0
674.9409,232,481.107746,674.9409003064033,3.5594675908001085,232,0.0
738.083983,264,481.463768,738.083982608423,3.8097481999902216,264,0.0
800.720434,262,481.535791,800.7204335102924,4.326846357245275,262,0.0
1110.434424,322,481.852523,1110.4344240389185,6.326720790742438,322,0.0
770.188041,246,481.909783,770.1880411234845,4.210133570271859,246,0.0
782.535142,264,482.18777,782.535142491403,4.165498855727307,264,0.0
986.875762,292,482.257427,986.875762258023,5.57727764369227,292,0.0
1026.047762,292,482.560212,1026.0477617483127,5.890397136523401,292,0.0
926.624461,268,482.620757,926.6244607300248,5.2859569762863075,268,0.0
834.405895,269,482.897486,834.405895304088,4.540582519446795,269,0.0
1419.857607,408,483.211268,1419.857607462067,8.116855243894983,408,0.0
932.765314,305,483.281783,932.7653143940908,5.040597236648722,305,0.0
1045.02129,302,483.5629,1045.0212899032717,5.962570573839894,302,0.0
1642.088789,459,483.876097,1642.0887892430653,9.488425349831024,459,0.0
1023.762824,281,483.941832,1023.7628240588023,5.959776882840618,281,0.0
1636.678016,655,484.529726,1636.6780157178578,7.884625906901183,655,0.0
1206.888845,366,484.613141,1206.8888452760175,6.748002247914109,366,0.0
1213.464516,367,484.910289,1213.464515544959,6.792517332807338,367,0.0
996.105364,300,485.193601,996.1053640836496,5.587174426904787,300,0.0
1164.34372,339,485.270909,1164.3437198527902,6.622316650670427,339,0.0
919.633292,277,485.543771,919.6332921900243,5.158770405674294,277,0.0
347.121437,120,485.572118,347.12143739632126,1.8293458115900136,120,0.0
967.81243,322,485.847617,967.8124297638705,5.185489683191515,322,0.0
909.395848,291,485.91225,909.3958484885147,4.965061220850503,291,0.0
785.369603,308,486.18457,785.3696033228605,3.838127419059497,308,0.0
962.174655,292,486.443497,962.1746550691494,5.379586472893277,292,0.0
734.054576,252,486.496686,734.0545755995765,3.8731750990615055,252,0.0
1238.296512,363,486.773939,1238.2965116103064,7.022750940933168,363,0.0
705.497157,248,486.829127,705.4971572003184,3.676535781109406,248,0.0
1059.827498,311,487.109822,1059.8274982309094,6.009242377422295,311,0.0
884.35916,281,487.170486,884.3591600454984,4.844534947114895,281,0.0
715.811148,238,487.43579,715.811148254477,3.838466193965981,238,0.0
2101.812377,674,487.782042,2101.8123765676296,11.45431102920628,674,0.0
1001.708543,297,488.047883,1001.708543025326,5.655706766355006,297,0.0
687.36736,231,488.100591,687.3673598407071,3.666820908286982,231,0.0
3060.791407,893,488.688914,3060.7914072951835,17.38133106870511,893,0.0
1073.297613,319,488.947476,1073.2976125339644,6.053004453051853,319,0.0
841.170029,260,489.005175,841.1700291566202,4.66655805915976,260,0.0
1020.306053,344,489.270285,1020.3060527406086,5.430615847758517,344,0.0
1046.881943,310,489.337905,1046.8819427186486,5.913528868935146,310,0.0
818.791469,250,489.596519,818.7914692484695,4.567211107668408,250,0.0
895.284912,264,489.654817,895.2849119454143,5.067344808072401,264,0.0
1566.614291,473,489.953598,1566.6142907077524,8.77336620302691,473,0.0
1720.698016,519,490.255694,1720.6980160126782,9.639749258943912,519,0.0
1665.415408,467,490.553259,1665.4154079639627,9.611353423488726,467,0.0
776.392479,256,490.809208,776.3924794706719,4.1800495219731495,256,0.0
2288.405338,652,491.144292,2288.4053383753176,13.12209762489198,652,0.0
1782.762033,539,491.475184,1782.7620333089224,9.976567605797726,539,0.0
1283.658347,511,491.800672,1283.6583471411172,6.207538023940303,511,0.0
1968.23102,671,492.137888,1968.2310199826834,10.409354239213936,671,0.0
1077.326785,312,492.398969,1077.3267845441871,6.141326592442809,312,0.0
935.220762,304,492.659988,935.2207617063799,5.06838798831051,304,0.0
932.980889,295,492.723823,932.980889234194,5.122004499664274,295,0.0
800.216586,268,492.970937,800.2165856943584,4.275201430186723,268,0.0
794.132315,246,493.023089,794.1323152355787,4.401754716874237,246,0.0
1023.380527,317,493.28152,1023.3805269185045,5.670200878823597,317,0.0
906.805774,289,493.342699,906.805773779052,4.960635694726373,289,0.0
900.232761,275,493.596563,900.232760584349,5.01966606237009,275,0.0
1396.624827,435,493.877868,1396.6248270226624,7.716113228472885,435,0.0
1397.105747,421,493.966637,1397.105746535262,7.831439879575031,421,0.0
1340.38801,385,494.241764,1340.388010171191,7.664230392620485,385,0.0
950.462256,279,494.487435,950.4622556470268,5.389446638232794,279,0.0
719.498387,215,494.535836,719.4983867666595,4.0513080014298914,215,0.0
590.188438,206,494.77821,590.1884382739779,3.0886525154319604,206,0.0
957.204509,300,494.843674,957.2045091019581,5.275862172309577,300,0.0
883.111818,255,495.096892,883.1118175469276,5.0417713838595395,255,0.0
1140.590839,346,495.169744,1140.5908394442356,6.376730833902353,346,0.0
638.447146,206,495.417361,638.4471455725001,3.4747823059185228,206,0.0
922.991857,299,495.484223,922.9918573030434,5.010268687876633,299,0.0
1056.100486,323,495.758073,1056.100485881412,5.883952948534622,323,0.0
945.394728,297,496.009018,945.3947277878301,5.205573497213519,297,0.0
2012.963926,602,496.322002,2012.963925647768,11.316281998886621,602,0.0
1272.413648,384,496.403108,1272.4136479803153,7.128603751365113,384,0.0
1093.79494,310,496.6669,1093.7949399924778,6.2892727508563055,310,0.0
1190.773416,409,496.950393,1190.7734156259392,6.276530615806812,409,0.0
832.35917,230,497.002456,832.3591704241795,4.834899817916643,230,0.0
966.61821,284,497.2689,966.6182102495442,5.47869412159611,284,0.0
1309.477938,402,497.54665,1309.4779384316562,7.2815442767920215,402,0.0
1810.455237,530,497.857256,1810.4552366612638,10.269872870093325,530,0.0
2276.658851,701,498.21313,2276.6588507788847,12.63789812924855,701,0.0
654.11822,222,498.459608,654.1182202169113,3.4726135822979005,222,0.0
1666.78924,599,498.783139,1666.7892401137492,8.571422165411047,599,0.0
1135.840894,324,498.851296,1135.8408936866717,6.513868470124286,324,0.0
1086.900723,323,499.112886,1086.9007226344163,6.130327769754618,323,0.0
1018.686581,320,499.367786,1018.6865812946179,5.608522784286978,320,0.0
916.687863,273,499.426185,916.6878626762577,5.167024686769892,273,0.0
772.729694,236,499.670084,772.7296936681637,4.30992955296554,236,0.0
817.157748,251,499.724628,817.1577476017075,4.546156201706934,251,0.0
879.47822,260,499.969482,879.4782201143809,4.972614827667465,260,0.0
1007.790566,286,500.029455,1007.7905661985003,5.792203969431817,286,0.0
803.164027,264,500.276928,803.1640269742999,4.330322183309645,264,0.0
1111.911759,354,500.350118,1111.9117592832595,6.083572002357662,354,0.0
868.276271,276,500.599954,868.2762705438934,4.755756990006883,276,0.0
419.039523,138,500.628817,419.0395230332865,2.26092737129406,138,0.0
752.153511,224,500.865471,752.1535108141469,4.240752209719912,224,0.0
1107.331707,327,500.937136,1107.3317065675944,6.261804150292999,327,0.0
1146.723598,344,501.20278,1146.7235979813183,6.441877756800904,344,0.0
1100.131517,326,501.462816,1100.1315174597682,6.212341211435499,326,0.0
2402.726528,699,501.799619,2402.726527602885,13.661581268711075,699,0.0
1406.269883,394,502.069794,1406.269882645514,8.119496317806158,394,0.0
976.216683,262,502.122729,976.2166833112335,5.730661006210067,262,0.0
1202.632817,357,502.390042,1202.632816997201,6.785340837333968,357,0.0
729.406616,242,502.442328,729.4066155416917,3.9158715945456386,242,0.0
1299.014144,385,502.711413,1299.0141437758155,7.333620216616562,385,0.0
945.788623,307,502.96172,945.7886228991167,5.128754279816677,307,0.0
732.21294,238,503.011501,732.2129398480434,3.9696157630651476,238,0.0
997.270404,301,503.263508,997.2704041204443,5.588485764849958,301,0.0
913.556506,248,503.316102,913.5565060676504,5.340792842141509,248,0.0
1014.663399,304,503.576354,1014.6633993730023,5.703802754745319,304,0.0
2736.178595,743,503.916961,2736.178594774598,15.978847342867628,743,0.0
803.502712,248,504.157371,803.502712305414,4.460699343135675,248,0.0
1176.81411,342,504.227691,1176.8141098303495,6.698467787976758,342,0.0
1015.63104,308,504.486813,1015.6310397080658,5.679722814853529,308,0.0
725.991903,232,504.537644,725.9919033928052,3.9679125618951194,232,0.0
1925.848095,620,505.060283,1925.8480946627685,10.476609101169748,620,0.0
1658.343667,540,505.372766,1658.3436668253078,8.973634805952049,540,0.0
1036.039276,331,505.442497,1036.039275862584,5.659760267678316,331,0.0
1195.569804,360,505.710845,1195.569803820025,6.704886965163322,360,0.0
727.219154,250,505.951753,727.2191535426687,3.834536631344936,250,0.0
747.084281,288,506.011318,747.0842805834063,3.69089009569477,288,0.0
1314.35106,394,506.28396,1314.3510598438097,7.384434016549225,394,0.0
2055.795985,567,506.590926,2055.795984734134,11.937879403765706,567,0.0
1009.21632,321,506.849737,1009.2163199877747,5.5249263794961605,321,0.0
792.974716,240,506.900257,792.9747162034431,4.440193280758649,240,0.0
895.520621,250,507.142067,895.5206206986143,5.180778966590142,250,0.0
1248.189023,401,507.22585,1248.1890228836596,6.799215146597509,401,0.0
1027.192232,318,507.485011,1027.1922320186825,5.6929241091850935,318,0.0
860.368693,271,507.735586,860.368692991425,4.732326387025292,271,0.0
929.519608,298,507.798225,929.5196082517887,5.07070445374616,298,0.0
1895.681861,593,508.111909,1895.6818608042702,10.450197694537719,593,0.0
1773.766207,567,508.418867,1773.7662065655586,9.681883226676952,567,0.0
872.032893,269,508.667765,872.0328928618267,4.841793469860808,269,0.0
1053.660285,309,508.92432,1053.6602852357225,5.975900108984599,309,0.0
1900.498382,557,509.237281,1900.4983817379791,10.775136461529033,557,0.0
1244.452476,410,509.325195,1244.4524764670614,6.6977949192081425,410,0.0
1133.008356,386,509.608932,1133.0083561584772,5.997728158420662,386,0.0
1242.468336,373,509.879751,1242.4683357626673,6.976788032932594,373,0.0
1274.592518,446,510.160394,1274.5925182357785,6.6521929049956645,446,0.0
722.826506,209,510.204422,722.8265056836303,4.125773046892415,209,0.0
1277.35262,394,510.477813,1277.352619692947,7.088441026670172,394,0.0
803.54764,232,510.525339,803.547640039724,4.588448405745614,232,0.0
779.856559,246,510.764378,779.8565586793101,4.286996860808217,246,0.0
610.311419,212,510.809705,610.3114192332561,3.201900289615952,212,0.0
694.211041,215,511.046708,694.2110413377376,3.849089393943895,215,0.0
1244.236083,375,511.125637,1244.2360828983337,6.974847509562013,375,0.0
757.425748,251,511.368571,757.4257484494818,4.067964689220019,251,0.0
954.883697,291,511.428679,954.8836972164988,5.329158719862681,291,0.0
1114.109748,311,511.688449,1114.109748495615,6.443362899288437,311,0.0
987.216618,297,511.941671,987.2166180017705,5.539835516436645,297,0.0
792.208729,265,511.997128,792.2087285710774,4.234862644525279,265,0.0
1478.071433,417,512.273278,1478.071433226979,8.510568360109287,417,0.0
737.278019,228,512.32145,737.27801933653,4.09016091450127,228,0.0
387.160406,130,512.540944,387.1604059626382,2.0697400344193237,130,0.0
1006.732949,307,512.605895,1006.7329488676273,5.61620600871295,307,0.0
838.058789,268,512.852139,838.0587891205518,4.577502607025454,268,0.0
1370.658268,394,513.123161,1370.6582678832974,7.834849473392163,394,0.0
927.084056,286,513.183063,927.0840564914168,5.1464474788804555,286,0.0
1788.834959,563,513.493957,1788.8349593926093,9.83421226384908,563,0.0
1303.656678,388,513.765768,1303.6566783361734,7.346624578051931,388,0.0
821.119132,240,513.81679,821.119132288729,4.665129456629954,240,0.0
3087.350324,968,514.409652,3087.3503238066164,16.996345700848682,968,0.0
811.303056,270,514.659647,811.3030562921949,4.347612526006668,270,0.0
922.464692,303,514.924521,922.4646918557628,4.974107490729021,303,0.0
810.827819,263,514.981546,810.8278186136996,4.399677066315635,263,0.0
1826.944442,557,515.30017,1826.9444422932204,10.186684275330679,557,0.0
924.585664,293,515.552646,924.5856640381309,5.070821494523838,293,0.0
992.149215,290,515.614154,992.1492148051061,5.635129091549683,290,0.0
1345.112026,432,515.894915,1345.1120263891303,7.327998624331506,432,0.0
743.296952,246,516.134227,743.2969524932611,3.9948251101542653,246,0.0
1383.353265,388,516.214119,1383.3532645907137,7.98413366971155,388,0.0
1968.907967,559,516.56474,1968.9079666174366,11.306447292588183,559,0.0
789.903971,220,516.810005,789.9039713939222,4.57465762803874,220,0.0
1168.554723,343,517.082431,1168.5547230868567,6.624027877474923,343,0.0
1052.486408,358,517.160381,1052.4864078803516,5.576228376095421,358,0.0
1335.291846,398,517.445786,1335.291845866892,7.519885165019476,398,0.0
3126.699367,966,518.043306,3126.69936716241,17.32697679972358,966,0.0
838.872073,272,518.101918,838.8720733205755,4.552406803494016,272,0.0
1254.42793,440,518.387237,1254.4279296798122,6.538810356816324,440,0.0
1041.349261,365,518.656461,1041.3492606835412,5.4315983847241585,365,0.0
1193.23333,390,518.930635,1193.2333302412956,6.447394964926471,390,0.0
651.598651,236,518.983547,651.5986509815845,3.3410098328080493,236,0.0
395.136022,130,519.011958,395.1360217300199,2.1335025493334614,130,0.0
762.13323,227,519.25689,762.1332304491582,4.296941470890239,227,0.0
2009.745129,629,519.588391,2009.7451287205204,11.075945604077901,629,0.0
906.857316,269,519.834747,906.8573160736619,5.120155581799737,269,0.0
1298.268562,458,520.123006,1298.2685616431424,6.746359592860112,458,0.0
881.719794,277,520.181693,881.7197944501504,4.855494208805711,277,0.0
925.884209,280,520.439092,925.8842085784582,5.184834534316923,280,0.0
1649.551613,425,520.526121,1649.5516125060672,9.818795652295696,425,0.0
712.146793,211,520.764184,712.1467934619806,4.024394666378335,211,0.0
1247.078386,335,521.02527,1247.0783855074892,7.315711561379294,335,0.0
1298.808656,388,521.107555,1298.8086560072772,7.307747870341815,388,0.0
780.018045,256,521.352713,780.0180451007193,4.208819146288451,256,0.0
832.611691,241,521.404488,832.611690957391,4.749294507154735,241,0.0
1281.78094,358,521.678198,1281.7809402165583,7.410465614527928,358,0.0
690.327471,196,521.719159,690.3274706866367,3.969244845488114,196,0.0
777.066484,218,521.953615,777.0664836253559,4.487991385408905,218,0.0
1168.148794,413,522.229814,1168.1487941843961,6.063716184944499,413,0.0
710.121787,203,522.272284,710.1217866182357,4.071899324728013,203,0.0
1322.035458,368,522.542137,1322.0354580483647,7.653006607153655,368,0.0
2072.189381,589,522.863019,2072.1893808559703,11.894265106173952,589,0.0
1101.417562,321,522.931862,1101.4175616066339,6.261967566309603,321,0.0
858.122485,250,523.18399,858.1224850838255,4.8816318555349065,250,0.0
819.141086,238,523.231896,819.141085502884,4.665272349321891,238,0.0
1044.369941,300,523.486232,1044.369941217386,5.973254541550047,300,0.0
775.070053,226,523.536275,775.070052600399,4.40809224603086,226,0.0
724.350714,211,523.781976,724.3507142041859,4.121900458344669,211,0.0
1706.259828,491,524.081285,1706.2598282141428,9.746831001019705,491,0.0
1287.313006,394,524.366022,1287.3130063299816,7.168405760978749,394,0.0
886.987024,266,524.420209,886.9870242910224,4.985050687965561,266,0.0
782.736469,236,524.67017,782.7364686435311,4.39013378085009,236,0.0
807.753087,263,524.727226,807.7530866377276,4.374997173207057,263,0.0
926.214725,283,524.986227,926.2147251844428,5.163279288543031,283,0.0
741.794504,219,525.032935,741.7945037422384,4.197866731123928,219,0.0
1834.310342,550,525.354106,1834.3103416625047,10.301470582752573,550,0.0
1262.993267,359,525.646687,1262.993267168636,7.251901922260388,359,0.0
621.038146,223,525.692963,621.0381462238875,3.1999801025056502,223,0.0
763.205571,215,525.938587,763.2055705337012,4.4008862623316585,215,0.0
798.419925,240,525.993391,798.4199253547756,4.48365190609641,240,0.0
2129.097165,631,526.336342,2129.097164520522,12.014813552470605,631,0.0
819.643486,257,526.596328,819.6434859137098,4.517851287223991,257,0.0
839.118733,240,526.649327,839.1187328139627,4.809230536576237,240,0.0
1757.463289,486,526.986544,1757.4632886761945,10.196477169468746,486,0.0
2249.300212,644,527.522762,2249.3002117670812,12.87240399966948,644,0.0
695.599412,201,527.567226,695.599412049669,3.971693044735411,201,0.0
1320.742713,370,527.842112,1320.7427128993916,7.626790040968362,370,0.0
1005.727826,296,527.905185,1005.727826069105,5.696092143427544,296,0.0
588.06024,203,528.143004,588.0602402482758,3.0953085299241287,203,0.0
1238.816737,419,528.23588,1238.8167366795662,6.581012339391154,419,0.0
949.674312,311,528.496854,949.6743117062986,5.1282639547332405,311,0.0
783.08634,253,528.749063,783.0863398394188,4.2571874513545005,253,0.0
1801.650553,580,529.07187,1801.6505525076946,9.801287864091595,580,0.0
402.557875,134,529.101067,402.55787480280645,2.1610371343182697,134,0.0
1330.71701,422,529.391258,1330.7170100604042,7.292273214121989,422,0.0
1082.772446,340,529.461892,1082.7724455672378,5.962043630492363,340,0.0
853.418455,233,529.708393,853.4184554904967,4.979244465716213,233,0.0
1597.779482,503,530.003881,1597.7794824349166,8.783721037636068,503,0.0
616.991859,212,530.048574,616.9918590362182,3.255113685818017,212,0.0
1016.646049,366,530.328191,1016.6460494533217,5.226259232378783,366,0.0
1119.087822,335,530.591893,1119.0878223838154,6.292251910952555,335,0.0
885.288022,276,530.652538,885.2880220566955,4.891533027422684,276,0.0
1493.527372,439,530.949167,1493.5273716894271,8.459450065704852,439,0.0
859.67785,277,531.203844,859.6778499664908,4.678659265010001,277,0.0
925.033416,292,531.26382,925.033416356464,5.08180933072728,292,0.0
309.796581,109,531.287039,309.79658081237176,1.6182532136426462,109,0.0
705.265678,212,531.524342,705.2656778538578,3.961397515379991,212,0.0
1170.954886,338,531.595276,1170.9548857426707,6.6832291120582985,338,0.0
901.767331,272,531.846849,901.7673313179482,5.055334166318708,272,0.0
1940.582936,586,532.157734,1940.5829360198081,10.86487784605889,586,0.0
1127.808331,319,532.416782,1127.8083309058454,6.489187609682706,319,0.0
753.072898,216,532.461284,753.0728975319911,4.312214580250646,216,0.0
744.840796,227,532.697788,744.8407958846092,4.158733118399992,227,0.0
1260.133836,392,532.780143,1260.1338360507011,6.966358342425499,392,0.0
2091.886646,570,533.281062,2091.886645536724,12.202183018695337,570,0.0
1133.344674,383,533.361884,1133.3446744608302,6.02405922336323,383,0.0
780.783348,250,533.600798,780.7833483306538,4.262942199819787,250,0.0
669.77113,219,533.647133,669.7711298841682,3.621718881690821,219,0.0
750.413209,247,533.889288,750.4132085139975,4.043892481416555,247,0.0
875.948217,281,533.947381,875.9482174256883,4.777326290244842,281,0.0
874.150077,276,534.192747,874.1500766115411,4.802479082642985,276,0.0
935.795761,292,534.254866,935.7957605317301,5.1684237467464555,292,0.0
879.400761,276,534.501986,879.4007605296956,4.844618260042874,276,0.0
1114.591879,314,534.567015,1114.591878588659,6.423671049204638,314,0.0
892.216421,280,534.815353,892.2164209405779,4.915244165053499,280,0.0
328.181317,116,534.83884,328.1813174274057,1.7092880988845653,116,0.0
750.229638,213,535.075515,750.2296379451966,4.313139654629937,213,0.0
1353.690596,425,535.353288,1353.6905959287205,7.4526433787953215,425,0.0
968.527213,295,535.417591,968.5272131316735,5.406271862419435,295,0.0
1339.832504,399,535.703733,1339.8325043333984,7.5481508422423556,399,0.0
439.951051,144,535.735403,439.9510507656045,2.380608781932122,144,0.0
1353.423639,394,536.019611,1353.4236388547579,7.696939233970826,394,0.0
726.428728,235,536.07122,726.4287283058371,3.9474015751088762,235,0.0
745.854736,247,536.323803,745.8547363282534,4.007254337704837,247,0.0
997.939929,302,536.390093,997.9399285249899,5.58607608535962,302,0.0
529.948309,186,536.62817,529.948308571835,2.7657753798385127,186,0.0
940.48573,284,536.689653,940.4857299329826,5.269647313983831,284,0.0
970.569625,301,536.952973,970.5696247981773,5.374850245987361,301,0.0
1004.293419,302,537.209071,1004.2934194195435,5.636895858504718,302,0.0
697.707254,228,537.257799,697.7072538701756,3.773590472820907,228,0.0
951.536923,304,537.51533,951.5369231686877,5.198752181307371,304,0.0
1241.314406,417,537.603973,1241.3144061705816,6.617118297377235,417,0.0
866.123458,265,537.846901,866.1234577972447,4.826161376353547,265,0.0
1596.077813,458,538.133028,1596.0778126741627,9.128547838108135,458,0.0
798.871873,258,538.187894,798.8718727381338,4.343852903602753,258,0.0
2122.148959,710,538.731914,2122.148959093006,11.330066049392153,710,0.0
842.242363,244,538.783137,842.2423633851768,4.802358167892474,244,0.0
720.176933,243,539.028333,720.1769328399448,3.8338930608912447,243,0.0
1173.314559,332,539.102893,1173.3145587880902,6.749923630342848,332,0.0
880.872663,272,539.359069,880.8726633212268,4.888192765709181,272,0.0
1201.761546,352,539.625012,1201.7615460270003,6.818322489562192,352,0.0
992.413333,302,539.689928,992.4133334766165,5.54167095748598,302,0.0
1348.972054,409,539.971514,1348.9720541646896,7.5417996513234185,409,0.0
2221.798252,656,540.296911,2221.7982523381565,12.557161296706333,656,0.0
838.595452,264,540.545078,838.5954521275171,4.61382266141478,264,0.0
608.813539,184,540.583268,608.8135394943105,3.412838117269927,184,0.0
916.289771,296,540.834113,916.2897709509156,4.98050285040497,296,0.0
1160.789192,336,540.904212,1160.7891917124782,6.617869882279761,336,0.0
745.400559,229,541.143108,745.40055945486,4.146874107250435,229,0.0
1252.299221,371,541.226513,1252.2992214801743,7.071136132116634,371,0.0
1203.971239,363,541.496773,1203.9712388260225,6.748144880985605,363,0.0
1032.063317,319,541.769701,1032.063316924927,5.723525265146693,319,0.0
929.606023,286,541.83501,929.6060229153815,5.166755138488845,286,0.0
1118.575313,326,542.105747,1118.5753130987498,6.359634824093599,326,0.0
703.14701,243,542.15926,703.1470100788995,3.697529023373607,243,0.0
1139.258794,317,542.422104,1139.2587938762792,6.596925717994615,317,0.0
1091.123678,361,542.686288,1091.1236784461703,5.861292743983712,361,0.0
820.441846,230,542.733702,820.4418455444774,4.739480815579022,230,0.0
763.042537,230,542.973031,763.0425367686557,4.280116217666781,230,0.0
793.41733,219,543.019042,793.4173301900586,4.610710185176575,219,0.0
1065.768523,312,543.275956,1065.768523386264,6.048738043423201,312,0.0
1711.593188,556,543.583028,1711.593188145783,9.272135420715458,556,0.0
2198.304334,676,543.923784,2198.304334117527,12.210209484583395,676,0.0
1684.971146,484,544.21474,1684.9711462990047,9.63258306386947,484,0.0
729.169791,237,544.457925,729.1697910176067,3.9536352556669643,237,0.0
728.822667,205,544.501686,728.8226669166827,4.205613714135537,205,0.0
1606.194778,463,544.788482,1606.1947782433133,9.169700104043828,463,0.0
854.108605,281,544.848352,854.1086045279718,4.6026235596758065,281,0.0
337.801352,135,545.070104,337.8013521615187,1.6349878442367565,135,0.0
1313.207846,356,545.143948,1313.2078463560995,7.677951259261064,356,0.0
1073.043005,354,545.410249,1073.0430051614214,5.772319011122672,354,0.0
1564.165215,435,545.693002,1564.1652151967673,9.056144902855927,435,0.0
673.715279,193,545.733709,673.7152792469578,3.860439276871626,193,0.0
1460.568464,408,546.011798,1460.5684644696394,8.442598641276435,408,0.0
1145.83332,337,546.274752,1145.8333203173327,6.4902066980396205,337,0.0
716.597782,210,546.318723,716.5977820885095,4.068071985176361,210,0.0
844.478478,268,546.570024,844.4784775004562,4.629132062232043,268,0.0
1931.093688,558,546.881879,1931.0936880647475,11.012312742932902,558,0.0
1096.611468,336,546.952439,1096.6114677717426,6.104532244823298,336,0.0
836.983218,264,547.199104,836.9832183183942,4.600980874524143,264,0.0
1548.790617,477,547.489149,1548.7906167600963,8.599414065347583,477,0.0
1009.888191,305,547.553617,1009.8881908856423,5.657452434115004,305,0.0
819.139359,269,547.803286,819.1393594542689,4.41836206552707,269,0.0
1502.971928,508,548.102474,1502.9719284707535,7.985582363474058,508,0.0
1031.671224,310,548.360373,1031.6712238678592,5.792111681734677,310,0.0
485.024655,194,548.40514,485.0246553797206,2.3428736993923223,194,0.0
974.75603,299,548.663804,974.7560295216069,5.4241522058865295,299,0.0
899.301384,298,548.72647,899.3013843395443,4.828583510849382,298,0.0
1191.69745,334,548.988737,1191.6974497784731,6.880813630480589,334,0.0
1058.120238,301,549.051491,1058.120238431955,6.075305236077813,301,0.0
1114.712883,324,549.308919,1114.7128833147692,6.344634475600526,324,0.0
1383.242868,419,549.589431,1383.2428679909126,7.736382436491023,419,0.0
645.550639,229,549.637767,645.5506390154468,3.348172822162964,229,0.0
777.816816,255,549.882842,777.8168160617876,4.199118233249476,255,0.0
1362.411629,433,550.176309,1362.4116292322446,7.4581178599457605,433,0.0
772.375619,253,550.231952,772.3756191223897,4.171972232688063,253,0.0
1167.985849,339,550.503071,1167.985848961276,6.651461233518041,339,0.0
968.913895,285,550.56668,968.9138947624008,5.48903619981929,285,0.0
1443.19635,437,550.848047,1443.1963497554464,8.072812540954386,437,0.0
914.229938,285,551.100155,914.2299376819631,5.051616886091699,285,0.0
1687.259942,713,551.450951,1687.2599416432006,7.82754669054954,713,0.0
947.493962,287,551.70297,947.4939623802431,5.301910068538221,287,0.0
1438.1384,410,551.789232,1438.1383995699566,8.247151859443157,410,0.0
797.198806,247,552.032751,797.1988057447088,4.418087981253455,247,0.0
1083.307968,328,552.304811,1083.3079679621717,6.061710106745346,328,0.0
1159.855939,335,552.397423,1159.855939144471,6.6182819403966295,335,0.0
1266.91592,394,552.685332,1266.915919948706,7.00449800336724,394,0.0
808.545307,257,552.943661,808.5453070319513,4.429324429250339,257,0.0
761.053913,248,552.997464,761.0539127771925,4.121015304827838,248,0.0
1053.653026,313,553.264215,1053.6530255913679,5.943912992274152,313,0.0
1137.855228,332,553.332378,1137.8552280040003,6.466419625621851,332,0.0
896.940185,281,553.593959,896.9401850613206,4.945154907977315,281,0.0
741.965272,211,553.639255,741.9652718815205,4.263223187260103,211,0.0
1106.344802,312,553.906507,1106.3448024258128,6.373443490496738,312,0.0
962.547675,285,553.970404,962.5476751716218,5.438005968619035,285,0.0
1827.833817,556,554.296964,1827.8338167374134,10.201702175673189,556,0.0
1459.920425,564,554.813252,1459.9204247575453,7.195272329455411,564,0.0
918.912094,263,554.873257,918.9120936940625,5.2645945925542845,263,0.0
1229.349477,369,555.151237,1229.349476581253,6.903355848854777,369,0.0
603.096314,203,555.196764,603.0963135657951,3.2155845840326567,203,0.0
1110.031096,350,555.476494,1110.0310955368648,6.100591518461492,350,0.0
1403.229794,419,555.76777,1403.2297936010268,7.896067776237132,419,0.0
1149.169587,327,555.841639,1149.1695867373994,6.59646535927144,327,0.0
1112.528259,324,556.118189,1112.5282587547845,6.327269686971093,324,0.0
735.330072,235,556.168612,735.330072343459,4.019127593227607,235,0.0
1172.653476,333,556.433968,1172.6534764949224,6.736617102643278,333,0.0
1931.211454,572,556.753564,1931.2114541448693,10.901392054612412,572,0.0
1500.180357,441,557.04541,1500.1803567124257,8.4962404677374,441,0.0
1069.284293,329,557.32205,1069.284293358098,5.941475426737222,329,0.0
1128.599645,310,557.391631,1128.5996445689943,6.567360750523497,310,0.0
1986.17342,609,557.931005,1986.1734204611719,11.04671411378345,609,0.0
1060.680224,323,558.001918,1060.680224240435,5.920501951719844,323,0.0
1227.429533,353,558.27981,1227.4295325547828,7.015508360287852,353,0.0
770.058694,231,558.332541,770.0586935552354,4.3284488682536875,231,0.0
1105.066088,357,558.615378,1105.0660875935469,6.005229903031989,357,0.0
1033.951654,304,558.931791,1033.9516540946167,5.858014775089885,304,0.0
1034.088939,318,559.004024,1034.0889394102092,5.747454865047105,318,0.0
704.590643,204,559.257573,704.590642584559,4.019640146691919,204,0.0
372.377233,130,559.288948,372.3772333434083,1.9514170321447761,130,0.0
746.48587,228,559.341753,746.4858696142486,4.1638487553974945,228,0.0
772.062066,250,559.608418,772.0620663740069,4.19299556570973,250,0.0
873.691302,247,559.665152,873.6913017031429,5.0299904600794765,247,0.0
389.881864,131,559.900869,389.8818637058836,2.0834453355824563,131,0.0
1095.094088,312,559.970959,1095.0940881647975,6.283427671571722,312,0.0
667.370603,200,560.220817,667.3706033918396,3.7538642980749466,200,0.0
1154.857463,351,560.295109,1154.857462720929,6.450880337292197,351,0.0
899.632839,260,560.55738,899.632838558164,5.133977152837372,260,0.0
977.698159,282,560.623894,977.6981594371537,5.583323860539997,282,0.0
867.189942,266,560.893124,867.1899423864458,4.826581333317624,266,0.0
894.901737,270,560.949283,894.9017374055231,5.016454376511841,270,0.0
1657.477376,461,561.253019,1657.477376105618,9.595697254915768,461,0.0
1127.46447,316,561.528103,1127.4644696793966,6.510527051672333,316,0.0
905.211481,283,561.600306,905.211480684483,4.994994224170391,283,0.0
874.119158,260,561.896953,874.1191576516694,4.929939469173531,260,0.0
1033.459879,347,562.222663,1033.459879119452,5.511533047604677,347,0.0
1172.048395,333,562.307914,1172.0483946022232,6.731594123168575,333,0.0
693.297313,199,562.579054,693.2973133516881,3.9692713259117,199,0.0
1334.064359,372,562.670004,1334.064358931842,7.717051886712134,372,0.0
1372.486614,394,563.000007,1372.4866140483498,7.849041942191182,394,0.0
2186.375541,627,563.397368,2186.375540631995,12.504582610928903,627,0.0
569.027745,198,563.695654,569.027744637065,2.982982675272663,198,0.0
3041.73076,889,564.235736,3041.7307602411797,17.260681596105112,889,0.0
1136.162816,354,564.598843,1136.1628161490778,6.27749060199326,354,0.0
1050.152282,309,564.912701,1050.1522816453532,5.947815596331984,309,0.0
933.919652,276,564.988534,933.9196519373209,5.280709795261728,276,0.0
748.765677,244,565.320561,748.7656771528532,4.054395444862168,244,0.0
1172.827361,365,565.42637,1172.8273608699121,6.48302762217216,365,0.0
960.463536,302,565.764418,960.4635359650024,5.285947692995338,302,0.0
740.044035,220,565.825096,740.0440349214545,4.1759784553703465,220,0.0
872.514278,277,566.179088,872.5142783886585,4.781759793825133,277,0.0
784.318983,259,566.549247,784.3189826089091,4.219360727932786,259,0.0
860.946199,249,566.629912,860.9461986666036,4.911899486933057,249,0.0
1025.904988,305,567.050313,1025.9049877203556,5.7858168395910585,305,0.0
904.446005,300,567.146077,904.4460049802161,4.853745999724387,300,0.0
1238.555851,353,567.515349,1238.5558514150323,7.104110700503002,353,0.0
975.89194,284,567.602248,975.8919399575169,5.552984766560666,284,0.0
926.225537,286,567.950118,926.225537247555,5.1396316381754,286,0.0
726.956185,237,568.021665,726.9561847928246,3.9357011974959017,237,0.0
894.363312,265,568.385713,894.3633121279418,5.05195239579072,265,0.0
1301.806071,361,568.784199,1301.8060707745522,7.546789742890665,361,0.0
1009.852447,312,568.889737,1009.8524469486889,5.601387585437286,312,0.0
1865.072912,588,569.429106,1865.072911839653,10.245197082121486,588,0.0
1689.727642,551,570.250026,1689.727641857905,9.136921639246205,551,0.0
1762.100712,514,570.686492,1762.1007121048324,10.010144625627563,514,0.0
1453.032705,440,570.809701,1453.0327046347486,8.127412246466006,440,0.0
1185.366602,343,571.159273,1185.3666020256321,6.758454461634602,343,0.0
1465.255696,403,571.496026,1465.2556957351496,8.519825742629722,403,0.0
1545.176954,456,571.860218,1545.1769544224032,8.736955986349122,456,0.0
1186.533729,332,571.954302,1186.5337293858277,6.855717732493851,332,0.0
1298.364845,370,572.334976,1298.3648445368276,7.447631636220595,370,0.0
1416.38545,448,572.783804,1416.3854500178497,7.770584078911521,448,0.0
1774.193464,518,573.274628,1774.1934643372394,10.075391795284832,518,0.0
1539.96721,443,573.748767,1539.9672099017932,8.799051227660973,443,0.0
857.643567,260,573.841789,857.6435671493246,4.798024521852154,260,0.0
1298.250161,383,574.304294,1298.2501608835817,7.343203428542646,383,0.0
898.122573,279,574.780247,898.12257344244,4.970722352959471,279,0.0
1182.832975,359,574.900406,1182.8329751615975,6.611062692200656,359,0.0
1602.363238,452,575.400405,1602.3632383488043,9.226096807349048,452,0.0
691.307887,204,575.855407,691.3078868393826,3.9134575715754485,204,0.0
1021.682852,325,575.984139,1021.6828524709871,5.592687316786277,325,0.0
730.598578,216,576.451041,730.5985782314576,4.132148860706401,216,0.0
2062.671783,618,577.010673,2062.6717825395613,11.586711715247374,618,0.0
524.978673,176,577.078001,524.9786728695572,2.806134599203674,176,0.0
2561.843339,716,578.066147,2561.8433390897962,14.799380438016957,716,0.0
885.695607,279,578.170006,885.6956068306612,4.871180033076676,279,0.0
722.313764,241,578.78804,722.3137636389525,3.866523609955744,241,0.0
1165.782332,352,578.973323,1165.7823323790572,6.530420496641938,352,0.0
1015.170823,309,579.671852,1015.1708228873049,5.668362162617747,309,0.0
867.886791,252,579.779515,867.8867907914143,4.943890448982861,252,0.0
1717.149965,485,580.33553,1717.1499654382988,9.881908770911435,485,0.0
1211.347948,349,580.772385,1211.3479479760638,6.918842021683971,349,0.0
1461.887651,411,581.188423,1461.887651440532,8.428832742517496,411,0.0
779.612293,258,581.268691,779.6122925134322,4.189736324489636,258,0.0
1440.659425,412,581.639452,1440.659424610018,8.251316215761378,412,0.0
1056.465585,322,581.99426,1056.4655853602953,5.894563191456659,322,0.0
1552.403515,473,582.379677,1552.403514895112,8.659583002862428,473,0.0
1256.348033,377,582.489414,1256.3480329254728,7.055551214316556,377,0.0
1260.816634,370,582.891602,1260.8166335397843,7.147154674828403,370,0.0
1201.209386,368,583.288923,1201.2093864333633,6.686429688567331,368,0.0
1130.458964,349,583.682687,1130.4589642659266,6.2717219322923325,349,0.0
638.11622,227,583.753273,638.1162200791773,3.30472955693995,227,0.0
860.950905,275,584.122051,860.9509051990894,4.705069294779909,275,0.0
1554.227951,461,584.259076,1554.2279506849063,8.769342429844246,461,0.0
2062.184746,595,584.989507,2062.1847460300514,11.766082916453719,595,0.0
864.423422,275,585.069449,864.4234222151273,4.732853777235141,275,0.0
931.256514,276,585.434904,931.2565141360536,5.25964891958481,276,0.0
1145.835773,362,585.533166,1145.8357732567124,6.291249165275975,362,0.0
1260.367256,387,585.92713,1260.3672555085332,7.008710832434575,387,0.0
1051.623495,321,586.305794,1051.6234952279501,5.863913288425206,321,0.0
1309.28704,397,586.709552,1309.287040109761,7.320172070117785,397,0.0
1171.44181,338,586.814281,1171.4418096074487,6.686870054856043,338,0.0
744.453115,241,587.164483,744.4531154286481,4.043786939736189,241,0.0
1573.703885,438,587.559819,1573.703884732672,9.108424805746392,438,0.0
1733.34477,521,587.985085,1733.3447701391224,9.724382391285458,521,0.0
1113.788276,331,588.087726,1113.7882761708393,6.281813069097633,331,0.0
1054.120252,325,588.47054,1054.1202518421983,5.852090367304202,325,0.0
867.891731,299,588.566329,867.8917314448627,4.569140143459668,299,0.0
1269.040516,384,588.977838,1269.0405164430756,7.1013252102685325,384,0.0
903.749529,332,589.378858,903.749528634759,4.594062897519595,332,0.0
1140.96302,347,589.795122,1140.9630200870354,6.371622671078346,347,0.0
2674.576604,821,590.367402,2674.5766038521683,14.865795692322413,821,0.0
1491.307135,485,590.828536,1491.3071354264198,8.075402521927696,485,0.0
1297.136608,373,591.252855,1297.1366082913905,7.413806721671268,373,0.0
1497.319317,456,591.690421,1497.319317277113,8.35452320889755,456,0.0
1078.914305,309,591.791697,1078.9143045368908,6.177545543312149,309,0.0
1050.246066,297,592.19383,1050.2460664023656,6.04390679612813,297,0.0
1245.989048,379,592.630628,1245.989048129956,6.957104146839741,379,0.0
592.811272,203,592.700309,592.8112720031169,3.133464228432714,203,0.0
1426.521402,413,593.154101,1426.5214016536797,8.130131785907105,413,0.0
1861.787268,537,593.628246,1861.7872676478041,10.62472207047421,537,0.0
642.276543,222,593.701674,642.2765428827898,3.377917632954239,222,0.0
874.317583,271,594.107869,874.3175825258331,4.843642268526801,271,0.0
1164.954663,335,594.221456,1164.9546633589027,6.6590904172699465,335,0.0
1072.48331,335,594.688163,1072.4833096934447,5.919342164272796,335,0.0
886.120977,260,595.133454,886.1209767923712,5.0257325919117966,260,0.0
951.266283,285,595.246007,951.2662828833962,5.348010093693937,285,0.0
1463.825435,425,595.754705,1463.8254346570945,8.333143835798294,425,0.0
1064.887346,303,596.177029,1064.8873462417143,6.113286258450509,303,0.0
1105.796831,328,596.295093,1105.796831313152,6.241589886652153,328,0.0
1094.409903,330,596.712834,1094.4099025162498,6.134531590257476,330,0.0
1097.290463,321,597.154558,1097.290463383706,6.229202760662323,321,0.0
1598.179051,433,597.304492,1598.1790512826415,9.344380116448278,433,0.0
1403.449459,413,597.789843,1403.449459037846,7.945705567194955,413,0.0
1858.160144,562,598.328145,1858.1601443581553,10.396756797869074,562,0.0
908.190601,270,598.784008,908.1906007599692,5.122810998780022,270,0.0
1203.230399,355,599.279293,1203.230398739642,6.805794497376866,355,0.0
1256.027355,384,599.416209,1256.02735530814,6.997317442832201,384,0.0
1050.145524,326,599.864688,1050.1455239564832,5.8122286500183495,326,0.0
953.990391,265,599.963515,953.9903911053708,5.52884450353555,265,0.0
987.626132,305,600.426514,987.6261323769041,5.479858184951859,305,0.0
1249.399434,369,600.908946,1249.3994336022731,7.063737996693114,369,0.0
1733.776856,521,601.461535,1733.7768556531303,9.727951919803214,521,0.0
1258.20663,394,601.955755,1258.2066298870882,6.934938540979135,394,0.0
1168.148617,344,602.080547,1168.1486166345662,6.613224179493455,344,0.0
856.113218,256,602.518394,856.1132176857861,4.817449254594337,256,0.0
1036.096947,331,602.643331,1036.0969470804396,5.659829313466196,331,0.0
1765.1153,517,603.173928,1765.1152999653448,10.011175857365854,517,0.0
848.892334,257,603.5971,848.892333847778,4.7519951113636045,257,0.0
911.561325,292,603.700596,911.5613247664888,4.974367648977793,292,0.0
1162.75104,374,604.1567,1162.7510396699422,6.330996797888355,374,0.0
841.675434,268,604.583257,841.6754340129058,4.606399091060342,268,0.0
1542.782485,455,605.087179,1542.782484835912,8.725463318794693,455,0.0
1500.267038,468,605.252024,1500.26703807499,8.28244415207091,468,0.0
1559.891131,447,605.767568,1559.8911305910663,8.926418768012141,447,0.0
1981.267314,557,606.305223,1981.2673136582162,11.420952833682882,557,0.0
911.886338,278,606.748595,911.8863379007811,5.088630482755717,278,0.0
1655.596279,510,607.308882,1655.59627863828,9.190052333862921,510,0.0
1197.869141,355,607.780789,1197.8691406115774,6.762874773517904,355,0.0
1247.958839,373,607.913865,1247.9588391019556,7.0202951065758645,373,0.0
1007.405016,301,608.358755,1007.4050163151471,5.669392594058817,301,0.0
2115.81497,673,608.934422,2115.8149703983327,11.573995014531633,673,0.0
1232.973714,369,609.381046,1232.9737140026807,6.932196661721303,369,0.0
1289.165058,363,609.831259,1289.1650577494677,7.429583614574576,363,0.0
917.262743,286,609.932448,917.2627433984435,5.067934424510329,286,0.0
1090.026941,332,610.382292,1090.0269414266793,6.08362601163983,332,0.0
1170.481148,342,610.74216,1170.4811481300535,6.647525475482661,342,0.0
827.680462,280,610.819722,827.6804618250408,4.399024545760317,280,0.0
929.275112,302,611.167295,929.2751119023661,5.036587471336882,302,0.0
957.219378,304,611.248829,957.2193778115148,5.244250780930601,304,0.0
1182.801587,368,611.567544,1182.8015868924044,6.539030004414318,368,0.0
1284.039721,379,611.875086,1284.0397212406522,7.261159121367263,379,0.0
892.615967,287,611.945981,892.6159672016947,4.862810332292108,287,0.0
1289.495575,387,612.285023,1289.4955748617829,7.2411759280675545,387,0.0
997.568885,295,612.575188,997.5688853511232,5.638577336760702,295,0.0
1613.908731,541,612.898206,1613.9087314123246,8.610137684194896,541,0.0
1118.810112,346,612.974958,1118.8101121403442,6.202572733437405,346,0.0
799.310108,263,613.246242,799.3101083192419,4.307475854839871,263,0.0
2922.499596,824,613.833315,2922.4995958201434,16.82385742728733,824,0.0
1412.305456,409,613.930174,1412.3054563551411,8.048108094415742,409,0.0
1362.103317,391,614.229235,1362.1033169860643,7.79025328209115,391,0.0
1232.63825,361,614.510302,1232.6382500215882,6.993493961399225,361,0.0
993.201469,305,614.579645,993.2014689669808,5.524010018064348,305,0.0
883.275412,258,614.842433,883.2754116133539,5.019174676478451,258,0.0
650.918849,237,614.899138,650.9188485486978,3.327509420624252,237,0.0
957.763703,279,615.164697,957.7637029608961,5.447647996728141,279,0.0
855.706011,276,615.226498,855.7060114367173,4.655183984591256,276,0.0
1402.204521,407,615.524402,1402.2045214396212,7.98357498800477,407,0.0
915.452316,247,615.795783,915.4523163256841,5.364028586635855,247,0.0
939.784686,304,615.864343,939.7846861559374,5.104731026987309,304,0.0
1766.423977,493,616.179102,1766.4239771693015,10.212127583253013,493,0.0
2915.142175,822,616.752554,2915.1421753926834,16.781862069685214,822,0.0
833.885918,250,616.806078,833.8859177422322,4.687714525663917,250,0.0
1100.974334,342,617.086953,1100.9743336091638,6.0914523743749625,342,0.0
945.727479,290,617.348473,945.7274793770723,5.263820355076422,290,0.0
1056.283007,321,617.41997,1056.283007491172,5.90121949488689,321,0.0
660.817027,238,617.663202,660.8170267941214,3.3987991600087013,238,0.0
1008.148048,303,617.728864,1008.1480476716764,5.659618690754474,303,0.0
972.720755,308,617.992701,972.7207554345387,5.336454690265945,308,0.0
793.815021,260,618.048849,793.8150212284294,4.287414312535246,260,0.0
1646.205494,501,618.363657,1646.205494080549,9.186650237438222,501,0.0
877.209461,281,618.624719,877.2094614571705,4.7869993571384235,281,0.0
804.773497,266,618.684376,804.7734972428835,4.327440289774409,266,0.0
1174.673717,343,618.963964,1174.673717224425,6.6731695624592815,343,0.0
923.891596,278,619.229717,923.891596352984,5.184511596564764,278,0.0
775.73635,242,619.286439,775.7363495112822,4.286497280283612,242,0.0
574.503169,209,619.534291,574.5031691927713,2.9389969017227275,209,0.0
1098.242736,328,619.609469,1098.242735682977,6.181394717004075,328,0.0
1199.184585,366,619.903006,1199.1845851925289,6.685920368003167,366,0.0
2195.048396,666,620.257245,2195.048395817084,12.263113348518292,666,0.0
1222.283484,357,620.540019,1222.2834840093742,6.942433803112621,357,0.0
852.322195,296,620.606053,852.3221946946602,4.468989217907213,296,0.0
1319.107427,372,620.87951,1319.1074265177497,7.597460911816378,372,0.0
898.243309,277,621.135305,898.2433086438921,4.987564510508167,277,0.0
1200.780962,342,621.214896,1200.780961929851,6.889732799763103,342,0.0
3183.377179,944,621.819513,3183.377179293913,17.95587949631729,944,0.0
877.832507,280,622.074593,877.8325066738807,4.800181721903418,280,0.0
748.927984,222,622.123249,748.9279839474109,4.2310310315989765,222,0.0
943.535687,305,622.386341,943.5356868618654,5.126572544363527,305,0.0
766.668983,224,622.434492,766.6689832555575,4.357030541371908,224,0.0
879.305895,281,622.693628,879.3058950301485,4.803691664359525,281,0.0
1619.371395,472,622.993179,1619.37139492557,9.202997356262468,472,0.0
1160.143497,340,623.068998,1160.143497090995,6.580538969322846,340,0.0
752.937366,229,623.337579,752.9373658528705,4.207329806170363,229,0.0
932.443315,284,623.403526,932.4433148540999,5.205464275459182,284,0.0
1880.896952,616,623.942396,1880.8969517374098,10.148342262974035,616,0.0
1519.275997,423,624.036951,1519.2759972418237,8.792415526923573,423,0.0
1144.599229,341,624.329993,1144.5992285775515,6.448192208091565,341,0.0
526.448679,254,624.598539,526.4486794455906,2.196615453457829,254,0.0
747.395973,246,624.6531,747.3959725074229,4.02742615571245,246,0.0
1092.448597,332,624.923618,1092.4485966952077,6.102890683415367,332,0.0
938.953879,290,624.990215,938.9538790533244,5.209527572537526,290,0.0
943.693312,298,625.27583,943.6933116860181,5.183455693822135,298,0.0
849.885126,250,625.333958,849.8851263093522,4.815741726633158,250,0.0
1129.777975,352,625.613719,1129.7779748384373,6.242290827231857,352,0.0
1099.461707,336,625.883262,1099.4617067132638,6.127145886250418,336,0.0
1878.645061,555,626.226302,1878.6450606935982,10.615973581236682,555,0.0
822.909251,238,626.283511,822.9092505687969,4.695419759465104,238,0.0
1126.986408,321,626.556019,1126.986408103875,6.466747542404852,321,0.0
1292.103044,370,626.831224,1292.1030439892866,7.397462234338813,370,0.0
938.222975,269,626.89073,938.2229754334759,5.370778966068458,269,0.0
858.990031,277,627.170196,858.9900305006831,4.673514524457002,277,0.0
1272.014991,378,627.260148,1272.0149907741734,7.17340023872501,378,0.0
1033.416809,322,627.546812,1033.4168087007222,5.710265273141288,322,0.0
1527.740854,441,627.849709,1527.7408540537647,8.716927518344525,441,0.0
1176.291308,331,628.116618,1176.291307563547,6.781506437034367,331,0.0
2473.097138,707,628.476624,2473.0971376752627,14.160581240039242,707,0.0
1122.969371,334,628.751752,1122.969370804068,6.33124188281627,334,0.0
991.626052,281,628.815931,991.6260516114594,5.70223153374312,281,0.0
1099.541489,329,629.098659,1099.5414891088253,6.1834368409068174,329,0.0
3504.221849,1000,629.726837,3504.221849048252,20.06830103479773,1000,1.0
1496.652698,431,630.032833,1496.65269840717,8.547574182033445,431,0.0
1237.16176,374,630.114499,1237.1617604373098,6.926001222789347,374,0.0
799.149636,262,630.364051,799.1496359151379,4.314007660304799,262,0.0
2599.573413,777,630.733673,2599.57341262459,14.615264887651865,777,0.0
1051.003989,325,631.008809,1051.0039889091904,5.827148107056542,325,0.0
870.567667,259,631.067035,870.5676665312776,4.909223873812467,259,0.0
2285.203723,670,631.628419,2285.203723173889,12.95246363777537,670,0.0
942.131243,279,631.69253,942.1312426532496,5.322120112388483,279,0.0
934.58584,292,631.956659,934.585839880562,5.158305983499074,292,0.0
1417.555391,411,632.248643,1417.5553913573826,8.074322761108991,411,0.0
742.252954,242,632.308082,742.2529538524037,4.018324452321918,242,0.0
1062.986766,305,632.585309,1062.9867656870538,6.082454953669029,305,0.0
1120.256946,345,632.666975,1120.2569455228272,6.221595550228653,345,0.0
900.784008,284,632.942517,900.7840079416889,4.951863423824977,284,0.0
1085.422023,326,633.229188,1085.4220232677585,6.094396690362455,326,0.0
1073.051848,317,633.30126,1073.0518479201246,6.067202881251086,317,0.0
796.278284,259,633.573862,796.2782836607909,4.315053123450107,259,0.0
1168.510906,354,633.652229,1168.510906205264,6.536175724598447,354,0.0
1060.948159,311,633.930009,1060.948158878869,6.01797971943701,311,0.0
790.873508,235,634.187663,790.8735078215917,4.4627813523021285,235,0.0
1473.313065,428,634.284763,1473.3130645369195,8.38494717744944,428,0.0
833.557038,248,634.548371,833.5570376032623,4.700838743145865,248,0.0
1721.688852,486,634.856678,1721.6888523796795,9.909896897474292,486,0.0
1360.268847,447,635.153387,1360.2688473054652,7.32936960788367,447,0.0
2105.886817,630,635.505342,2105.8868173841593,11.836387475423491,630,0.0
1693.356059,497,635.829826,1693.356059337033,9.595519344389432,497,0.0
1042.805821,373,636.107262,1042.8058210227853,5.379227337560229,373,0.0
1122.997296,333,636.181517,1122.9972963039932,6.339231962170585,333,0.0
2240.336749,661,636.743318,2240.336748653205,12.665475003601964,661,0.0
1321.495106,394,636.829553,1321.4951064443278,7.441188394216684,394,0.0
1040.777765,305,637.102619,1040.777765102887,5.9045153977291145,305,0.0
1205.961875,354,637.390073,1205.9618745217413,6.8355198419182255,354,0.0
1274.35515,421,637.483789,1274.3551497604253,6.84907386802082,421,0.0
1113.183295,343,637.764445,1113.1832951713848,6.181187667405433,343,0.0
820.261705,272,638.022606,820.2617046934408,4.403387056688852,272,0.0
2125.902084,594,638.374246,2125.9020835462647,12.28330588222756,594,0.0
860.761158,257,638.429246,860.7611581997817,4.846573908776318,257,0.0
1435.098545,447,638.729154,1435.0985445306956,7.927759587612997,447,0.0
1064.227004,360,639.022979,1064.2270042061414,5.654248060658451,360,0.0
781.359507,229,639.076021,781.3595073715734,4.434919892011358,229,0.0
1185.41532,363,639.377505,1185.415320061669,6.599568405503853,363,0.0
774.056208,230,639.428724,774.056208323416,4.368438538133788,230,0.0
821.637504,270,639.692421,821.6375044428818,4.430038739907057,270,0.0
1381.309023,466,639.991328,1381.30902298518,7.346593458051903,466,0.0
1327.475265,439,640.289081,1327.4752648710423,7.1309385138401975,439,0.0
913.450169,264,640.348543,913.4501688047924,5.2125912302495205,264,0.0
1953.289347,551,640.662136,1953.289346766108,11.244947353176089,551,0.0
1085.169172,324,640.933686,1085.169172490389,6.108403173160002,324,0.0
735.650804,218,640.982092,735.6508035488,4.156686786108122,218,0.0
862.729099,254,641.247064,862.7290985777131,4.886397488880603,254,0.0
809.253558,239,641.301081,809.253558091442,4.578050391585337,239,0.0
893.804638,255,641.567683,893.8046378241203,5.127098867685014,255,0.0
1610.49169,454,641.88157,1610.4916897355558,9.275036876535498,454,0.0
2242.978677,632,642.233867,2242.9786770850287,12.916918778047057,632,0.0
1364.586891,398,642.532755,1364.5868907343074,7.754049565470176,398,0.0
1681.879838,476,642.846122,1681.879838210914,9.671186143510328,476,0.0
804.424024,237,642.896281,804.424023676566,4.555263798745493,237,0.0
1205.56407,340,643.174148,1205.5640697954855,6.943832124687298,340,0.0
841.537434,239,643.228545,841.5374338893399,4.836342482891825,239,0.0
744.724915,221,643.483929,744.7249152669209,4.205412382036069,221,0.0
1865.777949,544,643.801855,1865.7779487351502,10.600558897754988,544,0.0
769.400902,247,643.859479,769.4009019124413,4.195610312770754,247,0.0
1926.736246,533,644.20045,1926.7362462001875,11.17586161407801,533,0.0
1391.805115,378,644.494111,1391.8051151431407,8.131204449458616,378,0.0
2091.396879,648,644.838123,2091.396879063555,11.577403347643898,648,0.0
1166.518163,340,645.114648,1166.5181627579311,6.631633102735162,340,0.0
2109.866698,665,645.473929,2109.866698458553,11.589830112280287,665,0.0
1711.55669,525,645.802077,1711.556690070569,9.518053739125092,525,0.0
1707.652946,468,646.117135,1707.6529456022915,9.940892583714628,468,0.0
1424.665185,407,646.4482,1424.6651847244484,8.16283613528834,407,0.0
2074.539288,609,646.846211,2074.539288094406,11.75270674461798,609,0.0
1606.416147,454,647.209799,1606.4161466900655,9.242581864378737,454,0.0
1633.418786,519,647.626756,1633.4187861620642,8.941098530885919,519,0.0
782.795587,251,648.003647,782.7955872114945,4.270694296537868,251,0.0
736.294809,240,648.079781,736.2948093884436,3.9862534786740698,240,0.0
824.342018,262,648.474186,824.3420177761827,4.515349939821948,262,0.0
851.481222,254,648.555658,851.4812220278819,4.7966347964235885,254,0.0
748.156484,222,648.924152,748.1564838739218,4.224749836033852,222,0.0
1465.787109,435,649.057295,1465.7871085253394,8.268755291687766,435,0.0
748.314248,223,649.433012,748.3142477374224,4.218091247821359,223,0.0
1303.549819,371,649.843662,1303.5498185072581,7.480949686125684,371,0.0
921.634617,270,649.933483,921.634616677267,5.2300683165199215,270,0.0
1593.460481,462,650.36115,1593.460481312494,9.075148091428147,462,0.0
1175.618475,323,650.756014,1175.6184754229494,6.8394806396606365,323,0.0
758.165212,220,650.830528,758.1652120740233,4.320899568978383,220,0.0
1242.145149,403,651.245604,1242.1451493509505,6.734785339384096,403,0.0
1083.957681,304,651.337512,1083.9576813976178,6.257779370320506,304,0.0
964.351933,364,651.730748,964.3519332469281,4.824027107937135,364,0.0
1307.17676,390,652.140402,1307.1767602193556,7.3587735662783675,390,0.0
901.420103,268,652.221022,901.4201027584946,5.084803920115707,268,0.0
1331.943672,361,652.610243,1331.943672241158,7.7877435650637645,361,0.0
2055.764562,602,653.090054,2055.764561961677,11.657967338934863,602,0.0
1806.941362,523,653.53056,1806.9413621300841,10.297088266755283,523,0.0
955.591732,278,653.879656,955.5917317517238,5.438051702727858,278,0.0
1026.106728,303,653.967134,1026.1067276844294,5.803119709881399,303,0.0
716.506005,215,654.311488,716.5060052652816,4.027208024156259,215,0.0
801.559699,252,654.38994,801.5596993843657,4.4134085908428595,252,0.0
830.072603,259,654.748284,830.0726032709445,4.585223124769124,259,0.0
824.858403,247,654.817125,824.858403432659,4.639047377415085,247,0.0
1314.668306,419,655.16841,1314.6683056551851,7.187422615069436,419,0.0
836.907753,269,655.468082,836.9077525139585,4.560305781582953,269,0.0
1022.515769,305,655.54193,1022.5157685688048,5.7582119846806314,305,0.0
944.531619,297,655.862352,944.5316185977396,5.198342484070428,297,0.0
1762.349898,510,656.209092,1762.3498981944485,10.043963599740678,510,0.0
1010.859212,286,656.277609,1010.8592116077,5.816303782655699,286,0.0
1135.117361,340,656.560948,1135.11736136806,6.380380488676272,340,0.0
1026.867795,302,656.842713,1026.8677948360341,5.8168349956412,302,0.0
1315.54328,367,656.929226,1315.543279722814,7.608418669660693,367,0.0
643.360278,234,657.19396,643.3602776215365,3.2906645278324937,234,0.0
1233.433704,361,657.488582,1233.4337043313599,6.9994948848156735,361,0.0
685.596963,231,657.542514,685.5969631517077,3.6525347830913915,231,0.0
2375.664981,665,657.893717,2375.664980960962,13.715676439961966,665,0.0
1213.059917,344,658.161603,1213.0599172130464,6.97189964340907,344,0.0
875.524673,281,658.227913,875.5246727068717,4.773629438682678,281,0.0
776.467973,226,658.48652,776.4679731205138,4.419078542097498,226,0.0
