#{"t_start": 1789350253.153331, "env_id": "Walker2d-v5"}
r,l,t,task_return,displacement,episode_steps,full_episode
-3.231299,15,0.395468,-3.2312985131229897,-0.137491331364916,15,0.0
4.886289,20,0.400265,4.886288849111511,-0.11244762846875299,20,0.0
-10.156892,26,0.405013,-10.156892385367195,-0.280559484730742,26,0.0
-2.118716,9,0.406991,-2.118715831352435,-0.08068611638467044,9,0.0
-4.646126,16,0.410471,-4.64612565593596,-0.15679501514574792,16,0.0
-3.967922,8,0.412073,-3.9679216130217143,-0.08752640723906427,8,0.0
-12.062329,54,0.423152,-12.062328524171022,-0.5191145083721215,54,0.0
-3.368391,11,0.425205,-3.3683908877076525,-0.10672264083260442,11,0.0
-3.48784,10,0.427162,-3.487840270902878,-0.09965809660721503,10,0.0
-3.731232,23,0.431956,-3.731231678662051,-0.20529924922651183,23,0.0
-2.731842,10,0.43394,-2.731842377775667,-0.09362347611388819,10,0.0
-5.550006,17,0.437235,-5.550005582909437,-0.17197708275767684,17,0.0
-2.611279,14,0.440277,-2.6112792435864787,-0.12454279947919314,14,0.0
-3.675828,13,0.442822,-3.67582757492279,-0.1250811522631503,13,0.0
-5.151234,12,0.44529,-5.151233723475444,-0.12885536313872661,12,0.0
0.935341,16,0.450142,0.9353409187418862,-0.11211621925680527,16,0.0
1.095409,18,0.453761,1.0954085277545205,-0.126764855519002,18,0.0
5.367232,24,0.458865,5.367232120822692,-0.14042540124342928,24,0.0
-3.836285,12,0.461434,-3.8362853728651354,-0.11841131511438438,12,0.0
-3.966402,13,0.464062,-3.966402433905814,-0.12740430941786668,13,0.0
-8.920729,15,0.467054,-8.920728877390163,-0.18301431175903146,15,0.0
-4.530622,20,0.470888,-4.530622244141806,-0.18775438071064499,20,0.0
-4.39142,12,0.473056,-4.391420053805426,-0.12283717846608323,12,0.0
-2.647073,29,0.478158,-2.647073451772939,-0.244483667656732,29,0.0
-2.881721,14,0.481272,-2.8817206774341773,-0.12667094023113468,14,0.0
-1.601086,17,0.484701,-1.6010861002410417,-0.14041886848419058,17,0.0
4.767318,23,0.489298,4.76731833226246,-0.1373160811323886,23,0.0
-3.446146,11,0.491386,-3.446146294485023,-0.10730131780550771,11,0.0
4.988281,22,0.495394,4.988280882397203,-0.12759575158793848,22,0.0
3.319973,22,0.691807,3.319972937339516,-0.140880261686671,22,0.0
-3.783765,8,0.693449,-3.783764600396033,-0.08609982149668684,8,0.0
0.798345,12,0.695798,0.7983451463478102,-0.08126854322108593,12,0.0
23.733243,56,0.70735,23.733242716339976,-0.24877741819767213,56,0.0
5.71843,19,0.711337,5.718430284430877,-0.09782620722551534,19,0.0
-4.640941,10,0.713255,-4.640941242068821,-0.10887043011811227,10,0.0
-3.583813,10,0.715109,-3.5838133336901663,-0.10041740227428823,10,0.0
-3.668917,23,0.719256,-3.668916970547875,-0.20482449213088028,23,0.0
8.26247,25,0.72396,8.262470052790642,-0.1252266974720821,25,0.0
-2.015745,17,0.727157,-2.015745369989711,-0.1436652158613675,17,0.0
6.223802,21,0.73143,6.223801652292154,-0.10972575334015197,21,0.0
-3.511668,26,0.73644,-3.5116677854851157,-0.22740968188191824,26,0.0
-7.879979,20,0.740523,-7.879978771337254,-0.21455567168457018,20,0.0
-5.08189,11,0.742619,-5.081889816841977,-0.1203578299828092,11,0.0
-3.290219,24,0.747014,-3.290219275646371,-0.20968674204511564,24,0.0
-6.232086,19,0.751187,-6.232086072236699,-0.19341419762626982,19,0.0
1.629216,21,0.755262,1.6292158959142893,-0.1464646522466555,21,0.0
-6.592345,18,0.758626,-6.592344979376826,-0.18826056283502515,18,0.0
0.831147,24,0.763346,0.8311468577659784,-0.17678976912558445,24,0.0
-0.96523,18,0.76673,-0.9652302796531289,-0.1432907002181171,18,0.0
-12.439,23,0.771482,-12.438999981918297,-0.2749504835210436,23,0.0
4.305416,18,0.775091,4.305415608739315,-0.10110943695488704,18,0.0
3.984633,16,0.778561,3.9846332388710914,-0.08773948679770177,16,0.0
-6.471362,9,0.780587,-6.4713618028531315,-0.11553030825376101,9,0.0
-3.306141,12,0.782983,-3.3061409249280675,-0.11410396593535924,12,0.0
-3.137241,10,0.784916,-3.137240681095946,-0.09682138651514026,10,0.0
-3.163095,13,0.787444,-3.163095401423689,-0.12098618121862921,13,0.0
-8.212166,21,0.96664,-8.212166312488051,-0.22518009497821165,21,0.0
-3.427975,31,0.973494,-3.4279745467163902,-0.2665900592238965,31,0.0
-2.104645,22,0.977988,-2.1046448199106447,-0.18427667278649665,22,0.0
-2.032975,12,0.980288,-2.032975233555251,-0.10397670544907034,12,0.0
13.841035,32,0.986772,13.841035122893691,-0.13649686054677565,32,0.0
0.439621,13,0.98922,0.43962136892640924,-0.09216580736607,13,0.0
-4.098322,9,0.991887,-4.098321735656619,-0.09659308060515884,9,0.0
-2.50449,12,0.994333,-2.5044895015806095,-0.10771979242370289,12,0.0
2.171456,16,0.997437,2.1714561690619663,-0.10220103475019598,16,0.0
-0.362912,16,1.000929,-0.36291150559655694,-0.12252996033128227,16,0.0
3.559797,20,1.005378,3.559797014492681,-0.12301058195923549,20,0.0
-5.086626,15,1.008208,-5.086625585563093,-0.15230348262468416,15,0.0
-5.417036,26,1.013975,-5.417035778029029,-0.242711858177365,26,0.0
-6.852256,17,1.017364,-6.85225625282641,-0.18236731191575703,17,0.0
-0.99958,11,1.019534,-0.9995797571490663,-0.08772869802769062,11,0.0
-1.247891,26,1.025189,-1.2478914939173518,-0.20930572509175466,26,0.0
-2.224776,20,1.029241,-2.2247763517096777,-0.16924787501340222,20,0.0
0.537264,13,1.032123,0.5372638670666074,-0.09138529817690408,13,0.0
-1.599191,13,1.034901,-1.5991911153740408,-0.1085153360182145,13,0.0
-5.960205,8,1.036459,-5.9602050969942315,-0.10345028357402,8,0.0
-3.172777,18,1.040013,-3.1727774950139196,-0.1609239367490068,18,0.0
8.386906,33,1.046627,8.386906120672842,-0.18808112103787794,33,0.0
-7.479626,9,1.048579,-7.479625776628975,-0.12365102851193407,9,0.0
5.12773,32,1.055294,5.1277303845819056,-0.20615178928992753,32,0.0
1.686219,17,1.058578,1.686218953970704,-0.11408759504053835,17,0.0
1.319376,30,1.064622,1.3193760156290275,-0.22073238071472673,30,0.0
2.69199,27,1.069993,2.691990204150998,-0.18582362644517628,27,0.0
0.207384,30,1.256984,0.20738449345107862,-0.2295898526039535,30,0.0
-1.302312,12,1.259765,-1.3023119743087157,-0.09811864472338022,12,0.0
-5.842826,23,1.264073,-5.842825860824572,-0.22213019180756916,23,0.0
-12.334537,16,1.267052,-12.334537383299056,-0.21830182643711357,16,0.0
-1.651048,22,1.271795,-1.6510483628552557,-0.18069556103009296,22,0.0
5.897037,23,1.276395,5.897037003207314,-0.1282644727712921,23,0.0
8.195529,19,1.280112,8.195529434668055,-0.07795156221780059,19,0.0
0.893806,13,1.282541,0.8938059532291462,-0.0885012343673235,13,0.0
9.311406,24,1.287096,9.311405736666716,-0.10892867798773512,24,0.0
8.97956,41,1.294801,8.979559938331741,-0.24715556468608493,41,0.0
-9.065941,17,1.297976,-9.065941073452718,-0.2001359094389576,17,0.0
3.105334,22,1.302767,3.105334382134883,-0.14266715751278458,22,0.0
-0.046017,12,1.305131,-0.04601719909688029,-0.08809080762914312,12,0.0
-3.671376,11,1.307152,-3.6713759650211832,-0.10908305097573702,11,0.0
-7.025644,14,1.309995,-7.025643906939148,-0.15990768032454944,14,0.0
1.576839,15,1.312886,1.5768392923651404,-0.09905784355987597,15,0.0
1.994646,19,1.316574,1.994646134067404,-0.12758751704094498,19,0.0
-0.545642,16,1.319685,-0.5456424496690038,-0.12392160480960776,16,0.0
-2.152138,18,1.323103,-2.1521378671408433,-0.15276720795985893,18,0.0
8.7548,38,1.330643,8.75479992550688,-0.22489672347051035,38,0.0
-0.150808,23,1.335072,-0.1508081566510875,-0.17661915754952742,23,0.0
-4.054358,10,1.336934,-4.0543582769723585,-0.10419820064932703,10,0.0
15.29221,35,1.344049,15.292210103732494,-0.14886466960498723,35,0.0
-7.041225,14,1.34675,-7.04122460307237,-0.16000023112350406,14,0.0
-3.675245,14,1.349428,-3.6752451350660804,-0.13303312446529403,14,0.0
8.526995,28,1.542138,8.526995381457878,-0.14700153121723863,28,0.0
15.875727,35,1.549079,15.875726573750597,-0.14411525358819038,35,0.0
0.513147,27,1.554321,0.5131469623997456,-0.20327935271142306,27,0.0
-5.776811,18,1.5579,-5.776811258652675,-0.18179786359067604,18,0.0
3.293925,21,1.562678,3.2939249209863757,-0.13317040581793363,21,0.0
4.764378,21,1.566901,4.764377823714666,-0.12136428065757801,21,0.0
9.789197,23,1.571706,9.789197105097637,-0.09714546570974919,23,0.0
0.348476,21,1.576306,0.34847592458077425,-0.15667447674876492,21,0.0
-4.458758,17,1.580195,-4.458757703005975,-0.1632289050709433,17,0.0
2.069807,14,1.583313,2.069806508795114,-0.08710050110924439,14,0.0
3.540099,20,1.587314,3.540098712680608,-0.12321663231854343,20,0.0
-2.220768,25,1.592863,-2.220767596501349,-0.20921386212667417,25,0.0
12.8524,35,1.599876,12.852399552366656,-0.16838941489711431,35,0.0
-7.702668,13,1.602381,-7.702668274418231,-0.15731823998422,13,0.0
5.88225,22,1.606639,5.8822500835230835,-0.12043023878871481,22,0.0
-2.171672,17,1.610314,-2.1716718034172153,-0.14496821104888297,17,0.0
15.842658,38,1.618009,15.842657805020785,-0.16833678097551052,38,0.0
3.828319,36,1.625927,3.828319101857274,-0.24838636495521463,36,0.0
-2.011219,21,1.630346,-2.011219082809717,-0.17557999710414343,21,0.0
-3.241952,12,1.632786,-3.2419524775277013,-0.11360799285986956,12,0.0
-8.149806,19,1.636452,-8.149805832646233,-0.20865704517758568,19,0.0
-7.704621,21,1.640901,-7.704621471196581,-0.22109819859144972,21,0.0
-2.702511,19,1.644804,-2.7025111025716253,-0.16515410100505135,19,0.0
-3.345174,21,1.829172,-3.345174045134041,-0.18625334847490999,21,0.0
32.184786,40,1.836832,32.18478634018431,-0.05340179183084683,40,0.0
5.308001,56,1.847512,5.3080012213175,-0.396184183764855,56,0.0
-1.067785,16,1.85109,-1.0677845822911107,-0.12808956910690916,16,0.0
6.628702,21,1.855201,6.628702399834159,-0.10649503123070221,21,0.0
-1.132463,16,1.858403,-1.1324630398119293,-0.12859320316635256,16,0.0
-1.498489,15,1.861692,-1.4984887867204564,-0.12360853785348512,15,0.0
1.583082,21,1.865662,1.5830821095150212,-0.14682027359167169,21,0.0
-2.664134,14,1.868295,-2.6641341978407045,-0.12496762063984018,14,0.0
12.910984,35,1.875691,12.910984039733577,-0.16777273041972204,35,0.0
-3.524518,19,1.879888,-3.5245180470258264,-0.171710161232646,19,0.0
0.142452,16,1.883078,0.14245167419293692,-0.11850859207581894,16,0.0
16.83433,40,1.891391,16.834330277677147,-0.1763431301639677,40,0.0
13.421268,34,1.898427,13.421267613802847,-0.1558086502856628,34,0.0
15.419574,43,1.906667,15.419573659235176,-0.21158111513465988,43,0.0
6.097602,48,1.915408,6.097601884018992,-0.32605481737872677,48,0.0
13.289887,30,1.920981,13.289886687412384,-0.12488198786604783,30,0.0
31.32809,55,2.102333,31.328089876648225,-0.18002941722915922,55,0.0
-3.577662,16,2.105355,-3.577661659949201,-0.1481471670486683,16,0.0
1.091137,18,2.109226,1.091136791856934,-0.12684484175129257,18,0.0
-0.376259,26,2.114443,-0.37625941888100156,-0.20240489873086265,26,0.0
4.009307,22,2.119042,4.009306602529947,-0.1353200199529473,22,0.0
9.983827,25,2.124145,9.983826729186486,-0.11160273527486883,25,0.0
5.644152,17,2.127521,5.644151527408064,-0.08243936506493747,17,0.0
1.184304,20,2.131588,1.1843044092055963,-0.1420325335579987,20,0.0
29.56586,52,2.142064,29.565860487098305,-0.17016162578820088,52,0.0
0.901019,18,2.14569,0.9010192211676451,-0.12836737100271056,18,0.0
1.660685,16,2.149075,1.6606851631011832,-0.10630540337511897,16,0.0
4.8229,26,2.153946,4.822899676680401,-0.16075247698327286,26,0.0
8.704741,30,2.160077,8.704740928900803,-0.16163113698916212,30,0.0
-1.811213,10,2.162028,-1.8112133118360831,-0.08631306695363639,10,0.0
1.192256,18,2.16555,1.1922558830809329,-0.12601350901593228,18,0.0
3.400086,31,2.171486,3.400085570362644,-0.21205173206271777,31,0.0
-3.089045,29,2.176901,-3.089044930856472,-0.24802565164566623,29,0.0
-4.373665,11,2.179252,-4.373665077641498,-0.11471699614939751,11,0.0
10.916864,35,2.186176,10.916863752826544,-0.18381991404243214,35,0.0
5.555931,19,2.189929,5.555930689709489,-0.09907132325760093,19,0.0
12.673146,39,2.197273,12.673145980747579,-0.20169574483531588,39,0.0
-2.661242,30,2.376315,-2.6612420930029552,-0.2525693213365717,30,0.0
5.107885,19,2.380548,5.10788499817966,-0.10266448915580165,19,0.0
7.2842,29,2.386361,7.2841997133850995,-0.16501117097722073,29,0.0
-0.810811,27,2.391643,-0.8108113791408309,-0.21388074138878754,27,0.0
51.56408,63,2.403948,51.56408011767159,-0.08195597983110091,63,0.0
9.646865,21,2.408141,9.646865036615898,-0.08234631691185545,21,0.0
-0.139685,17,2.411395,-0.13968511954543583,-0.12861172834632079,17,0.0
5.074239,27,2.416746,5.074238792323618,-0.1666997381716511,27,0.0
3.858215,24,2.421671,3.858215337076857,-0.15253246686482666,24,0.0
8.53846,34,2.428169,8.538460145441153,-0.19491696096049782,34,0.0
-0.754047,39,2.4363,-0.7540465913764394,-0.30912156174214944,39,0.0
3.996457,26,2.441781,3.9964568406057626,-0.16737527469493965,26,0.0
28.933594,53,2.4518,28.933593995496278,-0.1831975450086901,53,0.0
2.323967,46,2.460496,2.3239668513761496,-0.3402565008790257,46,0.0
24.451745,53,2.469833,24.45174463815271,-0.2190806926209307,53,0.0
4.906645,21,2.651651,4.906645122664102,-0.1202283159458633,21,0.0
20.941436,55,2.663088,20.941436163930497,-0.2631455079473496,55,0.0
-5.477469,15,2.666007,-5.477469128280304,-0.15545412647829118,15,0.0
2.813813,18,2.669454,2.8138128095973407,-0.11303637970930625,18,0.0
10.738898,48,2.678129,10.738898167505956,-0.2888321785107024,48,0.0
13.079992,31,2.683752,13.07999198985332,-0.13461424207526823,31,0.0
53.223134,65,2.695733,53.22313444133032,-0.0845866145396139,65,0.0
6.316565,29,2.70174,6.316565435807245,-0.17274645506108904,29,0.0
13.608854,42,2.710082,13.60885403917172,-0.21808227928303175,42,0.0
-1.920328,15,2.712917,-1.9203276449547482,-0.12704452271514635,15,0.0
4.669236,20,2.716732,4.669236325606475,-0.11411675343238746,20,0.0
23.31752,42,2.725505,23.31751978484229,-0.14042876534307266,42,0.0
-1.888457,13,2.728096,-1.8884572549192558,-0.11081597062064732,13,0.0
2.326793,19,2.731749,2.326792502689139,-0.1249303265332657,19,0.0
4.08412,24,2.73633,4.08412012638226,-0.15073021046305599,24,0.0
-5.093635,28,2.74189,-5.093634832478626,-0.2559898252315114,28,0.0
-1.71114,11,2.744055,-1.7111399781238859,-0.0934376935761799,11,0.0
3.797083,24,2.74881,3.797082680857094,-0.15299276519009988,24,0.0
-0.462071,16,2.930462,-0.4620714940470947,-0.12323239439417819,16,0.0
38.314472,119,2.953994,38.31447195479088,-0.6344838077731694,119,0.0
7.199056,22,2.958683,7.199055782196441,-0.10990748190695715,22,0.0
2.997827,25,2.963744,2.997826909610334,-0.16738108251738337,25,0.0
7.555788,20,2.967649,7.555787970649654,-0.09108106445902873,20,0.0
7.470344,24,2.972363,7.47034445532825,-0.12367791826326444,24,0.0
6.782852,40,2.980269,6.782851996569957,-0.25675789861962894,40,0.0
5.27717,25,2.985274,5.277169857237883,-0.14915671677836462,25,0.0
7.676104,29,2.991251,7.676104164410203,-0.16182893611056498,29,0.0
1.076093,16,2.994167,1.0760930740204522,-0.11100399840973327,16,0.0
0.153242,28,2.999897,0.1532418869568366,-0.2140482817071361,28,0.0
4.321156,20,3.003759,4.321156246413862,-0.11698646705829788,20,0.0
8.171342,19,3.007418,8.171341753935252,-0.0780997290823773,19,0.0
-3.068216,25,3.012458,-3.0682164699540615,-0.21595041226130215,25,0.0
14.069268,41,3.020677,14.06926837177161,-0.20646768811455699,41,0.0
11.128533,28,3.026258,11.128532843763654,-0.12624018008648089,28,0.0
20.825229,40,3.211463,20.825228614540343,-0.1443629109632705,40,0.0
29.943903,89,3.229102,29.943902829552066,-0.4623313862960265,89,0.0
5.588388,18,3.232687,5.588387989391373,-0.09084936382100892,18,0.0
38.083411,70,3.247069,38.08341054421053,-0.24555946819479435,70,0.0
2.946573,19,3.251267,2.946573246645002,-0.11992367360115272,19,0.0
6.060879,25,3.256838,6.0608790305897635,-0.1429312457791153,25,0.0
2.848354,24,3.261859,2.848353957863213,-0.16057260081646094,24,0.0
21.319413,64,3.274917,21.3194129698991,-0.331857315848796,64,0.0
-4.333112,14,3.277907,-4.333111859065215,-0.13829707973933753,14,0.0
14.118282,30,3.283933,14.118282119923398,-0.11833508531139687,30,0.0
21.481921,43,3.293056,21.481921284546328,-0.1629956226090476,43,0.0
29.357255,62,3.306324,29.357255071113208,-0.25160849210943764,62,0.0
22.201345,37,3.314296,22.201344528955822,-0.10944504691736069,37,0.0
43.565785,61,3.515174,43.56578498275878,-0.12985644948386244,61,0.0
25.870007,102,3.535847,25.870007490938494,-0.5984176429075079,102,0.0
-1.372917,21,3.539887,-1.3729169254820164,-0.17049673176942418,21,0.0
31.66456,56,3.550892,31.66456027536078,-0.18517590368744866,56,0.0
72.815684,88,3.567178,72.81568402577055,-0.11117066237692894,88,0.0
11.000501,39,3.574334,11.000500845313896,-0.21499357816997253,39,0.0
5.356378,19,3.57773,5.356377571113156,-0.10068292664557897,19,0.0
19.897912,43,3.585718,19.897911591350685,-0.1756609922124995,43,0.0
11.353166,84,3.602533,11.35316581240486,-0.5709603018581976,84,0.0
28.308684,50,3.792213,28.308683731554403,-0.16420323061415293,50,0.0
0.278219,18,3.795812,0.27821892049056185,-0.13331868036438638,18,0.0
16.822307,57,3.807332,16.822307486944794,-0.3120591258528943,57,0.0
10.975333,59,3.819111,10.9753325950777,-0.3747377861890354,59,0.0
16.159246,34,3.826144,16.159246187710917,-0.1339426710852775,34,0.0
72.849092,90,3.844199,72.84909219409452,-0.12696281921318786,90,0.0
37.716227,48,3.853612,37.71622652848339,-0.07310543604593017,48,0.0
-4.848581,66,3.866627,-4.8485812314235455,-0.5572029209997758,66,0.0
19.111371,40,3.874838,19.111371032164723,-0.1580667720104209,40,0.0
24.046108,59,4.063156,24.04610784332113,-0.27007551922248035,59,0.0
30.787738,55,4.075048,30.787738038054897,-0.18435319085091165,55,0.0
11.670556,30,4.080951,11.67055637403438,-0.13784202133100104,30,0.0
8.321255,20,4.084823,8.32125546845664,-0.08495788389876034,20,0.0
16.866057,41,4.092815,16.86605713973499,-0.18406725447228345,41,0.0
31.292075,50,4.10279,31.29207541773121,-0.14051749491296503,50,0.0
1.760992,20,4.106786,1.7609923182535807,-0.13744392401183703,20,0.0
20.863911,43,4.115469,20.863910988015032,-0.16798016913853658,43,0.0
4.748498,21,4.119981,4.748498264564564,-0.12146736477051384,21,0.0
22.94499,87,4.137838,22.94498958821671,-0.5022843652498883,87,0.0
6.452907,28,4.143279,6.4529073522209845,-0.16365724713279478,28,0.0
40.980999,75,4.158133,40.98099876056203,-0.26233306858915745,75,0.0
25.960336,40,4.343102,25.96033618971475,-0.10327821340413748,40,0.0
8.129576,37,4.350766,8.129576371606925,-0.22197667862123613,37,0.0
35.616413,60,4.363026,35.61641337327434,-0.1855085773318442,60,0.0
57.167908,80,4.379665,57.16790847833856,-0.17255811675556892,80,0.0
9.644136,24,4.384414,9.644136054845529,-0.10626798990883675,24,0.0
28.938067,47,4.393974,28.938067404043966,-0.13528252226708015,47,0.0
34.173901,56,4.405321,34.17390121505736,-0.16522253896499794,56,0.0
56.280769,72,4.422012,56.28076871756445,-0.1158326372510211,72,0.0
41.100278,77,4.438642,41.10027751658909,-0.2771605578646542,77,0.0
13.942946,23,4.443189,13.942946152530109,-0.06391059953671721,23,0.0
205.663867,121,4.657717,205.6638673709793,0.688322191455844,121,0.0
57.498132,73,4.673436,57.49813175851227,-0.11401609051244499,73,0.0
19.604761,60,4.685331,19.604761157104036,-0.31366698622023137,60,0.0
3.569324,79,4.701236,3.569324272335142,-0.593487030720341,79,0.0
38.200156,97,4.720613,38.20015647032503,-0.45995700172310916,97,0.0
-0.230258,15,4.723679,-0.23025751774033032,-0.11351228029020663,15,0.0
58.285542,62,4.737417,58.28554163824913,-0.020098500757615385,62,0.0
7.773972,30,4.743228,7.773972424870477,-0.1690573247879287,30,0.0
13.654181,39,4.943261,13.654181057447913,-0.19376068273950095,39,0.0
4.011114,39,4.95137,4.01111386018852,-0.27088604053008924,39,0.0
34.245391,43,4.96043,34.24539133601437,-0.06094802966638751,43,0.0
20.939584,46,4.969455,20.939584010387883,-0.19121105637315572,46,0.0
17.030294,38,4.976654,17.03029405472311,-0.15876683451552134,38,0.0
13.540734,59,4.988329,13.540734039750568,-0.3542020903638329,59,0.0
8.501685,41,4.996439,8.501685307376986,-0.2508852674545388,41,0.0
12.319673,38,5.004667,12.319672770427257,-0.1964625223955945,38,0.0
66.51703,84,5.02198,66.51703030359823,-0.12980498932722,84,0.0
54.775132,70,5.036143,54.77513207657217,-0.11196792010691373,70,0.0
37.002636,67,5.231353,37.002636262454985,-0.23024928374210776,67,0.0
19.552474,33,5.237904,19.552474126760973,-0.09866358596910806,33,0.0
238.40631,145,5.267841,238.40630961841495,0.75903108646235,145,0.0
78.023042,118,5.292521,78.02304215825987,-0.30875623834290483,118,0.0
6.649352,30,5.298739,6.64935242836739,-0.17806259585653225,30,0.0
53.230284,99,5.320053,53.23028389385675,-0.3555476317370119,99,0.0
35.964568,71,5.522443,35.96456788287389,-0.27058453571430335,71,0.0
7.663282,37,5.52985,7.663281730204542,-0.22569767785302772,37,0.0
15.765134,40,5.537873,15.76513411366521,-0.18485765604070198,40,0.0
75.355811,65,5.550911,75.35581128873547,0.09247857174773978,65,0.0
52.104201,110,5.572921,52.1042005323572,-0.45235467360783377,110,0.0
132.732651,89,5.591265,132.7326510641186,0.3602340033525024,89,0.0
89.580889,122,5.615493,89.58088943194932,-0.2482501437606958,122,0.0
152.409583,231,5.841003,152.40958275014992,-0.614600759604202,231,0.0
20.012405,32,5.84742,20.012405061782314,-0.08712708059761694,32,0.0
25.644264,41,5.855831,25.644263630077884,-0.11387692818383355,41,0.0
118.963809,187,5.895153,118.9638091919894,-0.531456107638444,187,0.0
-2.499091,10,5.897236,-2.4990905665864216,-0.09174426827296762,10,0.0
37.89235,57,6.092685,37.892349734399914,-0.14347132382850727,57,0.0
51.724428,102,6.114054,51.7244275322064,-0.39169715629676666,102,0.0
14.392622,75,6.129937,14.392621667086534,-0.47488877364930204,75,0.0
182.701251,158,6.162346,182.701251441553,0.20962470644187292,158,0.0
101.321874,195,6.382254,101.32187390514686,-0.7364540111482302,195,0.0
66.710447,143,6.411054,66.71044660511099,-0.5985491733346021,143,0.0
213.90142,150,6.442278,213.90141985801722,0.5229085697166598,150,0.0
55.227416,86,6.460426,55.22741609186621,-0.23596774470114726,86,0.0
24.722592,45,6.470341,24.722591585674294,-0.15308263675526557,45,0.0
55.805998,93,6.670895,55.80599758393143,-0.2873469290998475,93,0.0
251.546544,159,6.703426,251.5465438667472,0.7524714785658447,159,0.0
320.438737,232,6.750668,320.43873735537466,0.7216204396097335,232,0.0
250.078446,134,6.960093,250.07844581261287,0.9400017412836766,134,0.0
202.354036,134,6.987962,202.35403638630706,0.5582182262605664,134,0.0
197.421359,127,7.013482,197.42135919535028,0.5747057516875643,127,0.0
276.970002,210,7.236472,276.97000171108897,0.5493498185355052,210,0.0
277.217972,162,7.268969,277.2179716421436,0.9339218169898241,162,0.0
181.697895,160,7.300816,181.69789492338276,0.1858750185328048,160,0.0
47.033915,100,7.321445,47.033914825958526,-0.41313010196091343,100,0.0
57.554895,86,7.519476,57.55489532186964,-0.21723421135938992,86,0.0
225.935429,187,7.557965,225.9354294552115,0.3243184350698237,187,0.0
90.976442,177,7.591416,90.97644226287305,-0.6756721579018574,177,0.0
304.123021,220,7.816,304.12302120593796,0.686809857587736,220,0.0
154.217597,176,7.852441,154.21759698528962,-0.1615861087082382,176,0.0
56.480327,77,7.868396,56.480326528814174,-0.15421200871251883,77,0.0
114.014668,160,7.900842,114.01466801787319,-0.3557365439523711,160,0.0
58.091649,79,8.099171,58.09164934778726,-0.15722917837007727,79,0.0
76.760752,81,8.116694,76.76075217105283,-0.023834925865693087,81,0.0
69.456609,146,8.148731,69.45660882171643,-0.6006020147137578,146,0.0
4.657014,15,8.152049,4.657013846008903,-0.07433041713083643,15,0.0
118.264559,111,8.17531,118.264558761397,0.06895086550725696,111,0.0
184.614205,113,8.378748,184.61420547060553,0.5837411494716533,113,0.0
5.321511,30,8.385035,5.321511437543705,-0.1887194188501869,30,0.0
290.458214,181,8.422965,290.4582142240097,0.8883998280729792,181,0.0
38.749088,62,8.436064,38.74908756544543,-0.17637799681550198,62,0.0
288.719436,185,8.475246,288.71943631118353,0.8425201097649297,185,0.0
287.906097,188,8.702063,287.90609739841886,0.8120715975211005,188,0.0
117.809309,189,8.739584,117.80930856907302,-0.5565652530965562,189,0.0
277.601992,198,8.9609,277.60199231190325,0.649929057170764,198,0.0
16.494727,43,8.969379,16.494726733267512,-0.20304003979295326,43,0.0
2.990236,14,8.972286,2.990236478811949,-0.07974685043412537,14,0.0
360.690366,245,9.021502,360.6903660446906,0.9399936170311911,245,0.0
70.708598,157,9.053082,70.70859821975944,-0.6782203761427751,157,0.0
344.235015,258,9.283167,344.23501515031427,0.7047381265557658,258,0.0
228.978395,126,9.310533,228.97839533830094,0.8350910773115446,126,0.0
300.826837,188,9.533654,300.82683685690307,0.9156596156433715,188,0.0
257.717782,142,9.563005,257.71778184207966,0.9376838748122474,142,0.0
253.256695,135,9.590946,253.2566949296852,0.9576632641810879,135,0.0
318.063208,186,9.629831,318.06320793056943,1.0694868907232664,186,0.0
256.417872,138,9.846296,256.41787196575575,0.9589995588862079,138,0.0
19.874984,39,9.853739,19.87498363266615,-0.14407051780012178,39,0.0
298.492776,174,9.889151,298.49277634275245,1.0085821901970566,174,0.0
312.514576,196,10.113757,312.5145755336455,0.9452174130202348,196,0.0
191.527136,111,10.136024,191.5271356608801,0.6550653649643722,111,0.0
1.777276,17,10.139387,1.7772762949942351,-0.11333821128410047,17,0.0
308.547818,177,10.174509,308.54781789371236,1.0652422430727786,177,0.0
246.739735,142,10.203844,246.73973515812878,0.8496493937352007,142,0.0
204.039147,126,10.409924,204.03914694119499,0.635775219510628,126,0.0
352.919344,237,10.462993,352.91934440923626,0.9414749276096559,237,0.0
268.517107,149,10.495915,268.51710713287883,0.9680751982540681,149,0.0
314.731458,206,10.730585,314.73145773790213,0.8834173066680255,206,0.0
218.954029,112,10.754927,218.95402897541467,0.8666050983860017,112,0.0
225.466878,114,10.778253,225.46687808501105,0.9027705832046302,114,0.0
393.807885,269,11.025359,393.8078847915908,1.013594321869442,269,0.0
283.580508,167,11.060447,283.58050798120524,0.945128696493513,167,0.0
-0.726179,18,11.064076,-0.7261791377590192,-0.14138438810401124,18,0.0
235.093888,129,11.090701,235.09388839993213,0.8599661015256915,129,0.0
379.083825,240,11.323648,379.0838245911742,1.1271052907829973,240,0.0
388.713229,248,11.373692,388.71322877335837,1.140484576384334,248,0.0
267.761934,147,11.590136,267.7619341836438,0.9778392880059852,147,0.0
347.708004,249,11.643531,347.70800431485327,0.8041913478059638,249,0.0
388.932823,250,11.876334,388.9328225109873,1.1260974339887735,250,0.0
195.044575,113,11.899277,195.04457455185164,0.6673460625073626,113,0.0
291.3242,173,11.93526,291.32420029545517,0.9591369915450138,173,0.0
330.706925,192,12.152151,330.7069249850102,1.122897127745382,192,0.0
362.934538,253,12.204594,362.93453801746364,0.894188590618548,253,0.0
247.365792,132,12.231295,247.36579191152202,0.9344640728219012,132,0.0
297.081615,176,12.4461,297.08161534874796,0.9811670576077404,176,0.0
248.975423,138,12.473723,248.9754225522864,0.8994818332741984,138,0.0
255.430447,162,12.506803,255.4304473577952,0.7595250407883521,162,0.0
284.323795,158,12.715146,284.3237947682851,1.0229429677685724,158,0.0
282.750936,166,12.750301,282.7509357579629,0.9463558047806794,166,0.0
0.537191,15,12.753284,0.5371914410425938,-0.10732945842115385,15,0.0
246.56777,137,12.7813,246.56777032900052,0.8881862268244315,137,0.0
211.266031,116,12.804821,211.26603070794624,0.7731714082106211,116,0.0
240.430284,130,13.011553,240.4302841770612,0.8948509250021808,130,0.0
329.725409,198,13.052004,329.72540946983656,1.0671477061252237,198,0.0
345.103993,214,13.097009,345.1039929624231,1.062632307266112,214,0.0
332.231426,215,13.321345,332.2314260248619,0.9517803634996082,215,0.0
328.487561,187,13.358598,328.48756129807106,1.1449044669065804,187,0.0
350.846921,187,13.578645,350.84692053677566,1.3235824904390814,187,0.0
276.741452,165,13.611909,276.74145196755705,0.9063215582449219,165,0.0
283.28804,150,13.641608,283.28803975739015,1.0782367552070662,150,0.0
333.956013,214,13.861185,333.956013127555,0.9736441300891253,214,0.0
398.838739,204,13.902208,398.8387391228422,1.5720591113827813,204,0.0
328.956905,175,13.935976,328.9569052893767,1.2445614793184088,175,0.0
411.946353,282,14.171656,411.94635338623516,1.0549503257686044,282,0.0
377.702368,241,14.22299,377.7023682608455,1.1081081205826804,241,0.0
260.498815,140,14.429744,260.49881542067357,0.9757389676655339,140,0.0
319.967249,177,14.46671,319.96724879031206,1.1566439598917235,177,0.0
343.385978,194,14.505447,343.3859777729626,1.2084075018555984,194,0.0
322.822076,187,14.720657,322.8220757100186,1.099628393939446,187,0.0
314.398792,188,14.758468,314.39879224768026,1.0241590077847902,188,0.0
441.168208,322,15.012279,441.1682078301036,0.9703465488345372,322,0.0
381.148055,203,15.05398,381.14805501372143,1.4385750496451593,203,0.0
351.75238,210,15.288016,351.75238031470735,1.147800405157864,210,0.0
272.069403,148,15.318878,272.06940322726234,1.0044782145793143,148,0.0
352.270297,201,15.35984,352.27029749685266,1.2233483063792534,201,0.0
276.639116,146,15.569986,276.6391158582806,1.0571192355564238,146,0.0
315.186049,184,15.607142,315.1860489097686,1.0624711379402552,184,0.0
231.536488,123,15.632922,231.53648760881134,0.8794807633199805,123,0.0
313.505336,172,15.669355,313.50533558343943,1.1446261778550728,172,0.0
309.336494,176,15.897528,309.33649410794646,1.0796209570577873,176,0.0
183.09262,99,15.918221,183.09262021754043,0.6834791194974159,99,0.0
359.91509,245,15.968168,359.9150896042527,0.9341578209009936,245,0.0
316.48954,178,16.196101,316.48954048633476,1.120738936101671,178,0.0
387.366276,234,16.246744,387.36627575885836,1.2412392563249264,234,0.0
368.874525,194,16.464701,368.8745253393068,1.4122329225993635,194,0.0
371.233164,223,16.510947,371.2331643055789,1.1998418961133452,223,0.0
336.422259,202,16.551759,336.4222586636543,1.08881842792844,202,0.0
431.536374,248,16.783324,431.5363743133507,1.482938212886927,248,0.0
395.740877,269,17.024995,395.74087744446877,1.0292096039621863,269,0.0
380.367357,227,17.073141,380.3673567542613,1.241223114335009,227,0.0
257.426481,141,17.10239,257.42648093171624,0.943197713800172,141,0.0
366.49295,223,17.332941,366.49294981890296,1.1622023937974721,223,0.0
348.679694,193,17.374393,348.6796942267716,1.2587359571024108,193,0.0
262.518527,150,17.404913,262.5185265690963,0.9123450507239917,150,0.0
399.544568,259,17.637194,399.5445684040998,1.1398122381782958,259,0.0
362.232087,202,17.678739,362.23208711600137,1.2955549841430953,202,0.0
244.36666,120,17.703692,244.36665970060835,1.006059376983669,120,0.0
345.147755,191,17.924054,345.1477553898517,1.2463732767742526,191,0.0
384.767053,237,17.972224,384.7670534510109,1.1966963360931273,237,0.0
284.61342,145,18.182415,284.6134201374285,1.1289860230962985,145,0.0
291.767245,149,18.211966,291.76724459279444,1.1542985913056607,149,0.0
287.724688,155,18.24276,287.7246875494516,1.073979653051054,155,0.0
392.388491,200,18.474924,392.38849143502256,1.5524740064455151,200,0.0
367.257881,215,18.520918,367.2578814213162,1.2320759965708472,215,0.0
307.926339,176,18.558887,307.92633876223846,1.0683826811785462,176,0.0
468.703647,296,18.800671,468.7036466878431,1.3976912678593745,296,0.0
380.562169,208,18.845105,380.5621689204413,1.3942372980613684,208,0.0
234.60246,130,19.061637,234.6024597481264,0.8481988252147268,130,0.0
423.65302,241,19.111989,423.65301998791716,1.4759799299589142,241,0.0
231.972736,109,19.134761,231.97273602439506,0.9948174207558259,109,0.0
368.432004,198,19.375763,368.4320038924652,1.3767842799124907,198,0.0
377.051954,214,19.422931,377.0519537191473,1.318420533412404,214,0.0
411.325814,233,19.657775,411.32581398397326,1.441003818121031,233,0.0
346.226017,199,19.69938,346.2260172635414,1.1912900541345421,199,0.0
311.927691,156,19.731795,311.92769119337237,1.2597400047035359,156,0.0
340.704029,174,19.950406,340.70402940253416,1.3465266955672894,174,0.0
299.92535,156,19.982094,299.9253496656304,1.1639154088650778,156,0.0
324.895022,199,20.023903,324.8950224503154,1.0208026110274546,199,0.0
374.881732,199,20.251761,374.8817317920064,1.420596649591831,199,0.0
310.730597,178,20.290622,310.730596567458,1.074912679706798,178,0.0
307.046387,164,20.325728,307.0463867127942,1.1567927810497016,164,0.0
317.881022,170,20.548613,317.88102176388907,1.1958185490862794,170,0.0
275.153131,134,20.575343,275.15313057173273,1.140865781876463,134,0.0
382.150269,207,20.617532,382.15026948975685,1.4150763536749271,207,0.0
306.843745,178,20.841416,306.8437450599365,1.0436994914311712,178,0.0
209.123007,111,20.864333,209.12300657161785,0.7960205054917218,111,0.0
281.299319,151,20.894832,281.29931854436165,1.054683022559843,151,0.0
297.979024,157,20.928113,297.9790243579768,1.1400014129546443,157,0.0
339.332868,180,21.150195,339.33286773715554,1.2876395210953933,180,0.0
595.155675,412,21.428234,595.1556750301422,1.484805253464755,412,0.0
265.929749,135,21.457757,265.92974941466366,1.0591139509649126,135,0.0
358.643864,198,21.499567,358.6438635307516,1.29882902110166,198,0.0
369.418654,220,21.73049,369.41865382294503,1.2095013230516136,220,0.0
377.337932,211,21.775768,377.3379316292787,1.3448747119140525,211,0.0
360.138304,191,21.815674,360.1383037168724,1.3662861112773088,191,0.0
297.781326,156,22.028443,297.78132569501884,1.146642102434076,156,0.0
356.839503,185,22.067393,356.8395026503701,1.387872916678422,185,0.0
320.148592,169,22.103256,320.1485923411793,1.2220916384035736,169,0.0
386.629897,218,22.338199,386.6298971133688,1.3632177458699124,218,0.0
302.290326,167,22.374617,302.2903261435063,1.0949384257272512,167,0.0
220.668751,113,22.400035,220.66875080434133,0.8725461748313533,113,0.0
347.364709,181,22.621847,347.3647093275329,1.3442277582461015,181,0.0
379.954763,204,22.664041,379.95476251875596,1.4213213856839646,204,0.0
353.426157,195,22.899951,353.4261566596965,1.2808340134776564,195,0.0
347.432128,197,22.941307,347.4321282131791,1.2169042838118653,197,0.0
300.988198,148,22.971562,300.9881979771762,1.2359915597367943,148,0.0
414.053033,218,23.200819,414.0530332120172,1.58254353201802,218,0.0
279.863594,134,23.229144,279.86359423641846,1.1785819516762737,134,0.0
300.358627,150,23.260122,300.3586270905825,1.214822067231195,150,0.0
359.894037,205,23.487647,359.89403675803885,1.252978680801018,205,0.0
352.807923,209,23.530192,352.80792285462735,1.1644599558968394,209,0.0
256.084955,127,23.556682,256.08495510446727,1.0442068195199872,127,0.0
313.193673,163,23.773593,313.1936727980295,1.214161650594391,163,0.0
313.790074,160,23.806105,313.7900742009758,1.2427639901761043,160,0.0
333.735871,174,23.844623,333.73587132201084,1.2910728911172609,174,0.0
475.418801,296,24.09902,475.41880085616174,1.4518897467753908,296,0.0
408.623827,224,24.145135,408.62382693619156,1.4912682953734073,224,0.0
412.768532,232,24.379174,412.76853191568944,1.4605132759740902,232,0.0
351.456082,177,24.418529,351.45608223930896,1.4086069978161133,177,0.0
369.617055,197,24.460147,369.61705522365014,1.3944874791941189,197,0.0
230.460396,118,24.675563,230.46039551861173,0.9110211391591699,118,0.0
332.38119,189,24.714303,332.381190128502,1.160246664201793,189,0.0
291.654943,142,24.742453,291.65494251976,1.2091401431795752,142,0.0
362.353026,207,24.974067,362.35302600916935,1.2567004143009326,207,0.0
327.606793,179,25.010001,327.60679345842925,1.2020954801819856,179,0.0
334.47727,177,25.046466,334.4772696403909,1.2727846947426036,177,0.0
283.790916,150,25.261611,283.79091627009444,1.0823632810487056,150,0.0
358.17309,192,25.300291,358.17309009837106,1.3427086305758258,192,0.0
315.243244,170,25.334506,315.2432443198612,1.174504277142214,170,0.0
284.280466,149,25.550274,284.28046585172143,1.0945086181513741,149,0.0
333.139149,167,25.584173,333.13914850467216,1.3418669779977845,167,0.0
463.639677,266,25.820308,463.63967700289544,1.5965115587458736,266,0.0
393.570803,210,25.865938,393.5708034579381,1.4825793142221646,210,0.0
319.918026,180,25.905601,319.9180257951882,1.132418159111343,180,0.0
300.800628,152,26.13478,300.80062805354316,1.2025928474831922,152,0.0
402.606657,237,26.184602,402.6066569688231,1.3395337068177486,237,0.0
382.831325,213,26.418849,382.8313245784944,1.3724883981747455,213,0.0
375.005291,196,26.462504,375.0052912024694,1.4455390091418523,196,0.0
261.487089,134,26.490238,261.48708850145476,1.0316103771999585,134,0.0
336.370235,163,26.524688,336.37023495066467,1.3994790058903235,163,0.0
362.848721,181,26.746659,362.8487207957252,1.4678814061299432,181,0.0
314.021683,161,26.778794,314.021683049543,1.2367339321745832,161,0.0
321.930844,166,26.812238,321.9308438138908,1.2602805096066472,166,0.0
347.8647,176,27.081609,347.864699705477,1.3878624904023202,176,0.0
388.429779,205,27.127344,388.4297792433282,1.481283063756711,205,0.0
437.689084,262,27.37579,437.6890841072872,1.4209336095014424,262,0.0
384.165502,201,27.422148,384.16550248113265,1.478948064249234,201,0.0
336.558765,169,27.459074,336.5587652019656,1.3532073216877598,169,0.0
328.133716,168,27.677377,328.13371627631045,1.2937367641610487,168,0.0
399.956362,241,27.727845,399.9563622116126,1.2865467766481566,241,0.0
355.743708,202,27.960696,355.74370785752603,1.2438782460919613,202,0.0
313.037273,169,27.994966,313.03727343185926,1.165186903495054,169,0.0
393.901082,220,28.04004,393.90108172635723,1.4055424689380034,220,0.0
315.853345,159,28.267021,315.8533445223386,1.2674288121488237,159,0.0
311.51345,146,28.29719,311.51344969294416,1.3362993852986695,146,0.0
308.603674,154,28.32977,308.6036738120107,1.2492648827273634,154,0.0
380.68159,182,28.556551,380.6815902000845,1.602691684559709,182,0.0
355.634251,208,28.60139,355.6342510338451,1.1952065144075428,208,0.0
394.775544,221,28.649825,394.7755437982814,1.4047088630357474,221,0.0
441.735416,257,28.886952,441.7354160566634,1.493613582368845,257,0.0
359.274707,204,28.929552,359.27470664575986,1.2560670527313509,204,0.0
367.627754,185,29.156157,367.62775397492453,1.4742532804053936,185,0.0
340.639385,179,29.193697,340.6393853339948,1.3061776191332362,179,0.0
343.219806,171,29.229024,343.21980589173876,1.3906797062791612,171,0.0
362.029832,177,29.458098,362.0298323762638,1.4932279877512062,177,0.0
342.008519,182,29.495968,342.0085189289208,1.2933980894286417,182,0.0
344.86125,167,29.530921,344.86125023019184,1.4356211677456208,167,0.0
400.045268,195,29.759777,400.0452677816874,1.6539164348252304,195,0.0
340.204336,163,29.795651,340.2043356683145,1.4301914410201222,163,0.0
383.20912,209,30.023846,383.20911998551856,1.407748759911849,209,0.0
453.139206,272,30.078768,453.1392056854398,1.4649836227037127,272,0.0
399.917775,219,30.307747,399.9177753217876,1.4617242207855992,219,0.0
372.528499,195,30.347604,372.5284987871283,1.4338551955454828,195,0.0
381.684434,206,30.389722,381.68443424478795,1.4195938410747337,206,0.0
337.711772,160,30.609462,337.711772341415,1.4342211164656542,160,0.0
428.498749,217,30.65472,428.4987487164998,1.7062555039821434,217,0.0
322.215533,159,30.688342,322.21553257359216,1.3182318347232445,159,0.0
415.436391,215,30.920587,415.43639071089086,1.6177041965146621,215,0.0
351.079959,186,30.958771,351.0799594056204,1.3338221635057537,186,0.0
328.308146,164,30.992787,328.308146215887,1.3272346380513538,164,0.0
429.759314,206,31.216832,429.75931446764343,1.803992760161932,206,0.0
385.634029,182,31.251512,385.6340291907333,1.6423591783939109,182,0.0
350.090948,183,31.470716,350.0909484245248,1.349820149136627,183,0.0
378.835503,189,31.508958,378.83550260310125,1.5320505430624685,189,0.0
341.474939,174,31.54369,341.47493924053856,1.3528537900982431,174,0.0
337.973454,160,31.758075,337.9734539351514,1.4363152660469287,160,0.0
326.639082,162,31.791797,326.6390824034277,1.329654731818794,162,0.0
334.587378,169,31.826972,334.587377916518,1.3375003424721534,169,0.0
335.71937,161,32.042566,335.7193698824169,1.4104784473603744,161,0.0
350.558452,160,32.075289,350.55845155937067,1.536978963749291,160,0.0
367.119084,195,32.114285,367.11908440607914,1.3904030050492344,195,0.0
381.018617,214,32.33494,381.0186166843634,1.3503935713507262,214,0.0
336.869107,180,32.373143,336.86910724866294,1.2680879142186108,180,0.0
380.572323,177,32.409887,380.57232250583405,1.6416437355108973,177,0.0
372.403246,172,32.624365,372.40324609079767,1.6160962621727322,172,0.0
396.573964,244,32.674285,396.5739638061965,1.2357743713445066,244,0.0
414.87359,228,32.901614,414.8735899368404,1.5096893665769044,228,0.0
418.696083,210,32.945535,418.6960832592322,1.6836810631494865,210,0.0
383.008882,207,32.988264,383.00888249898253,1.421893169273879,207,0.0
362.550487,177,33.211739,362.5504870897199,1.4974860168704138,177,0.0
457.445974,277,33.271135,457.4459740572369,1.459723478806573,277,0.0
344.446926,164,33.487598,344.4469260437556,1.4561886573546312,164,0.0
340.803804,156,33.520101,340.80380435602086,1.4909410980767415,156,0.0
359.816788,183,33.556078,359.81678828589776,1.4279278829883524,183,0.0
409.472079,212,33.780622,409.47207850069,1.5940823300613227,212,0.0
345.199219,170,33.816628,345.19921934360394,1.414523896871151,170,0.0
335.516047,166,33.851642,335.51604720200874,1.3688839850990469,166,0.0
416.563841,209,34.074674,416.5638411211336,1.6747695789400654,209,0.0
394.365831,199,34.115228,394.3658306461607,1.576623781645921,199,0.0
385.972525,194,34.332793,385.9725250926401,1.5492087292464993,194,0.0
289.674132,140,34.360217,289.6741324062992,1.2091937494296179,140,0.0
403.343772,215,34.404556,403.34377171470635,1.5210898146037086,215,0.0
353.049973,167,34.622691,353.04997273051833,1.5010977660888198,167,0.0
360.398331,181,34.662879,360.39833112697187,1.4484566073470246,181,0.0
323.514532,157,34.696625,323.5145323429791,1.344772635426055,157,0.0
352.555916,195,34.931988,352.5559155975586,1.2741328203675364,195,0.0
366.862267,169,34.965474,366.86226699436924,1.5958369851303016,169,0.0
316.988814,152,34.995806,316.98881371430633,1.3321618529805592,152,0.0
348.341893,156,35.24077,348.34189311779994,1.5511747836855754,156,0.0
338.02649,165,35.274503,338.0264903055293,1.397074726770463,165,0.0
370.713515,173,35.30984,370.71351503954526,1.5946387343114257,173,0.0
344.336327,167,35.540203,344.3363270788905,1.4313381763381776,167,0.0
377.218477,185,35.580213,377.2184765057895,1.5510409701029972,185,0.0
357.219915,173,35.615558,357.21991502703014,1.4868084300993814,173,0.0
376.73514,183,35.836962,376.7351402676985,1.5630516539118045,183,0.0
367.139082,173,35.873191,367.1390824342142,1.5661274178221791,173,0.0
303.29014,141,35.900627,303.2901399451701,1.3103187414291666,141,0.0
363.279463,182,36.123944,363.2794633772497,1.463413391236388,182,0.0
397.149568,198,36.165729,397.1495682447892,1.6068387032642775,198,0.0
402.801688,206,36.209374,402.8016876839767,1.5885385413706032,206,0.0
345.071429,174,36.425893,345.07142919473023,1.3815625906979596,174,0.0
316.575402,153,36.456726,316.575401759045,1.3209313154693856,153,0.0
346.676438,173,36.489194,346.6764379755997,1.402319362837304,173,0.0
393.964506,207,36.720007,393.9645060672251,1.5097556332340925,207,0.0
448.545674,237,36.770649,448.5456736768001,1.707324067896965,237,0.0
391.130814,174,36.992252,391.1308136019864,1.7500393667545253,174,0.0
382.381467,184,37.031298,382.3814672237618,1.6004726061612413,184,0.0
349.739721,157,37.063276,349.73972110764214,1.5544661765740884,157,0.0
280.141001,126,37.088935,280.1410009966915,1.2445539307612796,126,0.0
389.850198,193,37.31647,389.85019838649237,1.5886662951351096,193,0.0
373.951352,183,37.355451,373.9513521955641,1.5411691722393515,183,0.0
381.719361,179,37.588118,381.7193611081727,1.634911480639346,179,0.0
329.191194,146,37.620022,329.1911935673588,1.4779095063200436,146,0.0
358.305286,167,37.656052,358.30528608581693,1.5433497032448784,167,0.0
392.383278,184,37.883875,392.3832782942392,1.6805131126726487,184,0.0
322.121942,156,37.917023,322.1219418454004,1.3414355120081622,156,0.0
412.224746,218,37.963731,412.22474583060034,1.5682334158603854,218,0.0
434.465251,212,38.202881,434.4652513640289,1.7939198268343204,212,0.0
429.920835,241,38.256663,429.92083533540284,1.5263283739631182,241,0.0
411.581997,209,38.486537,411.58199667892217,1.634765698788873,209,0.0
410.748175,216,38.531154,410.74817547694965,1.5723897169067858,216,0.0
394.435638,188,38.570825,394.4356376668776,1.6648818623659127,188,0.0
371.852984,191,38.800616,371.8529843096091,1.4603587291005948,191,0.0
350.372453,171,38.838079,350.37245340890996,1.447797505417935,171,0.0
328.895992,166,38.871902,328.89599199139,1.315880424946078,166,0.0
297.920604,136,39.081096,297.9206035943092,1.3072622939239038,136,0.0
364.900801,193,39.121025,364.90080053741866,1.3888726433672614,193,0.0
313.615745,144,39.149967,313.61574538946627,1.3689221484287084,144,0.0
390.250877,198,39.381474,390.25087700574323,1.55178855994993,198,0.0
436.738335,218,39.42784,436.7383352002123,1.7644851134641049,218,0.0
393.041026,195,39.470696,393.04102614781806,1.5979198010676254,195,0.0
384.026469,192,39.691427,384.0264690877651,1.5497632583797551,192,0.0
382.051014,189,39.729826,382.05101364310735,1.5580250124657453,189,0.0
397.725885,185,39.949951,397.72588538790194,1.7151839244035003,185,0.0
294.56935,132,39.976594,294.56934961700796,1.312309269766397,132,0.0
352.238653,183,40.015651,352.238652700229,1.3671716773199587,183,0.0
399.134215,195,40.244982,399.13421520286414,1.6468554375393827,195,0.0
373.465319,169,40.279454,373.4653189419746,1.6485393172614085,169,0.0
398.201114,194,40.319414,398.2011138612539,1.6474071436074702,194,0.0
374.663784,193,40.540004,374.66378436133283,1.4669676406626044,193,0.0
382.725316,183,40.577254,382.7253162415641,1.6110067375051322,183,0.0
365.283558,163,40.610315,365.2835583626508,1.6310712997132786,163,0.0
404.199413,205,40.832766,404.19941307795085,1.6078237247899052,205,0.0
318.641,154,40.862419,318.64100027491145,1.3293659986098698,154,0.0
421.467453,221,40.906094,421.4674531358487,1.6181713873616095,221,0.0
442.35718,203,41.123466,442.3571796421966,1.9288724790039118,203,0.0
409.640581,201,41.165634,409.64058074601166,1.6831383538638556,201,0.0
295.820063,137,41.375471,295.82006339759965,1.2824885676006548,137,0.0
334.666504,168,41.410026,334.6665036922755,1.3463284908607356,168,0.0
414.573968,204,41.451862,414.57396758656836,1.6985899014291823,204,0.0
380.451773,184,41.683171,380.4517727488205,1.584952495999462,184,0.0
451.300677,238,41.734049,451.3006774148937,1.7215536938018425,238,0.0
361.661521,171,41.770277,361.66152063885346,1.5384431078024283,171,0.0
311.283965,134,41.988145,311.2839651817996,1.430096830147843,134,0.0
241.267228,113,42.011669,241.26722782599686,1.0373252289010915,113,0.0
345.913623,158,42.045345,345.913622608397,1.5160075075085298,158,0.0
406.453185,210,42.275593,406.453184748028,1.5859761661856004,210,0.0
409.00698,199,42.316495,409.00697957281324,1.6940810363841678,199,0.0
364.803107,178,42.353908,364.8031066986412,1.507687286070292,178,0.0
400.127868,179,42.578149,400.1278683574197,1.7824470431242347,179,0.0
406.468738,196,42.621232,406.46873845404366,1.697647186148435,196,0.0
365.834759,178,42.659777,365.8347585519129,1.5160072988579483,178,0.0
394.684456,195,42.88322,394.6844559801167,1.6113456483104316,195,0.0
406.465719,200,42.927039,406.4657189642545,1.665706184875408,200,0.0
359.901928,188,43.16252,359.9019284316619,1.3889875091436692,188,0.0
443.359218,206,43.205672,443.3592184645366,1.9128478565873654,206,0.0
440.006502,221,43.251545,440.0065017827407,1.766781042253107,221,0.0
382.846002,186,43.477508,382.84600196088945,1.588445053371828,186,0.0
315.548934,141,43.50838,315.54893415174297,1.4085225995907455,141,0.0
357.137943,159,43.543114,357.1379425853429,1.5977474639914429,159,0.0
337.910309,165,43.768458,337.9103086352177,1.3959666861445204,165,0.0
364.827529,169,43.80679,364.82752929979586,1.579490451815734,169,0.0
364.913823,181,43.855008,364.91382340348554,1.4846045047664813,181,0.0
376.024015,166,44.075891,376.0240153842944,1.6930338407208128,166,0.0
277.948622,130,44.103314,277.94862237974246,1.1955262079252829,130,0.0
356.599691,162,44.138071,356.59969067121494,1.5695127330898941,162,0.0
397.405326,183,44.372057,397.40532631214074,1.7286364753304102,183,0.0
283.709056,132,44.398426,283.70905586391854,1.225559826984194,132,0.0
280.635611,132,44.425361,280.6356107191476,1.2010288426042086,132,0.0
487.979105,248,44.664807,487.9791049056377,1.9350641090805965,248,0.0
404.586309,188,44.707966,404.5863090804328,1.7461447241032644,188,0.0
389.415476,173,44.74539,389.415475610862,1.7444843128657677,173,0.0
465.131777,242,44.99049,465.13177721588204,1.800157238058879,242,0.0
410.632406,191,45.033582,410.6324060818457,1.7706362021589999,191,0.0
372.47596,157,45.066151,372.47596001181967,1.7364235099343936,157,0.0
326.417994,153,45.287861,326.41799365809067,1.3999120038914215,153,0.0
447.787701,214,45.333345,447.78770125190937,1.8845150322229032,214,0.0
407.90829,198,45.555074,407.9082904755302,1.6929712777364452,198,0.0
380.824572,173,45.590282,380.8245718341696,1.6755075931082701,173,0.0
348.475348,161,45.622745,348.47534776924766,1.5125234494780095,161,0.0
361.515035,157,45.832412,361.5150351309645,1.648709233744598,157,0.0
365.185256,153,45.86473,365.1852560620646,1.7097746928175022,153,0.0
356.391104,173,45.900019,356.3911043117274,1.4801824081352797,173,0.0
332.477368,139,45.9285,332.47736804398517,1.5596665810077854,139,0.0
370.816439,186,46.156194,370.8164386945288,1.491994139897991,186,0.0
402.576862,188,46.194334,402.5768617216911,1.7303047628691008,188,0.0
463.523656,253,46.44238,463.52365640482924,1.6997918923875905,253,0.0
417.397476,198,46.485908,417.3974762613602,1.769144359411165,198,0.0
431.079218,200,46.52779,431.07921829653253,1.862575723254779,200,0.0
415.382227,194,46.752766,415.3822265231275,1.7846222478952174,194,0.0
422.586343,195,46.794724,422.58634310464413,1.8346278883212819,195,0.0
383.69291,160,46.82842,383.69290951893896,1.8021617035147357,160,0.0
434.076916,206,47.050582,434.07691637876025,1.8385773193748716,206,0.0
424.516985,199,47.094374,424.5169852858791,1.8180823660860554,199,0.0
435.162163,212,47.33513,435.16216269756944,1.7993793699742604,212,0.0
539.441115,324,47.401713,539.4411147231928,1.7411258500868376,324,0.0
412.992525,205,47.632967,412.99252528109173,1.6779421219543873,205,0.0
446.152688,209,47.678401,446.15268771195804,1.9114065316205102,209,0.0
359.534696,167,47.714626,359.5346960180503,1.5531862222837807,167,0.0
362.17303,163,47.940014,362.17303042354956,1.606138830396083,163,0.0
370.98273,165,47.974481,370.982729700067,1.660507230939289,165,0.0
359.807165,167,48.008442,359.8071652269,1.5554132929886761,167,0.0
424.803475,188,48.230285,424.8034747516122,1.9079588620445422,188,0.0
415.261051,198,48.271312,415.26105131754423,1.7521116538819486,198,0.0
408.461722,197,48.495686,408.46172171361155,1.7058636491481505,197,0.0
455.22195,217,48.541822,455.2219504561437,1.920321406335514,217,0.0
388.175192,191,48.584542,388.1751922012482,1.590921113827499,191,0.0
374.643286,178,48.808405,374.64328629473766,1.586301478690679,178,0.0
352.255288,147,48.839577,352.25528798021867,1.6542783223858128,147,0.0
358.33607,166,48.873122,358.3360695054999,1.5515860239021568,166,0.0
354.998911,161,49.106817,354.9989110157602,1.5646567475000477,161,0.0
469.030433,214,49.153621,469.0304326168455,2.0546318827831813,214,0.0
482.408585,237,49.385235,482.40858473617556,1.9781871035071452,237,0.0
350.483112,167,49.418382,350.4831124065969,1.4808815145373817,167,0.0
382.73904,175,49.453846,382.7390395041625,1.6749657612546907,175,0.0
383.808452,173,49.672049,383.8084521937716,1.6994552213533378,173,0.0
351.667538,151,49.702608,351.6675379092425,1.6177504913788983,151,0.0
336.476753,149,49.736589,336.47675324468804,1.511994180121825,149,0.0
369.04025,169,49.77236,369.04024966824403,1.6133273714562564,169,0.0
417.162164,198,49.996964,417.16216402186944,1.767037032486436,198,0.0
431.477197,225,50.045253,431.47719713908447,1.6664756401425445,225,0.0
298.546139,130,50.256286,298.5461387345483,1.3600484682786536,130,0.0
395.789264,196,50.298658,395.78926432028334,1.612247308041467,196,0.0
432.560077,205,50.341957,432.560077327942,1.8345529399816733,205,0.0
433.824685,200,50.570702,433.8246853191735,1.8844965717142297,200,0.0
463.516836,205,50.613491,463.5168359789086,2.0822075802344973,205,0.0
420.128035,209,50.845059,420.12803548664607,1.7032310514587414,209,0.0
325.760254,147,50.876161,325.76025434115155,1.4423005084104614,147,0.0
418.51082,197,50.916247,418.5108199342762,1.7858592987532926,197,0.0
384.083243,177,51.136474,384.0832434954498,1.6699194098260464,177,0.0
423.544879,172,51.172184,423.5448793319741,2.025459336661912,172,0.0
407.052616,187,51.209348,407.0526162830817,1.7739374854067773,187,0.0
372.001685,173,51.427999,372.0016849397495,1.6051249803055463,173,0.0
465.405898,231,51.475508,465.40589796598323,1.8899614242006275,231,0.0
485.781619,229,51.523828,485.7816193394107,2.069256697638315,229,0.0
339.863669,154,51.747882,339.8636691730366,1.4994697466646425,154,0.0
388.758328,189,51.788204,388.75832758431073,1.6118537683799283,189,0.0
422.952596,198,52.017388,422.9525957327179,1.813620723575042,198,0.0
411.534598,201,52.061458,411.5345976160302,1.6985313717189612,201,0.0
269.664793,142,52.092054,269.6647934258673,1.033673177563018,142,0.0
330.979182,151,52.123966,330.9791821966175,1.4522940926585295,151,0.0
405.390793,192,52.349496,405.3907930788474,1.7209021193564937,192,0.0
450.743378,225,52.39675,450.74337840377643,1.820866328586401,225,0.0
365.412594,170,52.61898,365.4125942754387,1.5762506055702006,170,0.0
396.876985,187,52.658224,396.87698523897666,1.6925586262116747,187,0.0
405.880384,196,52.698261,405.880384112664,1.6930010816339582,196,0.0
371.27524,147,52.908917,371.2752402902699,1.8066629949877973,147,0.0
352.939722,162,52.942953,352.939722377077,1.5402262196864291,162,0.0
385.073649,162,52.975519,385.0736492801681,1.797409564208606,162,0.0
474.370174,209,53.198269,474.3701743894439,2.1372458687154166,209,0.0
409.629115,189,53.237352,409.6291152207513,1.7787745836573512,189,0.0
366.432583,157,53.269616,366.43258305980504,1.6881435506579767,157,0.0
395.748985,168,53.488423,395.74898450382256,1.835073190478847,168,0.0
283.544292,132,53.519305,283.5442918104634,1.2240937117909474,132,0.0
401.239687,183,53.557895,401.2396865193983,1.759323479137583,183,0.0
367.639722,138,53.764915,367.63972158819064,1.849076877696111,138,0.0
420.04014,199,53.806007,420.04013994164734,1.7824194352401215,199,0.0
407.267937,178,53.841559,407.2679369175877,1.8474586338623056,178,0.0
386.85033,161,54.050459,386.8503303631796,1.8195003879501512,161,0.0
339.009477,164,54.082445,339.00947655396334,1.4129235766601782,164,0.0
412.032414,174,54.117913,412.0324141448232,1.917413900228111,174,0.0
485.013296,256,54.356127,485.01329582721837,1.8478707966070167,256,0.0
286.821967,121,54.381627,286.82196650915466,1.3381684543150036,121,0.0
426.277737,197,54.421385,426.27773737086756,1.848314360818365,197,0.0
360.485181,148,54.635009,360.4851805603017,1.7122341689796214,148,0.0
415.951407,192,54.673525,415.95140683993225,1.8053458690674982,192,0.0
431.670654,200,54.71417,431.6706541655501,1.8673715289038872,200,0.0
460.577278,208,54.942872,460.5772775963217,2.0349112101186355,208,0.0
329.346893,144,54.972381,329.34689263513803,1.4949084292315238,144,0.0
356.703416,145,55.002331,356.7034160541555,1.7058707179074732,145,0.0
356.479276,158,55.218738,356.4792761099563,1.6006783717810473,158,0.0
418.646262,192,55.259424,418.646262488456,1.827070028653463,192,0.0
373.833589,175,55.295814,373.833588542909,1.6037838526491337,175,0.0
405.628451,174,55.522624,405.628451365239,1.8663335129997276,174,0.0
421.449617,189,55.562279,421.4496169425358,1.8732612720856778,189,0.0
421.910493,192,55.785907,421.91049282742955,1.853172075794175,192,0.0
161.295766,87,55.804153,161.29576627570444,0.6048510610766896,87,0.0
318.625374,144,55.834834,318.625373675692,1.409244779502742,144,0.0
410.446785,176,55.871125,410.446785463043,1.8889181911816777,176,0.0
395.769256,170,56.086223,395.76925619811794,1.8191718358493643,170,0.0
418.379289,191,56.127415,418.3792890260012,1.8326361328077647,191,0.0
431.211733,181,56.163289,431.2117325242939,2.0151921912261126,181,0.0
284.098854,143,56.376734,284.09885420832495,1.1410262153094224,143,0.0
437.927521,190,56.417667,437.9275207743202,1.9972848276133959,190,0.0
360.25287,189,56.458557,360.25287012618327,1.3837727623984086,189,0.0
415.387709,188,56.679473,415.3877094347996,1.83270814088977,188,0.0
421.623504,202,56.720869,421.6235044410391,1.7709595119341717,202,0.0
478.639179,209,56.943187,478.63917910458196,2.1715395974972576,209,0.0
365.135856,151,56.97465,365.13585598174086,1.7257290809490589,151,0.0
391.480893,173,57.01118,391.4808926287215,1.7610199231733505,173,0.0
213.01341,92,57.029723,213.0134103431953,0.9787606418620828,92,0.0
361.731189,154,57.240549,361.7311886065102,1.674571232622804,154,0.0
412.732323,176,57.274812,412.73232337630026,1.9072781186062975,176,0.0
374.497769,158,57.307421,374.4977693825136,1.7447083415460702,158,0.0
419.627748,180,57.540866,419.62774815140676,1.930467914397207,180,0.0
276.485503,152,57.574768,276.4855032833149,1.0081621057906893,152,0.0
416.32537,191,57.613836,416.32537028093907,1.8163941884017047,191,0.0
364.152827,179,57.833981,364.15282736814925,1.4946592357785153,179,0.0
360.936896,141,57.863904,360.9368963869319,1.7715294026226978,141,0.0
432.594791,197,57.913591,432.5947906667966,1.8987483109307621,197,0.0
295.979459,125,58.13504,295.9794586723497,1.3794536938439592,125,0.0
389.590172,156,58.169076,389.5901717219826,1.8814705284884012,156,0.0
453.027247,232,58.218308,453.0272466936218,1.7833127677436542,232,0.0
394.603448,194,58.444067,394.60344823420047,1.6187470458561461,194,0.0
410.59996,186,58.484279,410.59996016791473,1.8106518528891664,186,0.0
423.429286,192,58.721129,423.4292857359652,1.8653971062542132,192,0.0
387.621808,171,58.760273,387.6218083968847,1.746253999449774,171,0.0
398.710585,179,58.800765,398.71058457507223,1.7711019656043079,179,0.0
463.342548,210,59.035753,463.3425483653796,2.041066901266304,210,0.0
363.684608,163,59.069809,363.68460820972683,1.6183215513957656,163,0.0
406.797423,180,59.106375,406.79742267936183,1.8279875860325023,180,0.0
372.133497,170,59.335452,372.13349742570716,1.630203672470547,170,0.0
409.571154,177,59.374988,409.57115369045096,1.8739526555584298,177,0.0
395.098949,182,59.413946,395.0989494386528,1.7183083335742768,182,0.0
469.454743,230,59.646254,469.4547431724205,1.9310075216104738,230,0.0
474.461372,205,59.690709,474.46137202211406,2.17003162281638,205,0.0
323.020695,143,59.721833,323.02069466013586,1.4523995854118568,143,0.0
332.946519,152,59.947576,332.94651856083556,1.459891961465302,152,0.0
392.371467,178,59.987615,392.3714669071964,1.7285128501019527,178,0.0
426.838183,206,60.031158,426.8381826770746,1.7809522291135211,206,0.0
417.514211,175,60.264371,417.5142111526031,1.9533873467848997,175,0.0
404.776151,178,60.304042,404.77615136580357,1.8276072912758636,178,0.0
359.987986,151,60.334812,359.98798579148007,1.6845253732368728,151,0.0
403.21883,177,60.566794,403.2188295961377,1.8232972664335896,177,0.0
328.805661,154,60.59947,328.80566071446265,1.4111463652621754,154,0.0
410.806958,191,60.832419,410.80695783644336,1.7720475184796847,191,0.0
400.388875,175,60.868744,400.38887474969346,1.8162457181395473,175,0.0
478.013279,228,60.917582,478.01327906013034,2.015008393634076,228,0.0
425.340819,177,61.145275,425.3408191637724,2.000226176813716,177,0.0
397.717694,185,61.186154,397.71769391454905,1.7154730056552712,185,0.0
454.844915,212,61.230338,454.84491498923506,1.957374413604224,212,0.0
468.62368,236,61.46404,468.6236801632041,1.8763655210414456,236,0.0
382.759655,157,61.499002,382.7596545873531,1.8189241058643688,157,0.0
396.436797,173,61.728375,396.4367968155947,1.8005587775624126,173,0.0
362.008375,153,61.762096,362.0083749907436,1.6846647361868023,153,0.0
404.319857,178,61.802094,404.31985726292896,1.8238890691384086,178,0.0
373.992677,179,62.03704,373.99267686550326,1.5735140828962109,179,0.0
358.350939,152,62.07016,358.3509389661886,1.6632975843687028,152,0.0
392.560037,174,62.109696,392.56003691048807,1.76197192291375,174,0.0
349.142842,147,62.14114,349.1428419707949,1.6294922648324817,147,0.0
301.074336,130,62.360255,301.07433590611174,1.3804994793276641,130,0.0
440.719395,202,62.401922,440.71939473478704,1.9241444311539175,202,0.0
446.074883,196,62.444061,446.07488328345215,2.0145961069906018,196,0.0
465.268971,243,62.687437,465.2689709224096,1.7938335758281403,243,0.0
426.873133,185,62.72719,426.87313286996164,1.948828903832563,185,0.0
429.2203,196,62.956498,429.22030041857585,1.879818563535025,196,0.0
357.816132,147,62.986185,357.8161316758766,1.6990044810681044,147,0.0
362.506448,157,63.019793,362.5064476203544,1.6568874347490437,157,0.0
291.055128,157,63.240519,291.0551281643044,1.0852246566289587,157,0.0
350.00581,171,63.279734,350.0058102547318,1.4452844372597577,171,0.0
499.380511,241,63.331122,499.38051124452085,2.0825002620913606,241,0.0
328.190135,141,63.546879,328.19013519073,1.5098378867162463,141,0.0
385.691032,169,63.582449,385.6910315421383,1.7467213471871583,169,0.0
438.132425,195,63.625988,438.1324246907848,1.9593520351063525,195,0.0
469.709381,231,63.862914,469.70938105330913,1.9246420690181916,231,0.0
415.641562,165,63.896815,415.6415621314756,2.0182366780686003,165,0.0
488.245854,233,64.13769,488.2458539389128,2.0572172516812093,233,0.0
418.425031,179,64.176178,418.42503131593605,1.9290179172628024,179,0.0
449.214784,184,64.21413,449.21478386896155,2.1351512493771008,184,0.0
401.607976,166,64.44307,401.6079760526033,1.897882866847668,166,0.0
365.93909,150,64.473667,365.93909017399943,1.7401046231618553,150,0.0
382.478033,167,64.509958,382.47803344389376,1.7368875053877353,167,0.0
410.885864,172,64.727844,410.88586364603077,1.924216873080315,172,0.0
437.562609,184,64.766976,437.56260930530533,2.0421640071388554,184,0.0
466.421217,200,64.813969,466.4212167489619,2.1457054043734805,200,0.0
379.165227,161,65.036367,379.16522709958565,1.7580767508375137,161,0.0
377.740011,155,65.069698,377.74001084509626,1.7946216680526244,155,0.0
450.628577,194,65.112517,450.62857684306016,2.0671050515425686,194,0.0
462.591202,199,65.345455,462.59120227050363,2.122865187787703,199,0.0
385.835603,175,65.382382,385.8356034371875,1.6999320756236938,175,0.0
397.939943,165,65.416657,397.9399428200505,1.8765284110488856,165,0.0
455.168638,195,65.643223,455.16863834305104,2.0954521335181893,195,0.0
459.110424,197,65.684479,459.1104244240997,2.1110402091540172,197,0.0
427.512671,180,65.905526,427.51267055797723,1.9938807540696764,180,0.0
463.576428,223,65.953377,463.57642783126596,1.9393705503834275,223,0.0
405.258226,178,65.991623,405.2582261664445,1.8315270078971062,178,0.0
399.81706,162,66.213998,399.8170595113133,1.9155798032721054,162,0.0
430.362805,197,66.256079,430.3628047587425,1.8808853656794067,197,0.0
441.664871,200,66.296562,441.66487074859526,1.947598657628119,200,0.0
387.765276,154,66.512738,387.765276104581,1.882889839126889,154,0.0
402.520882,186,66.55215,402.5208822380051,1.7457967226948552,186,0.0
190.8244,269,66.793918,190.82439988526093,-0.609186807286885,269,0.0
417.803465,169,66.830029,417.8034653336505,2.003583605330899,169,0.0
447.517051,219,66.877039,447.5170513953689,1.8428796730832395,219,0.0
416.982089,178,67.103997,416.98208896952167,1.92517615591615,178,0.0
402.878582,170,67.14047,402.8785822462367,1.8761962980840963,170,0.0
487.757944,216,67.185739,487.7579443176151,2.188685736446354,216,0.0
406.248456,195,67.422138,406.24845579586577,1.7037057512230152,195,0.0
437.678298,192,67.46564,437.67829811053383,1.9794483550985935,192,0.0
474.528404,200,67.694276,474.5284036279951,2.2100394247832296,200,0.0
424.55983,179,67.733167,424.55983020985303,1.9781040015213787,179,0.0
438.250024,180,67.770604,438.2500238836567,2.0794840759141837,180,0.0
429.786981,186,68.004039,429.7869809525576,1.9639819408907746,186,0.0
425.637055,180,68.042063,425.6370552612005,1.97839561822936,180,0.0
440.59976,179,68.081105,440.599759800573,2.1061583573136775,179,0.0
483.288058,222,68.31479,483.2880584293615,2.1052040949858633,222,0.0
420.608206,168,68.349481,420.60820572867294,2.0340500111233277,168,0.0
393.765448,154,68.381878,393.7654481482015,1.9305494546178892,154,0.0
398.102633,173,68.610752,398.10263254321757,1.8139963971350785,173,0.0
425.918781,175,68.648056,425.9187810853662,2.020633618247382,175,0.0
417.902595,176,68.686977,417.9025952489868,1.9485316081148076,176,0.0
419.080487,198,68.929204,419.08048695579333,1.7827400340184314,198,0.0
502.452796,207,68.975652,502.45279564244623,2.3781266044044465,207,0.0
391.923403,166,69.204389,391.9234029993004,1.8205197535530184,166,0.0
460.604286,206,69.248568,460.60428579902646,2.051307177080318,206,0.0
488.549416,220,69.298978,488.549415623045,2.163101208780688,220,0.0
534.885217,286,69.551129,534.8852168085701,2.0076328859490853,286,0.0
537.27482,240,69.60667,537.2748198428391,2.393489345137559,240,0.0
424.97561,178,69.843132,424.97560964808554,1.9891997377140251,178,0.0
442.687692,181,69.882088,442.6876924765953,2.1071066502177773,181,0.0
509.119354,229,70.125345,509.1193538630118,2.2558806855262485,229,0.0
490.512933,212,70.172079,490.51293257466904,2.2428018300221435,212,0.0
475.078859,195,70.212932,475.0788592526492,2.2545312881662802,195,0.0
443.738823,193,70.449752,443.73882333744234,2.0197615725669764,193,0.0
414.836803,169,70.484602,414.8368025352753,1.9797952229547624,169,0.0
494.755126,234,70.732704,494.755126203227,2.101272879862622,234,0.0
393.763848,217,70.776162,393.7638479699948,1.4286328582349106,217,0.0
497.953003,208,70.817776,497.95300317681466,2.3340844651570594,208,0.0
485.115815,190,71.060344,485.115815078963,2.3747009951202744,190,0.0
446.45404,196,71.102414,446.45403963155746,2.017685427814027,196,0.0
418.88228,178,71.140409,418.8822802176999,1.9404544061670161,178,0.0
457.776319,200,71.371699,457.77631932339807,2.0763607215755564,200,0.0
426.019733,188,71.412419,426.0197326026571,1.917643708992892,188,0.0
441.516112,187,71.637201,441.5161121112746,2.049858880046746,187,0.0
418.973579,180,71.674689,418.9735788075105,1.9253282268570469,180,0.0
427.562619,179,71.711339,427.5626191378347,2.002018669002883,179,0.0
430.822942,195,71.934926,430.8229424038901,1.9005414588380598,195,0.0
364.425354,142,71.965451,364.4253542349532,1.7918073485229897,142,0.0
414.541062,176,72.003627,414.5410620772181,1.9218329526437576,176,0.0
457.188653,204,72.244306,457.188652878526,2.03968357643404,204,0.0
404.836874,170,72.279449,404.8368736756314,1.8921658213980865,170,0.0
432.378196,168,72.314,432.3781962551465,2.1282274209769874,168,0.0
407.09252,170,72.538581,407.0925199329763,1.910117429172362,170,0.0
428.177544,188,72.57891,428.17754408552696,1.9352860652253716,188,0.0
435.358629,173,72.614193,435.3586292591935,2.1121031178568956,173,0.0
482.641839,222,72.856832,482.6418386373666,2.099969943303242,222,0.0
457.217613,189,72.899144,457.21761340782166,2.1596995539167247,189,0.0
317.672139,132,72.927682,317.6721390587479,1.4974489916939053,132,0.0
422.941971,176,73.159281,422.9419706036261,1.988889887576675,176,0.0
429.976601,185,73.19894,429.97660063756246,1.9735304057888368,185,0.0
395.275872,166,73.235753,395.27587172850656,1.847202359941464,166,0.0
440.402477,180,73.469838,440.4024770979999,2.0966873780052153,180,0.0
471.329744,216,73.515458,471.3297436479969,2.0571501467725457,216,0.0
397.245209,162,73.737472,397.24520897701524,1.8949470825651034,162,0.0
514.851004,208,73.782616,514.8510040427785,2.4692561564454762,208,0.0
552.365972,259,73.836836,552.3659716189153,2.3628986241370544,259,0.0
504.55206,225,74.075697,504.55205985936055,2.251233128738846,225,0.0
521.590539,241,74.125292,521.5905393373289,2.2600628549378916,241,0.0
430.77292,181,74.354334,430.7729203292663,2.011733681373974,181,0.0
407.391989,168,74.389976,407.3919885560624,1.9284191040456187,168,0.0
500.477492,244,74.626806,500.4774915040821,2.067505813049434,244,0.0
430.846553,179,74.664842,430.84655342323373,2.0283639829319084,179,0.0
434.647925,205,74.708164,434.6479251550946,1.851594687411353,205,0.0
476.921157,194,74.934668,476.92115663499897,2.277322335297358,194,0.0
490.307513,216,74.981715,490.30751323313035,2.2090392710685394,216,0.0
494.217597,245,75.231612,494.21759749103086,2.009381064147071,245,0.0
455.46971,202,75.276923,455.469709673316,2.0421958487481002,202,0.0
510.449231,237,75.32709,510.4492306656142,2.2028604266022764,237,0.0
380.37048,159,75.556337,380.37047983636023,1.7837523433742943,159,0.0
599.155099,252,75.609725,599.1550991250039,2.7930421335497497,252,0.0
487.675865,189,75.84163,487.675865140125,2.4031189504421206,189,0.0
451.057745,187,75.882893,451.05774473738757,2.1260836500229248,187,0.0
401.582082,172,75.922361,401.58208152475845,1.8500131828634876,172,0.0
479.016591,194,76.150668,479.01659149403906,2.2942568945349917,194,0.0
468.722079,181,76.189529,468.7220788022656,2.3153355273052427,181,0.0
410.028273,173,76.226261,410.0282731626854,1.9095359726500958,173,0.0
471.79996,199,76.459493,471.79995998954087,2.19656263594364,199,0.0
545.898517,259,76.516296,545.8985174209485,2.310983357968012,259,0.0
456.95081,182,76.742128,456.95081001726635,2.2131973753010246,182,0.0
494.793161,206,76.787716,494.7931613528567,2.324906130102409,206,0.0
450.842383,181,76.827584,450.84238253724124,2.1725277763068167,181,0.0
423.047854,174,77.055984,423.0478544361057,2.005817233740431,174,0.0
466.824229,215,77.100883,466.82422921178994,2.029244639618407,215,0.0
407.039675,180,77.13914,407.03967536247325,1.8297028227723766,180,0.0
440.837767,169,77.36209,440.8377669462008,2.188107476516818,169,0.0
476.276839,205,77.403384,476.27683944974365,2.184689996161298,205,0.0
491.428434,202,77.639253,491.42843371629164,2.329643265846142,202,0.0
505.836916,226,77.689423,505.8369163669663,2.2538791942281784,226,0.0
481.243635,210,77.735788,481.24363461717275,2.1842500998581387,210,0.0
478.933467,192,77.970554,478.9334671920719,2.309624131648966,192,0.0
499.02052,216,78.01828,499.0205203713708,2.279060172739792,216,0.0
414.158292,199,78.25246,414.15829225843146,1.7356700737013915,199,0.0
452.573197,197,78.299304,452.57319681204285,2.0589290313886397,197,0.0
411.79023,179,78.337011,411.7902298695132,1.8758014399297658,179,0.0
442.707083,198,78.583531,442.7070832677162,1.9717409589521413,198,0.0
514.096687,210,78.630871,514.0966870806416,2.44747777210139,210,0.0
433.86622,194,78.874474,433.86622043260866,1.9329708698749202,194,0.0
455.931048,194,78.919094,455.9310476642792,2.109497356536979,194,0.0
402.066754,171,78.956305,402.0667542069099,1.861958285543227,171,0.0
446.077441,182,79.19074,446.0774414682081,2.1261320936843893,182,0.0
475.672845,213,79.236999,475.672845402825,2.1160314673365046,213,0.0
508.006082,221,79.286155,508.0060818274038,2.3112729806141905,221,0.0
533.834602,227,79.529905,533.8346021672605,2.4697534619701194,227,0.0
507.441011,225,79.581619,507.4410106251693,2.274655186652747,225,0.0
509.350133,221,79.821594,509.3501332975566,2.3217028860899096,221,0.0
532.152399,224,79.871947,532.1523991936566,2.480166544970482,224,0.0
553.117286,265,80.127181,553.1172863943566,2.321373854032767,265,0.0
428.033419,176,80.168234,428.03341914222585,2.029746996502243,176,0.0
497.698103,222,80.415851,497.69810281577867,2.22058109515815,222,0.0
439.333782,195,80.4599,439.3337823245584,1.9686795740164085,195,0.0
470.661945,187,80.501605,470.66194537483165,2.2830236668924626,187,0.0
438.122608,185,80.739296,438.12260799727284,2.0386211669799215,185,0.0
483.033993,217,80.785515,483.03399270341356,2.1431310661192295,217,0.0
507.284085,212,80.832483,507.2840849408544,2.3770585976452714,212,0.0
549.835889,232,81.081675,549.835889178271,2.558031591251037,232,0.0
439.447295,178,81.119382,439.4472951009447,2.104923563548771,178,0.0
589.482192,229,81.365312,589.482192462871,2.8991257735074667,229,0.0
453.926092,208,81.41164,453.9260915099014,1.9817611949772194,208,0.0
444.981868,198,81.456387,444.9818677482316,1.9899336441162099,198,0.0
687.481355,262,81.711583,687.4813552752228,3.420137917425185,262,0.0
528.037399,227,81.760681,528.0373990342775,2.4233677501913617,227,0.0
488.765285,206,81.994446,488.76528542581144,2.2766221218183,206,0.0
387.847672,150,82.025999,387.8476722821574,1.9154322486139692,150,0.0
504.730999,188,82.262201,504.7309992110902,2.5475447370829687,188,0.0
525.922244,203,82.305477,525.922243594691,2.5974860835431963,203,0.0
530.498606,217,82.350744,530.4986063366555,2.5226919875378053,217,0.0
472.906867,188,82.582235,472.9068673894772,2.2931535397067,188,0.0
449.072394,209,82.627033,449.0723939720744,1.9351969837955891,209,0.0
545.751094,251,82.867983,545.7510942818756,2.374052090191036,251,0.0
491.504312,211,82.915924,491.50431208433116,2.258823022768237,211,0.0
493.755659,215,82.963743,493.75565872362165,2.2450837579078855,215,0.0
512.787075,207,83.201018,512.7870746024416,2.4606381564554765,207,0.0
446.306417,186,83.240876,446.3064165128279,2.0963695699787706,186,0.0
454.086854,196,83.474279,454.08685365651763,2.079038150294276,196,0.0
454.452104,201,83.520107,454.45210393459104,2.0417182804177725,201,0.0
430.903764,185,83.561079,430.9037635954538,1.98105047615392,185,0.0
433.306582,180,83.795366,433.3065818563179,2.0401411827270546,180,0.0
509.536335,230,83.845415,509.53633541192494,2.2513929945508115,230,0.0
455.34332,193,84.077821,455.3433198557477,2.112856661187492,193,0.0
462.849122,210,84.124331,462.8491217823375,2.0374837007987527,210,0.0
481.342451,192,84.165656,481.3424512848422,2.3286924766420767,192,0.0
551.514952,215,84.408886,551.514951763904,2.7069082978432712,215,0.0
475.946372,181,84.44904,475.94637153082266,2.3730588848141463,181,0.0
449.568161,186,84.489813,449.5681609550099,2.1224456132578338,186,0.0
399.489049,153,84.716153,399.4890492929211,1.9845899471104664,153,0.0
683.887592,271,84.774492,683.8875923236398,3.319486317147895,271,0.0
447.633379,182,85.00614,447.6333792495996,2.1387807581042786,182,0.0
526.390366,273,85.066726,526.3903664067417,2.0437846858276263,273,0.0
408.012779,170,85.102108,408.01277942832235,1.9171480514569326,170,0.0
464.267043,218,85.345509,464.2670432993153,1.9851175418825349,218,0.0
591.94561,222,85.392718,591.9456095698735,2.9744661682171594,222,0.0
481.811509,218,85.635043,481.8115093496044,2.1254331314991224,218,0.0
454.417336,172,85.671836,454.41733629157363,2.272669037786299,172,0.0
524.265664,222,85.919692,524.2656642029041,2.4330075082456526,222,0.0
446.455028,185,85.959878,446.45502777875464,2.105380464146889,185,0.0
470.927468,190,86.000944,470.92746823371687,2.261329063833493,190,0.0
496.438091,209,86.238035,496.4380908697203,2.3141081424916625,209,0.0
471.005524,206,86.283912,471.0055244337211,2.13428149828438,206,0.0
534.75395,213,86.328757,534.7539500882864,2.588623434294958,213,0.0
680.661555,266,86.584167,680.6615545862395,3.3337602656510037,266,0.0
511.179884,211,86.627984,511.1798837034912,2.4160757604466334,211,0.0
584.958089,213,86.873357,584.9580886150716,2.9902101521413367,213,0.0
509.520339,213,86.921181,509.5203391989859,2.3868617088049104,213,0.0
449.270226,176,87.151073,449.2702258317861,2.1993332163659964,176,0.0
514.870894,211,87.197793,514.8708935492996,2.4454486967949918,211,0.0
497.523419,215,87.242867,497.52341947849266,2.274962227330944,215,0.0
535.369536,224,87.484109,535.3695355056411,2.506127816863244,224,0.0
576.990871,222,87.529963,576.9908706736516,2.8547691622896108,222,0.0
514.797309,192,87.772943,514.7973088848101,2.5962255952787974,192,0.0
594.780159,237,87.823261,594.7801594976413,2.877584700288776,237,0.0
562.648583,231,88.063793,562.6485828995086,2.6682914026260995,231,0.0
616.979855,242,88.114668,616.9798549422558,3.0154484070773475,242,0.0
485.192395,198,88.156627,485.19239466572606,2.311830231374538,198,0.0
465.661621,191,88.390412,465.6616211696293,2.2110085134821005,191,0.0
525.492979,211,88.435916,525.4929786094972,2.5304953387238442,211,0.0
576.921526,206,88.676724,576.9215263482978,2.9816247616661053,206,0.0
498.940712,225,88.726066,498.9407115786769,2.206592031196479,225,0.0
507.85845,205,88.769994,507.8584502308228,2.437129058489347,205,0.0
573.347934,245,89.022275,573.3479336453348,2.642457160559278,245,0.0
519.648216,203,89.064012,519.6482164550905,2.5472161431719416,203,0.0
529.208531,202,89.296604,529.208531346703,2.63181286018301,202,0.0
451.646666,178,89.334589,451.6466663792275,2.2026509244268833,178,0.0
681.831402,279,89.582036,681.8314015391743,3.2394264327988,279,0.0
433.057395,198,89.625407,433.0573947934859,1.8948120610387669,198,0.0
703.613798,282,89.882527,703.6137983865826,3.389657400871089,282,0.0
459.708856,190,89.923029,459.7088564077713,2.171465574811097,190,0.0
599.734428,230,89.977108,599.734428196711,2.9730462766413237,230,0.0
653.285289,244,90.239872,653.2852891855355,3.289864150987522,244,0.0
581.233724,210,90.286455,581.2337243421688,2.984351231399259,210,0.0
518.041057,207,90.52945,518.0410566138489,2.5025422630585097,207,0.0
630.861597,249,90.587304,630.8615972780149,3.070708608706289,249,0.0
454.18951,179,90.831836,454.18951032785856,2.2151604641078158,179,0.0
658.895552,258,90.888847,658.8955522412797,3.2230451643190485,258,0.0
673.265886,242,91.139547,673.2658857736952,3.4658219517785898,242,0.0
531.080065,218,91.187502,531.0800650153618,2.519569122162707,218,0.0
519.550614,207,91.232651,519.550614384731,2.5146853726052267,207,0.0
485.854231,192,91.471463,485.85423058481246,2.3648536850787014,192,0.0
483.772127,231,91.522639,483.7721274141545,2.0375299667895543,231,0.0
506.126252,224,91.775533,506.1262520781072,2.271980931797105,224,0.0
729.249169,291,91.840135,729.2491691536179,3.5228519492446693,291,0.0
643.900552,260,92.099136,643.9005517158132,3.087376124336895,260,0.0
575.744367,220,92.146466,575.7443673297712,2.8606378526321237,220,0.0
587.332837,232,92.405852,587.332836536028,2.857848515925288,232,0.0
692.8257,269,92.46201,692.825699697819,3.4071830909195393,269,0.0
576.28503,218,92.694214,576.2850304458632,2.8811684867038316,218,0.0
723.149122,282,92.754392,723.149122472668,3.5459240415840556,282,0.0
533.395362,235,92.991642,533.3953622942178,2.4026174226985098,235,0.0
651.408882,272,93.049783,651.4088815688405,3.051623871926417,272,0.0
660.673687,247,93.291179,660.6736866409674,3.325074399422308,247,0.0
466.265482,185,93.330928,466.26548155489917,2.263741706790372,185,0.0
670.513286,279,93.390699,670.513286141882,3.148934001142388,279,0.0
430.239635,195,93.62245,430.23963461890264,1.8959824113420685,195,0.0
613.958604,250,93.675342,613.9586038999723,2.9275735765554964,250,0.0
365.07471,145,93.895378,365.0747101406409,1.7731700302906925,145,0.0
576.591884,225,93.941705,576.5918843757564,2.827953580512224,225,0.0
459.309464,207,93.986476,459.30946382388396,2.0330646172685127,207,0.0
681.492397,265,94.231084,681.4923969893387,3.3484329855623396,265,0.0
466.939768,213,94.277936,466.93976789880367,2.0460865638427297,213,0.0
628.408577,253,94.519343,628.4085769372447,3.0192820980108657,253,0.0
596.091977,229,94.566713,596.0919771908962,2.951957757944944,229,0.0
806.981443,321,94.823632,806.9814429445538,3.9059678051616014,321,0.0
728.784922,272,94.881917,728.7849217065224,3.670873295904021,272,0.0
625.671663,237,95.127344,625.6716631651393,3.124895041352513,237,0.0
625.675353,268,95.184087,625.6753530598205,2.877643838812008,268,0.0
587.881087,235,95.42257,587.8810865244556,2.83826752455902,235,0.0
586.298223,236,95.477338,586.2982234567974,2.817808456725151,236,0.0
706.435381,271,95.72668,706.4353811046735,3.4999699354979574,271,0.0
661.224166,251,95.782508,661.2241658401965,3.297805271171543,251,0.0
651.981799,259,96.027832,651.9817994447993,3.160049454141677,259,0.0
456.013216,188,96.068278,456.0132164059349,2.1580415637016026,188,0.0
851.86592,353,96.340523,851.865920199171,4.010351822059853,353,0.0
617.099477,255,96.394614,617.0994773706675,2.91306386875959,255,0.0
527.743992,211,96.629327,527.7439924602197,2.5486291058931765,211,0.0
671.204439,273,96.688837,671.2044389227342,3.2025934578714392,273,0.0
477.834319,202,96.921974,477.8343187266004,2.2209638144824453,202,0.0
637.309555,274,96.980679,637.3095552123538,2.923220689030113,274,0.0
729.101334,299,97.232148,729.1013344891929,3.4583250030843393,299,0.0
678.732485,271,97.290885,678.7324847720403,3.2783417209512193,271,0.0
645.783054,242,97.532327,645.7830540713629,3.246092062921269,242,0.0
525.010059,198,97.574544,525.0100588284317,2.6303287430846147,198,0.0
573.977957,233,97.815313,573.9779571977293,2.74290628856725,233,0.0
656.082377,265,97.871241,656.0823773350195,3.1450596932672736,265,0.0
631.740838,237,98.10934,631.7408376892838,3.1734612016908246,237,0.0
605.201704,231,98.158754,605.2017043383408,3.009072579037188,231,0.0
526.932321,210,98.396702,526.932321275699,2.549855244333841,210,0.0
650.865823,242,98.447082,650.8658227967551,3.2866282826786763,242,0.0
576.329739,236,98.702922,576.3297394244876,2.737892660387097,236,0.0
451.082197,192,98.747522,451.08219665516026,2.0864727281783773,192,0.0
622.343447,238,98.799681,622.3434474648013,3.090230384246848,238,0.0
291.255195,134,99.024351,291.2551951419562,1.2701645440371714,134,0.0
602.911389,228,99.078365,602.9113888999193,3.014627562964502,228,0.0
611.832802,231,99.326684,611.8328020926448,3.0619155348342812,231,0.0
587.083372,219,99.373574,587.0833716211354,2.9594506815414716,219,0.0
596.278481,240,99.424589,596.2784813009183,2.8658469112939087,240,0.0
667.395647,279,99.689169,667.3956473806007,3.1240543041837934,279,0.0
769.809841,373,99.971819,769.809841168427,3.193915361405066,373,0.0
446.787134,173,100.011011,446.7871339030864,2.2036224142402956,173,0.0
509.665947,212,100.05864,509.6659467187063,2.3961432734881027,212,0.0
669.581339,254,100.317725,669.5813386350662,3.3407397327162527,254,0.0
662.006431,257,100.377466,662.0064314750667,3.2563015636495813,257,0.0
757.040427,279,100.644539,757.0404267406296,3.8413140242852095,279,0.0
642.519004,242,100.694378,642.5190035773312,3.2195685865537143,242,0.0
666.370924,258,100.940041,666.3709242876071,3.283224108595522,258,0.0
642.721856,262,100.992665,642.7218560646787,3.062221445715452,262,0.0
631.753591,239,101.237215,631.7535905147871,3.1576023734208896,239,0.0
709.988259,286,101.481709,709.9882588081399,3.4087922641522144,286,0.0
613.198583,236,101.533077,613.1985830477062,3.033082166171051,236,0.0
603.168011,234,101.583013,603.1680112219442,2.96866707195502,234,0.0
604.870368,240,101.822897,604.8703680662717,2.9342930542810253,240,0.0
668.073941,272,101.880749,668.0739413759452,3.185181664151154,272,0.0
668.712213,277,102.133112,668.7122127072591,3.150427266000722,277,0.0
641.44492,256,102.191722,641.4449199979881,3.0995622268350744,256,0.0
602.206808,243,102.436775,602.2068082983579,2.8894203605158015,243,0.0
561.245057,229,102.483366,561.2450566093953,2.6730762471207816,229,0.0
500.020728,201,102.719054,500.02072759930087,2.4062174240967664,201,0.0
583.200861,253,102.771417,583.2008613738778,2.657614583568343,253,0.0
567.049403,249,103.021037,567.0494029244227,2.5604378984947176,249,0.0
646.198468,246,103.074943,646.198468034491,3.217530684882666,246,0.0
597.194182,259,103.33256,597.1941820798389,2.7219247361195764,259,0.0
613.718864,248,103.387371,613.7188635226345,2.9415927515411795,248,0.0
680.358798,243,103.635469,680.3587976647265,3.514540844401124,243,0.0
620.671639,251,103.68941,620.67163945497,2.9736001480627783,251,0.0
709.195818,299,103.95113,709.1958180922937,3.2991301326274254,299,0.0
195.98749,286,104.016688,195.98749011980934,-0.7030146512648465,286,0.0
628.537244,245,104.267994,628.537244125578,3.084090695026008,245,0.0
736.324119,276,104.32828,736.3241192581199,3.6992268900678065,276,0.0
663.277992,270,104.582884,663.2779918093131,3.162588890598726,270,0.0
669.447667,267,104.641797,669.4476666772103,3.2365037226465145,267,0.0
677.640872,276,104.903156,677.64087222863,3.2299664061840248,276,0.0
803.119181,309,105.166721,803.1191811535293,3.9710833637299126,309,0.0
626.682499,246,105.222101,626.6824986675621,3.0611810203944207,246,0.0
597.760458,235,105.276416,597.7604580540961,2.9173845141442913,235,0.0
650.434098,277,105.536916,650.434097699132,3.0044633882251413,277,0.0
630.77973,283,105.795003,630.7797300591385,2.799325743372007,283,0.0
732.508279,306,105.862732,732.5082788435742,3.4300454491635817,306,0.0
674.162106,264,106.108196,674.1621058245107,3.297859669124737,264,0.0
621.287557,254,106.162925,621.287556540021,2.9544907409039145,254,0.0
640.78447,260,106.41231,640.784470089553,3.0627528075376915,260,0.0
643.149886,249,106.466324,643.14988606998,3.1693697203298825,249,0.0
662.450721,261,106.712161,662.4507206322995,3.2279279377541625,261,0.0
756.046244,293,106.773867,756.046243939913,3.7216779768980413,293,0.0
637.469516,260,107.014063,637.4695157133874,3.0361193678620433,260,0.0
637.857807,249,107.067383,637.8578074142287,3.1267950799192814,249,0.0
540.924803,235,107.311028,540.9248033105483,2.4627429928296043,235,0.0
935.117809,357,107.390051,935.1178085721439,4.6445626496254375,357,0.0
774.61884,279,107.651996,774.6188402310639,3.9818684919054976,279,0.0
1016.654648,374,107.930886,1016.6546480213317,5.160966951014956,374,0.0
706.949567,302,107.995849,706.9495672354078,3.2574776098773426,302,0.0
660.037396,254,108.248883,660.0373956233001,3.2643522173694097,254,0.0
585.438829,249,108.305129,585.4388294304716,2.7074277569621783,249,0.0
640.706811,263,108.554826,640.7068107447495,3.0382866114241276,263,0.0
1001.533422,369,108.830601,1001.5334221359282,5.079901102336172,369,0.0
774.547956,312,108.901223,774.5479564106807,3.7186025421717392,312,0.0
921.22785,339,109.192362,921.2278502654586,4.676957400006296,339,0.0
568.2799,242,109.24944,568.2798995617754,2.626084987587279,242,0.0
855.6356,290,109.515137,855.6355996843456,4.5425971774796245,290,0.0
907.615088,325,109.588405,907.6150877815303,4.67910067668341,325,0.0
799.567383,303,109.845736,799.567383446085,3.9901922701210277,303,0.0
659.265325,248,110.099626,659.2653250981663,3.305935710238633,248,0.0
772.302138,281,110.161425,772.3021383362458,3.947513677687465,281,0.0
816.348886,287,110.433704,816.3488855575259,4.252200023778008,287,0.0
714.177959,262,110.488648,714.177959157576,3.633717159830149,262,0.0
608.003973,246,110.732823,608.0039730124925,2.912079990217874,246,0.0
889.442941,349,110.811113,889.4429411132459,4.342764141973939,349,0.0
921.843119,326,111.082841,921.8431186513437,4.785296977745219,326,0.0
610.541785,252,111.137676,610.5417854807974,2.884200810924121,252,0.0
957.997406,366,111.413902,957.9974059441465,4.755597973910064,366,0.0
852.649518,332,111.684002,852.6495184619519,4.184134945690125,332,0.0
489.403478,212,111.729718,489.4034776118134,2.2338657372377937,212,0.0
590.465234,226,111.975268,590.4652337686741,2.9309855529944393,226,0.0
632.040873,259,112.03274,632.0408727549398,3.000619122468426,259,0.0
538.82482,236,112.277137,538.8248203342253,2.4381360051875465,236,0.0
1190.465632,423,112.366434,1190.465631988192,6.161168611259678,423,0.0
930.808051,341,112.636352,930.808050727962,4.737557761925467,341,0.0
502.746374,212,112.878059,502.746374011456,2.340707374090865,212,0.0
359.359014,140,112.906538,359.35901411205106,1.7672274801899899,140,0.0
547.893508,226,112.953422,547.8935080262842,2.590241829004328,226,0.0
723.054163,300,113.208527,723.0541631539036,3.4018965856072754,300,0.0
702.913456,258,113.264014,702.9134560173774,3.575444984419216,258,0.0
715.461905,281,113.52306,715.4619052491737,3.4925233267723623,281,0.0
593.111962,258,113.579952,593.1119621467527,2.697186213553312,258,0.0
897.263781,317,113.844957,897.2637810938062,4.659875763075798,317,0.0
694.206398,271,114.101258,694.2063976469476,3.4021801644072154,271,0.0
848.100947,291,114.165025,848.1009468444348,4.473686227008668,291,0.0
907.141647,321,114.429741,907.141647026884,4.707138379844918,321,0.0
724.771372,295,114.495763,724.7713716779588,3.455556433914967,295,0.0
679.056612,275,114.751356,679.0566123903577,3.2491203308638856,275,0.0
588.018889,237,114.802219,588.0188892628875,2.82388013469632,237,0.0
796.466671,303,115.069026,796.4666712863667,3.965423575227014,303,0.0
804.692588,304,115.13243,804.692587600515,4.023198895739998,304,0.0
942.003877,353,115.397716,942.0038767159842,4.731324326389226,353,0.0
1003.795342,359,115.668136,1003.7953418086382,5.178062390543032,359,0.0
629.603567,237,115.72039,629.6035667644695,3.1563417949249977,237,0.0
705.670501,292,115.984478,705.6705014422422,3.3266692201967407,292,0.0
902.983356,339,116.250787,902.9833558167498,4.530523408778517,339,0.0
612.667049,259,116.306164,612.6670487287078,2.845614608369092,259,0.0
827.387264,303,116.570097,827.3872638113644,4.21240481525796,303,0.0
711.759145,270,116.630041,711.7591448203547,3.5504954414756056,270,0.0
1125.121229,398,116.919022,1125.1212293659014,5.837439928678072,398,0.0
856.600824,307,117.175362,856.6008241046167,4.414635584902908,307,0.0
1113.851708,411,117.265025,1113.851707981683,5.6441334581143545,411,0.0
1324.619154,441,117.5482,1324.619154359374,7.091395845414483,441,0.0
889.078444,411,117.829779,889.0784438107736,3.8458216194153767,411,0.0
883.045412,333,118.087766,883.045411520802,4.41920321110488,333,0.0
854.004197,302,118.149008,854.004196933894,4.433482654580511,302,0.0
1318.873527,449,118.42515,1318.8735267995337,6.981463418061237,449,0.0
1152.855643,397,118.693417,1152.855642615848,6.067801929956544,397,0.0
977.823508,345,118.954571,977.823508292222,5.081324787181947,345,0.0
784.167155,314,119.019533,784.1671547034067,3.77907650984964,314,0.0
862.581921,311,119.276097,862.5819214761893,4.430463034953597,311,0.0
590.67198,258,119.329366,590.6719797658604,2.677794966339031,258,0.0
1495.746759,484,119.620305,1495.746759377403,8.117181496202797,484,0.0
897.90481,340,119.884028,897.9048103818283,4.481536997632186,340,0.0
749.363004,294,120.139959,749.3630037167458,3.660153107685039,294,0.0
1509.279054,587,120.462306,1509.2790536085229,7.404888330818037,587,0.0
1201.995701,401,120.548617,1201.995700618893,6.4287733288002205,401,0.0
403.545563,189,120.78636,403.54556348588466,1.7303014728934811,189,0.0
429.761716,205,120.830414,429.76171590383154,1.8126903636456453,205,0.0
123.163878,232,121.079072,123.16387760509399,-0.8553106737063728,232,0.0
952.129858,327,121.152376,952.1298581400571,5.019474541050691,327,0.0
1768.811066,624,121.67834,1768.811066386317,9.186311210499365,624,0.0
1162.084048,492,121.784201,1162.084047987932,5.38417895268084,492,0.0
690.388865,292,122.037686,690.3888649744508,3.204492966897463,292,0.0
1151.450791,424,122.324656,1151.4507913995167,5.840842253009542,424,0.0
568.89256,237,122.375708,568.8925600177815,2.6708447647170876,237,0.0
1309.718806,443,122.662226,1309.718806223545,6.955806941129325,443,0.0
699.317803,273,122.920273,699.3178033103947,3.427128584741065,273,0.0
1029.240293,368,122.997535,1029.2402930942424,5.309738599710588,368,0.0
405.937253,168,123.230717,405.9372529845849,1.9167606046746861,168,0.0
1156.560709,384,123.506393,1156.5607088403333,6.200866070472282,384,0.0
850.07978,314,123.572113,850.0797804711033,4.306430820529343,314,0.0
1031.133497,355,123.842762,1031.13349673661,5.428345552136861,355,0.0
645.029443,251,123.893267,645.0294427313198,3.168168537636519,251,0.0
1548.589999,541,124.196336,1548.5899992223572,8.085969648033492,541,0.0
1158.334954,398,124.470511,1158.3349540838065,6.103338686886453,398,0.0
816.20623,316,124.722233,816.2062304833144,4.019461475225212,316,0.0
1840.946509,766,125.076929,1840.9465094138784,8.632506836115299,766,0.0
740.827771,298,125.325679,740.8277714836254,3.559829735478818,298,0.0
551.634878,229,125.374697,551.6348783569343,2.5961014102668907,229,0.0
887.197331,345,125.642815,887.1973310607609,4.356420619398263,345,0.0
1374.45042,460,125.926437,1374.4504197220663,7.338189330126162,460,0.0
569.548384,414,126.200955,569.5483837259877,1.2655039352542297,414,0.0
586.08148,241,126.253163,586.0814804546714,2.776020517770342,241,0.0
1187.597121,495,126.553778,1187.5971205642518,5.5649280544705375,495,0.0
740.380278,299,126.82057,740.3802778045189,3.5487543309448357,299,0.0
804.11874,288,126.880335,804.1187402191517,4.146090247799598,288,0.0
1035.642265,414,127.160375,1035.6422649781082,4.9943319635472205,414,0.0
1564.15594,562,127.47471,1564.1559404792592,8.043349849818345,562,0.0
1259.041597,500,127.77321,1259.0415971074212,6.096461382188341,500,0.0
1033.065587,358,128.045321,1033.0655873632984,5.419665300220061,358,0.0
1074.333781,389,128.329076,1074.3337811858505,5.502889030656312,389,0.0
767.265615,305,128.399393,767.2656146148717,3.7158740122415392,305,0.0
1511.835126,510,128.703077,1511.8351261660237,8.039420245884187,510,0.0
1351.381222,468,128.98914,1351.3812217675725,7.090351957147466,468,0.0
557.529133,300,129.246932,557.5291332535077,2.07789033019108,300,0.0
1154.433706,394,129.333343,1154.4337056878812,6.103764399999834,394,0.0
898.935236,341,129.599143,898.9352362820102,4.482234302638598,341,0.0
1451.918084,550,129.899161,1451.9180841807195,7.2409268391424115,550,0.0
1215.443069,441,130.181761,1215.4430690784798,6.217472090780162,441,0.0
738.816812,253,130.421351,738.8168120394168,3.9026419403483614,253,0.0
1793.071525,619,130.737179,1793.071524837993,9.420353226728794,619,0.0
772.906346,277,130.7961,772.9063457727964,3.984120452394181,277,0.0
1133.852777,402,131.072647,1133.8527769365414,5.875820079806684,402,0.0
1056.664027,372,131.334227,1056.6640265847927,5.497059633703637,372,0.0
576.93202,234,131.382263,576.9320203089621,2.7587953289750957,234,0.0
551.186585,230,131.624081,551.1865854602528,2.5848562120603296,230,0.0
909.125219,362,131.701558,909.1252191848922,4.396470154178221,362,0.0
1040.572412,363,131.964584,1040.5724121604826,5.440145702325935,363,0.0
666.199404,269,132.218811,666.1994036368484,3.1940048971538757,269,0.0
935.137313,303,132.28583,935.1373131726182,5.07447842138299,303,0.0
1415.864491,455,132.576609,1415.8644906795407,7.709619834324018,455,0.0
120.095414,226,132.824311,120.09541391431087,-0.8322658363351629,226,0.0
1108.362444,389,132.908806,1108.3624442026671,5.775315180938841,389,0.0
1063.597265,373,133.180668,1063.5972647006465,5.5450428030413255,373,0.0
785.839054,309,133.434598,785.8390536459655,3.832800666216784,309,0.0
1115.062976,460,133.717044,1115.062975749061,5.263253641035238,460,0.0
710.029839,263,133.770859,710.0298386867638,3.5924801813486127,263,0.0
1218.080311,445,134.048442,1218.080311057963,6.206318382096401,445,0.0
1562.063552,516,134.342771,1562.0635523156373,8.393186264022711,516,0.0
1206.165861,395,134.614795,1206.1658608338262,6.509896145585865,395,0.0
2804.036129,1000,135.216229,2804.036128896554,14.46467915013319,1000,1.0
911.109643,317,135.284851,911.10964330327,4.770679151725526,317,0.0
1491.05143,540,135.598811,1491.0514295700855,7.633690376857412,540,0.0
492.50342,204,135.839371,492.5034196116155,2.3223670910914502,204,0.0
891.783533,301,135.905657,891.7835327133961,4.743895378036209,301,0.0
1740.34222,717,136.449045,1740.3422195814383,8.217246890658199,717,0.0
1116.461794,364,136.528354,1116.4617935869546,6.039388930793803,364,0.0
1244.813705,455,136.817153,1244.8137046162014,6.341048837720551,455,0.0
584.254464,219,137.052727,584.2544640283058,2.936971075860937,219,0.0
1105.778253,354,137.324104,1105.7782531052767,6.033760470331038,354,0.0
723.216161,259,137.379446,723.2161609969163,3.7301118565936133,259,0.0
846.116236,316,137.637849,846.1162360712464,4.259170637302322,316,0.0
1020.083209,418,137.725262,1020.0832091353851,4.838244921005722,418,0.0
979.00234,324,137.984223,979.0023403831162,5.25839116980684,324,0.0
729.742788,271,138.233167,729.7427877763778,3.686475583354776,271,0.0
665.919769,239,138.284295,665.9197685497188,3.4309077824297027,239,0.0
1209.883871,428,138.557761,1209.8838707055495,6.276980501359758,428,0.0
904.662503,309,138.808323,904.6625033508996,4.783176558262866,309,0.0
797.346417,292,138.867671,797.3464174737098,4.059910775042785,292,0.0
559.902273,247,139.10268,559.9022727629862,2.5188216370010683,247,0.0
1408.846691,467,139.197797,1408.8466911375021,7.558250322217835,467,0.0
1394.488363,499,139.488573,1394.488363487228,7.187792968346893,499,0.0
524.096027,205,139.715634,524.0960274050948,2.5674625520387666,205,0.0
1395.5535,455,139.997803,1395.5534996210192,7.547105090932225,455,0.0
1015.128329,334,140.069381,1015.1283294523113,5.467785310118066,334,0.0
978.556787,333,140.333056,978.5567869163697,5.183023674145613,333,0.0
1055.938176,350,140.596539,1055.93817556166,5.666633559856076,350,0.0
1472.7796,485,140.907324,1472.7795997132112,7.926042419010723,485,0.0
2350.818402,851,141.276266,2350.8184022623327,12.0341019919425,851,0.0
2149.372868,757,141.812623,2149.372868035149,11.171277648642546,757,0.0
1543.717015,472,142.102686,1543.717014934458,8.597103116251969,472,0.0
1196.401287,397,142.374646,1196.4012871543675,6.416131056037395,397,0.0
1338.473216,428,142.465923,1338.4732164891705,7.305784048044893,428,0.0
969.182987,330,142.735655,969.1829873016685,5.132214601539538,330,0.0
695.989807,278,142.984829,695.9898073883868,3.361085011206491,278,0.0
1561.842584,523,143.28519,1561.8425835864575,8.335774262689945,523,0.0
612.1925,234,143.33443,612.1925003248382,3.0410853923031134,234,0.0
897.117286,306,143.587386,897.1172864984586,4.746349227135338,306,0.0
1348.159909,420,143.674354,1348.159908753488,7.446968403882487,420,0.0
1384.438756,713,144.214076,1384.4387557796585,5.402573450739132,713,0.0
1218.054007,401,144.493993,1218.0540072104463,6.557617372459011,401,0.0
812.258392,297,144.556065,812.2583918693156,4.139168091518828,297,0.0
1057.644423,369,144.828421,1057.6444227271304,5.529261305015206,369,0.0
943.58736,325,145.083928,943.5873600052115,4.9675233161968375,325,0.0
1012.334925,337,145.155001,1012.3349247981013,5.421618413410549,337,0.0
1020.091557,416,145.433065,1020.0915570661667,4.8543009852685985,416,0.0
1254.472354,469,145.717671,1254.4723535571895,6.306592715283896,469,0.0
1169.645114,410,145.991774,1169.645113657221,6.098500927645649,410,0.0
1291.134827,391,146.072127,1291.1348267934886,7.2214959711128035,391,0.0
1461.749274,452,146.355114,1461.7492735314697,8.100580399847436,452,0.0
1383.344428,412,146.625722,1383.3444276983196,7.79204163322713,412,0.0
868.514434,279,146.871643,868.5144344572656,4.73297018086005,279,0.0
842.822726,374,146.950889,842.8227259143957,3.7707077540539213,374,0.0
1182.203688,390,147.21804,1182.2036879409375,6.358363008968377,390,0.0
538.19947,259,147.454517,538.1994703945362,2.250172477873606,259,0.0
440.704205,245,147.506166,440.7042051921878,1.5813566069968406,245,0.0
2530.783534,1000,148.090339,2530.783534061514,12.278530253252965,1000,1.0
1174.308155,377,148.35333,1174.308155082645,6.398932271629683,377,0.0
1115.515444,364,148.622033,1115.515444375856,6.031798834818801,364,0.0
1585.346826,511,148.920822,1585.34682640781,8.61902276367355,511,0.0
1064.347396,344,148.99488,1064.3473961267475,5.7819281839703,344,0.0
1033.736088,349,149.250069,1033.736088237357,5.4971173586508595,349,0.0
1161.769078,383,149.517274,1161.769077658362,6.250603446353692,383,0.0
1180.678692,441,149.801147,1180.678691659747,5.939793931388166,441,0.0
721.471919,264,149.860026,721.4719187844279,3.6760896895127138,264,0.0
1122.449911,389,150.122973,1122.4499106655624,5.888344415699057,389,0.0
1056.645559,330,150.191538,1056.6455593599958,5.8316348736142825,330,0.0
1107.119754,366,150.447581,1107.119753816235,5.948659993743154,366,0.0
1995.592058,766,150.970385,1995.5920584798564,9.870297670659248,766,0.0
1258.191388,536,151.262516,1258.1913876347878,5.803299402164339,536,0.0
1118.648767,344,151.331789,1118.6487668358948,6.216559501906675,344,0.0
1105.882444,387,151.598245,1105.8824439487776,5.7718258405533645,387,0.0
1319.445271,478,151.883595,1319.4452706452723,6.755088601749045,478,0.0
889.010439,298,152.140689,889.010439125255,4.745543923030731,298,0.0
2071.873556,731,152.486305,2071.873556440926,10.758811948053971,731,0.0
1410.829487,586,152.799491,1410.8294870188251,6.626075376427388,586,0.0
1393.273967,420,153.079747,1393.273967469823,7.80769289395457,420,0.0
934.920039,344,153.344244,934.9200391410625,4.746610517277201,344,0.0
1048.035696,355,153.418341,1048.0356964171624,5.5636343511981785,355,0.0
2290.713589,806,153.965104,2290.713588604859,11.912251747454853,806,0.0
838.048585,294,154.218466,838.0485848634108,4.370181185078677,294,0.0
1126.685099,356,154.293918,1126.6850992904647,6.185092534318681,356,0.0
1295.763044,447,154.578893,1295.7630442274503,6.812991949738558,447,0.0
1064.618557,338,154.855733,1064.6185567584785,5.832092128797681,338,0.0
869.855819,285,154.920168,869.8558193656122,4.696018043925217,285,0.0
1134.202261,373,155.201039,1134.2022609119629,6.109631218229683,373,0.0
2441.901134,830,155.793108,2441.901134248984,12.93059778658848,830,0.0
1053.377391,380,155.87428,1053.3773907470809,5.407341881003278,380,0.0
1216.81596,469,156.183528,1216.8159604759935,6.005844969321457,469,0.0
1117.09272,355,156.466405,1117.0927196970051,6.116098084147709,355,0.0
1280.136811,443,156.7666,1280.1368105343765,6.719684618492417,443,0.0
1296.638877,436,157.054637,1296.6388768908948,6.90734321650595,436,0.0
1526.730394,500,157.36684,1526.7303942029916,8.23832955468453,500,0.0
1310.463856,442,157.664732,1310.463856258552,6.970084133811352,442,0.0
809.003026,296,157.730849,809.0030262887814,4.121580674931587,296,0.0
2081.683376,625,158.062,2081.68337600555,11.682303890337618,625,0.0
671.779695,268,158.316195,671.7796950648005,3.2469816923675525,268,0.0
1301.441495,452,158.606958,1301.441494541675,6.818633529488671,452,0.0
690.391856,252,158.663206,690.3918557686287,3.523338421411831,252,0.0
1012.967705,342,158.929944,1012.9677049555813,5.38686425473802,342,0.0
1275.366553,423,159.219103,1275.3665531640254,6.840854154544388,423,0.0
929.435979,308,159.28792,929.4359791113704,4.98959311314686,308,0.0
927.593854,328,159.55293,927.5938540519961,4.815229230674767,328,0.0
1063.449343,355,159.825507,1063.4493427752545,5.687074480875235,355,0.0
1499.985459,502,160.138908,1499.9854592057718,8.008028972070345,502,0.0
834.937735,292,160.204338,834.937734805553,4.361081711572216,292,0.0
1743.412116,567,160.527476,1743.4121160078698,9.43775073963861,567,0.0
1271.575547,405,160.81719,1271.5755472442497,6.953783358007407,405,0.0
1000.77093,335,161.102651,1000.7709304585526,5.3452590384492185,335,0.0
1019.766782,319,161.174502,1019.7667820028403,5.6243274011935345,319,0.0
910.683831,307,161.4476,910.6838305074359,4.847421600122832,307,0.0
690.375931,251,161.702683,690.375931233153,3.5309792042420014,251,0.0
1249.025032,415,161.798373,1249.0250322244838,6.693681896783414,415,0.0
1222.503144,443,162.107773,1222.5031444691124,6.258520438746551,443,0.0
854.802249,326,162.397598,854.8022489963769,4.249166780257944,326,0.0
1318.17818,418,162.701047,1318.1781799665625,7.223035422396729,418,0.0
1641.358416,565,163.048893,1641.3584160459288,8.637381272051718,565,0.0
822.734935,307,163.121109,822.734935118494,4.1437065748804995,307,0.0
1590.787615,561,163.675201,1590.7876147023833,8.2645695576539,561,0.0
1666.688415,536,164.005719,1666.6884148068577,9.071633028431872,536,0.0
815.374826,283,164.071354,815.3748255848519,4.276211350969301,283,0.0
1577.698253,536,164.405704,1577.6982534028034,8.359082586069325,536,0.0
1152.980908,384,164.696833,1152.980907699712,6.172360479680186,384,0.0
1071.437211,376,164.998609,1071.4372109734638,5.583973300673959,376,0.0
812.965244,289,165.067386,812.9652439628883,4.209169663513575,289,0.0
1837.891366,661,165.426884,1837.891365954386,9.445390287260263,661,0.0
851.079363,298,165.697789,851.0793634566204,4.442598429372875,298,0.0
744.326492,250,165.956679,744.3264924316152,3.9706724270427216,250,0.0
1262.470062,423,166.052839,1262.4700624816564,6.737403154946471,423,0.0
2069.662243,646,166.612877,2069.6622428964324,11.418570838210984,646,0.0
1081.759449,371,166.692713,1081.759448769757,5.706046991267413,371,0.0
632.724067,225,166.942357,632.7240674949949,3.2771902436615874,225,0.0
2158.092138,747,167.298938,2158.0921376815536,11.32100805620012,747,0.0
816.033014,268,167.552968,816.0330141598274,4.400977315237768,268,0.0
658.539907,235,167.601581,658.5399066970585,3.4037369597559017,235,0.0
1092.739894,355,167.875767,1092.7398937090218,5.9215851210165065,355,0.0
1000.57739,332,168.143175,1000.5773899136263,5.367610652297858,332,0.0
844.840501,285,168.205669,844.8405012933974,4.49589101810802,285,0.0
1038.087722,325,168.471235,1038.087721905384,5.723016586080693,325,0.0
1392.291428,476,168.762344,1392.2914275694025,7.354109394028286,476,0.0
1768.862511,566,169.060176,1768.8625105996916,9.649818863523443,566,0.0
1139.487973,399,169.32424,1139.487973451493,5.9451543844982115,399,0.0
994.353699,331,169.394481,994.3536990193362,5.325581444712683,331,0.0
1212.816669,448,169.671629,1212.8166694610736,6.141441270627924,448,0.0
2078.177347,645,169.994197,2078.1773468646347,11.495057201541329,645,0.0
802.726041,289,170.236667,802.726040908399,4.127101090317842,289,0.0
998.996363,321,170.485194,998.9963629420079,5.442472737124878,321,0.0
694.610829,260,170.540561,694.6108290157122,3.4934678166563313,260,0.0
668.066575,237,170.772257,668.0665750926721,3.464384802991066,237,0.0
1090.862988,360,170.845044,1090.8629881487307,5.8668692530824496,360,0.0
1026.128425,333,171.096793,1026.128425321464,5.564025975293792,333,0.0
1117.304272,411,171.354005,1117.3042719745144,5.6722510453339225,411,0.0
1024.895242,315,171.41626,1024.8952422506366,5.69731076514997,315,0.0
1285.192781,423,171.704698,1285.1927810392485,6.919810417138714,423,0.0
1611.311022,508,171.990821,1611.3110221880565,8.851205773769944,508,0.0
1201.354114,392,172.263618,1201.3541137732043,6.4956982836508805,392,0.0
1388.423795,428,172.540613,1388.4237952389437,7.705870620983574,428,0.0
1039.579942,350,172.61352,1039.5799419421555,5.535980817083525,350,0.0
1221.409548,412,172.881497,1221.4095481788393,6.496978481808209,412,0.0
861.376504,301,173.124044,861.3765040126514,4.501144430688859,301,0.0
748.683193,247,173.172777,748.6831929113322,4.029394475197472,247,0.0
1210.759347,376,173.423444,1210.75934652644,6.698491255380016,376,0.0
1195.569441,370,173.684986,1195.5694410725523,6.625007755356116,370,0.0
709.456481,266,173.739924,709.4564813567273,3.564406764152232,266,0.0
1215.598359,377,174.004444,1215.5983593452384,6.729247188660427,377,0.0
1169.864134,413,174.270418,1169.8641344160656,6.076936743361599,413,0.0
893.962242,333,174.338292,893.9622417301832,4.506603849633563,333,0.0
1261.56787,438,174.61598,1261.5678701161144,6.611057761415995,438,0.0
1252.44173,405,174.882501,1252.44173027225,6.800784686456373,405,0.0
1516.14419,498,175.173895,1516.1441903864472,8.16973722694058,498,0.0
984.8583,324,175.418618,984.8583000828967,5.305470310881172,324,0.0
1147.37227,362,175.490634,1147.372269778135,6.302658413114731,362,0.0
2042.620827,699,176.005584,2042.6208269704734,10.779881480304818,699,0.0
1197.811663,386,176.277847,1197.8116631655407,6.515421933805788,386,0.0
798.730528,269,176.336934,798.7305279199619,4.254684780608956,269,0.0
600.010319,228,176.569689,600.0103188178956,2.991301467426858,228,0.0
839.643299,285,176.628409,839.6432985476371,4.4544969384780435,285,0.0
876.599372,291,176.873512,876.5993721580247,4.702233674858878,291,0.0
1004.70119,366,176.948646,1004.701189800493,5.129533989530811,366,0.0
1356.836322,442,177.225568,1356.8363220962092,7.341577569488701,442,0.0
987.150202,351,177.488028,987.1502017886588,5.108915646071252,351,0.0
939.596804,299,177.54856,939.596803635945,5.142211176411283,299,0.0
1157.176195,364,177.796607,1157.1761946311929,6.365572474562011,364,0.0
1645.139092,533,178.093984,1645.1390915306795,8.922944392045812,533,0.0
1360.860533,445,178.374292,1360.8605328388119,7.349668699686095,445,0.0
821.755434,305,178.628354,821.7554340572044,4.152220224009777,305,0.0
1350.749567,481,178.951223,1350.7495670237315,6.9814913578556625,481,0.0
1587.004538,498,179.254157,1587.0045381243656,8.736537549778324,498,0.0
1299.039165,457,179.548299,1299.0391654441853,6.7591038495710265,457,0.0
1281.619186,429,179.64021,1281.6191855270488,6.842663880777234,429,0.0
951.541834,313,179.904858,951.5418336509949,5.126614098260916,313,0.0
799.318902,288,180.15939,799.3189023651405,4.107844492907443,288,0.0
959.101667,320,180.225101,959.1016671833646,5.1315044474185,320,0.0
2231.932274,715,180.748167,2231.9322743715506,12.166834246566914,715,0.0
744.974295,271,180.804705,744.9742948439914,3.808352312622786,271,0.0
1073.128989,346,181.074628,1073.1289888634751,5.836475286368602,346,0.0
2041.88025,687,181.419994,2041.8802497312463,10.869268303800416,687,0.0
1495.978515,452,181.719118,1495.9785153440603,8.374660701404082,452,0.0
1401.456516,417,182.005622,1401.456515994594,7.8971576793126435,417,0.0
309.45158,140,182.036878,309.45158020471536,1.3681333711822958,140,0.0
594.613671,225,182.084375,594.6136709598925,2.971893937312054,225,0.0
1647.16572,561,182.587483,1647.1657203588886,8.716328142594001,561,0.0
1911.704947,593,182.893837,1911.7049467120598,10.577300548361086,593,0.0
814.606409,319,182.956438,814.6064087286388,3.9832058260096526,319,0.0
1398.042198,438,183.24093,1398.0421976399275,7.70267407499339,438,0.0
1034.053215,368,183.501226,1034.053214828297,5.348588468681461,368,0.0
1049.884296,380,183.762636,1049.8842958199878,5.379840322231567,380,0.0
975.189532,316,183.828768,975.1895317552147,5.291830158218185,316,0.0
627.421875,243,184.060321,627.4218745582535,3.091550527315053,243,0.0
1256.256562,415,184.367612,1256.2565616126371,6.751353498405188,415,0.0
2032.230902,731,184.725564,2032.2309020848284,10.441562615828442,731,0.0
116.732342,71,184.741671,116.73234221028761,0.3762194825935466,71,0.0
650.65056,228,184.984057,650.6505598913619,3.396631074236683,228,0.0
1215.297281,405,185.068555,1215.297280709709,6.503625545544423,405,0.0
1446.037626,444,185.339345,1446.0376255973201,8.039074379743987,444,0.0
852.587791,305,185.583282,852.5877905950599,4.3983543863402295,305,0.0
1499.373766,503,185.864644,1499.3737656666196,7.9953195912288555,503,0.0
830.723612,270,185.91932,830.7236122070194,4.502680586946445,270,0.0
2218.051091,704,186.425046,2218.051091348459,12.143807794779963,704,0.0
1138.844463,388,186.689284,1138.844462774772,6.027488688101684,388,0.0
1499.942711,532,186.988012,1499.9427107491074,7.769357329463124,532,0.0
916.846745,307,187.049643,916.8467450312289,4.896517870277497,307,0.0
702.780244,242,187.28437,702.7802444848211,3.702258004594016,242,0.0
1704.629462,530,187.582887,1704.6294617377082,9.422323230596328,530,0.0
981.041556,311,187.644952,981.0415556921961,5.378244747688892,311,0.0
698.037791,234,187.881538,698.0377908341479,3.7278279683976505,234,0.0
368.362235,198,187.922406,368.3622350493137,1.3776247821362078,198,0.0
1056.519678,318,188.170809,1056.519678408581,5.926485484415277,318,0.0
1743.690333,541,188.46495,1743.690332923198,9.647436182548262,541,0.0
931.880138,305,188.526581,931.8801376114259,5.03293624590254,305,0.0
960.677504,312,188.773255,960.6775044856911,5.207397139369396,312,0.0
1340.020644,400,189.04116,1340.0206437039856,7.541294087546859,400,0.0
1384.544616,472,189.321035,1384.5446155336388,7.323922041151436,472,0.0
842.78675,270,189.377613,842.7867496735512,4.599089941865841,270,0.0
1045.52833,346,189.632183,1045.5283296690382,5.615794624839959,346,0.0
355.39399,154,189.663307,355.3939897365162,1.6243057913133814,154,0.0
1221.551296,385,189.944792,1221.5512955367305,6.713155175423602,385,0.0
1415.171116,407,190.217952,1415.1711161182645,8.086985511369091,407,0.0
1148.357528,365,190.292109,1148.3575284299,6.286818991479108,365,0.0
1551.513113,493,190.580425,1551.5131131864314,8.492455641242433,493,0.0
142.194533,72,190.77776,142.19453299973247,0.5720198715940932,72,0.0
1173.251172,373,190.854863,1173.251171739398,6.422435343896769,373,0.0
1268.147157,400,191.119046,1268.1471569601972,6.966539691920251,400,0.0
1142.167399,350,191.374144,1142.1673988363332,6.356784779144335,350,0.0
1662.17536,510,191.663821,1662.1753597847253,9.242538196600847,510,0.0
992.66865,327,191.731928,992.6686501925918,5.344405294159694,327,0.0
1102.506732,380,191.998017,1102.5067324212582,5.800663588930153,380,0.0
1713.497096,532,192.291862,1713.4970962316102,9.477491225956447,532,0.0
984.800099,310,192.545612,984.8000993741758,5.416502099487255,310,0.0
1172.27319,396,192.813699,1172.273190314678,6.2314264249338285,396,0.0
1981.265224,594,193.122433,1981.265223983624,11.125749451561884,594,0.0
685.784185,239,193.17162,685.784185265422,3.589902149530586,239,0.0
965.19364,320,193.423141,965.1936398796705,5.180348438426643,320,0.0
1146.210858,346,193.496194,1146.210858130524,6.421254871106141,346,0.0
1082.281663,346,193.754764,1082.2816626578297,5.909814564171955,346,0.0
1003.421667,305,194.003335,1003.4216666334986,5.605734969673103,305,0.0
1402.563379,446,194.288153,1402.5633791814914,7.675395639787899,446,0.0
1184.013156,439,194.383229,1184.0131564362762,5.9826780809295075,439,0.0
1060.101348,325,194.647227,1060.1013478954305,5.899475120851568,325,0.0
1937.859528,589,194.962495,1937.8595277572877,10.818521232002508,589,0.0
2182.531645,716,195.487554,2182.531645236532,11.764429587088955,716,0.0
1090.523211,331,195.558065,1090.5232113117959,6.095341565098729,331,0.0
1247.757756,385,195.827404,1247.7577560393013,6.922943508737997,385,0.0
1035.325917,316,196.082714,1035.3259171328202,5.773058589033161,316,0.0
1144.886473,351,196.156451,1144.8864728699002,6.370763135263714,351,0.0
1167.550508,357,196.42189,1167.5505082536831,6.504394919431298,357,0.0
839.747422,265,196.666692,839.74742229037,4.6143295157406286,265,0.0
788.522217,256,196.719852,788.5222171198419,4.276579770377152,256,0.0
938.869811,289,196.970061,938.8698109294625,5.216321383166581,289,0.0
1744.075448,547,197.27401,1744.0754483654182,9.602926862547196,547,0.0
857.677783,281,197.332893,857.6777827327412,4.630791792689668,281,0.0
834.190436,267,197.577834,834.1904356963244,4.554161104999165,267,0.0
1308.224628,380,197.845945,1308.2246276348828,7.446749692269787,380,0.0
1051.006712,323,197.914557,1051.0067120803822,5.842667590695859,323,0.0
1234.242395,409,198.19585,1234.242395493232,6.623301903507448,409,0.0
1235.90863,369,198.462996,1235.9086303848067,6.955715932450996,369,0.0
1351.494484,424,198.552177,1351.494484424773,7.441986874486842,424,0.0
980.973193,318,198.83649,980.973192942003,5.3225285459376845,318,0.0
1276.917012,409,199.120799,1276.9170118401103,6.9651376859845024,409,0.0
1431.113584,505,199.425536,1431.1135842738283,7.434281247486227,505,0.0
1386.367985,428,199.714353,1386.3679849097068,7.68965445735886,428,0.0
1132.048999,343,199.787561,1132.048998799716,6.332000106876384,343,0.0
922.637749,308,200.05866,922.6377488731944,4.935427604633255,308,0.0
1032.892596,314,200.327544,1032.8925959746937,5.769367995330788,314,0.0
1159.444579,368,200.409403,1159.4445790913023,6.351949507185493,368,0.0
1699.804734,477,200.708569,1699.8047340056412,9.806688786765948,477,0.0
487.388189,197,200.949449,487.3881886661091,2.3375683454528753,197,0.0
514.042516,208,200.993702,514.0425157381381,2.4631395583811573,208,0.0
1205.53426,374,201.271018,1205.5342597785555,6.67284364296582,374,0.0
1262.63854,383,201.54733,1262.6385404382327,7.057625378872055,383,0.0
915.897714,292,201.610902,915.8977137992911,5.008823524312344,292,0.0
916.725903,286,201.862518,916.7259027696967,5.062724512461899,286,0.0
1275.381635,393,201.948534,1275.381634817989,7.0801958152023685,393,0.0
1234.517358,388,202.230249,1234.5173580721341,6.792993432445705,388,0.0
1423.686389,444,202.532382,1423.686388958637,7.860398101139217,444,0.0
1003.052896,306,202.798687,1003.0528958053386,5.594523945954674,306,0.0
902.910412,286,202.861658,902.9104119255298,4.953009468426072,286,0.0
1023.917499,324,203.126009,1023.9174989460338,5.617939054696506,324,0.0
1201.031867,357,203.405215,1201.0318666369328,6.771721679991037,357,0.0
1045.763485,312,203.474084,1045.7634854461155,5.888316044833584,312,0.0
885.073609,290,203.737426,885.0736092410006,4.777959436633211,290,0.0
1597.5607,460,204.030949,1597.5607002129032,9.123418134341534,460,0.0
951.94564,295,204.09375,951.94564019213,5.273402523846332,295,0.0
1245.648729,377,204.37233,1245.6487293608754,6.969138314486332,377,0.0
1376.847412,423,204.663052,1376.847411832821,7.6524504974365,423,0.0
1600.137775,454,204.95475,1600.1377752725393,9.192123168634726,454,0.0
1216.053964,364,205.032736,1216.0539636023552,6.836388046712225,364,0.0
1053.822523,329,205.298429,1053.8225225275078,5.817405995281169,329,0.0
1434.260003,418,205.588061,1434.2600027353226,8.151790139114633,418,0.0
637.242697,230,205.635447,637.2426968167518,3.2737027694234504,230,0.0
1237.15696,383,205.914412,1237.1569603199296,6.854136913604787,383,0.0
1385.881641,436,206.201205,1385.881640777603,7.621231324176535,436,0.0
625.615308,227,206.249826,625.6153078345227,3.204002670792396,227,0.0
883.238447,294,206.507113,883.2384468358755,4.731555209472628,294,0.0
1219.428085,371,206.784917,1219.428084520671,6.807815338628751,371,0.0
872.96312,274,206.845416,872.9631195181902,4.808309180959628,274,0.0
1172.849193,416,207.129906,1172.8491930357536,6.077126262803659,416,0.0
624.386097,231,207.179539,624.3860967443186,3.1624851058441035,231,0.0
850.452942,270,207.437955,850.4529421595724,4.660504358242908,270,0.0
962.884142,303,207.70885,962.8841420498859,5.296810618965472,303,0.0
627.097382,229,207.759568,627.0973824303315,3.200214728632903,229,0.0
1014.761792,318,208.027647,1014.7617915073374,5.592243849606506,318,0.0
1177.046597,368,208.107879,1177.0465974668343,6.492955371029916,368,0.0
1955.201325,583,208.434973,1955.201324771322,11.004726539810562,583,0.0
1541.577787,452,208.73256,1541.577786603361,8.739474579789675,452,0.0
1257.226311,380,209.011975,1257.2263114700006,7.038223423030897,380,0.0
1075.496756,325,209.282142,1075.496755860671,6.022580409503873,325,0.0
1214.148298,367,209.361179,1214.1482980570681,6.797158875224498,367,0.0
631.355025,231,209.616215,631.3550254426879,3.218094144845556,231,0.0
1058.960724,324,209.886756,1058.9607239905808,5.898142756498007,324,0.0
1084.932716,332,209.960118,1084.9327162847496,6.042291040708214,332,0.0
930.592545,290,210.223525,930.5925445586004,5.142172914671919,290,0.0
624.142987,220,210.271925,624.1429870186731,3.2483301389030226,220,0.0
1426.246496,420,210.571546,1426.2464959135789,8.071790393923258,420,0.0
626.579541,214,210.618353,626.57954126867,3.315492259070502,214,0.0
1756.834405,499,210.93372,1756.8344047981755,10.087256839741558,499,0.0
312.732321,120,211.174032,312.732321004151,1.553807528146547,120,0.0
440.110176,159,211.209647,440.1101757568616,2.2619842257593437,159,0.0
989.294116,308,211.488781,989.29411622005,5.468355200867798,308,0.0
1162.187503,358,211.574475,1162.1875027337958,6.452922459650911,358,0.0
1177.329607,360,211.861965,1177.3296067186818,6.5584879869330335,360,0.0
1120.220582,331,212.145173,1120.2205816450567,6.332608618719717,331,0.0
1422.278569,454,212.246738,1422.2785691010386,7.769304419314749,454,0.0
688.234475,251,212.514277,688.2344754406785,3.5139580471961325,251,0.0
1354.114861,405,212.814211,1354.1148611055935,7.614525216778946,405,0.0
1642.825447,477,213.127047,1642.825446718847,9.35027365082789,477,0.0
1152.439396,360,213.208034,1152.4393958580833,6.359592501891712,360,0.0
1837.935358,507,213.53393,1837.9353584255377,10.672558299510222,507,0.0
1039.141891,319,213.820092,1039.141891440901,5.7795971071408125,319,0.0
869.194591,278,214.094669,869.1945914205161,4.746527070618603,278,0.0
1254.42464,388,214.183192,1254.424639932556,6.952014345316966,388,0.0
1287.170057,390,214.47964,1287.170057243858,7.198382981452761,390,0.0
916.318415,307,214.763981,916.3184150077636,4.892307981569131,307,0.0
1964.74662,572,215.11162,1964.7466200919264,11.16868811442491,572,0.0
1435.532519,411,215.416164,1435.5325188190166,8.21773050461743,411,0.0
1246.412771,384,215.511556,1246.4127708386047,6.919815432735806,384,0.0
1572.702569,471,215.829994,1572.7025685841202,8.837386741111048,471,0.0
709.533232,249,216.098251,709.5332318156751,3.7005327704418667,249,0.0
722.37575,248,216.154191,722.37575042225,3.810970785791094,248,0.0
1621.611875,488,216.476308,1621.6118749546795,9.093296950921577,488,0.0
1240.543052,377,216.775539,1240.5430523922853,6.928995315941761,377,0.0
1760.390251,477,217.09548,1760.390251305591,10.291483064267279,477,0.0
987.410008,311,217.164791,987.4100080956175,5.429600170635189,311,0.0
1291.46343,375,217.458136,1291.4634300125006,7.352471857322711,375,0.0
2307.859626,685,218.035709,2307.8596261071266,13.014051363783693,685,0.0
1598.193942,455,218.142089,1598.193941854389,9.168635606668747,455,0.0
1359.494574,410,218.45742,1359.4945740074893,7.617474725106944,410,0.0
1435.151647,434,218.776034,1435.1516471412037,8.031552497253767,434,0.0
1288.955943,424,219.099583,1288.9559426089443,6.942029518661586,424,0.0
1150.814587,365,219.395383,1150.8145874366055,6.306701885360202,365,0.0
2094.278902,590,219.751903,2094.2789015166813,12.062296841292557,590,0.0
1785.948108,536,220.088438,1785.9481083011565,10.026067007860224,536,0.0
1799.959112,535,220.42303,1799.959112038536,10.145948252091584,535,0.0
616.800001,237,220.48181,616.8000014937235,3.054566795172715,237,0.0
2372.258597,683,221.057176,2372.2585973935575,13.54527276625654,683,0.0
1432.115824,432,221.157139,1432.1158236257927,8.023282509465488,432,0.0
1269.599616,447,221.469175,1269.5996157581023,6.604414095384468,447,0.0
2382.293811,724,222.058651,2382.2938113588098,13.298659249106954,724,0.0
1989.54656,603,222.404155,1989.546559687651,11.121207777226864,603,0.0
584.147535,222,222.454547,584.1475352854237,2.912504425491951,222,0.0
987.4706,354,222.748296,987.4706002865639,5.087519658133914,354,0.0
1479.67273,434,223.062101,1479.6727298993071,8.388021535207638,434,0.0
2665.834014,807,223.463626,2665.834013926667,14.906301244865052,807,0.0
1406.484257,427,223.774908,1406.4842566899829,7.858440860647432,427,0.0
1309.937311,390,224.075616,1309.937310735717,7.380694892961706,390,0.0
1246.581407,367,224.369979,1246.5814073711933,7.056814449947193,367,0.0
1972.317522,535,224.707336,1972.3175220673213,11.524470857726227,535,0.0
985.930445,306,224.780114,985.930444631038,5.457781360314779,306,0.0
1628.229768,492,225.105731,1628.229767806155,9.114611886635632,492,0.0
468.207856,165,225.355995,468.2078555029099,2.439075989339113,165,0.0
1585.392668,442,225.673628,1585.392668274617,9.170138576349538,442,0.0
432.639869,159,225.711292,432.63986860531156,2.2024380494962443,159,0.0
1306.402572,374,226.012983,1306.4025716108279,7.479601284582736,374,0.0
1549.09648,432,226.114158,1549.0964801661346,8.95908750668497,432,0.0
566.567377,211,226.375044,566.5673772099187,2.859468689764099,211,0.0
1781.071219,525,226.722692,1781.0712185048815,10.074434672434519,525,0.0
1539.656478,463,227.044451,1539.6564777349809,8.63692972268497,463,0.0
748.969166,253,227.104634,748.9691662082076,3.9842103873372823,253,0.0
2851.186913,826,227.7358,2851.1869134564886,16.237324626169713,826,0.0
306.369289,118,227.763424,306.3692888778999,1.5188739218280776,118,0.0
1234.304647,358,228.059431,1234.304647146576,7.03031150039166,358,0.0
1353.737092,395,228.370819,1353.7370917889841,7.691343585520682,395,0.0
1232.481574,354,228.452973,1232.4815742762764,7.047594344560434,354,0.0
1292.979167,384,228.760012,1292.9791667745878,7.293109519896446,384,0.0
1502.460604,435,229.083397,1502.4606044550137,8.562522145781069,435,0.0
2006.373235,544,229.440993,2006.3732347856894,11.725329520329868,544,0.0
2924.598036,910,230.094862,2924.598036142292,16.15602919254636,910,0.0
1950.100109,571,230.451442,1950.100109284994,11.060134654685989,571,0.0
1037.844149,355,230.755173,1037.8441485794765,5.483318307808257,355,0.0
1630.668279,500,231.084249,1630.668278719297,9.070072593471961,500,0.0
1464.541399,411,231.182774,1464.5413986453852,8.449835415642768,411,0.0
765.720241,251,231.464649,765.7202412639293,4.133967926300701,251,0.0
1246.183629,371,231.775139,1246.1836292590128,7.021962260545318,371,0.0
1779.076287,502,232.129007,1779.0762873285248,10.241543466202195,502,0.0
2224.436562,631,232.500536,2224.436562333635,12.776267084219732,631,0.0
1324.692237,407,232.80981,1324.6922365335618,7.363165252946774,407,0.0
1438.378606,406,232.906739,1438.37860558959,8.280452938744554,406,0.0
1362.125584,408,233.2217,1362.1255835274733,7.654770231158315,408,0.0
1872.675354,555,233.582091,1872.6753536543763,10.568209728420305,555,0.0
1024.352415,309,233.882614,1024.3524154369543,5.741119358767436,309,0.0
876.818542,286,233.948819,876.8185415610621,4.744017425185404,286,0.0
1279.443054,362,234.259167,1279.4430535086337,7.3597047641211395,362,0.0
478.588506,179,234.302173,478.5885056212481,2.4105269304016086,179,0.0
1237.281832,365,234.628177,1237.2818316941946,6.9985113251824655,365,0.0
1364.833297,406,234.948178,1364.833296867584,7.69233602773423,406,0.0
1605.262803,453,235.283705,1605.2628032681591,9.241530287634625,453,0.0
1333.518545,376,235.599329,1333.5185446261364,7.6807455370096065,376,0.0
1959.703606,530,235.948071,1959.7036056615586,11.463515717150955,530,0.0
1865.375959,547,236.324584,1865.3759590898576,10.574084510944925,547,0.0
597.422326,213,236.375739,597.4223255030241,3.0904191109896755,213,0.0
3466.355409,880,237.02803,3466.3554087529888,20.729597588776258,880,0.0
1306.435153,366,237.341144,1306.435152756788,7.543661983871221,366,0.0
1248.89239,360,237.429573,1248.8923897753846,7.131249137427779,360,0.0
1671.830897,469,237.771413,1671.83089725175,9.646736387702818,469,0.0
1324.826718,383,238.095389,1324.8267180051268,7.5554900579387905,383,0.0
1406.930755,398,238.413223,1406.9307554742786,8.093531778156008,398,0.0
314.80207,132,238.446434,314.8020701738226,1.474652701552334,132,0.0
1568.535952,441,238.774446,1568.535951803762,9.04317845886367,441,0.0
2591.535244,689,239.16592,2591.535244205307,15.251987621907443,689,0.0
1630.333537,483,239.508862,1630.3335371128137,9.203331568927572,483,0.0
1432.48752,432,239.837826,1432.487519932373,8.026829194648544,432,0.0
1469.671749,400,240.159273,1469.6717488085624,8.578973903747093,400,0.0
2022.690478,557,240.536516,2022.6904782249858,11.752462028179151,557,0.0
1944.932413,541,240.895339,1944.9324133102796,11.257649730390884,541,0.0
610.536268,230,240.951803,610.5362677517777,3.059538043610354,230,0.0
1359.709296,408,241.276119,1359.7092957125803,7.635955473095605,408,0.0
3349.156924,944,241.944905,3349.1569238719694,19.28135943969628,944,0.0
1948.170718,515,242.285028,1948.170718117493,11.490683105792792,515,0.0
3059.975516,807,242.941102,3059.975515589709,18.059438705854188,807,0.0
631.572767,232,242.995255,631.5727667262681,3.212196121189853,232,0.0
1830.682751,521,243.349905,1830.6827512085824,10.503147027055102,521,0.0
4033.972158,997,244.044573,4033.972157656608,24.337752397853322,997,0.0
596.041195,216,244.098651,596.0411953463882,3.0553081639138693,216,0.0
1917.095919,529,244.454505,1917.0959188653567,11.130695880153745,529,0.0
809.900717,267,244.751409,809.9007169520037,4.360170578471955,267,0.0
659.127437,229,244.806722,659.1274373568914,3.456479873216034,229,0.0
1762.616135,524,245.175595,1762.6161345147696,9.935054995989194,524,0.0
1493.818345,428,245.504023,1493.8183454355428,8.549107212006088,428,0.0
2210.287771,614,245.873943,2210.2877709438685,12.79936716070054,614,0.0
2469.47756,649,246.469466,2469.4775595860783,14.594056064344194,649,0.0
1416.52378,439,246.801975,1416.523779820669,7.843763219603481,439,0.0
1301.672753,386,246.89841,1301.672752664949,7.346572094639997,386,0.0
112.387488,67,246.915816,112.38748828860851,0.37330388069275106,67,0.0
600.432934,212,247.184741,600.4329340682062,3.1227528429236635,212,0.0
1091.907248,346,247.496348,1091.9072475582366,5.986851431749768,346,0.0
1694.443161,496,247.625695,1694.4431609339886,9.612429387886726,496,0.0
1982.597036,564,248.204603,1982.5970364473435,11.376498543635693,564,0.0
1788.814738,476,248.54481,1788.814738356232,10.526786986315278,476,0.0
1580.067185,440,248.652707,1580.0671848655857,9.143158730418376,440,0.0
1464.290974,429,248.985833,1464.2909739111358,8.30512365866233,429,0.0
1015.757598,304,249.287526,1015.7575983830566,5.712384791825397,304,0.0
1729.816587,470,249.631646,1729.816587156876,10.101724829513788,470,0.0
2036.388817,572,249.996366,2036.388816960346,11.742496600597766,572,0.0
1510.100584,418,250.31854,1510.10058355374,8.758935485193192,418,0.0
2970.436109,825,250.749719,2970.436108870437,17.199320543165815,825,0.0
3792.560324,1000,251.44932,3792.5603237366217,22.375187126679283,1000,1.0
3120.761021,836,252.115518,3120.7610212501536,18.31446235217986,836,0.0
1904.162822,560,252.481362,1904.162821885036,10.780337087212697,560,0.0
1618.622252,469,252.817498,1618.6222524204607,9.220984860825792,469,0.0
3654.739516,981,253.538019,3654.7395162124058,21.43137903843662,981,0.0
1276.650761,367,253.847379,1276.650760823616,7.297786927747443,367,0.0
3480.819104,962,254.309931,3480.8191043282673,20.191034538325706,962,0.0
1545.152872,458,254.650695,1545.1528724816758,8.720529629068931,458,0.0
1657.393035,477,254.993992,1657.3930350414194,9.46733986209255,477,0.0
3586.84314,1000,255.698134,3586.8431399062724,20.729026611304608,1000,1.0
1706.709893,500,256.04821,1706.7098926275223,9.679181022087821,500,0.0
1537.136955,455,256.388576,1537.136954813967,8.680441518495822,455,0.0
948.203409,299,256.688527,948.2034089384027,5.211379187721584,299,0.0
3018.574906,822,257.111879,3018.5749060436046,17.608690045968725,822,0.0
2634.990061,767,257.764596,2634.99006121495,14.978617324179988,767,0.0
3556.839223,1000,258.451887,3556.8392225713797,20.489696297575072,1000,1.0
3576.90345,1000,259.15545,3576.9034501695437,20.649471387990282,1000,1.0
2231.387136,696,259.549322,2231.387135668008,12.315221772672087,696,0.0
3282.75146,845,260.208772,3282.7514595864814,19.538297183475855,845,0.0
3466.761682,923,260.649138,3466.761682368048,20.389015787278698,923,0.0
3328.084772,1000,261.334937,3328.0847718699906,18.65890051616118,1000,1.0
1858.054911,535,261.687752,1858.0549108205041,10.610884192582713,535,0.0
3237.147448,1000,262.38938,3237.14744814091,17.93194882950571,1000,1.0
612.520088,244,262.679116,612.5200877917093,2.9640760250593354,244,0.0
2709.286494,728,263.092658,2709.286493890142,15.88268212277846,728,0.0
2319.368583,641,263.707535,2319.3685825634802,13.456645238192776,641,0.0
3016.889178,787,264.127061,3016.8891777804897,17.87350172176312,787,0.0
1723.709613,505,264.474033,1723.709612871817,9.774974569129338,505,0.0
3445.606881,1000,265.16113,3445.606880850345,19.59876918888149,1000,1.0
2239.837985,631,265.544114,2239.8379852616536,12.900199453494174,631,0.0
1785.723717,478,265.88198,1785.7237174353465,10.485777642713606,478,0.0
2135.199249,612,266.256602,2135.199249447764,12.214147204475278,612,0.0
2251.372626,605,266.83584,2251.3726262879186,13.198956126848689,605,0.0
1456.323033,448,266.943912,1456.3230327425522,8.09023823063876,448,0.0
1945.397825,543,267.313191,1945.3978247548719,11.245635671161498,543,0.0
2776.249844,730,267.936066,2776.2498444605308,16.402151555308265,730,0.0
560.000038,200,267.983781,560.0000381034274,2.894472359770395,200,0.0
1873.483587,511,268.335301,1873.4835868986559,10.924798700175245,511,0.0
1960.648676,565,268.692242,1960.6486756808,11.192308350778655,565,0.0
1723.98257,460,269.018748,1723.9825704381744,10.1354309750022,460,0.0
1894.336011,487,269.358208,1894.3360107995468,11.283135964411606,487,0.0
2302.495031,618,269.731769,2302.495031262998,13.505598211697441,618,0.0
1716.345741,461,270.063406,1716.345740596119,10.066174528197813,461,0.0
1592.177018,459,270.393988,1592.177018308332,9.088578346450028,459,0.0
2953.988526,842,271.034986,2953.9885262127464,16.93264726383236,842,0.0
1269.458328,384,271.345512,1269.4583275720188,7.104981760409055,384,0.0
817.19816,288,271.416892,817.1981595499993,4.25172146020576,288,0.0
2594.290265,1000,272.094397,2594.2902647437436,12.79072122632349,1000,1.0
1485.482436,450,272.422081,1485.4824364328867,8.30745933556678,450,0.0
2653.018967,675,272.805365,2653.0189665042994,15.854974841208545,675,0.0
2617.655023,677,273.426712,2617.6550227990597,15.556340572230697,677,0.0
1924.133614,494,273.778518,1924.133613573526,11.465578302695596,494,0.0
2173.676318,559,274.136631,2173.676317990481,12.944211912233031,559,0.0
1057.296685,304,274.224659,1057.2966853442178,6.044189380082522,304,0.0
1454.54921,410,274.548391,1454.5492100784893,8.378635519319667,410,0.0
1065.675919,306,274.873433,1065.675918540767,6.095488214821282,306,0.0
1485.018985,430,275.202129,1485.0189848497466,8.463065244868915,430,0.0
1435.561768,388,275.297473,1435.5617682540992,8.40180963349955,388,0.0
3675.692428,1000,276.002075,3675.6924278593024,21.43975270886774,1000,1.0
2330.213058,627,276.593003,2330.2130583814946,13.655931629304147,627,0.0
499.38558,175,276.634839,499.3855797114703,2.608710445381266,175,0.0
1485.289608,408,276.939771,1485.2896075827252,8.639981101463507,408,0.0
1525.010031,414,277.03717,1525.0100309298866,8.910411144988265,414,0.0
2218.417378,625,277.621003,2218.417378430804,12.776741188683284,625,0.0
555.537247,214,277.67163,555.5372474333766,2.747537561730878,214,0.0
1392.888193,457,277.993066,1392.8881928837668,7.511258238226768,457,0.0
905.36157,289,278.274689,905.36157033745,4.948695703684444,289,0.0
1537.34275,414,278.373969,1537.3427503047835,9.009058791215045,414,0.0
1367.798062,403,278.685622,1367.798062132827,7.740304167718009,403,0.0
1246.424329,342,278.976751,1246.4243289403926,7.254601522122952,342,0.0
1526.783596,427,279.286588,1526.7835960076131,8.820972958895336,427,0.0
482.57785,172,279.329063,482.5778498771545,2.4981774657887885,172,0.0
527.679275,196,279.376569,527.6792748401183,2.66791806740836,196,0.0
2820.153051,739,279.975199,2820.1530513386106,16.682925856742894,739,0.0
1030.026568,296,280.045463,1030.0265677204297,5.890038857170158,296,0.0
1169.218011,568,280.603503,1169.218011396085,4.837044256395347,568,0.0
1036.417101,309,280.676049,1036.4171007356874,5.837837859855803,309,0.0
2875.284855,731,281.265732,2875.2848553997023,17.186734010033906,731,0.0
820.656297,259,281.327055,820.6562973688187,4.5100848358450945,259,0.0
534.632727,183,281.369448,534.6327265268078,2.8269873839690365,183,0.0
2775.726971,686,281.946618,2775.7269708864396,16.74899732309702,686,0.0
1953.523016,532,282.275797,1953.523016339143,11.39849554302803,532,0.0
1937.974729,559,282.61117,1937.9747286649358,11.058964548107479,559,0.0
2431.720055,659,282.97029,2431.7200547761317,14.212464752324504,659,0.0
1571.670115,427,283.274441,1571.6701152276921,9.179780230527715,427,0.0
2603.425187,645,283.632964,2603.4251865099745,15.697229274376829,645,0.0
2122.609702,561,283.966922,2122.6097017386164,12.520043660749996,561,0.0
532.695415,190,284.218859,532.6954154274016,2.7557927965173943,190,0.0
709.387944,230,284.270981,709.387944110114,3.8509131805312156,230,0.0
2453.579383,670,284.634189,2453.579382706823,14.299119793160214,670,0.0
2618.259489,719,285.21035,2618.259488541737,15.22720516460934,719,0.0
1850.121934,532,285.544862,1850.121933950736,10.57137681498972,532,0.0
424.202268,154,285.57967,424.20226762291065,2.1747884730909757,154,0.0
2799.32276,764,286.151645,2799.322759733881,16.316954194293317,764,0.0
2455.023718,671,286.5184,2455.02371823839,14.303520177925376,671,0.0
1472.112846,422,286.829008,1472.112845888915,8.422920953614407,422,0.0
1610.08855,477,287.145567,1610.0885501684988,9.089418894728198,477,0.0
536.332729,203,287.192551,536.3327288021484,2.6817351000172334,203,0.0
525.079285,193,287.443967,525.0792853002403,2.671137089909213,193,0.0
2183.062152,615,287.789009,2183.0621517509244,12.573624653005247,615,0.0
3105.320176,803,288.178542,3105.320175915298,18.45382654858785,803,0.0
2879.047088,765,288.809039,2879.0470878464807,16.946443611403353,765,0.0
1707.137665,504,289.146309,1707.1376652467363,9.650251362378754,504,0.0
2706.745229,725,289.548042,2706.7452289382213,15.88700789668075,725,0.0
1884.08443,560,289.885001,1884.0844297704934,10.619688453296343,560,0.0
509.96263,190,290.135353,509.96263039925077,2.5741050535858006,190,0.0
3231.191942,1000,290.782198,3231.1919423692334,17.885076429903652,1000,1.0
1207.22345,354,290.864185,1207.2234498682071,6.845889836438455,354,0.0
3638.007109,1000,291.50545,3638.0071087055503,21.138154472395485,1000,1.0
2706.259644,696,292.073789,2706.259644326089,16.113999403784316,696,0.0
1913.453497,555,292.418465,1913.4534967748023,10.89503201547473,555,0.0
2251.861406,581,292.758702,2251.86140550288,13.394504625347375,581,0.0
3230.521766,876,293.376179,3230.521765545394,18.87418575109569,876,0.0
1672.527401,472,293.485521,1672.5274008624515,9.628778018998185,472,0.0
3220.00719,830,294.10042,3220.007190327295,19.15620022892035,830,0.0
3665.237341,1000,294.826523,3665.2373409613274,21.356960328889837,1000,1.0
1550.108041,490,295.189318,1550.1080407546197,8.505685371822167,490,0.0
881.284699,283,295.490366,881.2846994425493,4.803739850235989,283,0.0
2888.819135,794,295.910487,2888.819135220824,16.793137763241216,794,0.0
2226.695147,603,296.281991,2226.695147296674,13.017890406153386,603,0.0
2275.004936,579,296.657927,2275.0049355556766,13.595915446342373,579,0.0
2583.887787,689,297.286921,2583.887786610067,15.190712395962434,689,0.0
1906.358707,488,297.644027,1906.3587065840431,11.371295946414259,488,0.0
544.513664,196,297.69385,544.5136635369454,2.802450794674136,196,0.0
1134.695674,335,298.004855,1134.6956744310992,6.417178005051292,335,0.0
2963.521614,800,298.426613,2963.521613934901,17.343064913005644,800,0.0
473.02288,167,298.697493,473.02288002385706,2.4616617465572412,167,0.0
3829.147959,1000,299.385583,3829.147958719487,22.666928594439028,1000,1.0
2118.537982,543,299.736839,2118.537981532936,12.630513827209002,543,0.0
439.989932,171,299.77845,439.989931560722,2.165092573388629,171,0.0
3190.486047,838,300.378463,3190.4860473134518,18.85582438498098,838,0.0
1696.67519,480,300.685727,1696.675189738672,9.758122767475786,480,0.0
386.059226,146,300.71763,386.05922614543124,1.9331663742683753,146,0.0
2260.803037,564,301.035403,2260.8030365361233,13.601452250542392,564,0.0
1883.658512,475,301.344024,1883.6585117212649,11.293245693489654,475,0.0
3917.930599,1000,301.971633,3917.9305989402437,23.377649843986163,1000,1.0
3188.020275,770,302.342883,3188.020274817922,19.37815562770682,770,0.0
456.34875,169,302.588362,456.34874994725885,2.3121353556163777,169,0.0
1511.154055,431,302.887196,1511.1540551644616,8.664023864804088,431,0.0
2078.603914,545,303.209847,2078.6039140062107,12.295456237765547,545,0.0
1379.955178,373,303.294298,1379.9551778392981,8.076132340835688,373,0.0
1360.458842,379,303.583577,1360.4588415758765,7.872361128901951,379,0.0
365.114046,143,303.616495,365.11404564592874,1.7892444900153481,143,0.0
1310.328701,353,303.899697,1310.3287008035984,7.678577227812495,353,0.0
684.81522,244,304.158809,684.8152200641823,3.5427674768636144,244,0.0
1340.203643,406,304.248282,1340.2036432799644,7.494916165637785,406,0.0
1918.184146,530,304.575234,1918.1841463255546,11.131239812339533,530,0.0
1886.738554,531,304.91383,1886.7385536908212,10.872159658107766,531,0.0
2846.888467,701,305.484033,2846.8884670808807,17.198967947282743,701,0.0
674.208896,233,305.538913,674.2088957754128,3.545062270697522,233,0.0
1846.920167,542,305.870404,1846.9201674880644,10.466218954085527,542,0.0
3880.008789,1000,306.502288,3880.008789091102,23.073946809793558,1000,1.0
2259.72577,706,307.068547,2259.725770355064,12.46204146652091,706,0.0
1259.786085,374,307.150739,1259.7860850198872,7.106356416788501,374,0.0
1812.823968,480,307.46256,1812.8239681999748,10.686970712109165,480,0.0
978.174553,287,307.728093,978.1745530873604,5.546933260427096,287,0.0
3998.932155,1000,308.356858,3998.9321550498576,24.025380835002174,1000,1.0
1429.457196,387,308.649469,1429.4571955722918,8.360707766708684,387,0.0
1463.433058,417,308.741995,1463.4330582407295,8.393707824420552,417,0.0
689.611412,228,308.994025,689.6114116548707,3.708266919347574,228,0.0
120.146961,65,309.008206,120.1469614215349,0.45120583463975433,65,0.0
2869.210721,746,309.380868,2869.2107213398726,17.019141843828052,746,0.0
2024.388875,548,309.716383,2024.3888745292445,11.836866367739354,548,0.0
3102.924905,757,310.294474,3102.924905035994,18.800789857268306,757,0.0
1254.495122,366,310.610489,1254.4951222230548,7.12852793354922,366,0.0
2051.096684,581,310.960637,2051.0966836105003,11.789006629411423,581,0.0
2908.815522,717,311.323383,2908.8155221587385,17.566575406020437,717,0.0
2552.844136,652,311.674755,2552.8441362001563,15.236362507206954,652,0.0
635.664809,227,311.927562,635.664808694274,3.284547722914262,227,0.0
2697.977834,692,312.287266,2697.9778341082238,16.079166661948392,692,0.0
1242.597703,376,312.583032,1242.5977025345833,6.954032438200479,376,0.0
2213.164731,615,312.921632,2213.164731192428,12.81448212616445,615,0.0
2435.480668,615,313.263697,2435.4806677821434,14.592767460875304,615,0.0
1725.495764,482,313.574152,1725.4957638367373,9.97245841808399,482,0.0
1142.591676,354,313.856516,1142.5916763281186,6.32927154624292,354,0.0
3607.767265,1000,314.48625,3607.7672654194234,20.89584657654869,1000,1.0
1695.356626,464,314.79526,1695.3566260336868,9.874674561753107,464,0.0
2480.488426,621,315.133794,2480.4884259560863,14.90522571508384,621,0.0
516.632898,184,315.17368,516.6328982962958,2.67497883648944,184,0.0
595.556348,217,315.423809,595.55634779924,3.0433912005618895,217,0.0
1411.251167,386,315.708646,1411.2511674066209,8.22300952229045,386,0.0
1956.471895,516,316.021983,1956.4718948529605,11.548937695474578,516,0.0
1964.760472,517,316.338323,1964.76047216678,11.607499251724859,517,0.0
706.691439,242,316.392723,706.6914394722525,3.733388932524225,242,0.0
1566.494998,416,316.6951,1566.4949977669266,9.226010064547948,416,0.0
2427.754847,645,317.054351,2427.754847354576,14.291660101433974,645,0.0
1527.449782,441,317.373655,1527.449782051646,8.71454468030043,441,0.0
1826.19113,490,317.686069,1826.1911301178648,10.71436403043197,490,0.0
2504.053804,630,318.032119,2504.0538036300145,15.021229057483957,630,0.0
2275.154496,573,318.364868,2275.154496486885,13.64478055747601,573,0.0
2042.834473,547,318.698288,2042.83447255978,11.992984624478813,547,0.0
2713.714659,735,319.277345,2713.7146590215034,15.862860703013169,735,0.0
2298.403192,613,319.622474,2298.4031916352787,13.51202627196636,613,0.0
1459.458418,415,319.9249,1459.458418252389,8.37774523499777,415,0.0
1781.505492,462,320.231245,1781.5054923822945,10.579508876349472,462,0.0
1557.056742,449,320.535,1557.0567422485135,8.887936986635752,449,0.0
3774.42661,1000,321.166015,3774.4266100536047,22.22862940958029,1000,1.0
777.522093,266,321.226095,777.5220929772079,4.109100060527357,266,0.0
3916.370737,1000,321.862967,3916.3707371019705,23.3645701761495,1000,1.0
858.380253,281,322.129035,858.3802526126657,4.636292767171971,281,0.0
2076.857794,549,322.459201,2076.8577940797486,12.249447308118874,549,0.0
3616.854531,1000,323.116332,3616.854531323508,20.968623331087397,1000,1.0
3603.302395,1000,323.833704,3603.302394599062,20.859621257125347,1000,1.0
2210.409303,620,324.221778,2210.409303236651,12.75197707172495,620,0.0
2897.231429,756,324.627399,2897.231429407441,17.1633970180383,756,0.0
2980.720949,746,325.288737,2980.720948713492,17.910810776011147,746,0.0
3815.331965,1000,326.09203,3815.3319647303115,22.556301118089095,1000,1.0
1921.703783,530,326.53962,1921.7037825194964,11.159474927839325,530,0.0
2056.60179,532,326.950112,2056.601790317472,12.222585606140255,532,0.0
1865.415679,505,327.378228,1865.415678922464,10.908372457942221,505,0.0
781.553726,266,327.466031,781.5537255369643,4.140974671996612,266,0.0
843.971466,269,327.838716,843.9714658772127,4.616474179702459,269,0.0
516.644684,181,327.89296,516.6446844773166,2.6989576128438375,181,0.0
3722.940556,936,328.783105,3722.940555748267,22.335009766150012,936,0.0
3975.356956,1000,329.716768,3975.356956195966,23.83593847602753,1000,1.0
3810.879213,959,330.770863,3810.8792126170015,22.854841960685313,959,0.0
3824.82087,1000,331.745065,3824.8208700987043,22.63239956507403,1000,1.0
3976.227843,1000,332.668676,3976.227842724201,23.8435514208108,1000,1.0
1192.440241,349,332.791891,1192.4402409693778,6.767506244731768,349,0.0
730.190409,246,333.199074,730.1904086583914,3.8894218572050603,246,0.0
1274.788007,362,333.759659,1274.7880073849467,7.322635204768473,362,0.0
2674.224611,669,334.313926,2674.2246106709335,16.0721296828119,669,0.0
2760.585951,707,334.864046,2760.5859505421568,16.460319933747215,707,0.0
2395.361828,614,335.366679,2395.3618282268562,14.27928311725169,614,0.0
3804.035831,1000,336.270736,3804.035830999902,22.466562078168177,1000,1.0
641.87088,244,336.60394,641.8708800207161,3.1994538641007892,244,0.0
526.162313,188,336.659603,526.1623134028251,2.719133879533667,188,0.0
3838.916255,1000,337.438873,3838.9162551881645,22.74516222359232,1000,1.0
1822.710191,617,337.825461,1822.710190558284,9.67490815061565,617,0.0
669.253897,280,338.087077,669.2538968562035,3.1320832766582276,280,0.0
3353.336494,830,338.663582,3353.3364944472587,20.223024849547592,830,0.0
733.275294,258,338.721648,733.2752941978135,3.81859626270437,258,0.0
2715.444222,678,339.066117,2715.444221663455,16.329794345078483,678,0.0
1335.396855,364,339.34246,1335.3968548443981,7.791468154247747,364,0.0
1022.717583,302,339.610302,1022.7175831625838,5.783804731587804,302,0.0
3728.786372,943,340.243417,3728.7863715329772,22.325978631424043,943,0.0
1563.107894,425,340.336239,1563.1078935363573,9.12701235637926,425,0.0
2842.407981,705,340.899482,2842.4079814659267,17.131363049089973,705,0.0
1828.730979,502,341.239391,1828.7309789983779,10.638774044086398,502,0.0
521.178984,202,341.288573,521.1789840970325,2.5680158246555522,202,0.0
1176.661411,367,341.586543,1176.6614110114306,6.498165598328807,367,0.0
2739.650507,676,341.946661,2739.6505069446775,16.540463676715657,676,0.0
1823.945156,470,342.261008,1823.9451562327845,10.855442880833362,470,0.0
656.835236,211,342.519621,656.835235597301,3.5814569947931223,211,0.0
1249.271938,375,342.609922,1249.2719384483823,7.01503713987968,375,0.0
3659.405983,1000,343.269539,3659.40598309826,21.309241184348714,1000,1.0
2799.171788,732,343.85802,2799.171788270571,16.569517506324605,732,0.0
2117.42363,551,344.175624,2117.423630057391,12.557589372778496,551,0.0
3824.416498,1000,344.795122,3824.4164976895595,22.62890353413487,1000,1.0
3849.169165,1000,345.417862,3849.1691645859314,22.826267979010435,1000,1.0
2329.493326,596,345.746232,2329.4933263669877,13.896140404587577,596,0.0
709.389643,238,345.8001,709.3896434707567,3.78726352800429,238,0.0
1236.28472,340,346.074402,1236.2847202591595,7.1896466554442355,340,0.0
1925.877492,500,346.385073,1925.8774920260355,11.431745587018915,500,0.0
2027.593723,553,346.704652,2027.5937233497987,11.82357374387283,553,0.0
1491.19656,416,346.994994,1491.1965601591291,8.623540913355832,416,0.0
1557.212215,439,347.292937,1557.2122149652164,8.968476004887048,439,0.0
710.863196,238,347.34393,710.8631960034286,3.798853205117423,238,0.0
1995.343244,531,347.654128,1995.3432440870865,11.739976901019142,531,0.0
1359.541976,376,347.928466,1359.5419757481236,7.889292813862522,376,0.0
1172.674776,319,347.997404,1172.6747755265926,6.84823680844457,319,0.0
1330.720662,374,348.279503,1330.7206620817735,7.6744301294762325,374,0.0
1968.945153,509,348.586897,1968.9451532852281,11.704725634832414,509,0.0
1374.480969,390,348.866985,1374.4809692152419,7.896574313587216,390,0.0
1725.128311,438,349.158402,1725.1283110005152,10.319363432198625,438,0.0
4216.738975,1000,349.771942,4216.73897500085,25.767338723929083,1000,1.0
3102.096889,782,350.139839,3102.0968891354946,18.595502389494857,782,0.0
3894.632691,896,350.729578,3894.6326911041115,24.027033393109495,896,0.0
2724.661478,704,351.0834,2724.6614777826367,16.196471751281898,704,0.0
2603.404229,692,351.63281,2603.40422946929,15.322911183833458,692,0.0
1117.789171,312,351.700372,1117.789171144423,6.465088960717887,312,0.0
1858.030361,501,352.009254,1858.0303607765127,10.881081267614292,501,0.0
1666.609111,446,352.305145,1666.609110847174,9.78790500486176,446,0.0
2303.91844,617,352.636764,2303.9184400573436,13.524193089218107,617,0.0
1090.043065,314,352.90055,1090.043064684556,6.227148575383762,314,0.0
1398.828007,374,353.179236,1398.8280073140488,8.218832859563989,374,0.0
3030.008084,891,353.764283,3030.008084474203,17.1495921950369,891,0.0
972.983057,288,353.829892,972.9830572107466,5.497650952067697,288,0.0
3957.552012,1000,354.44295,3957.5520121845307,23.694391666032466,1000,1.0
3935.193786,1000,355.054387,3935.193786188973,23.514946661401837,1000,1.0
1593.307229,443,355.349181,1593.307228629767,9.22559397581358,443,0.0
547.109765,192,355.39154,547.1097645017755,2.8549704981621122,192,0.0
1435.157088,401,355.674885,1435.1570880218837,8.294725831506934,401,0.0
406.341153,150,355.707025,406.34115336491243,2.063522177414447,150,0.0
3796.282507,934,356.307364,3796.282507453018,22.937685643878915,934,0.0
1428.568209,395,356.592305,1428.5682086003994,8.289885619571486,395,0.0
578.00565,196,356.635477,578.0056504098303,3.0703788425203986,196,0.0
3781.405445,905,357.22355,3781.405445221572,23.050329952682265,905,0.0
3889.145209,974,357.829663,3889.1452089335444,23.36210425745912,974,0.0
3970.792052,1000,358.457098,3970.792051607448,23.800256420386,1000,1.0
587.258543,205,358.502517,587.2585427187042,3.0731995882959153,205,0.0
3959.320516,948,359.107192,3959.320516030903,24.130588353770925,948,0.0
2072.539164,555,359.424652,2072.5391642695317,12.167658656173959,555,0.0
2490.525926,661,359.96186,2490.525926257928,14.666566664984273,661,0.0
2494.81785,622,360.296653,2494.81785018387,15.011467800808617,622,0.0
638.67332,222,360.344285,638.6733196011825,3.3489931779551956,222,0.0
911.898591,271,360.600026,911.8985910577726,5.143912134015672,271,0.0
3996.696553,1000,361.215425,3996.6965534987758,24.007780928585944,1000,1.0
617.151716,216,361.262966,617.1517158212149,3.2246554300606336,216,0.0
4274.523018,1000,361.866494,4274.523017949549,26.22990350166155,1000,1.0
1949.368591,500,362.169432,1949.3685910718457,11.61971987119536,500,0.0
1947.291572,507,362.468389,1947.2915720511803,11.547622710472423,507,0.0
702.716599,257,362.718355,702.7165986812644,3.5830217294839892,257,0.0
712.645896,239,362.769722,712.6458960561602,3.805127100701113,239,0.0
1428.45075,375,363.043994,1428.4507499678825,8.448618351970284,375,0.0
4177.784881,1000,363.650261,4177.784880973851,25.456235299816242,1000,1.0
1913.355835,490,363.954946,1913.3558350306787,11.411238422035302,490,0.0
4080.901617,1000,364.580196,4080.9016174357307,24.68134296964007,1000,1.0
673.813906,213,364.627528,673.8139062030478,3.7017515528231906,213,0.0
582.696639,194,364.670561,582.696638866414,3.123930231365132,194,0.0
2783.035877,693,365.213652,2783.0358774652914,16.751652817771458,693,0.0
535.173826,194,365.254873,535.1738255480107,2.7436076535152543,194,0.0
682.515053,265,365.50821,682.5150528145477,3.358045110956198,265,0.0
540.106922,190,365.548659,540.1069223579605,2.814850763783142,190,0.0
1637.840806,443,365.840789,1637.840806425587,9.58187867688139,443,0.0
1080.652042,311,365.907939,1080.6520422365645,6.1755805133081125,311,0.0
758.041681,257,366.162367,758.0416809915909,4.0246478415536675,257,0.0
2635.980493,640,366.496592,2635.9804929231573,15.997423495880177,640,0.0
2670.737395,645,366.83212,2670.737395110828,16.235618341519935,645,0.0
4172.167381,1000,367.448363,4172.167381490853,25.411496611758444,1000,1.0
4144.464725,1000,368.075243,4144.464724553822,25.19008046204472,1000,1.0
3144.298654,776,368.677886,3144.2986539885082,18.980994380802752,776,0.0
1790.67397,447,368.978247,1790.6739695267277,10.772757858238721,447,0.0
1194.852127,346,369.054108,1194.8521268598145,6.81072115162936,346,0.0
4090.654225,1000,369.669474,4090.6542253486964,24.759280712306218,1000,1.0
4248.80012,1000,370.292897,4248.80011995452,26.023974512722482,1000,1.0
1436.139261,392,370.575331,1436.1392605819376,8.374013538342982,392,0.0
714.153582,228,370.82441,714.1535817057253,3.9046471558126696,228,0.0
3138.007316,731,371.20204,3138.0073156236986,19.288505647951805,731,0.0
1834.608065,492,371.554037,1834.6080645036814,10.765606502699043,492,0.0
1558.965575,448,371.87262,1558.9655754786158,8.91182987291734,448,0.0
1102.41513,323,371.951221,1102.415130039416,6.25411914865836,323,0.0
1479.294066,381,372.247529,1479.294065686974,8.807081490870424,381,0.0
1662.595483,437,372.545233,1662.5954830548944,9.827572878768846,437,0.0
4182.239168,1000,373.17335,4182.2391678363465,25.49183242262315,1000,1.0
3494.324179,846,373.76494,3494.324178647192,21.222807510913814,846,0.0
1709.264485,439,374.050055,1709.26448535275,10.184865140817747,439,0.0
509.658872,184,374.08863,509.65887169841335,2.619133187276208,184,0.0
1664.031884,435,374.390592,1664.0318842230727,9.855158184791645,435,0.0
2164.4811,554,374.706308,2164.481099569133,12.910661543146798,554,0.0
746.407346,241,374.759445,746.4073463040355,4.059090683666949,241,0.0
2026.537274,499,375.064251,2026.5372740508194,12.245488576552367,499,0.0
1441.93087,384,375.350269,1441.9308699902954,8.484960919996066,384,0.0
2419.841987,592,375.671361,2419.841986841478,14.650447825182816,592,0.0
545.98694,194,375.916612,545.986940474449,2.8304613298370653,194,0.0
1932.404242,509,376.224194,1932.4042423967774,11.41224831599614,509,0.0
1082.088184,304,376.289214,1082.0881841503096,6.242977670025277,304,0.0
4144.193366,1000,376.885002,4144.193365679173,25.187337888021396,1000,1.0
2519.420723,750,377.436276,2519.420723061403,14.188386147118907,750,0.0
839.96172,250,377.489793,839.9617203709653,4.736207372549349,250,0.0
3855.562442,1000,378.094668,3855.562442352053,22.878836777588752,1000,1.0
1510.054116,416,378.381787,1510.0541157995224,8.77541818487857,416,0.0
1478.876741,373,378.654994,1478.8767411502765,8.867803831407317,373,0.0
1558.001812,393,378.738097,1558.0018123479238,9.341480355736454,393,0.0
2564.536303,619,379.263977,2564.5363026219115,15.59304704563946,619,0.0
2920.034613,755,379.614532,2920.034613209651,17.353364260682802,755,0.0
735.410242,242,379.66591,735.4102421894015,3.9633613385854627,242,0.0
682.298102,248,379.91081,682.2981019810235,3.4904620063796066,248,0.0
2089.345478,533,380.228204,2089.3454777429547,12.476731020943227,533,0.0
557.991183,192,380.269568,557.9911834296,2.942094041316713,192,0.0
1099.554332,308,380.538238,1099.5543321339626,6.3505018400223765,308,0.0
2551.462651,625,380.888044,2551.462650557191,15.44121160106195,625,0.0
3845.067231,866,381.523637,3845.067231389217,23.870377340664078,866,0.0
1688.360141,446,381.861176,1688.3601406601576,9.96206347532539,446,0.0
746.108844,243,381.918604,746.1088441064154,4.040985706093564,243,0.0
2439.791947,640,382.283778,2439.7919473215657,14.428643036566262,640,0.0
3157.743697,770,382.858642,3157.7436972086057,19.13686288860364,770,0.0
3523.185621,868,383.471551,3523.1856214763498,21.278716115733804,868,0.0
468.645482,166,383.507036,468.6454816550291,2.434484598547253,166,0.0
640.306497,217,383.554645,640.3064970534544,3.4016681128412634,217,0.0
1284.263732,352,383.83269,1284.263731885854,7.477995702652543,352,0.0
712.77122,243,384.090515,712.7712199090553,3.7741809535537247,243,0.0
3759.944335,901,384.487708,3759.9443354414493,22.91009721295158,901,0.0
726.528368,237,384.75316,726.5283682595876,3.9321614033042858,237,0.0
1053.544954,372,385.034841,1053.5449539875615,5.472901289161116,372,0.0
1367.000554,440,385.130857,1367.0005536186632,7.4384060633677205,440,0.0
2999.676897,704,385.687808,2999.6768969590375,18.396978434016596,704,0.0
2757.919621,690,386.059151,2757.919621264399,16.574599855829582,690,0.0
3903.341468,1000,386.676407,3903.3414676197413,23.261493567717114,1000,1.0
2755.68006,878,387.290314,2755.6800599853123,15.06030771846366,878,0.0
4056.14761,1000,388.005199,4056.1476098957005,24.483683537865232,1000,1.0
1640.332924,432,388.351357,1640.332924484918,9.689362177716133,432,0.0
1508.548447,402,388.46043,1508.5484465816771,8.87463021806331,402,0.0
2862.184618,730,389.181384,2862.1846183767148,17.0900863330154,730,0.0
2405.441345,628,389.650913,2405.4413451833066,14.249072743500669,628,0.0
1027.508932,303,390.020127,1027.5089319391543,5.814047913705102,303,0.0
1608.114948,418,390.154202,1608.114948419341,9.543382299306423,418,0.0
1058.703683,317,390.546936,1058.703682944642,5.952019744425993,317,0.0
4113.35384,1000,391.464833,4113.353839980827,24.941244899318885,1000,1.0
2335.429275,597,391.935095,2335.429275335976,13.935025399997368,597,0.0
1326.566685,351,392.31315,1326.5666847608259,7.824114792528354,351,0.0
4165.066452,1000,393.171452,4165.06645198808,25.35439436078636,1000,1.0
524.468957,183,393.232533,524.4689572291032,2.745503658573555,183,0.0
1434.616852,398,393.681446,1434.6168524475956,8.31434039398447,398,0.0
525.366118,195,393.746849,525.3661178644643,2.657633149987748,195,0.0
1356.994269,379,394.132063,1356.9942685753094,7.844871756820739,379,0.0
2100.938316,526,394.588552,2100.9383159263202,12.625330943808637,526,0.0
1328.450583,348,394.968863,1328.4505830179692,7.863174771679213,348,0.0
2622.097758,699,395.474567,2622.097757610793,15.416080344729664,699,0.0
2706.223069,677,395.950477,2706.223069436887,16.264941657899268,677,0.0
3919.860561,1000,396.849666,3919.8605614215194,23.392945232796723,1000,1.0
4199.477835,1000,397.75704,4199.477835380512,25.63034958614347,1000,1.0
4135.497661,1000,398.661536,4135.4976614089455,25.118224118809056,1000,1.0
720.855947,235,399.04565,720.8559471202882,3.9027887258226848,235,0.0
108.276724,63,399.066861,108.27672350245611,0.3722634257750281,63,0.0
2573.956623,649,399.566099,2573.956622730347,15.429669004118924,649,0.0
1408.068704,371,399.959534,1408.068703581481,8.316695494263575,371,0.0
3876.146676,916,400.853739,3876.14667628897,23.720383801719574,916,0.0
3605.137926,840,401.395834,3605.13792597503,22.157624291243085,840,0.0
622.258199,193,401.752709,622.2581986333671,3.4481848675062534,193,0.0
1449.347844,417,401.881975,1449.3478435894526,8.281566125088975,417,0.0
1926.292633,512,402.328403,1926.2926326246693,11.339797261641259,512,0.0
2889.687236,715,403.137969,2889.687236306064,17.429932741449534,715,0.0
705.487612,242,403.220556,705.4876121683919,3.7237666507957026,242,0.0
3995.69502,1000,404.133761,3995.695020326639,23.99974727199222,1000,1.0
1639.763885,431,404.575599,1639.763885101019,9.692724458937112,431,0.0
1022.402234,293,404.975595,1022.4022335241152,5.852900247648233,293,0.0
3920.474549,906,405.861653,3920.474548572941,24.154251720139076,906,0.0
4137.109489,1000,406.510201,4137.109489136688,25.130470945283427,1000,1.0
658.626977,216,406.888371,658.6269767783555,3.556465251254642,216,0.0
1530.027152,414,407.344242,1530.0271522652065,8.950197697871493,414,0.0
3924.006716,1000,408.327558,3924.006716201718,23.425718607041475,1000,1.0
519.330016,191,408.382871,519.3300164514866,2.6412196919913913,191,0.0
654.391313,204,408.443388,654.3913127072047,3.6179285936438546,204,0.0
552.352932,176,408.768827,552.3529322346293,3.0247228927508667,176,0.0
562.099089,200,408.833223,562.0990886284054,2.9119602769080677,200,0.0
618.824489,198,409.192553,618.8244885141872,3.3811186646267077,198,0.0
3020.032295,755,409.726792,3020.0322950440573,18.153651270477184,755,0.0
1728.52074,463,410.161963,1728.5207403230086,10.148190749203849,463,0.0
1744.888948,441,410.588767,1744.888948107503,10.453981605273805,441,0.0
3666.499829,962,411.45748,3666.499828972909,21.67707176795553,962,0.0
3502.652206,1000,412.320065,3502.6522060037323,20.0550945489607,1000,1.0
1873.972317,495,412.743139,1873.9723165807554,11.056415035250046,495,0.0
2870.014629,711,413.252531,2870.0146285344554,17.30444329953672,711,0.0
1496.495126,413,413.672996,1496.4951263369192,8.689710800140082,413,0.0
1091.574753,335,413.780141,1091.5747534591032,6.072706095560663,335,0.0
3018.680489,718,414.563543,3018.6804891992674,18.437453301018802,718,0.0
767.045365,239,414.638343,767.0453645314802,4.240242189156083,239,0.0
2003.620214,513,415.060187,2003.6202136926622,11.950113100931537,513,0.0
3988.516979,1000,415.883913,3988.516978830932,23.94218791033154,1000,1.0
542.652659,190,416.21248,542.6526588642982,2.8355550884168705,190,0.0
2034.065252,537,416.682795,2034.0652519998157,12.002958214832855,537,0.0
3958.874418,1000,417.535015,3958.874418238003,23.712552596344157,1000,0.0
615.137046,228,417.602147,615.1370456251816,3.1134087410712907,228,0.0
2411.129803,613,418.05739,2411.129803030207,14.413954366162718,613,0.0
803.469444,241,418.379684,803.4694437312443,4.515765834713367,241,0.0
494.778105,171,418.427194,494.7781053123756,2.603816962894979,171,0.0
4081.264214,1000,419.199071,4081.264213826806,24.6843559440296,1000,1.0
1822.411029,464,419.606271,1822.4110292415016,10.891048169821415,464,0.0
3369.864459,787,420.108324,3369.864459465055,20.697198670903447,787,0.0
2687.042444,684,420.831535,2687.0424439042963,16.05516123179417,684,0.0
510.126898,168,420.878357,510.12689810884405,2.750415769611316,168,0.0
2286.546744,554,421.300763,2286.546744170548,13.886962680399488,554,0.0
2426.796803,614,421.768178,2426.796803294959,14.53127840265576,614,0.0
1243.607623,336,422.136959,1243.6076231112113,7.279975747438046,336,0.0
135.243672,69,422.155922,135.24367186378268,0.5400999069472812,69,0.0
470.970045,166,422.482075,470.9700445181005,2.4532793715706194,166,0.0
1301.993709,343,422.587633,1301.993709146163,7.69143311301434,343,0.0
564.726236,197,422.920511,564.7262362871558,2.9563622793611186,197,0.0
1480.542304,393,423.051027,1480.5423044190331,8.722159652788612,393,0.0
516.8176,174,423.378735,516.8175999079598,2.7563512566041193,174,0.0
4126.725157,1000,424.202116,4126.725157345752,25.048159595241685,1000,1.0
3429.195001,845,424.72061,3429.1950014366807,20.710493071803743,845,0.0
1719.802032,448,425.099008,1719.8020324456477,10.197841300833758,448,0.0
1309.15416,356,425.44218,1309.154159695283,7.645300503619204,356,0.0
2889.252482,684,425.883262,2889.25248182789,17.67255193689719,684,0.0
3704.767839,1000,426.666549,3704.7678392669104,21.67203786742586,1000,1.0
1342.382043,371,427.02034,1342.3820431525346,7.79212346512135,371,0.0
349.396783,131,427.057018,349.3967825925379,1.7595289195982227,131,0.0
951.364695,267,427.385195,951.3646953831887,5.491988049580335,267,0.0
1899.176019,466,427.770984,1899.17601944546,11.489111342608394,466,0.0
1004.100416,545,428.205627,1004.1004157100224,3.700883463754414,545,0.0
106.086966,71,428.225512,106.08696642015248,0.2909911846321173,71,0.0
2710.778954,675,428.714529,2710.7789541725947,16.317340326397453,675,0.0
1108.42681,338,429.099571,1108.4268104448538,6.183287865560948,338,0.0
2336.573329,608,429.569747,2336.573329040764,13.856733538556732,608,0.0
2249.556538,579,430.001148,2249.5565384158413,13.392337712449967,579,0.0
1637.742015,467,430.416757,1637.7420148602148,9.389395919225702,467,0.0
1101.841214,318,430.808643,1101.8412136117547,6.2894060829737,318,0.0
3099.060408,747,431.309338,3099.0604077237836,18.84980879994404,747,0.0
524.860487,183,431.366209,524.8604868146546,2.7489174287395177,183,0.0
558.308166,191,431.704905,558.308166366591,2.953119440705023,191,0.0
4011.875814,1000,432.588126,4011.875814022371,24.128827469872256,1000,1.0
665.469296,217,432.655175,665.4692958619953,3.6030823829582292,217,0.0
1292.352685,401,433.044687,1292.3526851271702,7.153474478025882,401,0.0
4033.481532,942,433.922178,4033.481531740482,24.771257307297255,942,0.0
2740.748213,812,434.496157,2740.748212773168,15.465489749510208,812,0.0
1433.337834,384,434.888965,1433.3378337989056,8.41583292107989,384,0.0
3579.807429,906,435.725889,3579.8074290417326,21.429586519632636,906,0.0
3205.488662,799,436.267402,3205.4886617051466,19.287819100783974,799,0.0
2487.548207,605,437.015362,2487.5482073138082,15.088685390761109,605,0.0
1023.642957,275,437.097104,1023.6429574888281,6.0066426510214495,275,0.0
1264.197403,345,437.502541,1264.1974025602312,7.373748363293413,345,0.0
2544.708483,611,437.966793,2544.7084828943716,15.497902587144814,611,0.0
626.737036,206,438.032613,626.737035558301,3.381261083626921,206,0.0
1987.674873,557,438.755406,1987.6748732672709,11.473334821876835,557,0.0
1054.423053,291,438.84561,1054.423053360478,6.125673027019421,291,0.0
2398.099713,578,439.293456,2398.099713013181,14.58840248575825,578,0.0
4149.246424,1000,440.233862,4149.246423525283,25.227617063703587,1000,1.0
539.550135,185,440.550487,539.5501346533777,2.850455844539502,185,0.0
479.180186,164,440.604181,479.1801856239092,2.5348107627628345,164,0.0
931.422108,274,440.68828,931.4221075420407,5.276978140204139,274,0.0
2587.613623,657,441.409217,2587.613622755782,15.47553711728085,657,0.0
1376.865077,361,441.513963,1376.8650773565078,8.147345598444732,361,0.0
2832.646225,695,442.257359,2832.6462249410647,17.13232810030365,695,0.0
564.904484,190,442.320022,564.9044840577868,3.0134811815478804,190,0.0
2493.435061,637,442.804298,2493.4350610339834,14.880919330340298,637,0.0
3820.562751,904,443.628119,3820.5627513175477,23.371319464909195,904,0.0
1514.384743,402,444.014394,1514.3847428153204,8.921163675639173,402,0.0
2944.007176,700,444.48731,2944.0071760596297,17.984381152717273,700,0.0
3822.752829,1000,445.35082,3822.7528289068314,22.61645677725102,1000,1.0
2068.986114,518,445.794211,2068.9861143873172,12.43356167657047,518,0.0
3224.969151,796,446.567964,3224.969150608657,19.467126938557403,796,0.0
1366.131653,349,446.6767,1366.131652743406,8.157096259106623,349,0.0
2082.464514,558,447.367615,2082.4645143138337,12.223334450522337,558,0.0
2037.878745,507,447.735374,2037.878745421643,12.272653858879517,507,0.0
1484.06245,374,447.835601,1484.062450453178,8.900809331011995,374,0.0
1324.798178,349,448.171687,1324.7981782835861,7.82651450299915,349,0.0
4375.593622,1000,448.906226,4375.593622487826,27.03882199720738,1000,1.0
1486.043182,375,449.250245,1486.0431815497552,8.909067291227146,375,0.0
480.463206,159,449.293863,480.463205853571,2.5849435241537226,159,0.0
1957.792099,514,449.682788,1957.7920989395195,11.575925859426036,514,0.0
1641.253237,443,450.038926,1641.253236830543,9.609951862102983,443,0.0
4148.820677,981,450.790003,4148.820677370099,25.383247637189285,981,0.0
3997.576589,1000,451.611293,3997.57658885671,24.015180454521026,1000,1.0
1160.004953,317,451.693932,1160.004952762223,6.762728360280905,317,0.0
1536.497963,412,452.075055,1536.4979634336712,9.01770541956131,412,0.0
2090.456251,548,452.473045,2090.4562510753053,12.366801079469191,548,0.0
2479.593119,652,452.906977,2479.5931190918777,14.65071189748771,652,0.0
2754.617134,796,453.657253,2754.6171340499964,15.704091581471236,796,0.0
1873.717828,505,454.053494,1873.7178276489815,10.975205179085114,505,0.0
1793.878288,447,454.44728,1793.878288314293,10.798636566094777,447,0.0
3309.892262,1000,455.272398,3309.8922623134586,18.514485696747013,1000,1.0
1522.200155,425,455.663541,1522.200154936364,8.800353086722684,425,0.0
1496.97314,383,455.771083,1496.973140475519,8.932470233431594,383,0.0
449.452301,168,456.096334,449.4523013545997,2.2646537613904894,168,0.0
1308.98723,352,456.202514,1308.9872299161318,7.675619625430403,352,0.0
1872.649677,500,456.625885,1872.64967729468,11.006588128905952,500,0.0
3491.225478,1000,457.458069,3491.2254778977513,19.96458767544441,1000,1.0
3992.249736,1000,458.263809,3992.2497358641654,23.97217784118413,1000,1.0
3893.507945,1000,459.060327,3893.5079447716544,23.182049295692543,1000,1.0
3384.484062,1000,459.876239,3384.484062393286,19.1107149990576,1000,1.0
2035.6591,530,460.29325,2035.6591000281528,12.070946288971612,530,0.0
4082.00631,1000,461.106737,4082.0063096712415,24.690046436289588,1000,1.0
3989.027789,1000,461.933711,3989.027789213616,23.945848812624636,1000,1.0
4074.663937,1000,462.724004,4074.663936945116,24.631210186786745,1000,1.0
3305.576706,835,463.437987,3305.576705861422,19.80105124216386,835,0.0
1884.990349,481,463.826649,1884.990349192491,11.257025378125478,481,0.0
2777.62482,827,464.334117,2777.6248199831252,15.641203625468371,827,0.0
1905.087453,470,464.733318,1905.0874525037489,11.504655108925993,470,0.0
1490.970594,401,465.107148,1490.9705940855454,8.7415706558211,401,0.0
2711.423266,680,465.55899,2711.4232661019705,16.28213455143937,680,0.0
4269.034367,1000,466.348715,4269.034367459989,26.186069973761562,1000,1.0
4223.902762,1000,467.141315,4223.902762254341,25.825102275350073,1000,1.0
2141.095769,554,467.54423,2141.0957689135817,12.723417238661652,554,0.0
1804.485533,440,467.928083,1804.4855326260385,10.938783011638527,440,0.0
1475.633939,379,468.308708,1475.6339392405382,8.794003831048057,379,0.0
757.376419,219,468.37511,757.3764188403637,4.322140352064672,219,0.0
902.384216,261,468.715456,902.3842163361713,5.147495110975477,261,0.0
2000.097936,471,469.107023,2000.0979357620915,12.25659243900476,471,0.0
1481.887422,386,469.4731,1481.8874220622401,8.78847739198492,386,0.0
1975.677991,476,469.604986,1975.6779911757817,12.021273340415144,476,0.0
1763.722436,432,469.973964,1763.7224364928463,10.676275754528508,432,0.0
2437.330805,589,470.381732,2437.3308048301774,14.81477994907921,589,0.0
1472.637187,363,470.721364,1472.6371872247973,8.896733932337606,363,0.0
2032.203716,526,471.109929,2032.203715547548,12.075849804999608,526,0.0
1520.671698,389,471.460623,1520.6716983897977,9.074323411030619,389,0.0
1473.854263,403,471.820657,1473.854263443952,8.588721381871848,403,0.0
1122.545667,299,471.902773,1122.5456666074372,6.606456287564633,299,0.0
3234.600076,728,472.575328,3234.600076485588,20.085040830176677,728,0.0
1050.048924,285,472.652242,1050.0489238024536,6.138037830316522,285,0.0
1496.898886,393,473.007667,1496.8988860507895,8.853117063129503,393,0.0
1825.359032,465,473.428481,1825.3590322098714,10.906588924293619,465,0.0
1795.31916,443,473.789663,1795.3191601641497,10.841456196480822,443,0.0
1230.131875,331,473.877258,1230.1318749956995,7.212423689133844,331,0.0
1418.897911,344,474.23271,1418.8979109530476,8.618850713159992,344,0.0
3730.189496,925,475.039699,3730.1894959862157,22.480654144117647,925,0.0
1924.252735,483,475.446956,1924.2527352915165,11.554308387188444,483,0.0
1787.537567,440,475.828683,1787.5375674620216,10.803484028062366,440,0.0
2139.880176,532,476.254766,2139.880176450583,12.888549749432057,532,0.0
1795.375733,459,476.646696,1795.3757327138517,10.714853856463979,459,0.0
1841.365052,497,477.075274,1841.3650521114225,10.780140364541476,497,0.0
1241.604527,334,477.174524,1241.604526637227,7.280452373001624,334,0.0
1241.482788,340,477.547638,1241.4827875155818,7.231550024741968,340,0.0
3585.066629,817,478.371303,3585.0666290698296,22.17981155394741,817,0.0
1446.881091,363,478.492491,1446.881091347217,8.69095281212699,363,0.0
1647.100416,426,478.943392,1647.1004159338536,9.791711235683218,426,0.0
658.855506,211,479.257925,658.8555060218252,3.597575557348824,211,0.0
1913.896392,479,479.39327,1913.8963917231476,11.503474922670643,479,0.0
2084.982235,522,479.814254,2084.9822345466705,12.529245213663128,522,0.0
1300.157411,354,480.146197,1300.1574107592085,7.589762066431968,354,0.0
3903.396916,889,480.839998,3903.396915962195,24.15309702921309,889,0.0
4216.512284,1000,481.63206,4216.512283980581,25.7660246068772,1000,1.0
3606.736553,815,482.055379,3606.7365527295456,22.370208963681332,815,0.0
1655.824095,421,482.353955,1655.8240952234719,9.901162770970444,421,0.0
1335.817737,356,482.65489,1335.8177370009764,7.858969482136747,356,0.0
1348.805983,345,482.946435,1348.8059831425157,8.04984488808127,345,0.0
3979.6703,949,483.59134,3979.670299763369,24.285408614670295,949,0.0
1469.648381,403,483.685986,1469.6483806433837,8.55477025425005,403,0.0
469.145255,171,483.931471,469.1452547684799,2.3984007994014926,171,0.0
4271.262522,1000,484.594688,4271.262522286083,26.20389727940772,1000,1.0
3152.463366,736,484.989127,3152.4633658668445,19.365081219612012,736,0.0
970.443626,272,485.257525,970.4436256986513,5.605020683962619,272,0.0
1238.049824,348,485.336176,1238.0498242175458,7.140666684306065,348,0.0
1173.484452,328,485.620802,1173.484451752773,6.783409721811575,328,0.0
2055.496768,647,485.974205,2055.4967682897473,11.300469742577818,647,0.0
266.247397,115,486.000668,266.2473968923934,1.2216569372638348,115,0.0
2062.554947,524,486.319967,2062.5549470225446,12.33474458946445,524,0.0
2956.72805,688,486.866852,2956.7280503757033,18.18148755258065,688,0.0
1449.22519,387,486.955928,1449.2251896959858,8.519110752692734,387,0.0
4289.063372,1000,487.588613,4289.063371821586,26.346799012858774,1000,1.0
1390.379873,355,487.863323,1390.379872834216,8.302963204998695,355,0.0
1424.506762,370,488.14674,1424.5067620326536,8.456662994960508,370,0.0
2201.711902,599,488.475976,2201.7119015821686,12.850423842734454,599,0.0
1543.946055,426,488.75623,1543.9460545265092,8.96635326805262,426,0.0
146.334098,73,488.771438,146.33409799240306,0.5969900857406301,73,0.0
1265.673115,362,489.046985,1265.6731149501484,7.250471724968103,362,0.0
1908.692838,486,489.340778,1908.6928378125845,11.405681848366244,486,0.0
4252.02819,1000,489.957455,4252.028189685868,26.050008334026494,1000,1.0
1293.669454,356,490.031976,1293.6694538645663,7.521701403585369,356,0.0
4215.901137,1000,490.641139,4215.901137232365,25.76124892100173,1000,1.0
1787.898069,450,490.936342,1787.898068884278,10.726479716858883,450,0.0
3884.00081,956,491.555059,3884.000809531646,23.46477814463516,956,0.0
4346.680494,1000,492.164885,4346.680493629432,26.807539851954296,1000,1.0
2133.541539,535,492.476772,2133.5415391182546,12.81504759516643,535,0.0
1600.553666,424,492.760067,1600.5536662938332,9.435448085303253,424,0.0
814.698447,259,492.814307,814.6984471960972,4.46203883946169,259,0.0
4258.613756,993,493.402995,4258.613756227844,26.166699155918913,993,0.0
4460.476461,1000,493.992415,4460.4764611237615,27.71766513906397,1000,1.0
2679.847417,678,494.521796,2679.847416553082,16.04594145236085,678,0.0
3893.824771,1000,494.937846,3893.824770737107,23.185245204466547,1000,1.0
4126.312744,1000,495.558786,4126.312744266857,25.0442670094467,1000,1.0
1309.334615,348,495.833881,1309.3346148580551,7.710437925300746,348,0.0
4017.665906,1000,496.425013,4017.6659061194937,24.175614812957757,1000,1.0
4117.922417,1000,497.033882,4117.92241726729,24.977739601972544,1000,1.0
2163.88375,568,497.356017,2163.8837497196714,12.795019612537406,568,0.0
2327.879219,757,497.913447,2327.879219465076,12.6026541897161,757,0.0
4299.667698,1000,498.527577,4299.667698033915,26.431406779363304,1000,1.0
1272.382887,352,498.60389,1272.3828870896689,7.383134857746197,352,0.0
1184.41394,341,498.872321,1184.4139397800795,6.767584344319906,341,0.0
4268.403583,1000,499.468302,4268.403582637675,26.181566932709053,1000,1.0
4184.953554,1000,500.057836,4184.953553548366,25.51313341591827,1000,1.0
4277.107341,1000,500.648064,4277.107340657982,26.2506517591068,1000,1.0
3159.50812,815,501.015006,3159.5081199372935,18.792107264039302,815,0.0
2730.453248,654,501.535863,2730.453247927385,16.641884113807418,654,0.0
678.000311,220,501.581004,678.0003111244841,3.6790011056428473,220,0.0
1940.381809,644,501.906169,1940.3818089823365,10.402868628029623,644,0.0
4122.723606,1000,502.493026,4122.723606445913,25.015116465139947,1000,1.0
3033.109788,759,503.024468,3033.109787928134,18.226725501395478,759,0.0
2114.824363,553,503.326627,2114.824363372049,12.520932001193945,553,0.0
1481.24652,391,503.605976,1481.2465197000497,8.743836026291424,391,0.0
4070.33025,1000,504.189003,4070.3302497275104,24.595548975119243,1000,1.0
1973.682368,480,504.476565,1973.6823684229535,11.97395853538421,480,0.0
489.963593,163,504.511004,489.9635926611939,2.628979757881712,163,0.0
2922.149225,688,504.857659,2922.1492245781087,17.90417704518974,688,0.0
4442.174931,1000,505.461585,4442.174930716705,27.571075202581635,1000,1.0
1321.001443,383,505.735272,1321.001442575003,7.525696138523454,383,0.0
4306.734048,1000,506.326984,4306.734047791197,26.487351073524202,1000,1.0
4158.497387,1000,506.910921,4158.497386869615,25.30219740315057,1000,1.0
4028.30966,1000,507.499215,4028.309659832573,24.26073634785933,1000,1.0
4306.159934,1000,508.08525,4306.159934173146,26.482909377007168,1000,1.0
4346.721957,1000,508.669435,4346.721957183838,26.80666945000307,1000,1.0
2615.280035,685,508.998679,2615.2800346298427,15.473303308319156,685,0.0
1425.087066,373,509.272734,1425.0870663107717,8.437421307447082,373,0.0
2952.193016,716,509.625127,2952.1930157444813,17.92119163149766,716,0.0
702.417282,236,509.866304,702.4172821994188,3.7470920945456387,236,0.0
1625.377403,447,509.958199,1625.3774026257458,9.449834456619813,447,0.0
876.941865,270,510.204193,876.9418649412577,4.873014692625871,270,0.0
4550.256684,1000,510.793153,4550.256683874706,28.435334064641108,1000,1.0
1310.081534,343,511.054899,1310.0815343163447,7.7563891962847284,343,0.0
1079.261958,322,511.121392,1079.2619577319126,6.076406679494312,322,0.0
1510.115031,383,511.391646,1510.1150312714317,9.037935235550284,383,0.0
1284.514,441,511.677769,1284.5139995756358,6.772462862818527,441,0.0
1157.972405,316,511.745709,1157.972404766712,6.754486810001545,316,0.0
1593.277613,412,512.020252,1593.2776129644087,9.472124595372627,412,0.0
4222.193405,1000,512.606527,4222.193404762344,25.810946031165113,1000,1.0
1825.693668,482,512.897906,1825.693668197735,10.774223832577558,482,0.0
2803.663285,717,513.429786,2803.663284806211,16.724823011654195,717,0.0
4397.421576,1000,514.018736,4397.421576197522,27.212402239493787,1000,1.0
1260.240169,342,514.091077,1260.2401689316457,7.365520806823731,342,0.0
2049.642299,494,514.387389,2049.642299405631,12.469511763770935,494,0.0
2351.088994,556,514.699652,2351.0889941507276,14.38716670688596,556,0.0
3407.739816,824,515.271924,3407.7398156337977,20.705136264400497,824,0.0
4247.90095,1000,515.86381,4247.900949692601,26.01721631069077,1000,1.0
2145.078807,536,516.161916,2145.078807312579,12.898793227943976,536,0.0
1635.515011,419,516.465161,1635.5150109185415,9.754257029163126,419,0.0
2013.520536,522,516.782154,2013.5205363000905,11.957070889114904,522,0.0
1824.564928,449,517.076695,1824.5649282806937,11.027647744600056,449,0.0
2824.061911,689,517.424281,2824.061911093001,17.110938440435024,689,0.0
3608.637899,852,517.993151,3608.6378988616175,22.089908946631596,852,0.0
546.826865,191,518.034827,546.8268646153009,2.8613017326983385,191,0.0
1290.160103,341,518.299712,1290.1601034966152,7.612397920047748,341,0.0
3945.918916,1000,518.893149,3945.918915987032,23.601013039988143,1000,1.0
514.727311,171,518.929675,514.7273112999341,2.7633923981519954,171,0.0
4313.26138,1000,519.53278,4313.261380155696,26.538744154147942,1000,1.0
4286.059251,1000,520.126971,4286.059251010409,26.32143555249032,1000,1.0
1524.001438,424,520.411656,1524.0014381063527,8.822651918843873,424,0.0
4258.669876,1000,521.01296,4258.669875772706,26.102558178262658,1000,1.0
1744.191303,446,521.106149,1744.1913031850024,10.409083243517586,446,0.0
2202.672822,553,521.613669,2202.6728221629924,13.224060694239222,553,0.0
4400.26103,1000,522.017228,4400.261030178119,27.2349216369745,1000,1.0
4138.990341,1000,522.606396,4138.990340758265,25.145430194070343,1000,1.0
3474.252134,866,523.194286,3474.252134456044,20.902439409255773,866,0.0
131.02854,69,523.209672,131.02853974984168,0.5063974873576428,69,0.0
2568.430038,624,523.53474,2568.4300380108543,15.584210214249152,624,0.0
2020.177476,514,523.843729,2020.1774757623064,12.074855427160758,514,0.0
2156.196721,579,524.364942,2156.1967214604115,12.644640231824273,579,0.0
4279.892815,1000,524.975434,4279.89281520075,26.273017366546366,1000,1.0
4308.98983,1000,525.607431,4308.989829943264,26.50550655490983,1000,1.0
766.196987,253,525.66404,766.1969873082163,4.122234942066515,253,0.0
4127.963694,1000,526.28741,4127.9636938206895,25.056614060922467,1000,1.0
3974.599652,925,526.914303,3974.5996523013932,24.435431990813402,925,0.0
2468.11806,615,527.252087,2468.11805986925,14.853121141257985,615,0.0
3626.14571,1000,527.868339,3626.1457095856026,21.04427049020047,1000,1.0
4118.163507,1000,528.467968,4118.1635066838735,24.97891140369216,1000,1.0
2192.190703,557,528.78349,2192.190703323366,13.10807940220386,557,0.0
4266.980275,1000,529.393462,4266.980274543035,26.169450518572134,1000,1.0
4456.911669,1000,530.000151,4456.911668580285,27.688068704786023,1000,1.0
3761.890018,861,530.577841,3761.8900179378343,23.243988595900312,861,0.0
2261.490106,562,530.900027,2261.4901055488367,13.622579870528243,562,0.0
2883.905118,655,531.233425,2883.9051184125333,17.860684014790852,655,0.0
4365.072788,1000,531.826088,4365.072787757893,26.95374260497973,1000,1.0
1218.519481,336,532.087152,1218.5194813490834,7.079191509253713,336,0.0
3938.213133,917,532.467854,3938.2131326410263,24.20823045417792,917,0.0
2332.531252,564,532.77515,2332.531252101692,14.174197117093398,564,0.0
4257.634056,1000,533.365163,4257.634055683428,26.094022562589366,1000,1.0
524.25568,192,533.597568,524.2556795979364,2.672853485467175,192,0.0
2510.655999,630,533.916247,2510.6559988791573,15.074501945706917,630,0.0
3398.652156,789,534.46064,3398.652156136319,20.910981977181287,789,0.0
2157.076265,537,534.763972,2157.076265251691,12.98626467347301,537,0.0
2200.57939,534,535.064697,2200.5793902565943,13.358664809216641,534,0.0
4312.584563,1000,535.661967,4312.584562526548,26.533354195381964,1000,1.0
3163.27814,739,536.021616,3163.2781397100766,19.42637251992153,739,0.0
4289.348577,1000,536.640225,4289.348576753249,26.34778262290772,1000,1.0
1145.739,310,536.90919,1145.7390004286096,6.704195433620567,310,0.0
3208.663595,778,537.265494,3208.6635951054395,19.47907511392538,778,0.0
3885.20653,888,537.831706,3885.206529708919,24.01490099860436,888,0.0
1326.353305,374,538.101041,1326.3533047595593,7.639347597483686,374,0.0
514.005541,176,538.138243,514.0055413737257,2.7177184382135553,176,0.0
3197.48929,732,538.496284,3197.4892896481183,19.756057115717656,732,0.0
4349.899567,974,539.089054,4349.899567225374,27.04673946086648,974,0.0
1579.054154,429,539.380326,1579.0541538692228,9.22313920849285,429,0.0
1182.706194,324,539.643267,1182.7061940985159,6.88865789834829,324,0.0
2665.465161,684,539.981623,2665.465161057316,15.88258380861029,684,0.0
1001.002244,278,540.231193,1001.0022436020146,5.8009971753014815,278,0.0
4152.24113,958,540.623648,4152.241130485131,25.593699623456622,958,0.0
4418.982357,1000,541.222657,4418.9823566467585,27.384507048932964,1000,1.0
1652.445519,433,541.516692,1652.445519445318,9.777523903778519,433,0.0
4331.892492,1000,542.143712,4331.892491768401,26.68742708018651,1000,1.0
3958.976593,878,542.710242,3958.9765930900426,24.684293549727137,878,0.0
3112.393129,716,543.052695,3112.3931293515834,19.202426515796045,716,0.0
2978.782832,677,543.575064,2978.7828323970375,18.444513810182052,677,0.0
3780.276577,884,543.957082,3780.276577190261,23.206369061614364,884,0.0
795.351343,238,544.199458,795.3513431321808,4.474660677629322,238,0.0
4560.177853,1000,544.792369,4560.177853059126,28.513557367560328,1000,1.0
2962.367022,679,545.120791,2962.3670217426106,18.296619294206025,679,0.0
971.609735,294,545.372385,971.6097353295997,5.438421816798108,294,0.0
3943.704413,917,545.759701,3943.704413357474,24.251776303584833,917,0.0
4294.500631,1000,546.350893,4294.500631106841,26.388271098690538,1000,1.0
2957.297517,664,546.877355,2957.297517023273,18.375784464386687,664,0.0
1766.816777,445,547.164721,1766.8167769513786,10.597334851037797,445,0.0
1921.817896,480,547.454363,1921.817895875941,11.558539610045866,480,0.0
2642.18209,657,547.785841,2642.1820901371625,15.911061918205656,657,0.0
4356.281747,1000,548.382546,4356.281747322288,26.882899982504433,1000,1.0
3720.815321,873,548.763704,3720.8153205254084,22.818712646256902,873,0.0
4292.973192,1000,549.354255,4292.973191840064,26.376180225359377,1000,1.0
575.183533,212,549.591641,575.1835326346352,2.9210423099883056,212,0.0
4333.026469,1000,550.201596,4333.026469337426,26.69719960121831,1000,1.0
3017.454107,680,550.547394,3017.454106589222,18.72981341527192,680,0.0
2361.142317,596,550.863369,2361.1423174803576,14.14921845874942,596,0.0
4341.033092,1000,551.462363,4341.033092220058,26.760408147069448,1000,1.0
2835.95143,660,551.983887,2835.9514298787435,17.437085962642257,660,0.0
3569.067925,869,552.394365,3569.067925001837,21.63655763599415,869,0.0
1356.374136,379,552.682866,1356.3741356688517,7.839804076530948,379,0.0
1479.295731,380,552.961734,1479.2957313216614,8.814727916717406,380,0.0
639.465039,212,553.008418,639.4650387210359,3.4345334811680455,212,0.0
1935.854901,489,553.311893,1935.854901413136,11.59871862893035,489,0.0
2952.636111,699,553.670085,2952.6361108130727,18.06043439963277,699,0.0
1896.83272,505,553.984183,1896.8327200052204,11.160282481459356,505,0.0
4364.982285,1000,554.600899,4364.982284786508,26.952586013750935,1000,1.0
1020.052885,289,554.8598,1020.0528845167231,5.866133471913248,289,0.0
1935.8729,490,555.160492,1935.872900290563,11.591033267506651,490,0.0
650.308382,211,555.207752,650.3083820318255,3.5291926619445215,211,0.0
4362.11165,1000,555.81982,4362.111650398271,26.929315212925257,1000,1.0
3813.289135,903,556.406006,3813.2891351875337,23.319623380830652,903,0.0
1268.049438,347,556.686379,1268.0494376760942,7.388114482165348,347,0.0
1087.750511,308,556.754391,1087.7505107091224,6.255957016427026,308,0.0
2707.962188,647,557.294685,2707.9621882230526,16.51653643757124,647,0.0
2942.602031,702,557.651213,2942.602030671555,17.95606152589577,702,0.0
4397.737683,1000,558.276121,4397.737683248917,27.214843751556064,1000,1.0
2406.611832,586,558.610861,2406.611831969389,14.592434830488031,586,0.0
1617.790082,422,558.946011,1617.7900815107196,9.588180927640703,422,0.0
4326.937712,1000,559.56898,4326.937711644476,26.648328822062947,1000,1.0
2493.276337,622,559.916625,2493.2763373041903,14.998123833077324,622,0.0
1604.11228,425,560.211382,1604.1122801674137,9.454921765617145,425,0.0
3638.350351,888,560.822505,3638.3503506485154,22.03982952540325,888,0.0
2714.414705,656,561.173724,2714.414705417335,16.496999279292165,656,0.0
4271.205094,1000,561.857861,4271.205093508324,26.202458320293328,1000,1.0
2823.016724,688,562.269448,2823.0167244842505,17.11128704659903,688,0.0
2943.085278,747,562.897916,2943.0852777378286,17.601823374490806,747,0.0
1871.529347,471,563.240693,1871.5293469612254,11.227607646007478,471,0.0
4103.65182,1000,564.01516,4103.65181994817,24.862632789050746,1000,1.0
2105.967983,539,564.426458,2105.967982920048,12.561868024118612,539,0.0
2240.233782,539,564.817207,2240.2337818895976,13.635912135907857,539,0.0
4139.187904,1000,565.61594,4139.187904040493,25.14698889343013,1000,1.0
4200.279744,1000,566.479387,4200.279744300192,25.635385370474424,1000,1.0
4196.712028,1000,567.132382,4196.712028349077,25.606444269909733,1000,1.0
4219.617315,1000,567.963708,4219.617314553963,25.789643687487832,1000,1.0
3136.066668,767,568.762333,3136.0666681209314,18.985826659568744,767,0.0
1504.060915,399,569.198397,1504.0609150744963,8.862148405043486,399,0.0
1888.900399,469,569.665967,1888.9003987272183,11.382508447014748,469,0.0
2726.271278,676,570.173077,2726.2712779086028,16.432578685777404,676,0.0
1810.387384,475,570.60616,1810.3873840947654,10.70716588252599,475,0.0
2505.854949,625,571.047629,2505.8549487076234,15.07505506058598,625,0.0
1896.543987,485,571.409368,1896.5439867013795,11.316268181122162,485,0.0
2494.332225,606,571.793595,2494.3322250964816,15.13518310066112,606,0.0
2103.229264,530,572.226908,2103.2292637004184,12.611610568753362,530,0.0
4226.725464,1000,573.187645,4226.725464394289,25.84671204555013,1000,1.0
2813.765275,675,574.079567,2813.7652751935602,17.140148662671944,675,0.0
3874.081715,1000,574.739285,3874.081715240697,23.025690127428394,1000,1.0
815.304751,244,575.176242,815.3047507445158,4.5864947771860765,244,0.0
1811.660304,457,575.718734,1811.660304452677,10.860480517488263,457,0.0
4139.974782,984,576.836136,4139.974782328866,25.287585516074163,984,0.0
2507.058766,598,577.384911,2507.0587657230676,15.300471724101262,598,0.0
4070.741934,1000,578.545168,4070.741934429557,24.598888997872827,1000,1.0
2963.362421,709,579.374783,2963.3624208935817,18.06671215468424,709,0.0
4205.225665,1000,580.506781,4205.225664670642,25.674330821617556,1000,1.0
4144.344546,1000,581.401394,4144.344546078184,25.187549075346947,1000,1.0
1793.943018,467,581.779965,1793.9430182093845,10.638959568146323,467,0.0
2057.854178,524,582.160083,2057.8541777238693,12.29560663975679,524,0.0
4165.149166,1000,583.01652,4165.149165916199,25.354488778066848,1000,1.0
4180.446243,1000,583.891686,4180.446242601788,25.47655025051625,1000,1.0
1715.443854,448,584.311401,1715.443854183705,10.162017884174743,448,0.0
4190.394532,1000,585.177144,4190.394532120824,25.556076749287868,1000,1.0
4098.896629,1000,586.018177,4098.896628720498,24.824141346260323,1000,1.0
3155.361522,738,586.510063,3155.361522298947,19.37106929515723,738,0.0
2480.036031,594,586.95216,2480.036030998008,15.115884015902092,594,0.0
4294.777997,1000,587.786039,4294.77799703246,26.391147322303237,1000,1.0
4288.183546,1000,588.659649,4288.18354624222,26.338356593554632,1000,1.0
4320.243306,1000,589.546573,4320.2433059003615,26.59434960299259,1000,1.0
4191.94215,1000,590.487977,4191.9421504706215,25.568393523811757,1000,1.0
1171.919105,322,590.885755,1171.9191053665922,6.817702010568401,322,0.0
476.683488,161,590.943416,476.6834881424624,2.5385675908598664,161,0.0
4326.831702,1000,591.862523,4326.831701815433,26.646815056378617,1000,1.0
2128.988037,519,592.341474,2128.988036672108,12.904878711555064,519,0.0
3939.987955,893,593.25637,3939.9879545463523,24.412564614195364,893,0.0
2126.698432,540,593.740938,2126.6984319146345,12.71953103082923,540,0.0
4250.574169,1000,594.774219,4250.574168526228,26.03703151362821,1000,1.0
4188.601577,1000,595.833681,4188.601576918942,25.54157905196285,1000,1.0
4289.70078,1000,596.824226,4289.700780030787,26.34986844054413,1000,1.0
4319.613135,1000,597.83805,4319.613135499977,26.58926411689337,1000,1.0
4304.406044,1000,598.903195,4304.406043788697,26.468149868023954,1000,1.0
4262.974948,1000,599.9731,4262.974947795281,26.136238161046112,1000,1.0
3166.154149,748,600.612202,3166.1541491144185,19.377270822399527,748,0.0
2098.977472,500,601.143382,2098.9774718699405,12.816244375205416,500,0.0
2386.189226,580,601.692677,2386.1892260913546,14.47672610800652,580,0.0
3751.858877,1000,602.742313,3751.858877035176,22.050299718985542,1000,1.0
3901.738469,885,603.730152,3901.7384694024686,24.17051629612722,885,0.0
4310.690423,1000,604.759707,4310.69042315635,26.518332278760948,1000,1.0
947.322011,282,604.863813,947.3220110566486,5.339691195956906,282,0.0
1389.939206,343,605.32656,1389.939206050857,8.39457569772216,343,0.0
4394.78803,984,606.369994,4394.788030163732,27.326059122736055,984,0.0
516.354687,168,606.436598,516.3546874333166,2.8003125981975288,168,0.0
4398.896772,1000,607.517533,4398.896772486253,27.224156013631124,1000,1.0
132.03214,74,607.544362,132.03214034994213,0.47459975377634817,74,0.0
4459.190376,1000,608.581318,4459.19037592853,27.70590155253653,1000,1.0
4378.838289,1000,609.581226,4378.838288895807,27.06307371053815,1000,1.0
126.830765,72,609.607714,126.83076525968553,0.44891745819338136,72,0.0
4372.028054,1000,610.571115,4372.02805448202,27.00894776064214,1000,1.0
474.7965,159,610.881221,474.7965004323693,2.5393692557127707,159,0.0
559.516466,192,610.934764,559.5164664275018,2.95457214275487,192,0.0
4181.056937,1000,611.689245,4181.05693740885,25.481620106463176,1000,1.0
4327.118258,1000,612.40709,4327.118257551989,26.649722413592126,1000,1.0
3836.64247,872,613.00441,3836.6424697486054,23.75369448457876,872,0.0
3225.387359,759,613.379712,3225.387358878247,19.764402637908983,759,0.0
4393.057747,1000,614.013877,4393.057747117393,27.1771081260129,1000,1.0
548.357429,180,614.270055,548.3574289465029,2.9605412573476757,180,0.0
3657.480631,808,614.656248,3657.4806308891425,22.83023988164783,808,0.0
1410.705513,351,614.943888,1410.7055127026226,8.497037379183205,351,0.0
3118.70334,722,615.318776,3118.7033401804406,19.205721988092535,722,0.0
2179.414294,497,615.632913,2179.4142944044074,13.483598623637295,497,0.0
3626.434415,811,616.225953,3626.4344153614784,22.55832246863687,811,0.0
4022.854139,933,616.828461,4022.854138647164,24.757352264464508,933,0.0
1160.923836,318,616.89957,1160.9238358443508,6.762251569554884,318,0.0
1876.953409,454,617.216746,1876.9534086468327,11.406364813564114,454,0.0
3034.200516,701,617.568759,3034.2005155267993,18.696849636408402,701,0.0
1566.954628,394,617.846391,1566.954627516427,9.404564476041429,394,0.0
4568.356676,1000,618.460701,4568.356675693885,28.57971834843704,1000,1.0
4439.082346,1000,619.086976,4439.082346099298,27.54524751732203,1000,1.0
1107.777808,289,619.352797,1107.7778076014574,6.567818488759617,289,0.0
1806.96512,433,619.641952,1806.9651201575912,11.013642035203643,433,0.0
3422.504825,777,620.022922,3422.5048247739705,21.197448197924825,777,0.0
2186.638995,529,620.339847,2186.638995493456,13.286598472051201,529,0.0
3057.914479,746,620.900698,3057.9144792334687,18.528204676065375,746,0.0
4479.113755,1000,621.319102,4479.113755408967,27.865430362943147,1000,1.0
4408.449323,1000,621.934592,4408.449322930593,27.300262838836716,1000,1.0
4450.623551,996,622.543111,4450.623551402219,27.677594788797464,996,0.0
2005.08483,478,622.839415,2005.084830031,12.240598401844709,478,0.0
4457.291404,1000,623.476149,4457.291403692017,27.69077423752449,1000,1.0
2472.871268,582,623.808009,2472.8712677232797,15.153798867561473,582,0.0
3200.0334,717,624.380501,3200.0333998990745,19.895961031780043,717,0.0
414.500833,169,624.417159,414.5008331053683,1.9775510180058151,169,0.0
4633.727148,1000,625.055808,4633.727147907084,29.102514247065002,1000,1.0
1620.830629,410,625.366683,1620.8306289479087,9.708325477044804,410,0.0
1216.669957,330,625.6324,1216.669956518692,7.111940978964839,330,0.0
1800.018004,435,625.72793,1800.0180037333184,10.942213504316854,435,0.0
4530.747744,1000,626.373284,4530.747744172262,28.278749314847673,1000,1.0
2766.145397,642,626.920244,2766.1453974455444,17.02204973013613,642,0.0
1629.87204,398,627.008092,1629.8720399702063,9.875898955329962,398,0.0
2906.460724,672,627.57856,2906.460723908196,17.905777761629203,672,0.0
2101.602023,512,627.884454,2101.602022933757,12.741361796267213,512,0.0
4526.597903,1000,628.50932,4526.5979030002145,28.245267407321315,1000,1.0
3196.790875,722,628.88665,3196.7908754049386,19.829765736941578,722,0.0
4577.968564,1000,629.522666,4577.968563618847,28.656035758830704,1000,1.0
3589.887541,803,630.107235,3589.887540514899,22.329145457074233,803,0.0
2846.809995,674,630.460988,2846.809995398886,17.412238383233763,674,0.0
4536.835826,1000,631.088964,4536.835825634206,28.327680299481532,1000,1.0
4264.870894,948,631.692886,4264.870894357664,26.57410445696244,948,0.0
3536.250426,804,632.083504,3536.2504259232596,21.892453734613913,804,0.0
4384.273257,1000,632.716679,4384.273256552823,27.107096991834723,1000,1.0
1518.550856,379,633.005702,1518.5508561599415,9.137200831315015,379,0.0
3773.996693,845,633.631752,3773.9966925094277,23.46785360644978,845,0.0
1553.476867,424,633.73009,1553.4768666921443,9.058318899553852,424,0.0
871.589278,260,633.989573,871.5892778232019,4.909357761308855,260,0.0
4279.082368,1000,634.614211,4279.082368315631,26.265816098484887,1000,1.0
2406.530404,578,634.938052,2406.5304038580257,14.654985761000585,578,0.0
3849.96373,848,635.533836,3849.963729634783,24.05125358170379,848,0.0
2107.471187,502,635.85467,2107.4711869629778,12.867761929121405,502,0.0
1861.85644,468,636.156848,1861.8564400749206,11.174087217742139,468,0.0
1007.330584,304,636.229488,1007.3305844740663,5.6450741227165455,304,0.0
3415.349338,773,636.827173,3415.3493381092235,21.171958273912036,773,0.0
2810.039077,678,637.200053,2810.0390771529933,17.08684352713754,678,0.0
3509.505333,808,637.788562,3509.505332594767,21.646766279176124,808,0.0
1488.379816,376,637.873616,1488.379815822019,8.91956122770267,376,0.0
3210.962537,733,638.457042,3210.9625374570896,19.856165712531403,733,0.0
1536.598258,397,638.75998,1536.5982580511595,9.137963491818025,397,0.0
2530.430327,589,639.095515,2530.43032700607,15.559064958506438,589,0.0
3883.28735,928,639.515598,3883.287350094347,23.681385435183486,928,0.0
4393.360981,1000,640.1335,4393.360980663702,27.180096838406964,1000,1.0
4372.43266,1000,640.751572,4372.432660056939,27.012271954761534,1000,1.0
4080.905482,904,641.344998,4080.9054819981357,25.452337741439397,904,0.0
908.597227,263,641.610365,908.5972265366669,5.1815697101825675,263,0.0
4423.120251,1000,642.236542,4423.120250912841,27.41798579966265,1000,1.0
1332.368311,347,642.317595,1332.368310795388,7.902294771273547,347,0.0
593.12902,223,642.578968,593.1290199047427,2.977214187145983,223,0.0
1037.380992,276,642.640629,1037.3809921692932,6.10787440899694,276,0.0
916.892661,259,642.904028,916.8926607082069,5.279257121082715,259,0.0
2553.525699,664,643.250094,2553.525699464611,15.146781707716231,664,0.0
4437.636306,1000,643.858914,4437.636305626736,27.533519361843528,1000,1.0
1685.785752,424,644.160188,1685.7857518037122,10.116476965345854,424,0.0
4262.015086,1000,644.804324,4262.015086152837,26.12911831290889,1000,1.0
4105.606613,942,645.418626,4105.606612796305,25.347383593857707,942,0.0
4314.32883,1000,646.05961,4314.3288301237,26.5475369893487,1000,1.0
4348.591056,1000,646.770036,4348.591056197582,26.8215355308712,1000,1.0
3031.389196,707,647.210003,3031.3891955516956,18.626488832688466,707,0.0
1634.638019,420,647.613983,1634.6380193680288,9.739260164876287,420,0.0
866.298074,257,647.690486,866.2980741022741,4.890921611297972,257,0.0
2193.189104,532,648.16109,2193.1891038334447,13.31553406760038,532,0.0
1603.208853,398,648.587809,1603.2088531505194,9.662517414558954,398,0.0
4475.201585,1000,649.478747,4475.201585426876,27.83386233782213,1000,1.0
1559.592853,392,649.897244,1559.5928527308224,9.361746615459635,392,0.0
4140.028143,945,650.779909,4140.028142598398,25.598930316859818,945,0.0
4031.22624,928,651.349164,4031.226240355286,24.86394846243732,928,0.0
1919.319851,484,651.786222,1919.319850885526,11.506249896473124,484,0.0
548.145905,185,652.122678,548.1459047898294,2.919401200562989,185,0.0
2581.795473,601,652.580572,2581.795473091987,15.873930945882446,601,0.0
1797.576139,442,653.010684,1797.5761392676504,10.866941724755803,442,0.0
1530.796922,391,653.415804,1530.7969215266717,9.139817241733484,391,0.0
3691.086133,833,653.944626,3691.0861331154447,22.899729635000526,833,0.0
2231.717992,541,654.361615,2231.7179921744946,13.551727824571064,541,0.0
1881.604921,463,654.766072,1881.6049211886439,11.37206068398596,463,0.0
395.262069,146,654.803651,395.26206934065186,2.0065673144513445,146,0.0
3369.430005,796,655.45365,3369.430004923524,20.62102086218848,796,0.0
4456.989251,1000,656.165489,4456.989251404584,27.68854047925483,1000,1.0
855.831323,259,656.230119,855.8313227109859,4.791262857877847,259,0.0
2517.222875,584,656.78225,2517.222875391226,15.492629166809191,584,0.0
1452.044964,374,656.866177,1452.0449644616538,8.644429192661844,374,0.0
2798.268149,639,657.433529,2798.2681494981016,17.302698257407727,639,0.0
