#{"t_start": 1789350253.15313, "env_id": "Walker2d-v5"}
r,l,t,task_return,displacement,episode_steps,full_episode
-3.231299,15,0.399773,-3.2312985131229897,-0.137491331364916,15,0.0
5.37344,20,0.405391,4.886288849111511,-0.11244762846875299,20,0.0
-9.200503,26,0.412355,-10.156892385367195,-0.280559484730742,26,0.0
-2.118716,9,0.414129,-2.118715831352435,-0.08068611638467044,9,0.0
-4.537238,16,0.417215,-4.64612565593596,-0.15679501514574792,16,0.0
-3.967922,8,0.419075,-3.9679216130217143,-0.08752640723906427,8,0.0
-9.838117,54,0.436383,-12.062328524171022,-0.5191145083721215,54,0.0
-3.368391,11,0.43845,-3.3683908877076525,-0.10672264083260442,11,0.0
-3.48784,10,0.440385,-3.487840270902878,-0.09965809660721503,10,0.0
-3.036191,23,0.446312,-3.731231678662051,-0.20529924922651183,23,0.0
-2.731842,10,0.448353,-2.731842377775667,-0.09362347611388819,10,0.0
-5.342663,17,0.451723,-5.550005582909437,-0.17197708275767684,17,0.0
-2.611279,14,0.454121,-2.6112792435864787,-0.12454279947919314,14,0.0
-3.675828,13,0.456377,-3.67582757492279,-0.1250811522631503,13,0.0
-5.151234,12,0.458793,-5.151233723475444,-0.12885536313872661,12,0.0
1.04318,16,0.461911,0.9353409187418862,-0.11211621925680527,16,0.0
1.381457,18,0.465567,1.0954085277545205,-0.126764855519002,18,0.0
6.106065,24,0.47217,5.367232120822692,-0.14042540124342928,24,0.0
-3.836285,12,0.474669,-3.8362853728651354,-0.11841131511438438,12,0.0
-3.966402,13,0.477243,-3.966402433905814,-0.12740430941786668,13,0.0
-8.920729,15,0.480362,-8.920728877390163,-0.18301431175903146,15,0.0
-4.061793,20,0.484868,-4.530622244141806,-0.18775438071064499,20,0.0
-4.39142,12,0.487154,-4.391420053805426,-0.12283717846608323,12,0.0
-1.406419,29,0.495855,-2.647073451772939,-0.244483667656732,29,0.0
-2.881721,14,0.498783,-2.8817206774341773,-0.12667094023113468,14,0.0
-1.398881,17,0.502965,-1.6010861002410417,-0.14041886848419058,17,0.0
5.519409,23,0.509295,4.76731833226246,-0.1373160811323886,23,0.0
-3.446146,11,0.511712,-3.446146294485023,-0.10730131780550771,11,0.0
5.579512,22,0.517928,4.988280882397203,-0.12759575158793848,22,0.0
4.010181,22,0.715116,3.336083145006816,-0.14075164889257197,22,0.0
-3.785251,8,0.716799,-3.7852514583722265,-0.08611164183233867,8,0.0
0.799547,12,0.719139,0.7995467140720987,-0.08125883624131991,12,0.0
25.896329,56,0.737107,23.596482651828868,-0.24987118483616724,56,0.0
6.055817,19,0.742091,5.677879164593067,-0.09815086879987824,19,0.0
-4.677049,10,0.744218,-4.6770491564971755,-0.10915959434479429,10,0.0
-3.572688,10,0.746259,-3.572688223845492,-0.10032882755570247,10,0.0
-2.830617,23,0.752658,-3.551244847613666,-0.20388298590777293,23,0.0
9.343098,25,0.759375,8.346947761777761,-0.12455117593192332,25,0.0
-1.724648,17,0.762848,-1.929682314551374,-0.1429769787027831,17,0.0
7.072644,21,0.767839,6.4789726678500745,-0.10768471448478485,21,0.0
-2.512435,26,0.775403,-3.513950138773295,-0.2274282313367463,26,0.0
-7.343408,20,0.780666,-7.821751762335154,-0.214090031716339,20,0.0
-5.077575,11,0.782992,-5.077575333983786,-0.12032323891192048,11,0.0
-2.224496,25,0.789983,-3.1201668741082305,-0.21630008485979849,25,0.0
-5.10572,18,0.793983,-5.398703064428576,-0.17877422574448532,18,0.0
2.390342,21,0.799352,1.8453632638797066,-0.14473609041496524,21,0.0
-6.238368,18,0.803634,-6.529921391101558,-0.18776147429502013,18,0.0
1.72352,24,0.81017,0.8971830440458862,-0.17626178325116112,24,0.0
-0.550405,18,0.814197,-0.8393060107467811,-0.14228342439885,18,0.0
-11.699015,23,0.820527,-12.428285386527048,-0.2748645202526606,23,0.0
4.434931,18,0.82477,4.131930712778309,-0.10249755813419668,18,0.0
4.161478,16,0.828227,4.051685332762395,-0.0872028518535246,16,0.0
-6.47308,9,0.830421,-6.473080344399982,-0.11554444365683635,9,0.0
-3.29133,12,0.832805,-3.291330493107771,-0.11398551678885786,12,0.0
-3.060336,10,0.834847,-3.060335720829233,-0.09620655337486815,10,0.0
-3.138379,13,0.837479,-3.138379141705486,-0.12078869116506281,13,0.0
-7.613823,21,1.023315,-8.159193026400713,-0.22475616439085888,21,0.0
-2.056302,31,1.033053,-3.3286758915205787,-0.26579560609732666,31,0.0
-1.538728,22,1.039368,-2.1624399446155076,-0.1847380906076872,22,0.0
-2.0327,12,1.041807,-2.032700056219887,-0.10397461833160701,12,0.0
14.79277,32,1.051818,13.55232344208234,-0.13880606691807917,32,0.0
0.410404,13,1.054856,0.410404081687189,-0.09239870420286173,13,0.0
-4.066704,9,1.056668,-4.066704004574103,-0.0963403386788592,9,0.0
-2.476591,12,1.059228,-2.476591398703266,-0.10749695243311194,12,0.0
2.377261,16,1.062871,2.268460182640882,-0.10142483339883243,16,0.0
-0.233216,16,1.065997,-0.34462190193583175,-0.12238346548154898,16,0.0
4.047621,20,1.0709,3.5678676862598833,-0.12294576996040273,20,0.0
-5.112017,15,1.074063,-5.112016981564773,-0.15250616986009727,15,0.0
-4.306468,26,1.081054,-5.271072288446354,-0.24154334527157056,26,0.0
-6.434561,17,1.085228,-6.6431888934639245,-0.1806951187422089,17,0.0
-1.005717,11,1.087392,-1.0057168553973375,-0.08777799105451914,11,0.0
-0.311128,26,1.094421,-1.2793710687883328,-0.2095568154601277,26,0.0
-1.833503,20,1.099047,-2.278650438001149,-0.1696782839786839,20,0.0
0.562548,13,1.101581,0.562547983779218,-0.09118348550701053,13,0.0
-1.469427,13,1.104713,-1.4694265662864916,-0.10747774804583575,13,0.0
-5.968667,8,1.106225,-5.9686665116529545,-0.1035176184089479,8,0.0
-2.597859,18,1.110486,-2.8919140517703483,-0.1586774715049127,18,0.0
9.562503,34,1.121018,7.9874363557296295,-0.1992434995458644,34,0.0
4.765823,26,1.128324,3.822340390352377,-0.1688149613463444,26,0.0
13.773786,38,1.140643,12.08535403633638,-0.19841550358404156,38,0.0
-2.001777,23,1.146699,-2.7122681689100583,-0.19710554870767613,23,0.0
5.398272,28,1.155105,4.247109077458058,-0.18136135892946814,28,0.0
1.605102,29,1.341441,0.4307881779963279,-0.21982842521742424,29,0.0
-1.493777,12,1.343856,-1.493777372553887,-0.09965206316229655,12,0.0
-5.028273,23,1.349604,-5.780952934533407,-0.22163323170232813,23,0.0
-12.623475,16,1.352774,-12.73384758756789,-0.22149651270332296,16,0.0
-1.225602,21,1.357711,-1.807188758849329,-0.17397315789378567,21,0.0
6.030013,23,1.364244,5.263764579919836,-0.13331256771255495,23,0.0
10.449703,20,1.369603,9.97267403476652,-0.07171865895438835,20,0.0
0.943732,13,1.372199,0.9437324847078635,-0.088100266965119,13,0.0
11.54974,25,1.379216,10.607400603779118,-0.10655251623820149,25,0.0
6.783183,39,1.392584,5.017147304889575,-0.26290084133443375,39,0.0
-5.543831,17,1.396391,-5.753908182665258,-0.17362200803260147,17,0.0
3.449094,23,1.402799,2.8350102800696035,-0.1528183400799097,23,0.0
-0.159048,12,1.405257,-0.159047603948838,-0.08899527456419062,12,0.0
-3.797308,11,1.407412,-3.7973084048930303,-0.11009044828981439,11,0.0
-7.302105,14,1.410444,-7.30210451929986,-0.16211886104264614,14,0.0
1.563159,16,1.413937,1.452498936273093,-0.10800933259582571,16,0.0
4.446157,21,1.419817,3.893073308844806,-0.128360819209518,21,0.0
-2.203128,13,1.422648,-2.2031280721472086,-0.11326632018531074,13,0.0
-2.133378,18,1.42679,-2.44172566083044,-0.15508296906146357,18,0.0
10.059726,38,1.438458,8.262457178877414,-0.22883194395736062,38,0.0
0.538309,23,1.444759,-0.17100256845651773,-0.17678223592239012,23,0.0
-4.146976,10,1.4467,-4.146975698478928,-0.10493888127668528,10,0.0
16.03881,35,1.45781,14.599860341286288,-0.15440049312917142,35,0.0
-7.338057,14,1.461012,-7.338056613138077,-0.1623717464043285,14,0.0
-3.380978,14,1.464178,-3.3809776566283842,-0.13068001198158716,14,0.0
11.51557,28,1.654134,10.366074910744981,-0.1322902746628303,28,0.0
15.553874,34,1.664575,14.12272420614319,-0.15016926849016438,34,0.0
-1.797728,27,1.672461,-2.897226190285126,-0.23056849534323307,27,0.0
-4.613795,20,1.677379,-5.073741024483534,-0.19210550918622002,20,0.0
12.406428,26,1.685142,11.406531286433404,-0.1081876649800087,26,0.0
1.862172,19,1.689874,1.4839200623259523,-0.13163389741523518,19,0.0
7.897297,24,1.696415,7.088139449286053,-0.1267529778402838,24,0.0
-3.083753,16,1.700192,-3.191130012074933,-0.1450928400608635,16,0.0
-4.216409,17,1.703883,-4.412499346441285,-0.1628574317481121,17,0.0
1.660183,15,1.706718,1.6601831125245738,-0.09834485875132581,15,0.0
5.257831,19,1.711544,4.860415313955902,-0.10468177698940379,19,0.0
-0.992342,25,1.718477,-1.8352716667410125,-0.2061311517347173,25,0.0
17.581627,38,1.730121,16.00558222731169,-0.16708394499450455,38,0.0
1.083586,20,1.735223,0.6118329751125933,-0.1466319852523078,20,0.0
5.272511,24,1.742216,4.411831068233085,-0.14814439425191311,24,0.0
7.965496,38,1.754111,6.414248351715436,-0.24375593049630578,38,0.0
8.777041,43,1.76802,6.957867746795787,-0.2792165352257321,43,0.0
-1.354971,19,1.772695,-1.7450080909908356,-0.15750955374364004,19,0.0
-3.221948,12,1.775043,-3.2219479912143143,-0.11344689081735607,12,0.0
-7.853011,20,1.780006,-8.31730506830554,-0.21796965256049733,20,0.0
-1.458589,23,1.786072,-2.1645671844353243,-0.1927314156790162,23,0.0
-2.407322,16,1.789426,-2.514868835398558,-0.13971229696323428,16,0.0
-3.914338,19,1.97291,-4.283566940959193,-0.17779878200990426,19,0.0
12.94471,37,1.984607,11.361399336237831,-0.19610185454564621,37,0.0
5.586254,24,1.991361,4.7614257940352065,-0.14531950843853494,24,0.0
13.711141,41,2.00425,11.773938739031943,-0.22477763600600945,41,0.0
-2.1e-05,13,2.006774,-2.070579784296811e-05,-0.09563523116842765,13,0.0
5.94096,20,2.011674,5.490940074838416,-0.10762412666766571,20,0.0
0.672647,16,2.015031,0.5622616197348089,-0.11503420835257136,16,0.0
-1.569201,15,2.018076,-1.56920054215105,-0.12417626351053683,15,0.0
1.833404,21,2.023825,1.282787938582498,-0.1492220458948704,21,0.0
-3.022004,14,2.026613,-3.022004221422403,-0.12782875797410154,14,0.0
15.726339,36,2.037499,14.114248106500213,-0.16611978723379167,36,0.0
-4.47092,17,2.041661,-4.672736740212517,-0.16494573290092945,17,0.0
2.380134,17,2.045603,2.187552124401801,-0.1101215017538498,17,0.0
11.82085,35,2.0568,10.308950160886567,-0.1886332764795949,35,0.0
15.985717,39,2.069433,14.381272167345287,-0.1880252145442682,39,0.0
29.606561,73,2.095554,27.088601689820848,-0.3575714900379052,73,0.0
-5.395815,15,2.09907,-5.395815151341327,-0.15474791705193425,15,0.0
-0.176682,16,2.102414,-0.285048572951929,-0.12185587806273253,16,0.0
8.20463,20,2.10722,7.757886645357275,-0.08942767651493726,20,0.0
24.801605,50,2.301978,22.64774913942342,-0.2095708448387017,50,0.0
-3.706514,17,2.30575,-3.921503489931851,-0.15886619900056564,17,0.0
3.835614,20,2.310544,3.349171414942122,-0.12475022329785962,20,0.0
2.56986,26,2.317596,1.5593684040140796,-0.18692275495122898,26,0.0
5.806243,20,2.322248,5.338491524836008,-0.10875661984618042,20,0.0
11.300376,26,2.329211,10.373714589748833,-0.1164394115069708,26,0.0
5.899122,17,2.332818,5.695110197023455,-0.08203476503615854,17,0.0
2.311136,21,2.337964,1.7190486513356413,-0.14573101712349898,21,0.0
37.283674,51,2.355347,35.199156749760476,-0.11712902233423872,51,0.0
0.691822,18,2.359895,0.3878691370005989,-0.13247288940605648,18,0.0
1.632542,15,2.363167,1.6325415557150302,-0.09855178945296068,15,0.0
4.099625,25,2.370342,3.208457798250055,-0.16568321742847533,25,0.0
13.203803,36,2.381848,11.694157574020837,-0.1856097607930374,36,0.0
3.248688,32,2.391699,1.7901461696255878,-0.23289491111859387,32,0.0
9.316832,25,2.398992,8.386969223934365,-0.12429918280549983,25,0.0
0.794245,29,2.407531,-0.3884325743184789,-0.22639929312821283,29,0.0
-3.463414,15,2.410489,-3.463414251167464,-0.13935938703690579,15,0.0
9.023682,37,2.421665,7.329382076068507,-0.22848275108709404,37,0.0
1.192529,11,2.42381,1.1925291764406194,-0.07017974436220104,11,0.0
5.499976,33,2.433807,3.9912526304315668,-0.22328808654979324,33,0.0
-2.26844,16,2.43725,-2.3764067776722406,-0.13863879625470382,16,0.0
12.902659,31,2.622925,11.560879096010956,-0.14678520928532426,31,0.0
9.986488,38,2.634722,8.373825968740928,-0.22806291321080585,38,0.0
-2.067858,25,2.641938,-2.8547631553814243,-0.2142745292600039,25,0.0
32.288353,61,2.662489,29.909716453810486,-0.2392471027993613,61,0.0
11.309531,24,2.669251,10.587644968009297,-0.09874102346830277,24,0.0
-0.342667,16,2.672886,-0.451777775498186,-0.12314978834208909,16,0.0
5.183174,42,2.686736,3.3165742909513174,-0.3003883862693043,42,0.0
1.167145,17,2.690587,0.9621683956059159,-0.119938391157664,17,0.0
-2.145578,26,2.697785,-2.9015028451179585,-0.22258769485686455,26,0.0
0.075426,35,2.708345,-1.4624125597862498,-0.2829054319626495,35,0.0
13.265697,32,2.718363,11.865342922678247,-0.1522655673912203,32,0.0
45.679463,68,2.741757,43.231760546331344,-0.18846447936096927,68,0.0
6.790613,35,2.752256,5.242526029018238,-0.2291457055303043,35,0.0
23.033815,47,2.767607,20.90052760336118,-0.19964812731448278,47,0.0
5.167181,19,2.77221,4.757320154795071,-0.10544592631338819,19,0.0
12.966405,55,2.971435,10.722762896716977,-0.3448893239322834,55,0.0
-2.038385,20,2.976467,-2.4867570520729307,-0.17141159242158868,20,0.0
1.445098,16,2.980256,1.3371182341628374,-0.10890586975707736,16,0.0
18.198748,57,3.000218,15.995314166953738,-0.31856816005369315,57,0.0
2.832399,17,3.003952,2.649761228155832,-0.10639590690072981,17,0.0
-3.648752,10,3.005929,-3.6487518541965978,-0.10098489409590838,10,0.0
27.710985,56,3.025257,25.4403345564862,-0.2350654859665653,56,0.0
12.508737,33,3.035136,11.086460447919178,-0.16647789174372266,33,0.0
15.398513,42,3.048546,13.419172158188877,-0.21959800493705092,42,0.0
-2.284441,15,3.051818,-2.284440846931474,-0.1299570039514773,15,0.0
6.459336,24,3.058226,5.639739862211869,-0.13829629847566127,24,0.0
25.605392,40,3.071351,23.805579794217483,-0.12053821276224683,40,0.0
-3.32907,13,3.073946,-3.3290698645770243,-0.12234215466483955,13,0.0
2.151998,19,3.078555,1.7653003368513318,-0.1294199321700367,19,0.0
13.183726,26,3.085717,12.261886888864526,-0.1012484849692801,26,0.0
-2.849391,22,3.091691,-3.5123690350178776,-0.19549503088721049,22,0.0
1.318663,13,3.094169,1.3186632797004645,-0.08514165015751571,13,0.0
4.534118,24,3.100937,3.7272753940778838,-0.15355780949210746,24,0.0
-4.494723,21,3.285673,-5.083093810970025,-0.20007541248037716,21,0.0
22.745147,72,3.311772,20.23958642949901,-0.4043546422919936,72,0.0
23.77088,51,3.330272,21.50541008739582,-0.22668266081030752,51,0.0
-1.820378,18,3.335107,-2.1306949297841333,-0.15257524158465838,18,0.0
-2.606272,20,3.340407,-3.0902972303414034,-0.17623357149909383,20,0.0
7.352381,19,3.345618,6.990113163177473,-0.08764747033512897,19,0.0
3.05743,24,3.352852,2.21827635793499,-0.1656603780373544,24,0.0
17.839938,47,3.369889,15.690377046157472,-0.24133616286952905,47,0.0
0.234246,16,3.373801,0.12693740548544963,-0.11858707167543639,16,0.0
16.844357,34,3.384621,15.289527192878564,-0.1408336883276401,34,0.0
-2.315161,21,3.390592,-2.8939035665061508,-0.18266979090854837,21,0.0
-1.589766,21,3.396199,-2.1398297335431233,-0.17654724169350436,21,0.0
8.732889,24,3.403763,7.924569854588244,-0.12005008712909374,24,0.0
1.790426,15,3.407028,1.7904262551889176,-0.09725603106629821,15,0.0
-2.218249,25,3.415176,-3.138498783081628,-0.21651205378746874,25,0.0
16.40061,70,3.438255,13.951965556906753,-0.4386484025235605,70,0.0
15.921081,37,3.630759,14.448116516686495,-0.1714554890562483,37,0.0
6.129492,33,3.640357,4.671881988353146,-0.21783295957045962,33,0.0
85.47058,84,3.670161,82.95609292314677,0.001716782841556336,84,0.0
29.765933,54,3.687018,27.5436828747543,-0.2022691522874591,54,0.0
13.42838,30,3.696108,12.122560354912466,-0.13423679015899972,30,0.0
6.989768,39,3.709004,5.230975049331053,-0.2611600084471165,39,0.0
5.820214,32,3.719036,4.412871192329134,-0.21192894707990037,32,0.0
24.752088,47,3.734563,22.63940212011383,-0.18570754832493713,47,0.0
-3.155729,11,3.736808,-3.1557288365766754,-0.1049670030719432,11,0.0
35.061938,59,3.757666,32.68049132394951,-0.20109956437894183,59,0.0
6.127294,21,3.76314,5.536581938677798,-0.11513930181368176,21,0.0
28.043952,52,3.780481,25.87162772146886,-0.19975422685966684,52,0.0
28.184126,51,3.97448,26.130113008487307,-0.1896924219569431,51,0.0
14.234324,32,3.984673,12.829724668160358,-0.14446629231342453,32,0.0
23.31795,94,4.019547,20.789290060273053,-0.5753012177712645,94,0.0
5.248925,32,4.029253,3.83604916928614,-0.21650815608551363,32,0.0
40.222666,68,4.052391,37.71264847234838,-0.23246013642771976,68,0.0
61.121206,80,4.080469,58.6408322750315,-0.16079949910197106,80,0.0
-0.489038,11,4.082676,-0.48903800105197637,-0.0836879331097369,11,0.0
2.861604,34,4.09309,1.3767919602490926,-0.25210838612510716,34,0.0
1.147342,15,4.096183,1.1473420789020585,-0.10247244181538188,15,0.0
17.92654,56,4.115147,15.734124599564222,-0.3126096166263941,56,0.0
8.023748,75,4.141874,5.652450042117669,-0.5448109108094699,75,0.0
32.249749,52,4.33886,30.253614796025317,-0.1645899635060496,52,0.0
-5.098459,14,4.34212,-5.098458829309751,-0.1444328136963543,14,0.0
27.335476,89,4.37292,24.708730723932245,-0.5041460847841399,89,0.0
28.511216,107,4.412051,25.895414299348946,-0.6382713698785297,107,0.0
101.178838,96,4.448954,98.60390204348279,0.031153323301107223,96,0.0
5.55692,81,4.478732,3.0619763373132614,-0.6134524447389202,81,0.0
-0.920496,76,4.700749,-3.4388050655688236,-0.625550116901169,76,0.0
60.657725,61,4.722369,58.34628581133447,-0.011736979164648224,61,0.0
29.016775,45,4.738485,27.085524958277077,-0.1341809248103913,45,0.0
0.178658,12,4.7409,0.17865803626798282,-0.08628524319792433,12,0.0
7.62756,32,4.750489,6.176998160282681,-0.19783025226208145,32,0.0
35.225522,50,4.767966,33.108402436025685,-0.12593330786184026,50,0.0
9.790807,25,4.775685,8.88157855160795,-0.12038547814588774,25,0.0
54.014938,84,4.808386,51.50695655885596,-0.2498234419733677,84,0.0
4.67876,64,4.831876,2.4571472858114336,-0.48271489982583515,64,0.0
20.727252,58,4.853169,18.33122213065626,-0.3078670882324128,58,0.0
39.103557,56,4.873676,36.83456687513486,-0.14399962182663542,56,0.0
12.889528,28,5.062306,11.780275367412948,-0.1210347321808096,28,0.0
5.606952,30,5.071703,4.388692502056257,-0.19608416180306665,30,0.0
15.89175,56,5.090871,13.658034271561178,-0.3293127402840137,56,0.0
3.588436,15,5.094167,3.5884358958127196,-0.08286697242351604,15,0.0
40.256115,78,5.121966,37.78697859064262,-0.31167384342856297,78,0.0
7.069333,22,5.127604,6.4330312690639975,-0.11602383122448762,22,0.0
52.805381,90,5.159903,50.25829037893409,-0.3076765446143347,90,0.0
113.64173,89,5.192277,111.21281413171089,0.18803323304201447,89,0.0
41.99798,78,5.220279,39.58639379101892,-0.2972525479360414,78,0.0
9.292926,22,5.226181,8.726300758316738,-0.09770053566777075,22,0.0
39.209869,57,5.429818,37.11017953362501,-0.14974116520656666,57,0.0
353.138516,247,5.522394,350.4147683920069,0.8416834186363662,247,0.0
17.578208,60,5.543465,15.328766210340163,-0.34789845150161375,60,0.0
45.983763,67,5.565906,43.75897002565579,-0.17625981135464117,67,0.0
8.407847,17,5.569436,8.194884340533136,-0.062000143711283165,17,0.0
38.709871,53,5.586044,36.67340516523551,-0.12130354496157916,53,0.0
32.744914,43,5.780618,30.84582519094418,-0.08816283784576096,43,0.0
7.929418,30,5.789616,6.818422694459075,-0.17665180650259193,30,0.0
1.454982,44,5.803907,-0.31267692296179384,-0.34533549042201567,44,0.0
21.025434,37,5.815797,19.713489698525024,-0.12934035493303492,37,0.0
53.973992,104,5.855383,51.258491851574135,-0.41110321888086665,104,0.0
52.59931,84,5.886139,50.111290207543774,-0.26100215652954667,84,0.0
18.111427,34,5.897308,16.709928762246683,-0.12941537908680875,34,0.0
66.881645,89,5.930159,64.37093986442294,-0.18682775114527117,89,0.0
205.904769,147,6.160258,203.24540409871562,0.4616722359122481,147,0.0
51.492019,83,6.1893,48.99073845688014,-0.26183793323032595,83,0.0
36.0088,55,6.207657,33.93878021535613,-0.1590687427621589,55,0.0
178.518,173,6.272206,175.8097584635236,0.0349595817741806,173,0.0
111.726736,170,6.521354,109.0109602101659,-0.4755617570891602,170,0.0
5.467094,38,6.533858,3.793498984437631,-0.2646549369253799,38,0.0
69.25106,131,6.583259,66.5798182498996,-0.5041528996742466,131,0.0
53.972011,143,6.636891,51.31464620573742,-0.7218673796198279,143,0.0
119.318685,165,6.697447,116.63156479959632,-0.37464568503327506,165,0.0
94.979484,177,6.94705,92.22620575057535,-0.6655755487058529,177,0.0
15.776477,70,6.971485,13.309391961766952,-0.4438058352927969,70,0.0
2.045346,21,6.976656,1.4737165979872964,-0.14772091000447457,21,0.0
276.144789,215,7.056893,273.43300248123654,0.48101543949637326,215,0.0
104.933483,198,7.312291,102.22171076706819,-0.7533636052660105,198,0.0
93.500238,125,7.358631,90.86455551579202,-0.26198438098253113,125,0.0
55.535901,63,7.380331,53.15435801122352,-0.06923779678096857,63,0.0
44.852812,50,7.397619,42.75055568643895,-0.04876363632626446,50,0.0
65.449345,165,7.637789,62.732606009218536,-0.8059475773192075,165,0.0
59.696717,85,7.668722,57.137547143413755,-0.21274447953771736,85,0.0
3.059723,56,7.687456,0.8372177490735555,-0.43178006983566725,56,0.0
240.593089,193,7.759366,237.9253602012892,0.3721448682412644,193,0.0
16.65331,60,7.779509,14.258408781250552,-0.3564647736698942,60,0.0
257.678845,168,8.027103,255.02962762871465,0.7083552723571425,168,0.0
79.994229,166,8.090514,77.29781995001089,-0.6972689272660888,166,0.0
112.028352,125,8.137845,109.46553386208689,-0.11308189550490362,125,0.0
11.617538,37,8.149991,10.046581239785812,-0.2067451208802178,37,0.0
176.761357,102,8.368865,174.29173882095142,0.5887241200925041,102,0.0
186.921648,174,8.432863,184.21633849466124,0.09409139681828356,174,0.0
264.327371,185,8.501871,261.5768994964709,0.625304697452432,185,0.0
176.038967,116,8.545101,173.4820835789814,0.47086885924947225,116,0.0
37.983545,62,8.751088,35.65996946260152,-0.20106072149475615,62,0.0
364.233541,267,8.852486,361.51713030571165,0.7710539362040401,267,0.0
37.083037,55,8.870412,34.97002861149511,-0.15097225357861102,55,0.0
38.624299,90,8.901521,36.091867906700955,-0.4210455311530594,90,0.0
88.457431,137,9.133006,85.8468832835237,-0.39758415517581003,137,0.0
94.923585,129,9.180183,92.27690702234902,-0.2825491112130291,129,0.0
422.367898,269,9.282552,419.57976663277674,1.2196645626669547,269,0.0
257.846077,185,9.535148,255.25510088552815,0.5747839410193711,185,0.0
128.332828,226,9.619552,125.62996183484316,-0.7890372326865243,226,0.0
24.836433,75,9.646215,22.399226158104224,-0.4109212649450351,75,0.0
53.618143,154,9.884137,50.98369347487843,-0.8122083600361063,154,0.0
295.478421,186,9.95258,292.8246290263872,0.8674198222740845,186,0.0
119.632788,137,10.003164,116.92132184603233,-0.1492172489291076,137,0.0
337.609573,229,10.265795,334.9195328978286,0.8611263100994196,229,0.0
243.950261,133,10.313815,241.37022629187473,0.8784382882997792,133,0.0
279.358532,166,10.376685,276.85871766947014,0.8990736291752486,166,0.0
276.04289,167,10.628317,273.42951860866157,0.8637243381738191,167,0.0
238.292086,345,10.76817,235.61415532832152,-0.8581216979537988,345,0.0
339.081904,251,11.053734,336.3447382543252,0.6971648888676543,251,0.0
231.729416,121,11.099329,229.2967831139046,0.8775365188554405,121,0.0
221.437203,159,11.159194,218.79169149015232,0.49059698829562476,159,0.0
332.09094,218,11.417541,329.50643802226125,0.9057710091049106,218,0.0
252.648508,139,11.470719,250.1075124505197,0.9004322751954104,139,0.0
425.680361,298,11.766255,422.97450916490754,1.015645220333114,298,0.0
362.071551,223,11.85142,359.5514431831354,1.1063627466013055,223,0.0
118.476881,193,11.924421,115.91645780263791,-0.6035156580200536,193,0.0
340.01413,214,12.180966,337.3623385278849,1.0003976154454912,214,0.0
264.810662,162,12.240872,262.2976967335238,0.8146484859275831,162,0.0
74.772266,176,12.482709,72.08132220976515,-0.8188239694430869,176,0.0
338.448497,214,12.561175,335.77798786304317,0.9878094806712222,214,0.0
260.282898,149,12.617305,257.7964675368137,0.8821575150097546,149,0.0
171.458902,95,12.651282,168.86103426042325,0.6012928480240575,95,0.0
188.632138,100,12.865046,186.0792772751388,0.6992767345607969,100,0.0
455.60893,307,12.979513,452.977569478741,1.1836663298388184,307,0.0
282.195104,159,13.21634,279.7911939071405,0.9785254912208087,159,0.0
53.278759,132,13.265529,50.86788871471277,-0.6376470457757659,132,0.0
268.243955,155,13.324053,265.70404045180277,0.8976907891445862,155,0.0
128.582461,116,13.366018,126.26340746185708,0.09324555461704469,116,0.0
299.225377,186,13.615609,296.6167424543623,0.8977373490548524,186,0.0
278.113719,168,13.678299,275.44341003977223,0.871872253587543,168,0.0
293.418648,189,13.749531,290.90307087422025,0.8278379375142904,189,0.0
364.393522,236,14.019642,361.7632893459598,1.0201936582611553,236,0.0
236.797604,133,14.068765,234.22363362197822,0.8212718219695284,133,0.0
270.329632,141,14.121671,267.846043289635,1.026443958900836,141,0.0
365.519197,223,14.384126,363.03233219473276,1.13414642333027,223,0.0
239.200298,121,14.427679,236.729879023154,0.9369134396980188,121,0.0
319.465116,200,14.503418,316.95525303762537,0.9489132319931051,200,0.0
302.502931,214,14.761281,299.8758052004544,0.7006050987883822,214,0.0
253.552937,156,14.820696,251.07012087291525,0.7726182463740707,156,0.0
256.174468,155,14.882945,253.7170918600823,0.8019693582277388,155,0.0
208.662651,116,15.109664,206.16011278717295,0.7323841900836296,116,0.0
343.663071,218,15.197236,341.13967454361483,0.9987420058143961,218,0.0
461.302142,331,15.507051,458.6511931053218,1.0381336180935374,331,0.0
359.592923,231,15.593153,356.9252493994009,1.0213768295344363,231,0.0
274.972867,157,15.840807,272.53587543027993,0.9366055706018256,157,0.0
322.445613,237,15.930719,319.8554785624507,0.6772098062534903,237,0.0
388.680579,254,16.223636,386.10801539959647,1.0714821440726163,254,0.0
283.878416,145,16.277783,281.4233815506658,1.1033238717321567,145,0.0
231.525924,115,16.320042,229.11508012545076,0.9238980364934174,115,0.0
289.993939,160,16.380233,287.5000608656063,1.0323437778033098,160,0.0
158.313402,88,16.589298,155.94842512474617,0.5538190857162503,88,0.0
345.027123,224,16.675597,342.70981036562273,0.9639513235873745,224,0.0
323.844678,193,16.748421,321.431961412163,1.0404353434403888,193,0.0
253.502069,134,16.986951,251.15215547073726,0.94855898856134,134,0.0
279.544897,183,17.056785,277.0778158811936,0.7653934642078091,183,0.0
278.913467,182,17.125951,276.386521941089,0.767998317777019,182,0.0
302.224874,177,17.377695,299.86686361726794,0.995830010642777,177,0.0
-0.999236,22,17.384046,-1.6482243590142094,-0.1806841193920683,22,0.0
401.05058,279,17.491773,398.5713592051947,0.9721807160351046,279,0.0
314.141277,182,17.736796,311.5443040345578,1.0491888912674165,182,0.0
242.761607,145,17.790541,240.42843884162784,0.7750956332946706,145,0.0
288.854302,163,17.848982,286.52181116065674,1.0003870650310238,163,0.0
259.893984,133,17.89812,257.4914050204619,1.0073561239037185,133,0.0
293.252127,170,18.145289,290.888299235619,0.9795886140741328,170,0.0
435.616519,337,18.276381,433.15886298990876,0.7866295699962923,337,0.0
288.386182,158,18.5264,286.18184732195135,1.0377258154594262,158,0.0
219.603324,131,18.574889,217.15523321518884,0.7006230966434612,131,0.0
262.507331,148,18.631102,260.223064160131,0.9099037168988439,148,0.0
253.12226,156,18.870236,250.71976687128475,0.7699246361142257,156,0.0
245.800368,141,18.926914,243.51716384119456,0.8320514759851698,141,0.0
175.851226,269,19.03078,173.43059225105182,-0.7491702829530861,269,0.0
233.069083,127,19.265799,230.6157546384449,0.8403434426276608,127,0.0
256.248933,146,19.325071,253.89555812819236,0.8751909587741877,146,0.0
342.338579,226,19.415172,340.00045380611624,0.9261168262463588,226,0.0
305.916928,175,19.672529,303.64113386534206,1.0419568086513358,175,0.0
382.885989,245,19.770918,380.48879201070747,1.0986269929027832,245,0.0
291.927712,160,19.836545,289.71926373979795,1.050053735709062,160,0.0
348.268503,216,20.107238,345.91080228737536,1.053373952667507,216,0.0
289.660366,165,20.170242,287.4598780966515,0.9921731076576091,165,0.0
206.643665,111,20.211441,204.21480295255887,0.7565429455280759,111,0.0
266.754377,167,20.466353,264.42950189856674,0.7920135775248774,167,0.0
331.664085,218,20.5523,329.15584252008324,0.9030531511066185,218,0.0
314.268402,186,20.799384,311.8850281426513,1.0201861748680976,186,0.0
362.168308,218,20.882033,359.7654005273152,1.1480075576932367,218,0.0
290.498634,165,20.943335,288.16406582654946,0.9976874904985003,165,0.0
334.367366,187,21.204979,331.93541310143905,1.1726088558406214,187,0.0
306.290359,178,21.276224,304.0238922706784,1.0210198437179272,178,0.0
281.849468,153,21.336812,279.7136926601799,1.0258034328005599,153,0.0
334.885905,218,21.612788,332.5044295419833,0.9299918841877113,218,0.0
313.322842,189,21.689127,310.8030656436246,0.9874892920824396,189,0.0
295.681189,175,21.758615,293.2189111129733,0.9586370871978831,175,0.0
225.703522,123,21.986275,223.20292565464962,0.8130352742224736,123,0.0
235.611306,120,22.030685,233.34548698880712,0.9179484989505632,120,0.0
303.1035,182,22.101715,300.66927939949187,0.9624904703562223,182,0.0
272.553824,144,22.34306,270.1583394295194,1.021175327516073,144,0.0
300.287289,176,22.409102,297.84955032547555,0.9876866642282796,176,0.0
312.151958,172,22.477666,309.9644555555988,1.1164693925441092,172,0.0
290.78328,154,22.712672,288.5922808114207,1.0888104379449057,154,0.0
341.598163,194,22.794233,339.3204930617648,1.17572628235747,194,0.0
179.803944,120,22.843037,177.350283889699,0.4699713741276839,120,0.0
287.311394,147,22.900407,284.87098176045373,1.1148709978602103,147,0.0
295.596102,171,23.144528,293.11132358800546,0.9895410430547918,171,0.0
267.619724,159,23.207233,265.16684412377623,0.8617001831864908,159,0.0
349.895253,209,23.476042,347.5423784499943,1.1218711818229057,209,0.0
269.965939,142,23.52739,267.67949445309046,1.0173292317820466,142,0.0
216.094778,121,23.571719,213.51614699430723,0.7512989595373684,121,0.0
267.223401,148,23.627093,264.9864378097696,0.9479499472225987,148,0.0
350.618451,220,23.904627,348.169712611885,1.0392192287915647,220,0.0
422.406722,270,24.014381,420.0226392343102,1.2157285671275466,270,0.0
273.241518,174,24.262532,270.9178162047354,0.7880219648531928,174,0.0
391.770327,262,24.371871,389.3626342601372,1.034202941016197,262,0.0
297.870155,174,24.44073,295.3942281314145,0.9839839755754696,174,0.0
303.695109,149,24.687246,301.44361852605726,1.2315066611679573,149,0.0
62.500534,158,24.749152,60.17336678316001,-0.770014937475538,158,0.0
320.395559,168,24.817409,318.1280772768863,1.213638964645727,168,0.0
353.06676,202,25.089196,350.7368881081335,1.2034425544468594,202,0.0
279.656539,141,25.14176,277.26105127841913,1.1019422939948533,141,0.0
354.548371,190,25.212664,352.2793093432344,1.311408232401654,190,0.0
286.79233,154,25.44954,284.56955146537643,1.056820532750907,154,0.0
328.980022,174,25.522944,326.5867468733286,1.23343768918184,174,0.0
319.838677,168,25.586937,317.4631629236328,1.208132743700356,168,0.0
302.376709,171,25.833656,300.00673639349935,1.0446602961994191,171,0.0
330.317728,190,25.908291,327.9516922954178,1.1168504877538412,190,0.0
331.568704,182,25.979829,329.21424501167166,1.1906144241303407,182,0.0
336.439448,184,26.249219,334.22978534227127,1.2148457773449464,184,0.0
356.821317,199,26.328112,354.3430146907389,1.2561872148258078,199,0.0
356.526467,192,26.594464,354.16497751156516,1.3103874560291846,192,0.0
329.9733,178,26.664105,327.82415922844996,1.2113465090780784,178,0.0
373.989015,210,26.744963,371.54251169909435,1.3059402064081427,210,0.0
274.616437,146,27.022153,272.2283750975539,1.0216056222421388,146,0.0
98.355345,186,27.098191,95.96427274302509,-0.7069989966904432,186,0.0
306.466468,170,27.174569,304.0674084670116,1.0851266955966832,170,0.0
374.350009,233,27.45975,372.04718828875133,1.126847149543821,233,0.0
411.621384,227,27.549522,409.2630108846984,1.4726219867901342,227,0.0
348.400007,182,27.80532,345.9979495412651,1.32494919889102,182,0.0
311.479181,150,27.862762,309.25232438503855,1.2859772547697157,150,0.0
369.303327,209,27.946306,366.96948310413296,1.2775971999196805,209,0.0
283.35314,159,28.199491,280.9539038785225,0.9878607516168267,159,0.0
355.369513,197,28.277267,353.1376280895272,1.2625463660080551,197,0.0
352.774613,174,28.344776,350.47876088805384,1.4247381785629232,174,0.0
406.141809,260,28.636432,403.8233646245709,1.1658352536693515,260,0.0
291.64484,143,28.691722,289.2722727095256,1.1820588361513915,143,0.0
299.98061,151,28.751018,297.6797327764232,1.1854811656498478,151,0.0
154.38849,248,29.041584,152.172688615361,-0.7512606632008837,248,0.0
439.066535,288,29.155445,436.6552550899979,1.2053043114628241,288,0.0
335.222001,177,29.410336,332.9396580468147,1.260306505600907,177,0.0
331.598242,159,29.470402,329.1907612375852,1.3736197687234233,159,0.0
364.294306,221,29.745595,362.07092532156844,1.1427636723827468,221,0.0
368.074897,226,29.834021,365.6470772206087,1.1314815493864023,226,0.0
378.366543,198,29.912621,376.07217672915147,1.437924437166634,198,0.0
351.936321,208,30.173468,349.7137487876405,1.1475435670706915,208,0.0
355.315749,213,30.255909,352.97807292277656,1.133922241737003,213,0.0
276.677846,154,30.316971,274.457187620258,0.9760178214211845,154,0.0
299.766994,161,30.566913,297.4795161076595,1.1043910332948839,161,0.0
364.957551,201,30.643806,362.6934295202496,1.3072236678014582,201,0.0
367.947921,222,30.91697,365.8084440541055,1.164847037195745,222,0.0
344.41277,187,30.987273,342.04751214516756,1.2535541380791129,187,0.0
383.974872,238,31.07679,381.72028783804006,1.1645253020847939,238,0.0
358.106355,167,31.316817,355.7207050589489,1.5222772677033143,167,0.0
378.663753,222,31.404657,376.45573597873874,1.2498797815903895,222,0.0
316.419909,176,31.64835,314.21386986715083,1.1185720674293351,176,0.0
346.871966,187,31.719028,344.58203435630236,1.2737433666684044,187,0.0
338.378701,190,31.792037,336.10112163695436,1.1820182264757106,190,0.0
302.671068,159,32.034038,300.29404564033433,1.1426396009181947,159,0.0
390.410282,221,32.11708,388.10333577010977,1.3513172960730802,221,0.0
356.90384,204,32.195118,354.6470902607953,1.2189258235612441,204,0.0
367.145185,202,32.455973,364.9681246312259,1.3172094091874407,202,0.0
328.158363,154,32.513146,325.7066708679375,1.3858170835163004,154,0.0
308.474516,156,32.570601,306.1603861722272,1.21332166764689,156,0.0
384.910526,187,32.824842,382.53984028509547,1.5775356191267231,187,0.0
436.192962,252,32.92145,433.7667811412398,1.4690285404416554,252,0.0
337.293884,189,33.174317,334.8939294091518,1.1803024943754827,189,0.0
279.659438,137,33.223954,277.4072974150157,1.1350205430858542,137,0.0
273.748704,136,33.275958,271.49242831531575,1.0955846126161617,136,0.0
466.845038,307,33.576689,464.43677519838513,1.2761359778135408,307,0.0
378.251982,213,33.658786,376.0007316174145,1.317897740741481,213,0.0
272.369019,140,33.710633,269.91068930153193,1.0510061959198616,140,0.0
290.241327,143,33.945808,287.73049862231125,1.169652957642637,143,0.0
320.958412,195,34.021276,318.6075266739238,1.0023945542735984,195,0.0
284.528427,130,34.068253,282.0270588447245,1.2276061308377593,130,0.0
343.352224,187,34.321715,340.85023602758656,1.244125268720306,187,0.0
463.468035,270,34.424351,461.0032319728371,1.5433583022610058,270,0.0
103.50071,207,34.688309,101.45325516702576,-0.8302388200673859,207,0.0
454.085358,246,34.788097,451.7268144782994,1.6604884976117038,246,0.0
288.49134,143,34.844324,285.99931044306413,1.1558964325981436,143,0.0
329.716158,187,35.120964,327.525314152216,1.1374043710183228,187,0.0
344.73563,160,35.186038,342.2898963550662,1.4704841430308089,160,0.0
393.225963,231,35.461161,390.85620305267497,1.2933557317079492,231,0.0
384.19097,242,35.558378,381.77117272191407,1.1329129532341606,242,0.0
344.868066,191,35.63058,342.5187176239472,1.2253795705748958,191,0.0
344.944533,203,35.885048,342.6237533308173,1.130543870724982,203,0.0
371.650182,225,35.970812,369.2179224914268,1.1681611106628418,225,0.0
332.418041,184,36.222753,330.09010153565765,1.1819359839194807,184,0.0
377.032865,207,36.301963,374.65621033567305,1.3553222569506869,207,0.0
362.368675,196,36.37637,360.0134113372235,1.3256237125001293,196,0.0
439.856687,225,36.646077,437.3581468831921,1.7129849800117758,225,0.0
303.857322,159,36.708739,301.45122683747746,1.1518711507037154,159,0.0
424.327957,235,36.986171,421.98429155362595,1.5106591614811706,235,0.0
344.132452,162,37.047632,341.75489575212583,1.4505860826592323,162,0.0
390.825057,202,37.125317,388.6059834092154,1.5065482715191307,202,0.0
316.386589,166,37.369631,314.0759941760558,1.197172197992626,166,0.0
354.074472,215,37.45471,351.77011580213633,1.1081846183097148,215,0.0
379.697467,225,37.741918,377.4242644462489,1.2336632236176996,225,0.0
388.698842,198,37.824172,386.4344347196617,1.5208898207025032,198,0.0
448.504268,291,37.941697,446.3809766598982,1.2593018297484184,291,0.0
398.989052,241,38.230473,396.5995695780266,1.259562874450909,241,0.0
358.810429,177,38.300899,356.47422936755913,1.4487372604817497,177,0.0
371.925206,222,38.57943,369.625250892876,1.1951969331250463,222,0.0
440.944987,253,38.679764,438.5459711152481,1.4994498580606699,253,0.0
377.531352,194,38.942051,375.23191462548994,1.4631912755923218,194,0.0
289.815977,153,39.000242,287.5603899542802,1.0886843832026056,153,0.0
424.381714,241,39.093384,422.04063760052935,1.4632157325889192,241,0.0
268.952623,133,39.326573,266.50615515215327,1.0797205425905063,133,0.0
354.411905,175,39.394198,351.99313069938256,1.4287278362438107,175,0.0
396.462085,217,39.479498,394.08126317736634,1.4308436445065913,217,0.0
294.388342,139,39.714063,291.9836431215784,1.2356937767865412,139,0.0
384.47726,207,39.793908,382.2278328485915,1.4154594376485894,207,0.0
433.71128,239,40.064279,431.3614244418696,1.5535247413568276,239,0.0
396.702308,210,40.150056,394.3843080597921,1.489032389993121,210,0.0
421.077748,244,40.244548,418.8710219108931,1.41391435701239,244,0.0
348.232454,194,40.499316,345.9270969901403,1.228863461356139,194,0.0
360.850859,193,40.573717,358.5285881593366,1.3375330213669758,193,0.0
404.680069,201,40.828019,402.30885141806476,1.623923763176495,201,0.0
303.947029,175,40.89339,301.5797875100288,1.0257453076601077,175,0.0
357.544147,198,40.96855,355.31829455136506,1.2722155233623607,198,0.0
365.463702,188,41.216645,363.1313646773957,1.4143330470319178,188,0.0
453.100032,260,41.315344,450.7370777348582,1.5413190725195705,260,0.0
322.24799,170,41.562489,320.00386197748367,1.2128366164774445,170,0.0
342.103708,190,41.639911,339.7985768488285,1.211807764613649,190,0.0
368.659349,196,41.717703,366.2876414058112,1.375765756583185,196,0.0
410.990698,242,41.9975,408.7213366511961,1.3485950258193407,242,0.0
392.537358,205,42.077674,390.2003898231002,1.495519493197399,205,0.0
374.133903,184,42.150553,371.972467290472,1.5169532240764374,184,0.0
344.65999,169,42.394215,342.3646977917376,1.3998157812344119,169,0.0
326.211901,156,42.45221,323.8988158896507,1.3555087560870211,156,0.0
395.808157,205,42.731017,393.31685178169636,1.5201762453877665,205,0.0
376.574337,209,42.810897,374.1380156027135,1.3348550146119516,209,0.0
354.246403,185,42.880786,351.9057817918418,1.3484309944767,185,0.0
339.155188,158,43.132435,336.92990871067195,1.4439368693821166,158,0.0
411.513476,225,43.220162,409.07964575113385,1.4868850235350175,225,0.0
368.318894,183,43.287696,365.95702991932905,1.4768527369090587,183,0.0
355.689012,202,43.551376,353.4103769802205,1.2251838284890693,202,0.0
364.100785,179,43.620968,361.8427382680733,1.475719214861211,179,0.0
326.266515,172,43.687884,323.86904134971604,1.227617359787976,172,0.0
496.008261,281,44.010584,493.635821676686,1.7172914559080694,281,0.0
367.07126,180,44.077866,364.7160387903681,1.4905904159388463,180,0.0
320.851131,151,44.326928,318.6338678566533,1.3530447160570185,151,0.0
359.742902,195,44.40369,357.37770520203287,1.3123815253405076,195,0.0
311.441592,155,44.463558,309.14140699840084,1.2451716406057725,155,0.0
399.411912,191,44.726979,397.0389032047604,1.6616594711714994,191,0.0
364.645465,180,44.798498,362.2514396400174,1.4711415758799624,180,0.0
423.518487,231,45.083735,421.1595116840472,1.536123070745379,231,0.0
335.26359,169,45.152215,332.9010532082727,1.3237902464694087,169,0.0
328.124784,163,45.216759,325.871165243816,1.3155438899474243,163,0.0
396.976548,204,45.478451,394.70949142664637,1.53940594979513,204,0.0
318.387964,154,45.536912,316.1448395834434,1.3095365379232544,154,0.0
402.256723,209,45.617984,399.94955692526906,1.5413292494487874,209,0.0
385.82939,178,45.867124,383.3546071251083,1.6557909571770935,178,0.0
372.518711,206,45.948869,370.29831289327103,1.3282603070104013,206,0.0
357.943223,182,46.019393,355.6292302548425,1.4021626806358383,182,0.0
134.705558,245,46.2962,132.40311356880383,-0.8856111909312454,245,0.0
454.914494,239,46.396141,452.53968250900016,1.7231273120681356,239,0.0
368.984482,168,46.644553,366.73812717236035,1.6025743996362702,168,0.0
403.027547,202,46.726528,400.66740247400065,1.6030523435866497,202,0.0
387.615514,206,46.809781,385.30356609145923,1.4483897763085414,206,0.0
331.761454,174,47.061342,329.47841021646855,1.2566440888387023,174,0.0
350.372482,168,47.126035,348.2025563974897,1.4540642297471658,168,0.0
361.145137,203,47.396596,358.9407233838912,1.2613225337674747,203,0.0
374.35283,185,47.468071,372.0547481941932,1.5096066274281128,185,0.0
307.37824,150,47.528002,305.15199454819793,1.2533461229131662,150,0.0
353.279251,172,47.783853,350.99957312949203,1.4449721580923118,172,0.0
443.952714,238,47.879284,441.7459353135486,1.6450012049490996,238,0.0
412.678998,204,47.957842,410.2292538920432,1.6636785595748702,204,0.0
316.749627,145,48.202043,314.6421250063604,1.3692139277928723,145,0.0
394.274097,200,48.281609,392.10244746943744,1.5504432275300684,200,0.0
407.319124,214,48.363129,405.1762469777542,1.5434493717012894,214,0.0
351.676752,178,48.616737,349.36635720353377,1.3840249115067194,178,0.0
385.138742,196,48.695954,382.845374792115,1.5083371285437548,196,0.0
335.112369,162,48.945446,332.84196535887156,1.3791706321150399,162,0.0
351.472609,166,49.017621,349.21057162511516,1.4782546365407034,166,0.0
363.890201,196,49.094942,361.6669734599344,1.3389910140721468,196,0.0
330.592602,173,49.34276,328.35219497014424,1.2555690112120204,173,0.0
286.590859,133,49.392336,284.21873069010496,1.221495679834173,133,0.0
316.858369,153,49.449854,314.5327294745274,1.3045694800460905,153,0.0
342.172001,180,49.517996,339.82760368102623,1.2916251664293135,180,0.0
401.255676,201,49.781146,399.1510668384987,1.5990503210907079,201,0.0
334.10728,156,49.841788,331.8410818257966,1.4190937495120939,156,0.0
376.993082,183,50.094018,374.7534895852619,1.5471901270413337,183,0.0
404.3257,184,50.166858,402.0139348635236,1.7572632791904894,184,0.0
340.490786,168,50.23201,338.18506036361555,1.3741545099804922,168,0.0
299.380288,129,50.280869,296.93328062766403,1.3550136448164618,129,0.0
364.544137,191,50.540687,362.1660106449416,1.3826200465677527,191,0.0
362.559304,166,50.604591,360.239495967285,1.5663620249051837,166,0.0
285.418487,134,50.656392,283.12327190581794,1.2046705750562325,134,0.0
384.108902,186,50.915937,381.78041663357106,1.579428414576114,186,0.0
374.655601,190,50.989841,372.41625221817867,1.4727276491820138,190,0.0
290.260216,137,51.039919,287.95892036827246,1.2194508700160285,137,0.0
353.928738,153,51.274298,351.53553624376974,1.6004111062396578,153,0.0
397.239481,202,51.350832,394.86380524636627,1.5566942582298158,202,0.0
441.038677,248,51.629364,438.6463766119245,1.540023687169171,248,0.0
377.100633,198,51.710614,374.8609396376978,1.4282929465467904,198,0.0
327.953994,177,51.781991,325.7174207643688,1.20283452958462,177,0.0
353.087314,179,52.037594,350.82713140740253,1.3875809915522839,179,0.0
390.519309,210,52.121906,388.2796305395181,1.4403343108551456,210,0.0
355.143757,180,52.194408,352.89680720738363,1.3963511991622468,180,0.0
483.003036,294,52.491751,480.69125768561105,1.5097217402142618,294,0.0
378.591836,182,52.562663,376.4986274163611,1.5691258806198087,182,0.0
373.53585,190,52.823577,371.3329201583131,1.4641562123948395,190,0.0
403.899695,228,52.910468,401.5588251696308,1.4029989738915996,228,0.0
310.695005,154,53.149598,308.58327617251456,1.2489558412371877,154,0.0
405.909319,204,53.226767,403.65953750280204,1.611130345057735,204,0.0
355.708795,195,53.303006,353.4710892939019,1.2813660941725675,195,0.0
323.55998,150,53.550305,321.358696415173,1.3830198015586668,150,0.0
372.027258,184,53.624768,369.72189700202284,1.4989234859724874,184,0.0
285.385753,160,53.686498,283.15067740617366,0.9976964658946016,160,0.0
373.956914,186,53.934813,371.760561472326,1.499323554558191,186,0.0
299.759447,143,53.987301,297.46783499175956,1.2478420405446695,143,0.0
354.053291,178,54.054198,351.81664092777726,1.4036069245387408,178,0.0
303.597225,152,54.293953,301.36437662163337,1.2070567130648377,152,0.0
410.17873,234,54.38597,407.98697188640944,1.4065239838505175,234,0.0
386.010605,186,54.459762,383.66253312000697,1.5945001073189942,186,0.0
422.366544,209,54.71929,420.1359122610225,1.7031075541865404,209,0.0
361.622825,167,54.782754,359.38399118369193,1.5515066387837915,167,0.0
296.39506,145,54.83626,294.00358785507973,1.2038629369013565,145,0.0
363.549012,181,55.082518,361.29666605285405,1.4556167000445361,181,0.0
341.32741,168,55.148808,339.15192630426304,1.3818329633422426,168,0.0
422.844391,236,55.424799,420.5784578711417,1.4914659263415568,236,0.0
338.226313,167,55.493749,335.9478939813718,1.3642691327567538,167,0.0
359.357743,173,55.559478,357.0370038601233,1.4850925781988642,173,0.0
320.160823,151,55.615521,317.89145162434016,1.3472260655043775,151,0.0
393.851924,182,55.866807,391.4695819701284,1.688580164397587,182,0.0
258.318221,120,55.910976,255.94348476227086,1.0988238616114998,120,0.0
395.390402,206,55.98997,393.16478842467484,1.511299548164454,206,0.0
376.058042,189,56.243085,373.844765048954,1.4921086239434056,189,0.0
376.218642,182,56.313873,373.7790836813572,1.5471189201847215,182,0.0
431.76437,249,56.592226,429.478403951388,1.4589662063075024,249,0.0
410.094886,198,56.66774,407.79031257286795,1.6918321154324063,198,0.0
353.930039,170,56.730596,351.6346817555558,1.465835345321299,170,0.0
388.547854,203,56.98929,386.41288823278927,1.4810838748640076,203,0.0
345.309961,159,57.047505,342.93863176948565,1.4837542814001012,159,0.0
412.156757,231,57.317759,409.75420530651854,1.4447305378279967,231,0.0
389.462213,218,57.401747,387.1701954393808,1.3677181429929448,218,0.0
336.310201,173,57.470622,333.9492780733791,1.3005862340256062,173,0.0
356.216355,188,57.730074,353.8863186966144,1.3403610087913331,188,0.0
350.792353,185,57.800272,348.5767228376817,1.3219700688625675,185,0.0
390.749106,192,57.8791,388.45248245490984,1.5849110542472478,192,0.0
365.928361,205,58.161216,363.8939812470134,1.285041951289234,205,0.0
449.79067,261,58.264764,447.44706185144685,1.5071563476638479,261,0.0
433.429282,245,58.553667,431.06768048704635,1.5037052913837914,245,0.0
335.73101,156,58.610486,333.4074796366495,1.4315543115803897,156,0.0
346.325044,173,58.682453,343.9574487168147,1.3805800081227273,173,0.0
400.961135,209,58.961384,398.58855912895956,1.5305859157576107,209,0.0
310.72114,150,59.018544,308.5325733224719,1.2804812217582742,150,0.0
390.292105,189,59.276755,387.90303852379304,1.604557060736639,189,0.0
323.264596,146,59.338991,321.00592681201385,1.412082002685441,146,0.0
361.369188,161,59.406139,358.9875644772946,1.5963121962755416,161,0.0
362.24028,206,59.677592,359.86680912190707,1.2449059729771044,206,0.0
375.718436,176,59.748849,373.39560528862006,1.5920153190304966,176,0.0
399.284641,213,59.833982,397.00026220386803,1.4860062369313796,213,0.0
380.479904,176,60.093426,378.21498039175276,1.6306876158495138,176,0.0
346.184406,163,60.151558,343.8586546923088,1.4594351096810265,163,0.0
368.481491,180,60.224298,366.4131617959208,1.504406370754235,180,0.0
372.101915,155,60.484323,369.73635976430046,1.7300438294396945,155,0.0
315.52396,157,60.548689,313.4404809154212,1.2638808869507565,157,0.0
362.479714,176,60.617655,360.1460505969009,1.486397564350164,176,0.0
358.852756,185,60.876146,356.70857788655906,1.387024041293077,185,0.0
488.297175,290,60.996303,485.9659073869911,1.584193244718652,290,0.0
358.251316,177,61.24947,355.82048659150433,1.4433767790106438,177,0.0
388.485039,185,61.322489,386.3295816704582,1.6240675377389029,185,0.0
320.081845,141,61.378433,317.8534187250869,1.426809811981939,141,0.0
364.030109,175,61.635363,361.7701753094994,1.5072188327740608,175,0.0
361.643511,164,61.700372,359.3082063893934,1.5749940342332467,164,0.0
398.971919,204,61.781734,396.83904176769425,1.556286337478505,204,0.0
394.869672,189,62.053251,392.6729984695012,1.642701589135948,189,0.0
373.676551,176,62.124773,371.3220071051515,1.5754620520774385,176,0.0
357.667722,162,62.190446,355.19921679797943,1.5579569774753386,162,0.0
341.03162,166,62.44789,338.6772852421087,1.3940514169282658,166,0.0
394.99674,197,62.524725,392.8845281467977,1.5809861948152775,197,0.0
315.080952,151,62.583538,312.907153348265,1.3074549316666184,151,0.0
354.2924,159,62.834289,352.0287637095066,1.5567641644280263,159,0.0
337.527391,180,62.904313,335.41517359310495,1.2564883190133582,180,0.0
360.286961,191,62.97787,358.05497096032684,1.349706213227629,191,0.0
303.635436,140,63.220119,301.32367773563243,1.3026036958032932,140,0.0
372.984128,188,63.293868,370.65722895007536,1.474684164613129,188,0.0
348.766752,163,63.357356,346.5684371131175,1.4812327928313473,163,0.0
332.353307,168,63.612344,330.1831140418205,1.3101660409486997,168,0.0
373.802454,173,63.680722,371.61186259300626,1.6019364223496202,173,0.0
375.891135,189,63.758016,373.66898010022385,1.490642397969749,189,0.0
305.271414,144,63.995524,302.94154882309954,1.2834971410246572,144,0.0
315.324453,158,64.057436,312.9973526793951,1.252437938640043,158,0.0
347.96364,169,64.122519,345.7468558734577,1.4268859051234586,169,0.0
380.1589,170,64.374528,377.9601306271022,1.6764718638896794,170,0.0
399.480734,195,64.4536,397.38440261797035,1.6327835303995366,195,0.0
332.444319,157,64.513684,330.1611694181064,1.3977531527595266,157,0.0
386.656075,189,64.772027,384.35143129182944,1.5761764875230364,189,0.0
397.044116,208,64.855864,394.96762670638554,1.5097379232038024,208,0.0
412.149874,212,64.940358,409.8743087773467,1.5969446809018224,212,0.0
330.253306,176,65.202908,328.00144502967834,1.2290923610389421,176,0.0
487.439383,261,65.306769,485.10223543738294,1.8083500329941558,261,0.0
364.189153,177,65.571265,362.0696034635161,1.4937054666960432,177,0.0
377.453505,184,65.64587,375.23144365209794,1.543076545093446,184,0.0
271.082503,122,65.689372,268.80926142280964,1.1859283945763144,122,0.0
325.804462,161,65.935218,323.61298592422946,1.3136924653602278,161,0.0
393.274837,192,66.011553,391.1941226770272,1.6070998035236153,192,0.0
358.295025,165,66.074251,356.2504525129055,1.5427063165318788,165,0.0
374.966718,177,66.329866,372.86634776090267,1.579855901486315,177,0.0
382.739815,180,66.400753,380.74841060106536,1.6191992583545962,180,0.0
403.914393,208,66.478694,401.6707689083483,1.5632689058241056,208,0.0
338.532816,157,66.726664,336.2822699689229,1.446694621176769,157,0.0
376.509997,177,66.796219,374.30961960537604,1.5914817565144803,177,0.0
240.636958,120,66.84136,238.24199221718592,0.9572808862318282,120,0.0
386.736662,189,67.104182,384.5662768958008,1.5778182771875435,189,0.0
354.930214,161,67.165462,352.7542827486212,1.5466414261064776,161,0.0
399.204089,186,67.23886,397.0032409673382,1.7015016305963022,186,0.0
360.763164,164,67.494909,358.46080531336224,1.568358075070593,164,0.0
415.938293,208,67.577043,413.8610121672809,1.6609984159030569,208,0.0
421.143428,203,67.656296,418.9931519564125,1.7418367150849663,203,0.0
416.098171,197,67.92328,413.8185163037232,1.748148864945367,197,0.0
406.375026,201,68.006342,404.3125691783833,1.6403252907649495,201,0.0
355.883468,165,68.071295,353.6519886404429,1.5218888032707663,165,0.0
324.441765,149,68.319858,322.29684669003143,1.3985917866984119,149,0.0
326.009045,161,68.381998,323.74855165590947,1.3144741798746369,161,0.0
360.82402,171,68.448196,358.6053051957574,1.51375308607589,171,0.0
432.561607,217,68.73408,430.4578608841948,1.7219491200586492,217,0.0
349.523335,157,68.798439,347.1639866145598,1.5337856881101914,157,0.0
406.050038,207,69.08019,403.94230804304294,1.5898514911255364,207,0.0
435.766734,220,69.17104,433.53340290801714,1.7226759568085444,220,0.0
427.930784,223,69.260951,425.70777980305724,1.6361792009927334,223,0.0
400.266015,195,69.525775,398.16854182560115,1.6387997574670545,195,0.0
357.150824,169,69.593744,354.8402400486225,1.4995356751412594,169,0.0
393.75028,179,69.664085,391.5443412232528,1.7133504294859898,179,0.0
378.116346,173,69.937247,375.94438366131874,1.6366066579739376,173,0.0
355.286101,154,69.995456,352.9278663582249,1.6038812911140452,154,0.0
365.940622,171,70.064635,363.71331806632185,1.5546231503458676,171,0.0
391.052896,181,70.329908,388.91772216320527,1.6763618468591603,181,0.0
352.763375,189,70.406649,350.63804611678916,1.3064573936857247,189,0.0
419.421945,190,70.677664,417.1350789884865,1.8305604392391182,190,0.0
370.037147,166,70.744663,367.99083859087864,1.628673783934094,166,0.0
361.339802,170,70.807634,359.0348374622985,1.525131615342102,170,0.0
386.710827,173,71.071452,384.6314444134022,1.7060547648534259,173,0.0
344.536137,159,71.134427,342.28980970777224,1.4787824749034033,159,0.0
366.366715,171,71.206878,364.23973134167716,1.558854345927628,171,0.0
399.754421,183,71.474537,397.52219809722993,1.7294020055753867,183,0.0
338.952313,148,71.533106,336.7912520451524,1.522491048772489,148,0.0
349.620565,176,71.60132,347.3809086084816,1.3839446037229042,176,0.0
368.17755,181,71.866278,366.0694797891074,1.4937318554859604,181,0.0
452.188517,211,71.951992,449.9664318349255,1.925943226817192,211,0.0
328.274235,149,72.011103,326.0943462191681,1.4291170997029694,149,0.0
345.622642,155,72.263015,343.34251955113524,1.519134774136576,155,0.0
355.356982,169,72.329005,353.27643359550746,1.4870734937842367,169,0.0
395.308121,207,72.405826,393.05483214438215,1.5024554476260972,207,0.0
384.847452,177,72.662482,382.7118483418213,1.6587186588567404,177,0.0
303.431999,140,72.718526,301.1343334600071,1.3010478274277215,140,0.0
365.182005,177,72.787193,363.1411956003434,1.5022878970090563,177,0.0
385.762555,173,73.046865,383.5888720119406,1.697583378800312,173,0.0
297.18202,135,73.101764,294.8414860615603,1.2905129902547996,135,0.0
259.806845,124,73.150009,257.58867130249274,1.0801582645602525,124,0.0
425.253648,191,73.22652,423.0620413476556,1.8701107984114076,191,0.0
296.56722,139,73.474015,294.571390736106,1.256523401003914,139,0.0
440.135182,212,73.556965,438.06815209199976,1.82260412209163,212,0.0
418.95593,190,73.817146,416.848980149076,1.8283356841229546,190,0.0
420.783208,205,73.901185,418.638135618546,1.7229150621286933,205,0.0
347.203556,154,73.962155,344.99742405066314,1.540292092102287,154,0.0
366.858306,177,74.218898,364.66871132428656,1.5146318571516788,177,0.0
394.564947,170,74.285418,392.37263292301697,1.7918017113157936,170,0.0
354.392324,149,74.342508,352.121350021745,1.6372867226004864,149,0.0
415.490102,202,74.603,413.24911501762693,1.7038514688977033,202,0.0
403.164496,197,74.678584,400.8404506414771,1.6441525088819602,197,0.0
336.207213,154,74.735507,333.8704700655583,1.4512911964607804,154,0.0
473.559081,300,75.045681,471.4091024146773,1.3881585038545385,300,0.0
377.499807,181,75.121481,375.4332846221243,1.5685475827774678,181,0.0
435.54836,215,75.40533,433.29519362482574,1.7607017885877099,215,0.0
378.831342,174,75.47485,376.5598181472459,1.6334241021054383,174,0.0
404.862052,173,75.544062,402.6671555673794,1.8501390821267645,173,0.0
375.44486,178,75.806104,373.2705148619555,1.575279465024698,178,0.0
443.619867,210,75.892547,441.58941783525233,1.8670569218943605,210,0.0
349.517399,149,75.953208,347.2592979827717,1.5983153907487602,149,0.0
380.742781,170,76.213489,378.5192189675151,1.6809959292094048,170,0.0
347.816256,148,76.271292,345.73021314784523,1.5939528978846105,148,0.0
352.25081,159,76.333732,350.05734936364075,1.5411446482446662,159,0.0
411.245128,170,76.590611,409.0531394230793,1.9251744924425216,170,0.0
405.96994,186,76.665763,403.91018050919456,1.7566365165458002,186,0.0
377.805688,178,76.735324,375.5689375038387,1.5935624608731935,178,0.0
322.380157,150,76.981842,320.0678068638831,1.372925278343394,150,0.0
398.366916,177,77.048692,396.08868458842113,1.7658123935264118,177,0.0
377.267113,176,77.116852,375.2907533299982,1.6074308433580122,176,0.0
394.658852,179,77.374026,392.6565503826419,1.7224691955812708,179,0.0
370.812445,157,77.433779,368.71399276917185,1.7062623396430598,157,0.0
424.445341,170,77.501424,422.3075022395281,2.0313971952092276,170,0.0
417.809219,193,77.766993,415.761493120398,1.7959112255344887,193,0.0
361.902121,158,77.827767,359.73310455969533,1.6265737256732589,158,0.0
332.731194,153,77.892026,330.65993837687336,1.4336747757243853,153,0.0
304.562366,132,78.140315,302.1574015165817,1.3730208298425373,132,0.0
448.653778,203,78.219334,446.2868573411853,1.9601556781521234,203,0.0
445.532727,201,78.300466,443.4143370482168,1.953060957545623,201,0.0
427.328705,180,78.572915,425.14505739067766,1.9742470771158194,180,0.0
328.371623,147,78.634012,326.39551061251626,1.4474477955721838,147,0.0
397.465355,185,78.711104,395.23811679188566,1.6952180632544254,185,0.0
368.070847,147,78.971358,365.740801582204,1.7622207369290135,147,0.0
402.132219,191,79.047519,399.8757243523646,1.68465897161624,191,0.0
543.868855,307,79.366562,541.6398244140419,1.8942293017492469,307,0.0
369.558049,181,79.4411,367.4966194435516,1.5051465123882282,181,0.0
404.619819,170,79.510695,402.3421291769724,1.8715502508387047,170,0.0
391.975621,179,79.773926,389.8878317635248,1.70020765841415,179,0.0
372.862266,173,79.847388,370.6741158569093,1.5945475705855345,173,0.0
405.677396,202,79.932944,403.49778666800955,1.625780152532827,202,0.0
405.592875,185,80.211619,403.52779328577077,1.7616540295727257,185,0.0
374.439041,155,80.27732,372.2390712255231,1.7502271206882518,155,0.0
451.845388,205,80.363386,449.9078859429488,1.9731204256358792,205,0.0
393.292182,163,80.627681,391.0452769017606,1.8370858767932765,163,0.0
394.680035,168,80.694943,392.3442193975576,1.8076252926199854,168,0.0
331.701362,147,80.755451,329.54493317628163,1.4726246024652094,147,0.0
387.372711,170,81.022309,385.1323064134192,1.733902935551361,170,0.0
372.833356,160,81.08526,370.5921944961313,1.6974723783363683,160,0.0
447.102775,217,81.177488,445.04656682124664,1.8387529999461638,217,0.0
342.457981,156,81.44633,340.33427258500507,1.4870763941612948,156,0.0
390.540381,176,81.520803,388.3384894677714,1.7118020521162443,176,0.0
402.76523,167,81.586247,400.6999062593628,1.8824052510321678,167,0.0
375.42229,163,81.84371,373.3274321467916,1.6954242061313787,163,0.0
391.287978,177,81.912355,389.0361465590705,1.709463501300329,177,0.0
373.15407,171,81.981098,371.11098597503957,1.6136926066495643,171,0.0
435.157046,210,82.260106,433.0291012294923,1.798455281856365,210,0.0
356.331395,150,82.318957,354.331272705606,1.646878860950723,150,0.0
323.414242,141,82.3736,321.2139242157474,1.4538572245621262,141,0.0
309.368972,152,82.624988,307.00940443789085,1.2525587482492955,152,0.0
407.302285,185,82.697402,405.2080456424338,1.775082509998843,185,0.0
430.370886,205,82.776022,428.31959181968614,1.8006061363213146,205,0.0
351.468217,148,83.031156,349.2369158316253,1.6222788158519852,148,0.0
330.457329,140,83.086966,328.18040216626673,1.5175227335304833,140,0.0
329.43324,148,83.14541,327.30556932133413,1.4468858878468938,148,0.0
368.421719,157,83.398834,366.21406554488624,1.6863380726044768,157,0.0
471.583476,209,83.484564,469.3775778458941,2.097244848605822,209,0.0
396.262244,181,83.557967,394.027776949029,1.71748132851657,181,0.0
362.784426,150,83.812771,360.5303061011899,1.6966468543475124,150,0.0
425.479781,176,83.882058,423.3047125070111,1.9917109477786257,176,0.0
301.597584,135,83.93619,299.2544749175102,1.3258701308124872,135,0.0
407.335849,169,84.194268,405.18612441326906,1.9023055181693813,169,0.0
386.284778,158,84.259975,384.07719250753803,1.821311747372843,158,0.0
310.464421,147,84.320553,308.43702399487523,1.3036645764998278,147,0.0
360.85204,173,84.583041,358.741098873278,1.4990461847536871,173,0.0
341.419372,147,84.638657,339.1785744347727,1.5497355516897513,147,0.0
417.398069,199,84.719853,415.33587905220105,1.7446419032050577,199,0.0
426.708451,175,84.982448,424.51208836863185,2.009160452834209,175,0.0
410.481549,166,85.049705,408.28281700564804,1.9510947031108858,166,0.0
367.448136,164,85.1167,365.25785503204713,1.6228370634638751,164,0.0
431.431848,184,85.387392,429.2733770006817,1.9755903810964073,184,0.0
411.138382,194,85.46381,409.0611790670083,1.7343376005375766,194,0.0
370.755274,152,85.522635,368.5878116803855,1.7450884490999639,152,0.0
337.554685,141,85.577076,335.239533818059,1.566103468861153,141,0.0
433.45873,203,85.862178,431.33101048650707,1.8407599753163402,203,0.0
406.298288,169,85.930893,404.19737666512907,1.894512467102563,169,0.0
451.273524,191,86.204523,449.22269637393964,2.079503377594535,191,0.0
329.9913,133,86.256772,327.6782158295821,1.569407250061393,133,0.0
383.62804,176,86.329255,381.52598842881577,1.6574752926921261,176,0.0
405.195574,172,86.595824,403.0807332954636,1.8618042435566222,172,0.0
390.560035,154,86.657207,388.4005050390136,1.8877895998013132,154,0.0
183.935614,91,86.6931,181.60638736290687,0.735365807153085,91,0.0
355.303866,140,86.751674,353.0698695197999,1.716706604296394,140,0.0
336.051361,139,87.004326,333.67327463028636,1.5695636075955,139,0.0
343.36854,149,87.06111,341.0528626377683,1.548873273517743,149,0.0
365.050898,170,87.127599,362.76685607258526,1.555098449142636,170,0.0
325.941774,139,87.182662,323.571554566133,1.4889646899782498,139,0.0
397.910222,185,87.451086,395.80756251610137,1.6998136769950045,185,0.0
352.538104,136,87.504392,350.1199180993384,1.7249800691485535,136,0.0
365.898328,171,87.573913,363.79314817109434,1.5552483605793344,171,0.0
426.942818,174,87.841482,424.7379239879611,2.0188204007525483,174,0.0
409.155562,175,87.908686,406.997945141397,1.8691312556909427,175,0.0
433.434573,188,87.986135,431.2920433645086,1.959820151885653,188,0.0
373.345469,162,88.240575,371.04110637793724,1.6852178602989714,162,0.0
337.246094,153,88.300956,335.1486724289316,1.4696786458093256,153,0.0
369.589604,156,88.362357,367.27757397263287,1.7025617733656966,156,0.0
327.948823,147,88.613994,325.87059492331485,1.4434586085578427,147,0.0
412.029786,186,88.690744,409.9578525353496,1.805164570921506,186,0.0
415.991525,171,88.760823,413.72692579687504,1.9550366853288317,171,0.0
374.858203,181,89.024596,372.81101465550523,1.5477068122382678,181,0.0
424.253635,175,89.093686,422.1177799250649,1.990105786711496,175,0.0
404.221941,165,89.159471,402.0583436208001,1.9092735764119162,165,0.0
313.445963,158,89.410077,311.3148476523378,1.2390677568777708,158,0.0
373.541622,153,89.465208,371.2457380512831,1.7584868673466045,153,0.0
354.735014,149,89.526268,352.45499146052185,1.6400383922884259,149,0.0
450.445069,197,89.798781,448.30933417336587,2.024583090509553,197,0.0
440.5105,191,89.878426,438.30839688523423,1.9921366411536359,191,0.0
383.468213,157,89.94207,381.2215380659678,1.8061344842154554,157,0.0
405.44596,176,90.222585,403.1769252703095,1.8306421821211754,176,0.0
411.904278,177,90.295152,409.769133927847,1.8752099380951324,177,0.0
429.900888,188,90.37289,427.7547406539459,1.9316986753841083,188,0.0
403.669233,186,90.652854,401.5351198267067,1.7380345533427735,186,0.0
410.979061,200,90.737856,408.8729434961107,1.6850580125545165,200,0.0
360.085792,153,90.800992,357.773836539881,1.6506046359669229,153,0.0
428.988835,177,91.073015,426.88232081772077,2.012200185517205,177,0.0
337.943929,145,91.128135,335.47615713463546,1.5360268762447256,145,0.0
356.686032,153,91.188619,354.45218269107227,1.624286457653107,153,0.0
400.452175,173,91.454746,398.41125425101353,1.8161761040360551,173,0.0
339.622751,147,91.512993,337.34147722819137,1.535299847655764,147,0.0
415.583517,182,91.587183,413.58418243615887,1.8660622820010384,182,0.0
431.427345,189,91.86622,429.23529534495543,1.9355768195581353,189,0.0
334.604789,148,91.927446,332.45675787990695,1.4880489043619318,148,0.0
338.217466,158,91.991172,336.1161111601191,1.437526405551308,158,0.0
423.025845,181,92.268905,420.88440512130984,1.9324547478844252,181,0.0
429.362572,210,92.359676,427.276882215413,1.7525841903258914,210,0.0
333.728013,149,92.418441,331.4154110165174,1.471826388864946,149,0.0
513.451269,240,92.700771,511.4221765868418,2.1866604076551703,240,0.0
440.821405,198,92.778378,438.67914643428605,1.9394247321941953,198,0.0
395.260096,188,93.045624,393.088843957067,1.6543995825835516,188,0.0
449.342134,197,93.123334,447.26063690143536,2.0160924971183682,197,0.0
351.227921,157,93.184709,349.1143007810226,1.5496420163156446,157,0.0
477.372662,193,93.453358,475.04601079098626,2.270242572772409,193,0.0
373.474903,180,93.522526,371.3054870792416,1.5438993297078498,180,0.0
443.438678,187,93.597181,441.2073154776585,2.047141020142469,187,0.0
367.235119,157,93.844217,364.99408090201916,1.6766776860379617,157,0.0
514.425703,228,93.932678,512.2651698627466,2.289088059831191,228,0.0
415.040913,174,93.997898,413.0194782493508,1.9254165823682128,174,0.0
358.190311,144,94.241591,355.79117326295767,1.7066404023102906,144,0.0
431.001804,170,94.3058,428.90378887086104,2.0843777987641965,170,0.0
449.209758,172,94.37065,447.02399188736933,2.2131661292409914,172,0.0
435.989095,181,94.628548,433.93366235483757,2.0369109915253407,181,0.0
374.045887,152,94.686262,371.8306111790033,1.7713620002577295,152,0.0
433.508156,195,94.762357,431.5165415380933,1.906068706667305,195,0.0
486.983367,221,95.036609,484.9296981856167,2.126327598343368,221,0.0
351.561278,145,95.094431,349.2068843325531,1.6459909468234903,145,0.0
387.644419,158,95.153474,385.3354154020918,1.8313639792274856,158,0.0
457.599854,194,95.416584,455.3287069576458,2.1046457193085124,194,0.0
500.104649,221,95.507203,498.0198304116857,2.2308605189615065,221,0.0
361.338281,143,95.75279,359.0043080050504,1.7403818262434614,143,0.0
473.862123,190,95.828177,471.64475215154664,2.2669505652709274,190,0.0
444.000535,173,95.89762,441.84437738466767,2.1640606950589087,173,0.0
396.595508,163,96.158659,394.5068254781678,1.864884582674149,163,0.0
455.858333,226,96.247854,453.67479472396025,1.8364050246005337,226,0.0
432.906357,204,96.331008,430.78062751974716,1.8283043283832672,204,0.0
421.88157,163,96.584721,419.6720690608165,2.0661268823838057,163,0.0
399.106249,180,96.656147,397.1442398223555,1.7506106487872017,180,0.0
410.068567,183,96.726714,408.04755516699663,1.8137834586571093,183,0.0
446.791537,200,96.993187,444.69761970900265,1.971802438909582,200,0.0
388.613822,149,97.049622,386.2892143088238,1.9106988493826862,149,0.0
267.104126,108,97.091789,264.7902614291281,1.2653449568457817,108,0.0
405.296451,172,97.345866,402.9951403921424,1.8611042653554914,172,0.0
345.113259,147,97.401755,342.74561659826094,1.5783774858757575,147,0.0
492.132607,225,97.490118,490.0331629347183,2.1350391180451123,225,0.0
485.050693,192,97.754817,482.94348747283993,2.341452874633545,192,0.0
347.093252,137,97.807779,344.7151521044342,1.673951789523867,137,0.0
343.202369,144,97.862088,340.96781109045077,1.588030998545124,144,0.0
390.066299,159,98.108968,388.01499664174514,1.8446553087818354,159,0.0
368.037638,155,98.169069,365.8908627436797,1.6997305056794152,155,0.0
295.25536,137,98.221523,292.86004880555316,1.258962955562985,137,0.0
393.331406,160,98.475979,391.07623967499745,1.861419261227868,160,0.0
407.848359,160,98.541646,405.61724564223175,1.977833494073682,160,0.0
358.828419,154,98.602943,356.69026474680936,1.6341116804753013,154,0.0
441.192685,175,98.679342,439.0842453892244,2.1257951597069527,175,0.0
377.434373,156,98.947535,375.1498027209804,1.7659942668098272,156,0.0
429.56845,169,99.019025,427.60156215396336,2.0820245848675905,169,0.0
440.897313,184,99.100833,438.86424217214477,2.0522541503565117,184,0.0
364.193024,151,99.357876,362.19763916079427,1.7019033731352922,151,0.0
262.097262,123,99.404927,259.94533715145684,1.1071092803463354,123,0.0
400.030449,167,99.474609,397.9819638488909,1.860943671393611,167,0.0
400.805384,181,99.742524,398.6690830245617,1.7548677607221563,181,0.0
491.668631,212,99.829946,489.6463271593937,2.2358833488144216,212,0.0
329.104086,134,99.884995,326.79020629062995,1.5543827068206837,134,0.0
432.052706,180,100.158059,429.94190727320137,2.0129536779178583,180,0.0
338.389203,150,100.22418,336.09355337691926,1.5010433801557845,150,0.0
476.915878,197,100.305818,474.73856320927973,2.235899252733002,197,0.0
464.5848,176,100.575762,462.4172374615941,2.3046150624104076,176,0.0
308.666088,134,100.631481,306.7765470806455,1.394057960970656,134,0.0
431.095552,187,100.704294,429.07660118538706,1.9503273100789122,187,0.0
408.581925,157,100.960801,406.3703449883401,2.0078316563286984,157,0.0
386.523546,160,101.022257,384.40095379997496,1.8080565043093637,160,0.0
391.624913,151,101.080101,389.2622835370517,1.9187426757410455,151,0.0
440.160994,178,101.343163,438.1367378946485,2.094567669160924,178,0.0
362.959553,143,101.396052,360.749355249364,1.7544070339586666,143,0.0
347.363454,134,101.450719,345.0875792621648,1.7007202730333533,134,0.0
428.287756,198,101.722571,426.21480996490163,1.8397934780178722,198,0.0
351.139023,143,101.778679,348.8920012466644,1.659443316832026,143,0.0
437.438052,168,101.844213,435.4271343119866,2.1526103810071615,168,0.0
409.922522,181,102.107291,408.0127467298969,1.8295155712518147,181,0.0
440.345183,180,102.180962,438.386436407441,2.080586146005323,180,0.0
470.056431,199,102.260905,468.15761687799596,2.167424928089215,199,0.0
406.547345,161,102.519233,404.2744599378895,1.9590809897948944,161,0.0
375.858489,149,102.576011,373.61594866964504,1.8096959441502396,149,0.0
336.915017,150,102.634829,334.5700472175508,1.489064854521408,150,0.0
410.173221,172,102.702882,408.05599963984736,1.9014977852380521,172,0.0
423.107303,162,102.963073,420.96861926700495,2.0846444543107654,162,0.0
444.746024,185,103.037112,442.59777328463565,2.0745744189907476,185,0.0
336.354236,156,103.100192,334.24137727727464,1.4384860919805107,156,0.0
415.931676,170,103.366926,414.01635590500143,1.9653476289819514,170,0.0
410.132536,161,103.431467,408.085434044786,1.9896774490369866,161,0.0
377.280644,152,103.493667,375.05600504334285,1.7969313943284912,152,0.0
346.709118,138,103.737276,344.5041921460632,1.6639998838887384,138,0.0
332.045551,135,103.789401,329.63255191548797,1.5692593824375298,135,0.0
456.362162,177,103.860891,454.22480585139783,2.2312537898499576,177,0.0
368.274231,148,104.115429,366.1769290484608,1.7577902929184064,148,0.0
464.765001,202,104.197392,462.68889452156634,2.0997463108599574,202,0.0
428.639774,170,104.267859,426.6680137679934,2.06647801368741,170,0.0
381.007143,166,104.529871,378.87272301944375,1.7159346876616624,166,0.0
464.069978,193,104.610065,461.99072580873934,2.165874634388532,193,0.0
350.682075,151,104.670026,348.6422262632628,1.5935352529936393,151,0.0
492.52047,223,104.965817,490.5074503700265,2.1550217359542967,223,0.0
419.417896,171,105.034748,417.1082247543071,1.9819784346415992,171,0.0
424.349739,165,105.103234,422.4238937563021,2.072292492391161,165,0.0
365.112256,178,105.370932,363.1024266101105,1.4942048901499525,178,0.0
426.970042,196,105.454103,424.99894231745833,1.845975248324823,196,0.0
498.932268,211,105.733547,496.76250591544186,2.300557715634497,211,0.0
472.109419,196,105.814598,469.93272819140924,2.205565717418044,196,0.0
512.907639,214,105.901422,510.7220775856133,2.3885619312597113,214,0.0
373.278508,157,106.146237,371.1047622244694,1.7253766103339427,157,0.0
412.050627,178,106.215916,409.86289539138124,1.8682072116869537,178,0.0
458.030652,179,106.287104,455.88407785679476,2.228366534182899,179,0.0
382.292641,165,106.542558,380.1246525499319,1.734049080219715,165,0.0
445.743544,176,106.610303,443.6494924210496,2.154469508427024,176,0.0
426.56019,182,106.681876,424.3512428942207,1.952195817488489,182,0.0
436.22876,177,106.937751,434.07262940034735,2.0698346481522916,177,0.0
481.417762,207,107.016935,479.27655366174537,2.192284137298885,207,0.0
436.973785,167,107.080036,434.65652767194115,2.154215463943605,167,0.0
455.410174,197,107.347039,453.27328167571324,2.0641486497489425,197,0.0
486.229599,195,107.428597,484.1358311407994,2.3271587813645844,195,0.0
398.001995,168,107.692574,395.66344181332954,1.8344930430316362,168,0.0
453.410313,188,107.772215,451.43013296706937,2.1210615170029805,188,0.0
437.707827,190,107.848636,435.757894249335,1.9797832156828972,190,0.0
410.92133,163,108.10465,408.64255635397194,1.9779725110505648,163,0.0
430.351587,169,108.172501,428.1743967679952,2.08647434294795,169,0.0
411.345342,164,108.239018,409.25774999224814,1.9751079821581974,164,0.0
432.412983,187,108.508473,430.4734880923533,1.961558803830675,187,0.0
443.176359,180,108.579696,441.2249662685798,2.1033055854034677,180,0.0
434.129807,172,108.650337,432.00904598228703,2.093241482614461,172,0.0
386.160903,146,108.90513,383.8254392176871,1.9151123910188723,146,0.0
436.748315,175,108.981537,434.71848472450034,2.091041738359546,175,0.0
380.570864,147,109.047528,378.2347092925176,1.8623270666998442,147,0.0
301.670921,137,109.103268,299.40767167315096,1.3114021804140668,137,0.0
426.581616,160,109.371097,424.4011659077079,2.127990820365727,160,0.0
394.8335,149,109.43117,392.56941832052354,1.9609966432301182,149,0.0
380.052001,151,109.492519,377.64324930464545,1.8257242282771078,151,0.0
465.486048,185,109.759948,463.28509712435334,2.2400742156790225,185,0.0
470.999817,203,109.841261,468.636635194721,2.1392156431401324,203,0.0
397.338158,167,109.911424,395.25666661434883,1.8391065398247044,167,0.0
413.277882,166,110.173938,411.1593244719172,1.9743078519745474,166,0.0
484.655953,217,110.267664,482.54585348623294,2.138799207103957,217,0.0
499.552379,211,110.55742,497.1958752169623,2.3039216546897303,211,0.0
427.933838,175,110.629592,425.79515383130007,2.0195964666441495,175,0.0
424.542601,200,110.710957,422.3079470564511,1.7927014087398676,200,0.0
418.993027,173,110.97852,416.8574792903413,1.9640560306655481,173,0.0
484.946089,190,111.054296,482.6926620054425,2.355365843235623,190,0.0
486.052747,186,111.129769,483.86042210312735,2.39644605809392,186,0.0
449.055467,181,111.401214,446.9511384966683,2.1410349844543384,181,0.0
459.464766,177,111.471395,457.2947015671047,2.255592663016722,177,0.0
477.307084,193,111.742617,474.9676036880693,2.2696461057108754,193,0.0
419.924738,164,111.807076,417.7623846123207,2.043074005493693,164,0.0
428.570667,174,111.876306,426.2987233893005,2.0315512283325097,174,0.0
443.96128,180,112.138666,441.78140895245633,2.107624127660136,180,0.0
569.075004,249,112.238339,567.0069990639546,2.5597654826790808,249,0.0
394.141294,149,112.29893,391.93170002307573,1.9559522805284566,149,0.0
442.362689,156,112.554851,440.1329784291695,2.2857555769413826,156,0.0
486.3519,199,112.634918,484.2638314952134,2.2961631304521046,199,0.0
449.463069,198,112.712907,447.3158277381657,2.0085738793324532,198,0.0
473.193183,184,112.978351,470.92011894279597,2.309351624841315,184,0.0
472.721542,189,113.051129,470.45779241769236,2.2655221007714883,189,0.0
393.607517,148,113.107071,391.3977961620446,1.9596366244041479,148,0.0
482.15677,204,113.38642,480.0713822254767,2.222833728453959,204,0.0
463.752891,189,113.463097,461.56439973547805,2.1941765019963473,189,0.0
477.747063,197,113.738514,475.639540503637,2.243256087908686,197,0.0
470.501375,203,113.819908,468.4852247693367,2.138149611549471,203,0.0
385.026668,143,113.874133,382.7011969285091,1.9299942750246315,143,0.0
417.287282,163,114.129809,415.1361978398975,2.0299652067653744,163,0.0
390.094977,148,114.189101,387.80529365485916,1.9310541028958677,148,0.0
435.084617,173,114.258074,432.91992348055385,2.0925808285042655,173,0.0
378.499159,152,114.321696,376.2361749888087,1.806728653933045,152,0.0
454.683167,189,114.597323,452.48780052146464,2.1217040851361366,189,0.0
365.325933,138,114.649012,363.01943445710685,1.8121822486560588,138,0.0
457.874577,179,114.721454,455.6467397434796,2.2265412910716003,179,0.0
402.428706,154,114.982344,400.155923787833,1.982013033683247,154,0.0
474.326803,204,115.064813,472.19681477529736,2.160115268270526,204,0.0
429.418278,160,115.125682,426.981474988578,2.1488321738630236,160,0.0
381.552332,143,115.376114,379.2766273410299,1.9024246674522824,143,0.0
429.940638,166,115.441142,427.7648525224834,2.1072743615458362,166,0.0
370.513872,136,115.492888,368.07850397482986,1.8687952118711548,136,0.0
388.051043,147,115.746238,385.951280114978,1.923991955869675,147,0.0
468.524507,177,115.824718,466.2274587092532,2.327124140452468,177,0.0
374.277867,144,115.882513,371.9775828069325,1.8361707098817588,144,0.0
422.17518,173,116.146557,419.8792402879973,1.9882365904949115,173,0.0
335.279937,155,116.209763,333.22288937082897,1.4384587191452014,155,0.0
549.970101,239,116.306275,547.8459095824023,2.4861081154323976,239,0.0
384.205346,147,116.56194,381.9200193287406,1.8917484633422073,147,0.0
481.010074,200,116.640014,478.8909018015033,2.245259894065846,200,0.0
489.17653,185,116.715082,487.1108633645916,2.430548574324688,185,0.0
468.313586,204,116.990923,466.1740201946159,2.111797073551397,204,0.0
421.777476,156,117.051755,419.49948812503783,2.1208001501379097,156,0.0
453.288737,171,117.115342,451.0530923756488,2.253568627533184,171,0.0
537.117941,225,117.402575,534.9486090797566,2.4947636277521834,225,0.0
380.372594,147,117.459238,378.09290543494353,1.8613413697578056,147,0.0
494.363564,196,117.734586,492.08248930024246,2.382756584393439,196,0.0
385.459376,155,117.794238,383.3624493178637,1.8395741133246233,155,0.0
358.932377,143,117.849199,356.6338438469908,1.7214338813155805,143,0.0
452.969457,170,117.915426,450.7613366453328,2.259320482676758,170,0.0
381.188679,138,118.15208,378.82647121559165,1.938870114375932,138,0.0
501.041354,208,118.234802,498.994491123733,2.3424348101969232,208,0.0
441.042108,177,118.30158,438.72483490971103,2.107161081475594,177,0.0
349.655554,142,118.538677,347.34056767094086,1.655136121930119,142,0.0
346.471286,147,118.593054,344.15852119425017,1.5898226390295256,147,0.0
484.128915,200,118.67125,481.99088154695585,2.2702039159399185,200,0.0
353.140705,144,118.913616,350.86311825988327,1.6673015780351665,144,0.0
435.618047,168,118.976801,433.40421100692964,2.136396588104677,168,0.0
387.746602,150,119.033396,385.3731397981159,1.8956859632204168,150,0.0
447.69364,172,119.285657,445.50388936759794,2.201405616844327,172,0.0
445.577514,179,119.356927,443.31289476523057,2.1279698584652595,179,0.0
363.05243,152,119.41386,360.6837922821461,1.6819936133363749,152,0.0
490.673234,201,119.674467,488.5227065975201,2.314374914682009,201,0.0
543.765111,228,119.767541,541.6331579831984,2.524205989744122,228,0.0
421.476713,187,120.034758,419.411094559073,1.8730391558227726,187,0.0
428.554707,165,120.100718,426.3507154952293,2.1039064493625625,165,0.0
444.924287,172,120.167589,442.6576897323207,2.1783706044177196,172,0.0
412.541779,165,120.233186,410.1579662410024,1.9742774874111213,165,0.0
472.530797,200,120.507837,470.30776901888436,2.1767335132208294,200,0.0
484.540642,182,120.580891,482.32234315591313,2.416098379075969,182,0.0
402.433999,153,120.830635,400.13077190058715,1.9896983471210254,153,0.0
438.016783,165,120.896886,435.5883972493997,2.178148209879599,165,0.0
388.368049,155,120.958143,386.02690729133843,1.8609135690076715,155,0.0
476.992486,185,121.236133,474.92252997395326,2.3332246293638996,185,0.0
494.788089,193,121.314556,492.5571507881779,2.410498004780456,193,0.0
364.34069,136,121.365586,362.0210567133449,1.8203285156314783,136,0.0
451.925246,167,121.431893,449.72600602567655,2.2750196890662955,167,0.0
418.941841,157,121.681523,416.5261783432711,2.0890507664283984,157,0.0
501.710008,200,121.760641,499.67050604348105,2.4116921635568542,200,0.0
405.110249,163,122.017657,402.8207104976742,1.9316466066758058,163,0.0
477.361262,182,122.093114,475.16729556554094,2.358952749602057,182,0.0
439.629545,168,122.161141,437.34108577244115,2.1679588022339455,168,0.0
383.622626,142,122.216651,381.3072631812744,1.926889982097483,142,0.0
507.995992,199,122.485983,506.0152529647182,2.4703854807943686,199,0.0
449.855139,183,122.557452,447.66841136044866,2.1310551482278894,183,0.0
367.191061,130,122.607864,364.9600355930643,1.8916579096330461,130,0.0
496.097233,201,122.887882,493.9425660653462,2.3578053414746782,201,0.0
440.604287,165,122.952839,438.25564226286446,2.199067572852091,165,0.0
466.244104,173,123.213869,464.1395949421573,2.342628354358024,173,0.0
390.981382,158,123.27388,388.6876580922034,1.8585063587419566,158,0.0
480.422908,205,123.354979,478.4776346242415,2.2022984727519654,205,0.0
446.713705,171,123.615986,444.655574121361,2.2025073940667306,171,0.0
541.044526,193,123.694235,538.8272314308041,2.780599216619093,193,0.0
525.042658,204,123.776192,522.9990682326669,2.566305317682963,204,0.0
485.670719,178,124.035048,483.53329778512204,2.457948038242997,178,0.0
396.675023,152,124.093936,394.2915850117449,1.9510374681750742,152,0.0
416.956297,160,124.155465,414.6691381516668,2.050324739359162,160,0.0
448.821053,178,124.418545,446.63705342089787,2.162485403556491,178,0.0
421.80097,154,124.480635,419.4558930476134,2.1363702271338054,154,0.0
438.019175,170,124.544851,435.660006745779,2.1386544899479674,170,0.0
537.594203,201,124.80835,535.3183431175514,2.6888538806210995,201,0.0
464.453729,186,124.880661,462.30365451046373,2.224405375469896,186,0.0
520.471383,203,124.960678,518.2722273915804,2.536600466387182,203,0.0
454.781387,169,125.218926,452.6113954763042,2.281964004206748,169,0.0
462.642805,169,125.283262,460.4744875149258,2.3449356159744172,169,0.0
537.601506,225,125.556955,535.5392136989419,2.4993488502232553,225,0.0
461.729508,169,125.620677,459.45647533750275,2.336819263650114,169,0.0
400.461579,157,125.682216,398.1686859876723,1.9421800280294315,157,0.0
302.474439,138,125.734864,300.165114358223,1.3094419536207196,138,0.0
623.370373,261,126.026084,621.2511354845864,2.898347556442326,261,0.0
487.274419,182,126.097457,485.15448602208784,2.438966517651792,182,0.0
516.429331,228,126.376618,514.1547425146982,2.3041241131279255,228,0.0
529.103924,192,126.450243,526.8499387883285,2.692781287454018,192,0.0
400.528519,151,126.511194,398.32391668557744,1.9914871117252553,151,0.0
420.251211,155,126.772458,417.9054576609153,2.1161292905268163,155,0.0
467.722589,174,126.841141,465.583107007419,2.3462676621571785,174,0.0
489.02952,193,126.918928,486.9655842588762,2.3657306270746625,193,0.0
582.43239,254,127.214113,580.0742875470653,2.6246374244697304,254,0.0
520.584502,217,127.304822,518.4731433389409,2.4266726480304666,217,0.0
374.616518,146,127.555111,372.26587027031565,1.82259352160801,146,0.0
474.96529,177,127.62664,472.82761938681955,2.380296205060416,177,0.0
551.48625,233,127.719642,549.4012033200162,2.5467092938181315,233,0.0
416.625241,158,127.974361,414.3704374304679,2.0638063214301576,158,0.0
337.578625,129,128.025711,335.36176420720284,1.6629371317658554,129,0.0
493.733273,191,128.102493,491.54959481346464,2.418408072451842,191,0.0
482.783366,180,128.373245,480.66858292691364,2.418877834179452,180,0.0
445.101624,165,128.438632,442.917706465577,2.2365983855472518,165,0.0
518.044282,210,128.519303,516.0212193177612,2.4627064387760162,210,0.0
483.277024,176,128.77647,481.0152670521823,2.4533191330047877,176,0.0
434.053376,147,128.833528,431.67807091113355,2.2901194702725634,147,0.0
591.017049,251,129.124309,588.8780531028295,2.71898923220216,251,0.0
511.305663,201,129.205392,509.07950226779997,2.4788179868555766,201,0.0
496.882126,183,129.280082,494.6219546210413,2.5066190339996837,183,0.0
457.531653,168,129.540733,455.14468788188015,2.310366372298082,168,0.0
425.718554,156,129.60024,423.39173747683435,2.1518694935759934,156,0.0
381.248102,144,129.654104,378.83569614339626,1.8912946761898328,144,0.0
563.896533,226,129.930333,561.8549656900927,2.701854925361743,226,0.0
495.287028,186,130.001182,492.9117547478698,2.4690675549247736,186,0.0
435.189096,170,130.068436,432.888700242984,2.1162596671917724,170,0.0
459.607409,158,130.314439,457.2872451812537,2.4073074553057903,158,0.0
475.546352,174,130.381689,473.3375008485951,2.4082436715682745,174,0.0
405.012433,158,130.440237,402.73776631981883,1.9707749754389983,158,0.0
391.004399,164,130.691487,388.5488935848763,1.8094287835378728,164,0.0
405.0653,163,130.752495,402.75730543526805,1.9311969134184686,163,0.0
507.509803,208,130.830193,505.3130179830764,2.3929956205340535,208,0.0
494.075841,194,131.089274,491.95128048941547,2.3975368890489697,194,0.0
444.503948,167,131.154318,442.205629958674,2.2149854412955836,167,0.0
484.323677,194,131.230171,481.96999288169474,2.3177843101494613,194,0.0
482.815048,174,131.481147,480.3206947368056,2.463988441423661,174,0.0
442.60751,177,131.550589,440.22019843376506,2.1192852392758263,177,0.0
339.388108,130,131.599897,337.02101928394563,1.6683723134605815,130,0.0
445.227281,171,131.857105,443.1439569587887,2.1904085798385147,171,0.0
347.777305,151,131.91622,345.4670972474215,1.5685151053652668,151,0.0
488.135184,185,131.989269,486.0026856999863,2.4217446938773763,185,0.0
508.765336,194,132.267974,506.43644765317515,2.5136440086742926,194,0.0
438.685582,157,132.330126,436.4246819499434,2.24850900765361,157,0.0
432.007425,157,132.393247,429.6125030891597,2.1937538466139515,157,0.0
507.326435,195,132.663727,505.11417549774274,2.4951294634664607,195,0.0
581.175441,225,132.754633,578.8841299723774,2.846060840381821,225,0.0
523.993445,211,133.0299,521.7610917875278,2.500628775610235,211,0.0
426.557755,149,133.086916,424.26674016733625,2.215023963038325,149,0.0
421.563706,158,133.146981,419.2496105640133,2.103069400533426,158,0.0
540.060263,221,133.424179,537.9417725281414,2.5504611975748808,221,0.0
349.519739,131,133.474802,347.26070871099625,1.7421357285473718,131,0.0
448.7621,166,133.539891,446.5275759207201,2.2574013275907374,166,0.0
445.455957,156,133.784473,443.1076166738777,2.3099569322165285,156,0.0
492.604562,184,133.854876,490.1544223816157,2.463052775778455,184,0.0
516.982201,203,133.932969,514.7542430340886,2.5085668363760165,203,0.0
358.203841,134,134.172692,355.89426772521716,1.7872458540288287,134,0.0
422.220941,153,134.22952,420.10835394375067,2.149818602968569,153,0.0
499.564735,190,134.301261,497.42281136820935,2.4732718008534733,190,0.0
467.722878,174,134.552934,465.4720535581508,2.345243830437247,174,0.0
454.610191,168,134.618271,452.32632770947856,2.287977693947011,168,0.0
370.178232,148,134.674505,367.8181105164108,1.7711909070517822,148,0.0
529.485393,210,134.95236,527.330806142844,2.5534314933118063,210,0.0
440.704137,168,135.016895,438.4263072414058,2.176779210400557,168,0.0
355.311951,149,135.073966,353.0252151515598,1.6448527015057635,149,0.0
494.897872,192,135.344256,492.47965934188693,2.417849248763408,192,0.0
193.110341,99,135.381979,190.69394041371547,0.7444565998479363,99,0.0
468.791215,170,135.450129,466.3526309587599,2.384182666883678,170,0.0
448.45165,160,135.514968,446.233447442708,2.3028727490217706,160,0.0
416.431683,173,135.7794,414.3801879368551,1.9446769363258511,173,0.0
488.307149,186,135.854388,485.97144010864076,2.413582556232131,186,0.0
449.398733,178,135.924162,446.97818131554016,2.165488463390253,178,0.0
527.306512,206,136.200194,525.0267740581858,2.566681581808795,206,0.0
393.836688,150,136.258959,391.49115409210503,1.9449182894451313,150,0.0
425.094279,163,136.323386,422.70194755848667,2.090878501916689,163,0.0
476.197044,175,136.588727,474.057676652355,2.406047046368211,175,0.0
429.79273,165,136.653592,427.4751270312273,2.112901040247765,165,0.0
519.447684,204,136.923243,517.1484747740446,2.519524995942233,204,0.0
471.08334,183,136.997967,468.9911895155573,2.3017526348288295,183,0.0
506.542413,191,137.075668,504.3558084725815,2.5210220974355497,191,0.0
527.537991,205,137.347511,525.2880783365522,2.576791567668649,205,0.0
347.733987,143,137.401096,345.3367996085447,1.6310558923343277,143,0.0
490.000488,181,137.469381,487.735149350467,2.4675901927960697,181,0.0
445.981182,179,137.733016,443.5246377896851,2.129734026850096,179,0.0
450.598586,167,137.796659,448.13816658177933,2.26226623292946,167,0.0
463.30272,186,137.869854,461.23013447473403,2.2157433553010484,186,0.0
459.27739,167,138.130739,457.01817767832046,2.3336074440151497,167,0.0
415.744564,150,138.188215,413.4272268338156,2.120301050941855,150,0.0
483.553252,177,138.255008,481.19129737168316,2.447218251990042,177,0.0
424.653426,156,138.498691,422.3564423931553,2.143893762142881,156,0.0
525.368321,204,138.574874,523.1452203300619,2.5676285315064358,204,0.0
471.993433,176,138.640581,469.7859135957832,2.3638682133553,176,0.0
464.851475,180,138.890507,462.52122055666837,2.273953379075775,180,0.0
369.723263,139,138.943115,367.53997408631244,1.8406033458912743,139,0.0
495.817795,183,139.011603,493.5708569179292,2.498434913280795,183,0.0
429.129908,151,139.253423,426.87026795497275,2.219843370549127,151,0.0
507.619728,198,139.330043,505.46030614900536,2.4740728329338606,198,0.0
406.957223,152,139.387463,404.72220420893626,2.0344505914252524,152,0.0
447.492808,175,139.63879,445.34271663750985,2.176153089677729,175,0.0
130.213269,66,139.662265,128.10406221954025,0.5068032339414108,66,0.0
484.079165,177,139.727581,481.9684520823787,2.4533234753321116,177,0.0
261.01552,109,139.767307,258.63472244778694,1.2084330120860265,109,0.0
576.594385,260,140.061451,574.3340678282484,2.531274035467718,260,0.0
494.992505,187,140.135434,492.9673141182326,2.4618790552155483,187,0.0
461.563899,179,140.399175,459.43614046964115,2.2571797024683504,179,0.0
452.739141,168,140.464585,450.40533783160964,2.27256015112362,168,0.0
407.335521,150,140.522517,404.9375616114585,2.052212186092883,150,0.0
344.718814,127,140.570111,342.40928774308736,1.7352809030240655,127,0.0
381.346451,149,140.834777,379.27926514316067,1.8550873410641933,149,0.0
518.99239,192,140.912518,516.8445877279955,2.6128339379706293,192,0.0
490.127495,201,141.182688,488.14072134840916,2.3116337843439876,201,0.0
479.964396,172,141.249572,477.79248351516304,2.459829505899446,172,0.0
480.753826,186,141.321335,478.3330302600672,2.3523674530360226,186,0.0
446.985096,169,141.575238,444.6099828386975,2.2182081472348916,169,0.0
503.917409,192,141.650201,501.7802540002566,2.492405130139877,192,0.0
431.024582,172,141.714253,428.7352825127311,2.0673632621504368,172,0.0
465.065814,166,141.969334,462.7602319529276,2.387372942352107,166,0.0
521.74219,211,142.053806,519.7147240504573,2.4846013616796174,211,0.0
479.209994,172,142.122455,476.8150339093912,2.4520558397229144,172,0.0
133.67706,68,142.146857,131.5384651503535,0.5183921821095123,68,0.0
457.170893,168,142.40092,454.9761725168313,2.3089214836108374,168,0.0
523.054849,194,142.477131,521.0078800961153,2.630341863315749,194,0.0
475.679041,174,142.734503,473.48944962631475,2.409300137660583,174,0.0
539.74143,202,142.80969,537.6563575531435,2.6996839621667457,202,0.0
427.245829,153,142.868231,424.99228590729257,2.1888078652324228,153,0.0
486.201075,188,143.131968,484.21888409950526,2.3837127531328974,188,0.0
459.716928,164,143.196505,457.4794940169351,2.360821346319029,164,0.0
428.081951,151,143.251229,425.78956403126847,2.2111629492880693,151,0.0
470.110675,185,143.510999,468.0981350981007,2.278649043933363,185,0.0
454.979035,177,143.579058,452.87518369845867,2.220482858126745,177,0.0
487.994399,184,143.651609,485.9257305510002,2.42938290205962,184,0.0
477.127218,171,143.900826,475.1248573638827,2.4463256844553007,171,0.0
430.34557,174,143.972432,428.4478767674731,2.0492438743690706,174,0.0
554.490158,219,144.064196,552.410738638898,2.682351634662169,219,0.0
464.639815,189,144.337612,462.57215870284523,2.2027205857910985,189,0.0
352.572547,137,144.391942,350.23717746479196,1.7181778759288229,137,0.0
517.225217,202,144.470453,515.1842056406639,2.5199061896174975,202,0.0
413.896496,155,144.721982,411.7043396384665,2.066495879704115,155,0.0
435.151082,174,144.786152,432.67154478186757,2.0829176711019515,174,0.0
476.406797,177,144.853693,474.2651479867281,2.3917026489285687,177,0.0
388.757258,150,145.09892,386.52764788489765,1.904834100380427,150,0.0
501.04692,200,145.175922,498.9651359662252,2.4062261446493327,200,0.0
532.743431,211,145.258205,530.8425991791424,2.573217593123536,211,0.0
465.389101,174,145.51177,463.0014988598576,2.325473776812793,174,0.0
492.548723,175,145.578724,490.5187267381255,2.5378105869224483,175,0.0
577.889342,232,145.857031,575.6966052516403,2.765313416216555,232,0.0
409.469849,156,145.917438,407.2007337522462,2.0224203089361077,156,0.0
552.845089,204,145.995028,550.7267788165741,2.78822844932901,204,0.0
535.837267,212,146.258528,533.7109734984746,2.5886719465679895,212,0.0
537.030288,210,146.340607,535.0014889608415,2.614862671231141,210,0.0
486.696782,203,146.60504,484.588766511103,2.2672091971434036,203,0.0
505.581243,180,146.672275,503.4292457967674,2.6012742519845453,180,0.0
530.703562,205,146.751974,528.6589678916506,2.603683554355527,205,0.0
443.568319,161,147.00159,441.30971150854606,2.255456831758191,161,0.0
447.928005,171,147.064804,445.6525796108288,2.210510500468398,171,0.0
542.71435,205,147.142435,540.657475253503,2.6998579807048184,205,0.0
518.366914,205,147.405154,516.3811778765121,2.5055104956321004,205,0.0
504.142014,187,147.475638,501.9890388333759,2.5336406756310237,187,0.0
447.807926,158,147.537704,445.4136622612087,2.3124472507955156,158,0.0
451.125437,162,147.777429,449.0005428247065,2.309117631643286,162,0.0
488.79351,180,147.847537,486.5578076142103,2.4661129767317185,180,0.0
455.387732,166,147.910598,453.36364688460355,2.3121085348933272,166,0.0
346.153815,142,148.148881,344.0405541201951,1.6288038196404582,142,0.0
532.609033,194,148.223289,530.5596966443054,2.706802229262836,194,0.0
703.327103,243,148.505142,700.8861592254159,3.678724611313474,243,0.0
493.073945,176,148.573583,490.9748733629459,2.53335124479857,176,0.0
409.168089,174,148.63837,406.7665748002593,1.8755451446139282,174,0.0
471.238729,172,148.894581,469.17534609944954,2.3906864481463415,172,0.0
539.323266,199,148.970965,537.108986917405,2.719279735243315,199,0.0
516.471828,203,149.05083,514.4535547256954,2.506177613999803,203,0.0
480.713576,177,149.305556,478.49866144682056,2.425539585526792,177,0.0
469.058358,169,149.368714,466.9538720523895,2.3969469233943737,169,0.0
493.955696,186,149.439616,491.9514253896046,2.4618704745842805,186,0.0
459.080627,164,149.688915,457.0421656314687,2.357513220458149,164,0.0
330.499662,129,149.739583,328.2060156552966,1.605598432490067,129,0.0
435.263874,158,149.801043,433.03576522289745,2.213261930354272,158,0.0
458.619151,164,150.057302,456.5262636192861,2.3534785021010953,164,0.0
369.794498,139,150.108883,367.60420173780454,1.8413094926370437,139,0.0
388.449314,147,150.164213,386.2420068773721,1.9264566660937303,147,0.0
420.110649,143,150.216502,417.92437506168903,2.2119288732999802,143,0.0
463.236578,166,150.461269,461.09025897129317,2.3741450711900836,166,0.0
453.926644,162,150.521778,451.83144509560077,2.331690105801495,162,0.0
507.084394,194,150.599017,505.03648063466073,2.50242166571562,194,0.0
493.565494,175,150.847167,491.2415237153293,2.54358269870523,175,0.0
462.219448,168,150.911385,459.9260342985316,2.3488520900843066,168,0.0
472.574555,170,150.977278,470.53758520003805,2.4177381177153,170,0.0
483.929071,180,151.232212,481.79053354167064,2.42831823857849,180,0.0
510.538663,184,151.302467,508.50249625698126,2.6099885311035376,184,0.0
469.053433,205,151.568934,467.21349296944624,2.112292321601088,205,0.0
513.002765,196,151.642209,510.79302336374565,2.532809478051031,196,0.0
474.761573,165,151.7038,472.58959435038145,2.4739615184679535,165,0.0
525.7313,199,151.976691,523.7582780779977,2.6126327804509093,199,0.0
501.474821,178,152.045243,499.3353621813363,2.5844638824046666,178,0.0
470.034911,171,152.11227,467.9353302666409,2.3888625048597967,171,0.0
458.096123,167,152.372137,455.71483074990977,2.323116147705425,167,0.0
474.746814,173,152.439694,472.75361873344514,2.4115933051589873,173,0.0
505.44597,200,152.519695,503.4917577663382,2.4424767280392836,200,0.0
509.140085,189,152.78046,507.04690695604836,2.5586257114898094,189,0.0
460.496883,164,152.84046,458.2906814441774,2.3676814195798626,164,0.0
518.515495,191,152.917211,516.5495774093121,2.61879902543894,191,0.0
531.173443,227,153.199235,529.1450479782685,2.432911340102116,227,0.0
466.692894,175,153.266829,464.6414986701602,2.3308046436901475,175,0.0
461.960361,166,153.523018,459.77917090758547,2.3635659079646216,166,0.0
512.381763,196,153.600586,509.93152493261977,2.5255872223517133,196,0.0
531.434942,203,153.682391,529.4817273194657,2.6265841311219984,203,0.0
557.412377,232,153.961977,555.511227406241,2.60393506862712,232,0.0
329.619231,141,154.017741,327.4110744191045,1.503848215696916,141,0.0
564.328461,231,154.109408,562.4008358500085,2.6670339529483607,231,0.0
668.069325,234,154.386266,665.6714155546143,3.468873878947639,234,0.0
126.605915,69,154.410616,124.43169737253794,0.45350450796693476,69,0.0
471.347437,179,154.479115,469.0041873023304,2.333661935314895,179,0.0
468.693197,170,154.738892,466.31464339294916,2.383973309269862,170,0.0
424.428179,160,154.803959,422.0113857604671,2.1090354714837787,160,0.0
480.590431,182,154.881999,478.60476116581896,2.3866297086492807,182,0.0
543.377278,213,155.173147,541.2656467234408,2.6411857950640214,213,0.0
368.971598,137,155.224336,366.6146148013524,1.8491762326945476,137,0.0
480.392814,185,155.299862,478.14129737154644,2.358900580185098,185,0.0
457.991644,165,155.569479,455.8098005031028,2.340044690561688,165,0.0
523.274895,210,155.657569,521.3122853603392,2.5054761498340916,210,0.0
450.935406,173,155.929554,448.60136099862103,2.2183397797619326,173,0.0
445.784565,165,155.996498,443.63008793580565,2.242184145506265,165,0.0
205.93714,93,156.033315,203.66137414475324,0.8961739901781728,93,0.0
420.452308,167,156.101732,418.0270299915213,2.0214450645485793,167,0.0
477.993272,179,156.372278,475.64492660350436,2.387031466687792,179,0.0
564.838457,200,156.459765,562.5196114896548,2.9145124579299138,200,0.0
171.829883,77,156.490734,169.56253717642122,0.7508608206091696,77,0.0
446.783106,161,156.756681,444.46959461507913,2.2808433375771036,161,0.0
454.322125,165,156.824109,452.1981819008412,2.310882370195856,165,0.0
511.466777,190,156.900905,509.53683385479246,2.5705695477290447,190,0.0
549.917523,222,157.183501,547.896535057505,2.6225759985161976,222,0.0
410.326444,146,157.246675,408.0073762876843,2.108581613979059,146,0.0
538.92713,204,157.332203,536.9498821565046,2.6783042634003618,204,0.0
436.563011,159,157.598145,434.3383861691469,2.2157636150194406,159,0.0
471.859072,169,157.67016,469.8374588216466,2.420463512106276,169,0.0
554.656094,216,157.761349,552.6691712330139,2.7087176617513773,216,0.0
505.552839,189,158.033048,503.11110109213837,2.5266706469287783,189,0.0
560.420958,224,158.123926,558.387217245029,2.6905802034658293,224,0.0
443.733075,168,158.390006,441.6084203072183,2.202187128904228,168,0.0
518.846654,195,158.46966,516.7232567903233,2.5880522263642396,195,0.0
448.917576,169,158.536441,446.6915140808775,2.234795144242406,169,0.0
453.48898,175,158.804781,451.4531396750723,2.2251234390444936,175,0.0
500.379595,210,158.891139,497.9735016450436,2.3181850420656884,210,0.0
428.822253,158,158.952822,426.6019963315546,2.161846059625669,158,0.0
496.739977,183,159.226073,494.6238459890132,2.5068374715299404,183,0.0
501.986993,189,159.302866,499.83547072630563,2.5009949684264123,189,0.0
544.868816,205,159.387087,542.8209662953651,2.7173076626233965,205,0.0
657.677627,219,159.673436,655.2893643481417,3.5051884666558273,219,0.0
441.597018,170,159.7421,439.3323654792026,2.1680810362761744,170,0.0
468.977746,177,160.012956,466.5618353999444,2.330138384736137,177,0.0
503.267208,189,160.091417,501.23374310722363,2.5119236142378116,189,0.0
454.342053,168,160.159051,452.07660994130697,2.285946417852234,168,0.0
410.187538,154,160.42573,407.9219106973516,2.0445233146323956,154,0.0
437.1393,159,160.490427,434.84067770178035,2.2198222130157492,159,0.0
492.725524,187,160.571468,490.67858872042706,2.4435207093146993,187,0.0
466.470459,174,160.858738,464.3241900095995,2.336274904213693,174,0.0
481.35227,177,160.934578,479.2267803236645,2.4315429047141515,177,0.0
404.290537,150,161.0006,402.09147257320427,2.0296824037654195,150,0.0
483.190564,183,161.284845,481.17419361816513,2.3993072954885513,183,0.0
454.311342,168,161.35511,452.1714525191324,2.2868599281450557,168,0.0
503.356939,190,161.437513,501.2847391140072,2.504680360398353,190,0.0
495.666835,176,161.709918,493.5664212324672,2.5541657244669387,176,0.0
121.32556,69,161.736989,119.41749823109053,0.413379983286693,69,0.0
522.318342,197,161.822022,520.2372752778706,2.600252953966341,197,0.0
569.59703,220,162.120907,567.5743269221944,2.795833430842563,220,0.0
472.310308,164,162.191692,470.3509954505743,2.464205484796802,164,0.0
467.269607,164,162.263447,465.31514641046573,2.4236750960851112,164,0.0
483.782595,190,162.551917,481.7842502590127,2.3484995290522246,190,0.0
544.045997,208,162.64299,541.99570197957,2.686839867035513,208,0.0
647.183469,231,162.743955,644.8225235377224,3.3256764450910667,231,0.0
482.333849,176,163.026502,480.0251550931828,2.445800899800004,176,0.0
424.978572,162,163.09447,422.8398987565403,2.100126994195007,162,0.0
453.167449,161,163.163448,450.81154128206913,2.3317596374179055,161,0.0
469.935876,171,163.441752,467.565301532371,2.3858140564009784,171,0.0
503.984397,182,163.518186,501.94814555605296,2.573678199473944,182,0.0
549.015924,212,163.820047,547.1794355629595,2.6965347679129823,212,0.0
498.441948,186,163.897314,496.4841052875512,2.497901030033553,186,0.0
539.096168,202,163.982421,537.1439497617022,2.6959469089261776,202,0.0
509.06699,187,164.279412,506.84328768297354,2.5727542214961545,187,0.0
525.312678,204,164.362924,523.3165884168811,2.5693774704957324,204,0.0
485.693148,184,164.438584,483.68035700146993,2.411301657504248,184,0.0
499.650687,183,164.72267,497.5880973657108,2.5307402537867283,183,0.0
452.339832,162,164.792788,450.12335336888793,2.318163687540172,162,0.0
498.840867,185,164.874789,496.77580273484176,2.5083575394159046,185,0.0
113.87734,64,165.109103,111.98541137614708,0.3937950787053595,64,0.0
513.060028,189,165.192518,511.0209062513881,2.5904654503930242,189,0.0
509.128609,182,165.26806,506.8520884815067,2.612631741004752,182,0.0
477.782038,167,165.544596,475.5817664326945,2.4818891043706475,167,0.0
552.318216,211,165.63489,550.2484693907255,2.7290430759177053,211,0.0
526.877989,192,165.715614,524.8030986351359,2.6768093094231955,192,0.0
518.556558,204,166.008807,516.4495208453134,2.5144312537070195,204,0.0
519.365915,190,166.092576,517.462243513163,2.6339375158600946,190,0.0
515.991262,204,166.383846,514.1516953832504,2.49628188070378,204,0.0
567.076991,222,166.477597,565.0566399389883,2.7601387065213254,222,0.0
391.592746,159,166.544649,389.2593353444988,1.8552322832920014,159,0.0
547.919137,201,166.831246,545.9089230592673,2.7737589493033172,201,0.0
462.492688,183,166.905572,460.15140778065665,2.2312855127431095,183,0.0
469.387336,169,166.975141,467.09008412890915,2.3982394158482614,169,0.0
538.644653,204,167.2462,536.5163735390317,2.674957378730479,204,0.0
600.788665,243,167.343684,598.8474677207198,2.8631441015375905,243,0.0
502.010683,187,167.60792,499.9442520575677,2.5176572878699437,187,0.0
469.493261,174,167.677774,467.3564435200813,2.360658785765283,174,0.0
523.168164,192,167.756656,521.1576864515398,2.647622688727707,192,0.0
418.751614,162,168.009102,416.52171929039946,2.049332102220428,162,0.0
520.336861,185,168.081961,518.2456507790777,2.6800805743734823,185,0.0
533.565762,198,168.158697,531.4128578269055,2.68179136776264,198,0.0
557.966911,212,168.431459,555.8373414542773,2.765814935882029,212,0.0
501.31385,186,168.504674,499.1783425753204,2.519609846929062,186,0.0
524.715698,197,168.774634,522.7284592283934,2.6203948915552733,197,0.0
560.881012,227,168.862617,558.9102033005876,2.671064612300576,227,0.0
531.678151,194,168.937886,529.5265888786114,2.6985681284965453,194,0.0
476.633475,171,169.184007,474.48320428449296,2.441507513966756,171,0.0
539.160235,207,169.26476,537.3011932114372,2.6573344956047826,207,0.0
540.388761,212,169.538208,538.425456174012,2.6265925002736306,212,0.0
520.352839,202,169.614438,518.4397507742791,2.546247411618788,202,0.0
580.220628,199,169.69235,577.7929010179147,3.0448313094254758,199,0.0
458.456959,176,169.954384,456.1906041925676,2.2551263097507084,176,0.0
550.928241,235,170.044772,548.9673849036551,2.527915780655747,235,0.0
548.58971,211,170.308628,546.5483479289516,2.6994475083885234,211,0.0
558.254957,204,170.38548,556.1907657131987,2.8324224478032196,204,0.0
484.618761,180,170.452685,482.5040098822869,2.434174631800099,180,0.0
380.688194,138,170.691814,378.49757302653245,1.9365562570166377,138,0.0
500.814006,183,170.762823,498.6946867644646,2.539726671504489,183,0.0
588.438115,236,170.852389,586.5662044932906,2.820636420772469,236,0.0
541.355703,194,171.115565,539.3676180218337,2.7773574117015993,194,0.0
678.887294,226,171.199108,676.4431957102287,3.6188117983623567,226,0.0
506.308427,196,171.452624,504.3581419971927,2.481596604026419,196,0.0
553.80032,216,171.541457,551.6879361332296,2.700835751249374,216,0.0
608.558932,243,171.824096,606.6787215957632,2.9256556298311636,243,0.0
546.148831,205,171.902439,544.0963486718933,2.7276339854920177,205,0.0
553.086326,206,171.983723,551.0579881065411,2.77511718379082,206,0.0
517.861558,189,172.25618,515.8204332741785,2.629026575707175,189,0.0
420.760641,157,172.316603,418.4791135394277,2.1050515116507427,157,0.0
449.714159,187,172.389564,447.27119110958307,2.0960754994160986,187,0.0
646.401963,238,172.672387,644.104680843763,3.264393621770628,238,0.0
566.067818,203,172.750546,563.6947383821107,2.8999235188927344,203,0.0
543.371377,219,173.015803,541.5227146479041,2.5956672051761087,219,0.0
464.245897,170,173.07632,462.14598659524347,2.3507832567658755,170,0.0
519.178171,184,173.142469,517.291249036971,2.6803045269707817,184,0.0
481.479461,175,173.377513,479.37061828468995,2.448847950041374,175,0.0
466.022463,162,173.440404,463.98001910853105,2.4291442614469605,162,0.0
473.489881,173,173.506479,471.2950371882915,2.3999706241568846,173,0.0
506.340415,178,173.760141,503.92377503457055,2.621128674668196,178,0.0
607.372448,269,173.86422,605.2522247553343,2.7072117261502955,269,0.0
579.775179,231,174.144997,577.7122511443787,2.7892900440709583,231,0.0
568.819173,214,174.226425,566.7919078916202,2.837569715351711,214,0.0
582.611028,228,174.503212,580.6227332873013,2.8364827234960903,228,0.0
577.747906,223,174.589827,575.8719019147148,2.8384339367733737,223,0.0
480.27548,175,174.655207,478.2334604334442,2.4396616121242802,175,0.0
508.354729,185,174.907216,506.242060123625,2.583802573578685,185,0.0
432.126148,155,174.964929,429.9937985070257,2.2131409453963644,155,0.0
431.591779,150,175.021932,429.41160683186746,2.2482430631763903,150,0.0
580.741134,227,175.297314,578.7242347279662,2.8295054932948975,227,0.0
528.447161,193,175.368842,526.4095048981508,2.6816976934561665,193,0.0
456.006003,183,175.43585,453.79471788963014,2.1802160883248005,183,0.0
469.237692,167,175.690869,466.8149294118039,2.4118498075022288,167,0.0
622.986727,241,175.787213,620.9434169077905,3.0556768995494674,241,0.0
522.766451,192,176.048193,520.518902818342,2.642436179324204,192,0.0
551.647035,202,176.127513,549.6425394097959,2.7959777268943635,202,0.0
634.031219,260,176.418829,632.0832569653677,2.9937495187528786,260,0.0
536.882841,191,176.496121,534.9361205425581,2.7657441715931532,191,0.0
530.732058,192,176.569453,528.5926209811812,2.707050908454874,192,0.0
533.33143,195,176.829776,531.138546421499,2.7032667880427397,195,0.0
471.489039,179,176.899339,469.18764447178756,2.3354062990585396,179,0.0
488.839609,172,176.961954,486.63615569157264,2.5305676046320573,172,0.0
504.08182,185,177.213576,502.06673578950205,2.550684887777797,185,0.0
510.637131,180,177.280833,508.50386683110446,2.642038178484203,180,0.0
668.333967,222,177.363028,666.0466594104868,3.567711726246568,222,0.0
719.488204,240,177.633031,717.1973907646524,3.8334120873300654,240,0.0
553.677824,208,177.70925,551.8570783894093,2.765621943937839,208,0.0
861.652595,286,178.000842,859.2994004615085,4.603664036651303,286,0.0
119.763249,63,178.023816,118.01654082555049,0.45017863276468256,63,0.0
570.464556,197,178.099049,568.3446935959532,2.985192706703225,197,0.0
534.24727,198,178.371293,532.2677272673326,2.6890182819896227,198,0.0
571.350017,219,178.454713,569.3421342168151,2.8182402271117324,219,0.0
522.07139,215,178.749357,520.1393384098991,2.456351995668083,215,0.0
506.595803,182,178.830673,504.60893271220664,2.5949658151350765,182,0.0
527.388209,187,178.904102,525.3069032192536,2.7208151837731362,187,0.0
516.63749,183,179.174366,514.355340736925,2.6646822332186235,183,0.0
520.805703,190,179.250083,518.6913139553074,2.6437868041057397,190,0.0
543.562214,207,179.332919,541.5377394401097,2.6911774682459235,207,0.0
560.632671,215,179.611391,558.7036876078311,2.764835119213414,215,0.0
505.945551,185,179.689379,503.82350404289036,2.564818114727436,185,0.0
572.626931,216,179.968178,570.6287000608777,2.8524469192427833,216,0.0
312.5571,118,180.012551,310.4402926559954,1.5513157106235989,118,0.0
534.084703,192,180.086323,532.1790222782581,2.7358406163703144,192,0.0
477.357504,172,180.338278,475.22271560011126,2.4393791777021927,172,0.0
521.636327,186,180.413114,519.3379426283676,2.6805180593817743,186,0.0
528.597362,190,180.489238,526.5250721533084,2.706349905167707,190,0.0
493.695526,184,180.748306,491.67729269838617,2.475626561760696,184,0.0
497.364616,180,180.817597,494.9806295515961,2.5336561035469103,180,0.0
252.219847,105,180.857729,250.05972281787834,1.1717244459886338,105,0.0
641.651453,261,181.152347,639.6878986081283,3.046505685801388,261,0.0
537.111198,194,181.228493,535.2002664914992,2.7440833948272716,194,0.0
538.600198,196,181.501821,536.5498340315991,2.7386901427627435,196,0.0
241.478674,127,181.551057,239.1828772103789,0.9094964379160866,127,0.0
671.740687,239,181.647783,669.440152494849,3.4590825429738117,239,0.0
563.393649,206,181.930707,561.3468333034514,2.857757958441951,206,0.0
585.86863,224,182.022457,583.9545604792704,2.895294179722706,224,0.0
570.291895,208,182.291878,568.2720969740271,2.897045988756304,208,0.0
480.976018,182,182.362676,478.88318127083534,2.389033114374947,182,0.0
724.207778,266,182.471971,722.047746641318,3.6651466890777518,266,0.0
493.048336,180,182.720999,490.6228294030764,2.498665864357168,180,0.0
514.977004,178,182.789831,512.6811529945024,2.6911577951693184,178,0.0
565.31105,205,182.871236,563.3282697543323,2.8812336833563137,205,0.0
565.418245,216,183.135173,563.6204356270363,2.7961043462686166,216,0.0
693.06596,221,183.244709,690.6926764463234,3.7727545916078054,221,0.0
619.196449,225,183.520863,616.9104013244764,3.1504441898918922,225,0.0
118.836719,66,183.545419,116.85016575478117,0.4167205514665028,66,0.0
584.909836,207,183.625789,582.6236434052955,3.019550658651834,207,0.0
493.381565,186,183.884358,491.1845729843535,2.4555000874642734,186,0.0
453.050031,167,183.948534,450.9406520353864,2.2849764078853676,167,0.0
531.823911,189,184.019812,529.5196581672406,2.738211165521103,189,0.0
737.878124,240,184.330134,735.4531139181097,3.9794800548118427,240,0.0
571.050072,210,184.419108,569.1785216410732,2.8883502110872215,210,0.0
446.373503,167,184.682763,444.2693240760279,2.231569878052112,167,0.0
532.286127,196,184.765851,530.3774189228862,2.6896993976415837,196,0.0
516.74952,190,184.846953,514.6629760741587,2.6116510356944844,190,0.0
569.982656,210,185.121343,567.9049965120811,2.878147177030117,210,0.0
491.455165,174,185.186198,489.3344684206802,2.5364661667810147,174,0.0
426.489047,170,185.250771,424.1628881530519,2.0467564084525485,170,0.0
534.954335,198,185.502159,533.0183694313192,2.694704287224008,198,0.0
524.211768,189,185.572688,522.1045235640195,2.679026665942974,189,0.0
430.613282,158,185.630947,428.491421999866,2.177148853894248,158,0.0
494.456828,178,185.878369,492.45637379202464,2.529539674724448,178,0.0
520.714591,190,185.948455,518.7272517441422,2.6441746057054027,190,0.0
531.608352,195,186.204325,529.5253221774367,2.690648604696529,195,0.0
287.905179,116,186.247151,285.78152899925647,1.3699942753877157,116,0.0
564.338107,208,186.326743,562.3382940924772,2.8497952614475404,208,0.0
514.857314,183,186.581054,512.8263827692381,2.6524817793124464,183,0.0
711.233174,233,186.669533,709.0841601042423,3.8243467948662033,233,0.0
803.13849,283,186.964079,801.0452385154892,4.161710553610785,283,0.0
467.642923,167,187.026383,465.39781642594266,2.4006591381826157,167,0.0
475.665623,164,187.087907,473.48165521972487,2.4893296332101635,164,0.0
515.177464,181,187.33962,512.9172475984614,2.66926508478909,181,0.0
522.72412,181,187.406537,520.5452473389147,2.7303700215720936,181,0.0
682.246987,224,187.496626,679.885039442191,3.6623611913181464,224,0.0
545.272327,194,187.759741,543.1571737891692,2.8077565153656003,194,0.0
557.017387,205,187.838251,555.0137728248736,2.8148197788147358,205,0.0
702.106629,222,188.108524,699.6890763424487,3.8368292490137113,222,0.0
516.683086,174,188.174949,514.5456374116937,2.7381753029035387,174,0.0
512.05114,181,188.243225,509.7010371116317,2.6432637976081854,181,0.0
545.767933,197,188.505744,543.734656749893,2.7884894981506747,197,0.0
612.262691,218,188.588139,610.0901005898071,3.1520106676063904,218,0.0
553.274349,205,188.665181,551.2087751753477,2.7846688554330443,205,0.0
508.640827,184,188.920897,506.5053514883624,2.5942377989189738,184,0.0
562.165352,205,188.998209,560.2274820268541,2.8568634808701767,205,0.0
836.361872,298,189.294691,834.1780839265319,4.307546028361459,298,0.0
521.493994,183,189.364134,519.3610615835167,2.7050576700857762,183,0.0
506.716261,181,189.622807,504.5158657214868,2.60228017076927,181,0.0
525.180905,193,189.695843,523.1080054425279,2.654754063377991,193,0.0
538.302792,197,189.769631,536.439354742635,2.730027071890349,197,0.0
547.84255,219,190.054897,545.8220166108422,2.6299166659970505,219,0.0
519.681213,183,190.127076,517.5510192665624,2.6904544837816635,183,0.0
565.953634,207,190.208451,563.8784855250875,2.8699151586010294,207,0.0
520.572635,190,190.466061,518.6033337587679,2.643183878639676,190,0.0
318.160814,125,190.513684,315.9787020872525,1.5397693776884607,125,0.0
546.792571,207,190.780728,544.6034086426939,2.7155886336569557,207,0.0
545.974832,192,190.853992,543.6953955777366,2.8277069778752737,192,0.0
564.53204,214,190.935868,562.3674816176971,2.801999391166289,214,0.0
553.923056,211,191.200198,551.5294240756263,2.739157510442716,211,0.0
532.912944,201,191.276377,530.904022449904,2.6541347875673087,201,0.0
647.473308,219,191.547459,645.3366623312237,3.425818564973586,219,0.0
576.370599,203,191.625083,574.309832065634,2.9851941324735987,203,0.0
568.621535,196,191.699359,566.2683138470945,2.9764188206611863,196,0.0
582.358583,223,191.970307,580.3565297059557,2.874518397624849,223,0.0
550.42487,192,192.042683,548.2587188815475,2.8643601004595016,192,0.0
645.30994,225,192.31272,643.0622423932067,3.359746849081008,225,0.0
518.583571,187,192.383067,516.64749543059,2.6513962620109184,187,0.0
577.876648,215,192.464413,575.7890869552613,2.9015735819796964,215,0.0
485.533893,183,192.723057,483.1171498455522,2.414581846366409,183,0.0
713.845674,228,192.809883,711.5641782676959,3.8839836350630415,228,0.0
583.254565,209,193.081515,581.1909296186436,2.9924631512051665,209,0.0
613.292979,222,193.16594,611.2444743645451,3.1293647135532154,222,0.0
535.213061,191,193.238314,533.1436992490129,2.751535053223315,191,0.0
477.784564,173,193.492299,475.5714036816474,2.4343701173737466,173,0.0
502.216434,179,193.562967,500.1065556446558,2.582888125945814,179,0.0
493.548796,184,193.633367,491.4994471774058,2.4741438238332725,184,0.0
745.080681,245,193.914314,742.9181276195177,3.9993908739283373,245,0.0
620.137434,251,194.012765,618.2848230890389,2.954849472623447,251,0.0
549.823545,194,194.277037,547.4939579487014,2.842122686242261,194,0.0
761.057169,252,194.377764,758.908328727608,4.071576185962356,252,0.0
655.335323,221,194.6607,653.2168489506407,3.4730423897433536,221,0.0
754.766777,255,194.761785,752.6628755543047,3.9977004535604395,255,0.0
539.098546,187,195.02285,536.7981544241549,2.8125043539235426,187,0.0
539.180987,198,195.099675,536.8980448777704,2.725362873983783,198,0.0
541.879517,190,195.173987,539.5875676627669,2.810674202802163,190,0.0
568.392814,196,195.439858,566.1911142850072,2.9758955485390577,196,0.0
565.999996,199,195.522651,563.9103936400968,2.9340249200625386,199,0.0
591.661743,212,195.606745,589.6049598617163,3.0359776501012306,212,0.0
660.258366,223,195.882166,658.1246095137284,3.496218461977752,223,0.0
612.953359,236,195.97479,610.8596131330097,3.0147396709704544,236,0.0
614.993201,218,196.249136,612.7496079747459,3.1731647596123738,218,0.0
804.074006,262,196.353118,801.7880045709494,4.3350294481503315,262,0.0
752.054615,248,196.642465,749.8170244298695,4.030970239910898,248,0.0
629.242903,240,196.737231,627.2271528277231,3.1141480560903703,240,0.0
574.355766,204,197.005555,572.2239262291587,2.9606454350016103,204,0.0
526.451323,189,197.077278,524.4154409200551,2.697839011177523,189,0.0
501.138598,174,197.141472,499.00975091091743,2.613881033921608,174,0.0
575.993555,204,197.408684,573.8905241436864,2.973754160496277,204,0.0
740.820804,238,197.503,738.5555743034366,4.020426066535079,238,0.0
639.226236,236,197.783271,637.1992353017017,3.2255989846727218,236,0.0
608.501851,223,197.872413,606.6067928697389,3.0846752264219788,223,0.0
759.758124,255,198.178494,757.5261221310988,4.036744534259234,255,0.0
739.908137,254,198.279038,737.6551033783933,3.8856281608402687,254,0.0
680.900437,277,198.58472,678.834468253872,3.2321250728358133,277,0.0
547.633763,196,198.675974,545.50760423404,2.8105980828358117,196,0.0
473.517025,173,198.748685,471.17653198455565,2.3989893242006457,173,0.0
682.509604,224,199.039652,680.1834434071434,3.664756109796178,224,0.0
1034.303195,337,199.372685,1032.046647171664,5.579397833623447,337,0.0
615.271451,219,199.459812,613.1892027912529,3.1688930720663477,219,0.0
480.880856,187,199.536349,478.5271704578677,2.3460958099103695,187,0.0
801.251526,259,199.834606,799.0199826527012,4.336726574151476,259,0.0
564.201354,192,199.912143,562.260160326021,2.976285236194686,192,0.0
997.433708,302,200.246971,995.2159952607412,5.56345483556292,302,0.0
445.618034,163,200.314277,443.475809876809,2.257163069850781,163,0.0
729.961601,231,200.604846,727.6616224247942,3.9889487469755913,231,0.0
823.372014,282,200.717347,821.2147440994809,4.330898220455792,282,0.0
1007.166925,320,201.04293,1005.0660970372347,5.499250372776367,320,0.0
670.826506,222,201.133948,668.7143080017031,3.5889232821624453,222,0.0
561.741698,194,201.407547,559.7874513142661,2.9408397655197716,194,0.0
1011.420148,320,201.536505,1009.1372760888554,5.531928703411767,320,0.0
688.287041,242,201.829779,686.1523060712101,3.5692174739825178,242,0.0
493.552346,181,201.902706,491.24566931162076,2.4959409001470383,181,0.0
991.555896,311,202.238214,989.2008772982327,5.443644161361115,311,0.0
1050.704752,359,202.391681,1048.5230867436635,5.536036581743523,359,0.0
765.386636,251,202.697174,763.2464197385539,4.114294311284418,251,0.0
1000.935696,323,202.832714,998.6895710676505,5.424228002313201,323,0.0
589.108456,191,203.102778,586.821143629391,3.180734698295693,191,0.0
999.227439,320,203.234261,997.016828041279,5.434682255950661,320,0.0
979.323138,307,203.569892,977.0742285842704,5.378559817020544,307,0.0
857.512102,290,203.887244,855.4040214402033,4.5407915493344095,290,0.0
459.189969,174,203.958068,457.1221969394846,2.278699417048612,174,0.0
696.137192,238,204.052677,693.9142484597531,3.6630270658974697,238,0.0
342.578643,146,204.312711,340.53109992376824,1.569110341196867,146,0.0
795.341313,275,204.425137,793.1632139460991,4.162174748067739,275,0.0
438.312738,161,204.687033,436.1146908799329,2.214121241930801,161,0.0
726.779349,235,204.781705,724.3836615704481,3.930662140752291,235,0.0
898.561587,285,205.092647,896.2409058286455,4.907326487104316,285,0.0
868.011184,285,205.209207,865.8286894212648,4.664037588743258,285,0.0
711.833714,250,205.511946,709.6739032552391,3.6934943104296365,250,0.0
1012.687252,351,205.659695,1010.4770504676651,5.295417048382877,351,0.0
1121.156985,373,206.008806,1118.9247240412974,5.987754398705339,373,0.0
925.358083,297,206.324106,923.0559068821404,5.026068125207981,297,0.0
967.626032,317,206.453448,965.1706514671896,5.203614836878316,317,0.0
788.639844,256,206.754191,786.4979928004366,4.2604641198991215,256,0.0
575.896571,198,206.833666,573.653419308479,3.019721498049783,198,0.0
863.038666,316,207.161309,860.8760841866953,4.377561524483191,316,0.0
1009.839867,309,207.288795,1007.5577868546933,5.6064950000132345,309,0.0
933.588987,298,207.615417,931.3312341430905,5.084240975188818,298,0.0
454.691077,174,207.685774,452.4837526191825,2.2415631947670915,174,0.0
691.646936,228,207.978123,689.3249738123881,3.7060154354740207,228,0.0
696.773628,231,208.072985,694.4604253329508,3.7232496379581734,231,0.0
678.768361,216,208.35823,676.5101809205196,3.6991973617555125,216,0.0
960.701921,334,208.497828,958.4067070858862,5.01412739365721,334,0.0
764.710186,257,208.799817,762.4594241416402,4.060137100787529,257,0.0
1014.952898,322,208.933842,1012.7281445230311,5.544094892450013,322,0.0
902.796192,291,209.254281,900.4787323540637,4.893048227419592,291,0.0
1057.120513,331,209.587631,1054.8589682623017,5.809736733956986,331,0.0
1034.164814,332,209.726554,1031.849997263288,5.617771734191126,332,0.0
463.748567,175,209.999835,461.35206894825086,2.3044484896430277,175,0.0
1229.036237,373,210.155996,1226.7247588879293,6.8499225108663415,373,0.0
766.026874,260,210.460627,763.7813777937669,4.047069797449839,260,0.0
725.840401,234,210.561356,723.5258162221002,3.931866498247032,234,0.0
1179.375933,346,210.915844,1176.9444079710577,6.66705059206816,346,0.0
709.585881,241,211.019389,707.3025690569514,3.746265370111706,241,0.0
843.752676,275,211.349418,841.3848214586583,4.548176546930778,275,0.0
914.222789,299,211.480158,911.9439200306199,4.92157090581172,299,0.0
1071.886298,355,211.842472,1069.7080947047923,5.737422767050666,355,0.0
472.472747,175,212.122471,470.1674742462733,2.374998457728029,175,0.0
735.265159,246,212.22674,732.8666959549272,3.9109186916276575,246,0.0
576.859106,190,212.307208,574.5536081664804,3.0906126122797524,190,0.0
1289.755449,402,212.692265,1287.3040204586093,7.1036205151147,402,0.0
700.406959,241,212.996264,698.0537537545218,3.6722822923543097,241,0.0
732.532132,244,213.097187,730.1614292023338,3.905312084893962,244,0.0
701.817628,241,213.403999,699.4114150332566,3.6831409489315377,241,0.0
746.816099,242,213.511061,744.5003741429083,4.035752843807555,242,0.0
1064.986636,352,213.867211,1062.7116142815198,5.705497216631657,352,0.0
807.183239,280,213.991801,805.0358513131231,4.217516403652509,280,0.0
874.482687,311,214.333909,872.2327957261787,4.508313190137193,311,0.0
474.652059,192,214.417339,472.3268915287079,2.256969165310525,192,0.0
413.864476,173,214.704258,411.461624044216,1.9212460048868398,173,0.0
457.094833,165,214.774115,454.7519855218262,2.3314470437677763,165,0.0
778.464774,267,214.889595,776.1109445959794,4.089685369140283,267,0.0
991.517868,311,215.232787,989.3173268735562,5.444709749236827,311,0.0
1420.109438,442,215.635807,1417.6652313620402,7.827534836912979,442,0.0
738.449738,260,215.74897,736.3147922542903,3.8272991066038795,260,0.0
972.356997,302,216.088297,970.0799548090723,5.362645766240771,302,0.0
751.389326,240,216.192251,749.167244846123,4.089251740874766,240,0.0
816.210483,267,216.519314,814.0168665608805,4.392971762617822,267,0.0
541.073989,197,216.604187,538.7082825322465,2.7478957947079605,197,0.0
1772.00542,500,217.027759,1769.6626694251504,10.181836507069093,500,0.0
723.817377,245,217.343301,721.5916032821631,3.828796439306985,245,0.0
1184.594434,360,217.712849,1182.1605518373292,6.5970608919749765,360,0.0
719.964139,246,217.820049,717.7911124665299,3.7902468720995004,246,0.0
950.040038,291,218.155472,947.6429718082711,5.270713630160828,291,0.0
1434.272655,424,218.33764,1431.8113295055707,8.084457167356184,424,0.0
677.378578,230,218.672211,675.0701318962639,3.575808035545488,230,0.0
1010.389491,330,219.045416,1008.1551856955643,5.4445014268020255,330,0.0
500.93605,190,219.13147,498.62923692730607,2.483139257611175,190,0.0
696.055926,232,219.236537,693.7138654181529,3.709397398313439,232,0.0
214.517236,94,219.489212,212.52416163190966,0.9592866335089693,94,0.0
790.869165,259,219.602989,788.5451814274468,4.253043238514607,259,0.0
549.284312,206,219.693031,546.8705554407619,2.741755491986735,206,0.0
744.409388,247,220.01154,742.070181274518,3.9766872942202633,247,0.0
633.878342,219,220.108638,631.5149765874182,3.3153936779101745,219,0.0
737.334317,253,220.419092,735.1574676593605,3.873432604266575,253,0.0
687.172809,236,220.524083,684.8846187751466,3.6066130835212387,236,0.0
1045.464705,334,220.875921,1043.246774171644,5.69298635895496,334,0.0
1469.99861,438,221.274926,1467.5887177044083,8.258771492965542,438,0.0
485.005032,188,221.357128,482.61784974319534,2.370984520826703,188,0.0
684.918975,229,221.668375,682.6245973775526,3.6445392861110264,229,0.0
749.376841,269,221.785909,746.9844992496375,3.8405658894649335,269,0.0
856.35752,273,222.1163,854.0192150765082,4.665013361486967,273,0.0
475.372703,186,222.196206,473.0115912111093,2.3102073617263446,186,0.0
444.314805,160,222.263869,442.22122755488385,2.2711251927180216,160,0.0
482.320337,164,222.54718,480.1507256063318,2.5426962176437775,164,0.0
948.700144,305,222.685893,946.3721835377617,5.148719405453738,305,0.0
957.171438,292,223.020378,954.8433809232031,5.320266037379818,292,0.0
221.531963,103,223.064062,219.35870547235132,0.94219569751461,103,0.0
961.984929,312,223.413725,959.5744546026557,5.198764132683986,312,0.0
1302.741071,395,223.595671,1300.3582073549037,7.2636787352450085,395,0.0
581.483466,198,223.892438,579.2194267803425,3.0642496803667147,198,0.0
686.464981,243,224.000663,684.1313505399128,3.545087868956358,243,0.0
1474.71132,433,224.405111,1472.3293605006297,8.336682543223118,433,0.0
1270.606725,389,224.784788,1268.3717178468148,7.055772683434954,389,0.0
681.865203,234,224.888853,679.5335911216936,3.5799747787669483,234,0.0
721.883523,254,225.21336,719.5242147625909,3.7404348533542984,254,0.0
1026.20442,340,225.580731,1023.9657254448573,5.491088945646917,340,0.0
486.536785,192,225.662581,484.2006392274196,2.3519820537829075,192,0.0
869.411188,302,225.795385,867.1417467168083,4.5393075427934635,302,0.0
1070.445447,333,226.153838,1068.0674103763643,5.899483670360676,333,0.0
868.162655,306,226.512524,865.8477247188539,4.497052634577247,306,0.0
1298.254032,404,226.901837,1295.9233133136142,7.156751275798182,404,0.0
3158.41615,879,227.519582,3155.89230840656,18.25147365435515,879,0.0
751.243738,253,227.843839,748.9690654567938,3.984144422234248,253,0.0
1016.874456,328,227.988014,1014.610681340224,5.511664387112561,328,0.0
646.111388,237,228.313097,643.8541792895587,3.270627992647839,237,0.0
718.604421,246,228.4214,716.151996073026,3.7772704352108137,246,0.0
325.593498,128,228.692329,323.40196819763185,1.575486311054529,128,0.0
531.044888,184,228.770512,528.7070532689136,2.7716089318702255,184,0.0
707.784169,238,228.877969,705.464488582917,3.755529858188689,238,0.0
914.050011,301,229.232472,911.7855620316036,4.90415839634131,301,0.0
634.641887,226,229.338421,632.3380742754928,3.2661035490685353,226,0.0
445.873539,162,229.642361,443.72861236814697,2.26717922740272,162,0.0
966.988237,293,229.775743,964.8359072534973,5.392136580583191,293,0.0
1170.51118,380,230.162234,1168.1253876524925,6.325403340600943,380,0.0
756.123261,252,230.489113,753.7968891687859,4.030770425278641,252,0.0
1059.573728,330,230.638302,1057.3252049589978,5.837656030636082,330,0.0
2305.455768,646,231.150989,2303.0052510043165,13.285437335596995,646,0.0
1185.424661,355,231.538215,1183.044640465324,6.6439448614551555,355,0.0
1237.305544,388,231.934505,1234.9831033950763,6.796568906514786,388,0.0
826.527762,305,232.085867,824.2636554086906,4.172112329610606,305,0.0
916.158161,288,232.440823,913.7726699567578,5.023676343940899,288,0.0
923.312686,286,232.792661,920.9289555771726,5.096641672234785,286,0.0
1511.25161,465,233.226782,1508.85594506444,8.374215548419283,465,0.0
2468.685031,708,233.777064,2466.2221381977574,14.096786186438175,708,0.0
1263.811764,399,234.186387,1261.5633037397868,6.92173150896486,399,0.0
1035.947833,320,234.337327,1033.6473927239108,5.7275533118738995,320,0.0
1047.725827,324,234.713085,1045.3485740623112,5.789640555831347,324,0.0
1090.608767,337,235.086726,1088.2200821937045,6.028797848072636,337,0.0
1196.475606,369,235.259122,1194.1950780049617,6.621689539854372,369,0.0
426.740468,158,235.554919,424.6143528159497,2.146155931518803,158,0.0
614.278638,209,235.651441,612.0078000871875,3.238795276038119,209,0.0
2497.554307,737,236.243563,2495.0497950431177,14.096287716963671,737,0.0
1050.490919,338,236.620429,1048.1004880727417,5.699858604681797,338,0.0
557.366705,205,236.939094,555.1586909226295,2.815944474941799,205,0.0
1529.980196,476,237.163422,1527.7070903741585,8.437580267069533,476,0.0
1148.496366,353,237.556529,1146.154612425582,6.364724428425418,353,0.0
3111.290678,875,238.418641,3108.775651966649,17.90707005542855,875,0.0
1954.376372,564,238.902257,1951.9239104735257,11.12989585058434,564,0.0
1809.894554,560,239.385961,1807.5185234537364,10.006942055108503,560,0.0
1292.152846,389,239.795692,1289.8899413775177,7.228093934161207,389,0.0
3358.771238,967,240.722823,3356.2281467319717,19.153323615284638,967,0.0
698.789477,234,240.829195,696.468579283919,3.7151567907631673,234,0.0
1223.915494,360,241.212442,1221.5152482180374,6.912025268224617,360,0.0
848.265541,291,241.34693,845.9376662828032,4.456960317395079,291,0.0
898.474217,294,241.707228,896.1796096523954,4.835014094636928,294,0.0
1061.092986,321,242.079273,1058.6860087913767,5.920142855797863,321,0.0
711.526335,243,242.190062,709.2283527584636,3.745775430241698,243,0.0
582.719457,229,242.530421,580.5819080587906,2.828163898821518,229,0.0
1505.860204,448,242.738652,1503.4077037585369,8.465956315521382,448,0.0
1432.793868,438,243.171766,1430.372247879845,7.961491670707134,438,0.0
290.347153,114,243.446401,288.34717749348135,1.4064235538195995,114,0.0
1571.672655,465,243.662882,1569.3541511736842,8.85791214712022,465,0.0
888.011436,260,244.000067,885.7435111964434,5.022685716626114,260,0.0
3345.161821,966,244.902859,3342.567036649124,19.052363731079964,966,0.0
1224.688652,386,245.334221,1222.3069365938773,6.7111674479072,386,0.0
1475.803074,451,245.545185,1473.321200032305,8.2012708028736,451,0.0
1456.004362,468,245.980443,1453.555167031757,7.907985932247178,468,0.0
1870.916034,556,246.458937,1868.5174830377618,10.526382271694338,556,0.0
1349.950743,418,246.878821,1347.5183441335773,7.4578375374777925,418,0.0
1565.035676,477,247.319361,1562.7035704168723,8.709568447012268,477,0.0
3398.498139,988,248.241483,3395.9846955541343,19.304363542037624,988,0.0
1362.692827,401,248.654554,1360.3544630356837,7.69623251529998,401,0.0
1349.689594,404,249.074494,1347.4395522646112,7.569187616988805,404,0.0
1340.027367,431,249.498871,1337.6402240414686,7.275302821238008,431,0.0
2229.288812,677,250.04876,2226.823042768569,12.428863402102527,677,0.0
1595.12002,471,250.498128,1592.7181181141796,8.997452415342561,471,0.0
2212.805948,646,251.025458,2210.336558764006,12.544002636986942,646,0.0
961.643838,300,251.402232,959.3467029835217,5.292478807764411,300,0.0
916.319673,300,251.544468,913.9895972914755,4.929938322806911,300,0.0
1353.563902,415,251.964695,1351.1952979777482,7.5109381668603215,415,0.0
2197.068403,647,252.497754,2194.607125393137,12.410300650365818,647,0.0
2591.468786,743,253.323604,2588.991341856143,14.80075747789869,743,0.0
1375.927126,412,253.747803,1373.625613730416,7.714743131479369,412,0.0
2066.712624,597,254.253929,2064.2435855804642,11.765224945483492,597,0.0
1616.893281,473,254.707864,1614.4717312521757,9.155377269440503,473,0.0
2550.167397,718,255.272074,2547.690465554393,14.669559808676855,718,0.0
2580.741997,735,255.845136,2578.2427809422593,14.778702528622174,735,0.0
3472.571876,1000,256.770371,3470.0800953314547,19.79406524608775,1000,1.0
1178.05053,365,257.163999,1175.7354310220003,6.505812510781375,365,0.0
2643.662443,730,257.976347,2641.1633455918363,15.321840144435637,730,0.0
658.605853,251,258.093105,656.2861595312075,3.258427517256654,251,0.0
2762.115552,768,258.922726,2759.599998477752,15.96596473952491,768,0.0
1501.27489,464,259.144635,1498.883218580677,8.30250285555931,464,0.0
2941.576068,842,259.979236,2939.128150390811,16.81321233703615,842,0.0
1831.201457,531,260.4509,1828.7678495616697,10.40757984224076,531,0.0
1255.69336,367,260.847985,1253.3253259595217,7.110681400061927,367,0.0
2998.010772,818,261.454632,2995.578247062812,17.455555179452592,818,0.0
3302.398887,969,262.369163,3299.857867336098,18.686707468673305,969,0.0
2548.513739,728,263.1838,2545.9923657180652,14.575694236230142,728,0.0
946.532585,307,263.326648,944.2516674982071,5.116226476443494,307,0.0
2451.812246,735,264.114472,2449.3418177663043,13.74701897418213,735,0.0
1327.985531,410,264.523565,1325.640999444535,7.346861864565937,410,0.0
1462.518737,447,264.732705,1460.068137748553,8.127294388650279,447,0.0
2299.430614,669,265.492287,2296.9661220347443,13.053484202275841,669,0.0
749.185784,262,265.614443,746.8177135700338,3.895195628003757,262,0.0
3546.326893,1000,266.528414,3543.832536001408,20.384154299490696,1000,1.0
2619.90435,769,267.32143,2617.3774036169866,14.820385513371507,769,0.0
3288.539823,1000,268.245196,3285.9711179258848,18.32088955885167,1000,1.0
1459.162987,465,268.681541,1456.7485226644678,7.957319885288736,465,0.0
3392.565918,960,269.345643,3389.992877834994,19.479680384136245,960,0.0
3135.167259,882,270.185528,3132.561825457973,18.04152548555385,882,0.0
2630.998121,778,270.987819,2628.4724547794913,14.837424158404108,778,0.0
2816.344851,814,271.580254,2813.8159367580656,16.033302649879836,814,0.0
3528.18475,1000,272.481954,3525.6080429248705,20.23751194924884,1000,1.0
931.699404,311,272.844802,929.3849927589774,4.964985469792981,311,0.0
2843.482691,826,273.464199,2840.953128617946,16.15464799437388,826,0.0
2413.524498,666,274.238002,2411.0860415126626,13.990562824612441,666,0.0
2548.241238,762,274.834766,2545.743690551175,14.302659182244716,762,0.0
3305.317777,952,275.740707,3302.7065626279996,18.84484139788821,952,0.0
1867.556354,577,276.237435,1865.0961415008348,10.33174045273078,577,0.0
891.406458,279,276.579291,889.0250689442802,4.897437899703771,279,0.0
1587.227744,482,277.004117,1584.7856145112924,8.8461673599207,482,0.0
1641.985334,470,277.424261,1639.5564176124012,9.37979334350872,470,0.0
1477.60371,437,277.842491,1475.2519653706836,8.328532975955516,437,0.0
228.010595,102,277.887042,225.95799635754625,1.0027752345313292,102,0.0
2318.402011,705,278.413433,2315.8949539155833,12.918143309247393,705,0.0
3388.515372,1000,279.28991,3386.015978507139,19.12066794267316,1000,1.0
2047.028167,598,279.767729,2044.514048614331,11.59980852900558,598,0.0
1296.763892,406,280.158864,1294.3180855139321,7.127970174597894,406,0.0
2247.050374,614,280.64591,2244.516273325356,13.072478749285823,614,0.0
1766.750083,499,281.07675,1764.2388795664917,10.146163393162222,499,0.0
2117.727882,597,281.558453,2115.231410072487,12.173596609784829,597,0.0
227.754138,100,281.807894,225.628837032387,1.0162144245814824,100,0.0
1927.355629,545,282.251827,1924.8550475430134,11.064424023238038,545,0.0
1711.946414,501,282.68125,1709.520032290389,9.692824617182051,501,0.0
844.533625,281,282.803979,842.2414572773365,4.5068855983469,281,0.0
357.16483,133,282.858258,355.1062836754228,1.7890071324408798,133,0.0
1017.72073,327,283.205515,1015.3311467252033,5.525315283302073,327,0.0
3054.045529,877,283.999856,3051.431209721863,17.432342383654984,877,0.0
962.177952,342,284.148363,959.7158233612246,4.961012551527794,342,0.0
3581.119279,1000,284.995736,3578.551233561406,20.66120659466684,1000,1.0
1366.970608,456,285.4002,1364.52113011925,7.291072590687577,456,0.0
692.855033,257,285.719561,690.5403718601788,3.4847597427538566,257,0.0
1887.780377,545,286.159564,1885.3594028840578,10.748806050719926,545,0.0
3014.838815,821,286.737097,3012.321138271996,17.565538810127812,821,0.0
119.888503,66,286.971088,118.15013552770552,0.42714440974167134,66,0.0
2234.658782,666,287.467253,2232.192322429883,12.55957832466838,666,0.0
1736.595161,519,287.895253,1734.2189648846909,9.746562005912367,519,0.0
839.674447,283,288.015382,837.3541441102482,4.451976179771291,283,0.0
2601.225007,750,288.803058,2598.699838070379,14.822375835694443,750,0.0
3525.527982,987,289.693561,3522.952825137591,20.3283499447885,987,0.0
3529.919335,1000,290.551974,3527.351256756642,20.251723857341833,1000,1.0
3384.0105,963,291.377232,3381.483930759515,19.387443191896452,963,0.0
3344.899208,1000,292.224276,3342.3594847305826,18.772412594847875,1000,1.0
1257.482834,378,292.396832,1255.175319983871,7.037780293098758,378,0.0
430.283257,156,292.668918,428.09424917394404,2.189802408746006,156,0.0
1805.899606,535,293.105652,1803.5349624914386,10.173815914311097,535,0.0
3586.956748,1000,293.965909,3584.4239743486446,20.70863180520765,1000,1.0
890.326556,291,294.100324,887.9942574095347,4.793612753724227,291,0.0
1889.004211,541,294.59884,1886.5881105110047,10.79035065979733,541,0.0
2138.671454,617,295.143929,2136.257100854267,12.18281461233338,617,0.0
1781.454596,517,295.632744,1779.021328107248,10.121178565121463,517,0.0
3370.411579,1000,296.576689,3367.863063764831,18.976073698289813,1000,1.0
1941.004344,574,297.315525,1938.5723034945297,10.94353482626009,574,0.0
2483.00939,704,297.891571,2480.61572943067,14.244251613753686,704,0.0
1446.95758,439,298.323748,1444.6410010835748,8.067589858187647,439,0.0
2331.998037,649,298.857177,2329.511850148432,13.473180401226431,649,0.0
2177.290943,608,299.369558,2174.8469388143494,12.563021155129833,608,0.0
1502.40206,447,299.803643,1500.0050639058393,8.446690653248627,447,0.0
436.75084,166,299.878665,434.80458814989584,2.163677981237978,166,0.0
458.946699,171,300.147569,456.9023143255666,2.3006763061825546,171,0.0
932.453101,314,300.279566,930.1898406699086,4.947883442100526,314,0.0
3632.266133,1000,301.102546,3629.826256524386,21.072215394673535,1000,1.0
3681.92548,1000,301.944371,3679.3540515563386,21.46826532816157,1000,1.0
1665.316979,488,302.348662,1662.968837897133,9.424117840703227,488,0.0
1309.448919,391,302.717523,1307.1489048318724,7.350484473030288,391,0.0
3518.250036,1000,303.549775,3515.7408844519837,20.159907941085997,1000,1.0
1578.019983,474,303.956285,1575.543178598589,8.836025102803156,474,0.0
1915.953489,553,304.39396,1913.5386478610465,10.910997944951543,553,0.0
1349.973819,398,304.771878,1347.6589775661591,7.618956563808875,398,0.0
3217.523262,919,305.602529,3214.9676813566825,18.406235107847362,919,0.0
1453.369499,466,305.806373,1451.059330448162,7.903918558898398,466,0.0
3500.710611,1000,306.646642,3498.1678294851013,20.018132899904337,1000,1.0
3531.896042,1000,307.489481,3529.285377331983,20.267323083903438,1000,1.0
2110.709479,610,308.157893,2108.2121944357696,12.013650141324895,610,0.0
3413.954531,1000,308.997615,3411.4922398118124,19.32568119447588,1000,1.0
3711.05218,1000,309.640732,3708.482748123544,21.70096488121958,1000,1.0
3433.702836,1000,310.495297,3431.1597690230155,19.482363302139127,1000,1.0
2194.078884,632,311.193345,2191.584192365046,12.505818711316088,632,0.0
2019.27094,559,311.638588,2016.909766017753,11.689847404806907,559,0.0
408.41961,164,311.705341,406.3441440686537,1.9520670308293404,164,0.0
740.792241,270,312.019893,738.7749202980474,3.767340229298211,270,0.0
3084.41485,867,312.598679,3081.980155641987,17.75707028528829,867,0.0
2084.07066,605,313.059521,2081.7510681752324,11.842242460484961,605,0.0
2171.378493,600,313.718351,2169.038326884832,12.580296568825673,600,0.0
1565.106688,470,314.118883,1562.7472206546888,8.766130431508234,470,0.0
2168.167078,622,314.592965,2165.7647409366723,12.379021015442756,622,0.0
1569.239363,439,314.978757,1566.8600954100475,9.045511961522674,439,0.0
2370.754494,661,315.457039,2368.2695097765113,13.688158600602396,661,0.0
1512.073552,462,315.857633,1509.6990050394757,8.405247480481467,462,0.0
2596.004828,715,316.357814,2593.5161070833947,15.060141942158202,715,0.0
1510.991902,427,316.749453,1508.5525526927286,8.674681042310937,427,0.0
1107.035358,346,317.124144,1104.808297946194,6.090146212230113,346,0.0
2664.742756,722,317.640874,2662.237581523692,15.553923705492902,722,0.0
2064.685335,584,318.093745,2062.2232684977334,11.853433708166671,584,0.0
1618.231586,490,318.513353,1615.8164896161525,9.031103642402027,490,0.0
2042.963082,578,318.962638,2040.5482893971919,11.728064621141531,578,0.0
3349.007212,891,319.764708,3346.4862659289247,19.68242912100886,891,0.0
2052.956305,570,320.213209,2050.5559444795467,11.871782034582548,570,0.0
2043.192161,561,320.65556,2040.7176372851832,11.864763720213896,561,0.0
2301.348971,633,321.332689,2298.933832668103,13.356732490478883,633,0.0
2391.003292,661,321.824315,2388.5307802773473,13.85098122187067,661,0.0
439.040766,165,321.891784,437.02763654249117,2.1897911565772703,165,0.0
1249.356743,372,322.252371,1247.04203783611,7.021191823818324,372,0.0
2646.918611,723,322.767901,2644.3731791209443,15.404146481167553,723,0.0
2795.888725,760,323.581156,2793.490923627828,16.30240272799944,760,0.0
3115.248217,793,324.192693,3112.7650413620763,18.59333931707816,793,0.0
3237.029022,849,325.069082,3234.4748003481395,19.120722774881685,849,0.0
3624.872826,1000,326.132046,3622.4234916947034,21.01405703656447,1000,1.0
1602.224781,480,326.693871,1599.8472201879256,8.983019782066625,480,0.0
1654.54711,477,327.224058,1652.1897281678634,9.425727462896345,477,0.0
3175.666727,817,327.981677,3173.1141865184027,18.88494624628627,817,0.0
1235.790316,391,328.499424,1233.454478979881,6.761253592966694,391,0.0
1553.837618,453,329.067527,1551.453812111572,8.811003701396722,453,0.0
522.07576,191,329.183417,520.0849579321484,2.646980734106365,191,0.0
1973.632268,518,329.812235,1971.1675280086797,11.650856036341656,518,0.0
1763.703331,494,330.469831,1761.3457828346236,10.163637884372335,494,0.0
1761.166901,502,331.178643,1758.8191044022553,10.079671441274128,502,0.0
1887.478532,541,331.837931,1884.96196282843,10.778168452819024,541,0.0
2132.583538,580,332.836292,2130.1089218999728,12.428332915505774,580,0.0
274.415562,136,332.924382,272.465256644808,1.1040335109647301,136,0.0
375.944972,150,333.0208,373.85881022844194,1.8036176183002617,150,0.0
785.578166,270,333.550618,783.3175937327735,4.123296490108924,270,0.0
478.220911,183,333.740237,476.1517973822717,2.3590640497561077,183,0.0
1051.904131,332,334.281979,1049.6100387219765,5.760362422357652,332,0.0
3471.539801,1000,335.535002,3469.069868315832,19.786898834426463,1000,1.0
1556.052569,466,336.100529,1553.6936271848228,8.725504400583787,466,0.0
3670.137975,1000,336.926513,3667.6545402975876,21.37584652807386,1000,1.0
3628.843401,1000,337.89641,3626.318089271374,21.044414012110327,1000,1.0
3587.739966,1000,338.713544,3585.266567320911,20.716325031333607,1000,1.0
1363.34903,410,339.083001,1361.052482229934,7.630336924400522,410,0.0
3411.69778,1000,339.911116,3409.1979358834346,19.30806302792126,1000,1.0
2869.589911,810,340.672191,2867.073322424914,16.492179318881718,810,0.0
3465.888539,1000,341.555648,3463.355579669388,19.740858330931808,1000,1.0
3197.605762,1000,342.41722,3195.1401725941346,17.595395997071815,1000,1.0
1323.37059,403,342.607154,1321.0880012171804,7.366541981721849,403,0.0
3484.186044,1000,343.475323,3481.7627250669593,19.888197051776444,1000,1.0
3587.051873,1000,344.309566,3584.569806684237,20.71115818526191,1000,1.0
2852.647791,776,345.027452,2850.131150837502,16.62743052553926,776,0.0
507.047827,199,345.109544,505.1614637872254,2.4639464063553547,199,0.0
3590.632873,1000,345.940944,3588.117941124136,20.739490294838774,1000,1.0
3489.158085,1000,346.758289,3486.65886864796,19.927799567921728,1000,1.0
3456.579936,1000,347.578868,3454.0324902208936,19.666688783413125,1000,1.0
2903.4525,750,348.282188,2900.977441997671,17.241549366408435,750,0.0
3208.621811,890,348.84749,3206.185053503601,18.568333382337293,890,0.0
3637.608812,1000,349.653276,3635.066583822323,21.11486272070803,1000,1.0
3504.673612,1000,350.467257,3502.08589690077,20.05064124263291,1000,1.0
2781.143156,782,351.19082,2778.6248271359877,16.00756013486854,782,0.0
3819.92273,1000,352.00419,3817.4702211027966,22.57418591169438,1000,1.0
3540.452583,1000,352.820155,3538.0047448544024,20.33850104428168,1000,1.0
3574.595835,1000,353.624692,3572.163840348962,20.611839599013436,1000,1.0
3495.395593,1000,354.433977,3492.9652120810106,19.97876268904126,1000,1.0
3519.042063,949,355.027743,3516.5371533285343,20.580736903789436,949,0.0
3364.421785,919,355.802343,3361.8459910523106,19.58194884695227,919,0.0
465.420541,183,356.072538,463.304405822384,2.2564347545892947,183,0.0
3483.273554,1000,356.684188,3480.744107811172,19.879907518601403,1000,1.0
3604.054538,937,357.463761,3601.4943577976346,21.355972740067823,937,0.0
3715.371739,1000,358.275848,3712.7974670991534,21.73652099040757,1000,1.0
2003.810365,565,358.711576,2001.3447562424594,11.518066552126468,565,0.0
2088.254302,596,359.350397,2085.787338535801,11.94671279202802,596,0.0
3679.006139,1000,360.158807,3676.515729940696,21.44680795932071,1000,1.0
3911.864088,1000,360.770837,3909.4185036533027,23.310039964872757,1000,1.0
2278.567975,631,361.429177,2276.133136999138,13.190742740408867,631,0.0
3748.579526,1000,362.228396,3746.115370814352,22.003500250402965,1000,1.0
3615.738937,926,362.800431,3613.1477059123545,21.537285215953336,926,0.0
3273.311814,849,363.544499,3270.82395996459,19.41204030541494,849,0.0
2215.660031,625,363.99889,2213.2252445900617,12.735095959435997,625,0.0
521.539188,208,364.295636,519.5761495997341,2.5078177549288805,208,0.0
2610.026796,732,364.803926,2607.489779251382,15.036554101133149,732,0.0
3345.443212,882,365.562465,3343.008363241157,19.726575575741514,882,0.0
2283.968293,649,366.02808,2281.4778247393556,13.089497141932373,649,0.0
3660.184716,1000,366.834457,3657.7141306518647,21.295990781297593,1000,1.0
460.023266,176,366.90583,457.9754843832553,2.2695518824501697,176,0.0
1602.007538,452,367.284553,1599.6786391040928,9.204874444634402,452,0.0
3652.319239,1000,368.131105,3649.855292997988,21.233526649146082,1000,1.0
1705.983153,487,368.55993,1703.54775821985,9.757167734999895,487,0.0
433.120463,167,368.835113,431.0044864241137,2.1255128196288733,167,0.0
448.759739,182,368.912875,446.7315835164546,2.1318394491150308,182,0.0
1087.526683,345,369.25534,1085.2084848883217,5.941326619072911,345,0.0
2552.329861,710,369.74903,2549.82064081993,14.750950036481706,710,0.0
3672.834618,1000,370.572993,3670.3453301120157,21.397964358794358,1000,1.0
410.253351,158,370.63683,408.2200281886561,2.015148430488028,158,0.0
1786.191752,512,371.050363,1783.7732347927804,10.199593708762183,512,0.0
1974.8639,580,371.55013,1972.3591661900257,11.166304878473275,580,0.0
2074.775471,597,372.248655,2072.375205212534,11.831377118648263,597,0.0
3792.414433,1000,372.86524,3789.8750625438233,22.353720391428425,1000,1.0
3708.718312,1000,373.701024,3706.2320120393038,21.684960119441325,1000,1.0
193.739885,92,373.928281,191.707843219769,0.8085327387272437,92,0.0
278.660223,126,373.978205,276.74213021965613,1.218075743791268,126,0.0
261.63129,119,374.024706,259.69880048668136,1.1374756787023046,119,0.0
272.930754,123,374.072234,271.0161349305784,1.1960466850365656,123,0.0
3734.444071,1000,374.897273,3731.8799214011524,21.889869486234193,1000,1.0
3219.448713,894,375.656203,3216.974936982697,18.622600038696707,894,0.0
3690.574445,1000,376.465716,3687.9738899138283,21.537891813970592,1000,1.0
3734.812187,1000,377.260534,3732.262819732765,21.89243245745167,1000,1.0
3698.530581,1000,378.064158,3695.982969529651,21.60236715302676,1000,1.0
3056.918345,826,378.787314,3054.425605449786,17.86363590856422,826,0.0
380.701975,156,378.848933,378.6456284601732,1.794245691098852,156,0.0
1353.381046,391,379.206949,1350.9591684447098,7.701092745643361,391,0.0
3912.724886,1000,379.998928,3910.2101223871064,23.31613152633097,1000,1.0
3719.120348,1000,380.618956,3716.5482479354027,21.766807551457866,1000,1.0
3850.718742,1000,381.496115,3848.2100955757423,22.8204428741398,1000,1.0
2863.726542,753,382.280732,2861.1911215722525,16.89919462977796,753,0.0
225.616025,101,382.3227,223.7299049764139,0.9929660065162652,101,0.0
355.67341,140,382.379397,353.56979710402874,1.7211588042698036,140,0.0
3835.285341,1000,383.218542,3832.7556825907463,22.696566738416266,1000,1.0
3709.39397,1000,384.075443,3706.8101551375207,21.689137876971284,1000,1.0
2894.491915,793,384.821721,2891.973266999109,16.827145839841933,793,0.0
3646.064683,969,385.630127,3643.5199334079416,21.437111387329566,969,0.0
3598.997637,1000,386.478087,3596.568274620871,20.806984672825415,1000,1.0
3936.525345,1000,387.329204,3933.9910476181267,23.506464217624416,1000,1.0
454.982195,179,387.411551,452.91996611752285,2.2051806581247386,179,0.0
3091.844255,793,388.261617,3089.288892181888,18.405622941073556,793,0.0
3657.544687,906,388.9785,3655.0293852298446,22.031494852894348,906,0.0
2461.892927,669,389.913572,2459.426303944491,14.353970812258753,669,0.0
366.765763,148,389.993112,364.6831470522796,1.7463412180168547,148,0.0
437.256248,162,390.092956,435.0702277764939,2.197699072723858,162,0.0
438.696844,169,390.481906,436.5332735051774,2.1538592565917596,169,0.0
3538.220131,947,391.354903,3535.739930157312,20.75046657799508,947,0.0
2849.583317,766,392.387171,2847.0609049437153,16.682832608796517,766,0.0
412.026988,159,392.467642,409.90184673034616,2.0203433179745276,159,0.0
1706.397822,486,393.042669,1704.0017214874015,9.76851276817748,486,0.0
270.116895,122,393.112303,268.1222209160209,1.1809526064706914,122,0.0
3805.427714,1000,394.288981,3802.9053991630435,22.4569467972882,1000,1.0
2018.957626,555,394.913111,2016.4890327919861,11.718717190120838,555,0.0
3759.788276,1000,396.052614,3757.1795740095804,22.0914778095476,1000,1.0
1042.850947,314,396.533338,1040.6732381370964,5.8321116611105435,314,0.0
2957.976444,761,397.281602,2955.4260797502548,17.589159123106544,761,0.0
1965.112922,542,398.166294,1962.6395886230591,11.391231283292043,542,0.0
1934.048697,530,398.775025,1931.6912503760138,11.239107410755622,530,0.0
2097.172831,567,399.409601,2094.7025457119485,12.248689838105363,567,0.0
2083.129357,582,400.058519,2080.7664673766117,12.017795340238141,582,0.0
3793.223635,1000,401.270264,3790.6511786386895,22.359031699996454,1000,1.0
3698.562976,1000,402.451612,3696.050867367372,21.602392248835987,1000,1.0
451.782165,158,402.545449,449.6770966410539,2.3464921977334816,158,0.0
1787.387171,500,403.147658,1784.9324688601541,10.304299910493931,500,0.0
2406.049905,649,403.85233,2403.580660179145,14.06661530649199,649,0.0
1732.32403,486,404.467931,1729.9119237387713,9.9753514990601,486,0.0
3797.335134,1000,405.690623,3794.838534550693,22.392528567826922,1000,1.0
438.525382,178,406.10108,436.48344708649796,2.0816813620130623,178,0.0
2946.481606,800,406.920157,2944.0589114040936,17.1877212168266,800,0.0
443.912202,161,407.025207,441.9340705083653,2.260746923189772,161,0.0
312.83127,130,407.402372,310.8055368802835,1.458715911907218,130,0.0
117.078843,67,407.442491,115.35625485813017,0.396882730108379,67,0.0
1819.959089,513,408.111331,1817.5005921937477,10.46086863248055,513,0.0
3690.71544,1000,409.304258,3688.232684225923,21.54014316462286,1000,1.0
3651.51003,1000,410.488286,3649.060980803357,21.226628348990563,1000,1.0
3740.765035,1000,411.674103,3738.2303992272864,21.939819341723293,1000,1.0
2986.107552,784,412.428738,2983.6454888997023,17.6317722862887,784,0.0
2635.931424,713,413.432805,2633.4386700756536,15.395736837445147,713,0.0
3726.180114,1000,414.594702,3723.685725017665,21.823658957133865,1000,1.0
3601.36884,937,415.407919,3598.9348868328834,21.335289839147944,937,0.0
2508.915137,682,416.31676,2506.5325614775606,14.627509196808052,682,0.0
2705.41487,727,417.02147,2702.962461105236,15.84034116017661,727,0.0
2891.632393,745,417.968112,2889.193917231835,17.186763571869317,745,0.0
944.712655,289,418.131096,942.4037446220219,5.244848232867229,289,0.0
1854.432797,504,418.66039,1852.1207761901271,10.810231224369224,504,0.0
271.546923,114,418.71652,269.5488484677048,1.2559848928088353,114,0.0
3006.39182,788,419.65202,3003.9645775162817,17.762931742086806,788,0.0
3829.340345,969,420.723473,3826.8307451841447,22.903125131827228,969,0.0
2268.112715,629,421.324228,2265.6849139836595,13.122617464469094,629,0.0
2748.733509,697,421.999343,2746.1998536557435,16.425209879054492,697,0.0
2949.444823,769,422.999864,2946.8827210706722,17.456818934992956,769,0.0
3876.064431,1000,424.120984,3873.524258597667,23.021925869936396,1000,1.0
4040.542181,1000,425.196448,4037.9894678478818,24.33776151649667,1000,1.0
3779.518044,1000,426.234362,3777.03373636707,22.25044858721972,1000,1.0
3879.83685,1000,427.268166,3877.2664215929217,23.051604519833877,1000,1.0
2693.293854,707,427.90368,2690.81600267004,15.902515937687411,707,0.0
2813.269266,724,428.581979,2810.8028958465557,16.726760932336685,724,0.0
1042.793382,319,429.040601,1040.5705729962017,5.791413349554719,319,0.0
3906.533035,1000,430.147,3904.031322527268,23.266096478230768,1000,1.0
1638.881792,455,430.703196,1636.5113306521898,9.475298886774288,455,0.0
2818.971525,709,431.385403,2816.5209819585216,16.892064523117433,709,0.0
1753.455177,500,431.96456,1751.0934815495275,10.033434775281686,500,0.0
3750.606092,1000,433.105113,3748.0930796653024,22.018563143007725,1000,1.0
2520.967056,675,434.111044,2518.515300768274,14.778702928787746,675,0.0
1129.955078,370,434.342539,1127.8095587448483,6.083440385729661,370,0.0
3697.632025,901,435.455897,3695.132080599461,22.391589344226038,901,0.0
2255.183112,610,436.117082,2252.8133260702234,13.171283077456234,610,0.0
3975.452946,1000,437.284051,3972.8976230798185,23.81714481079382,1000,1.0
1594.503292,443,437.826616,1592.180243355941,9.21636583205329,443,0.0
2758.465126,711,438.535881,2755.9390093058096,16.391020794753658,711,0.0
3812.725911,1000,439.702846,3810.2941232027156,22.516651487514665,1000,1.0
3949.937769,1000,440.864233,3947.408360892873,23.61270534966952,1000,1.0
3868.705944,1000,441.988966,3866.176874631853,22.962863070418674,1000,1.0
462.013093,160,442.344673,459.85162149967505,2.4122125199114435,160,0.0
3045.007773,824,443.094052,3042.516164471264,17.783565926590356,824,0.0
1041.355675,312,443.532659,1039.0222337873342,5.834687000562374,312,0.0
1064.020259,328,443.719394,1061.862280941005,5.890168346116478,328,0.0
3786.688204,1000,444.844845,3784.11399791905,22.305899430888978,1000,1.0
1336.954166,385,445.356325,1334.6689174027251,7.618412164240937,385,0.0
1882.577428,508,445.925613,1880.162609494552,11.00235389023576,508,0.0
3908.220421,1000,447.00365,3905.737946915503,23.279152289251353,1000,1.0
415.421493,162,447.094157,413.33662925105,2.0237646579297905,162,0.0
2834.008746,726,447.9741,2831.527903291745,16.87630760871803,726,0.0
1011.028271,319,448.132097,1008.7399292289396,5.536587779431885,319,0.0
1003.218778,299,448.522442,1001.0146675085425,5.634242209157909,299,0.0
1440.802451,445,448.986226,1438.597236919071,7.972384982974961,445,0.0
2074.094797,556,449.508581,2071.656446307322,12.151826246493536,556,0.0
1803.8489,499,450.006473,1801.505982737754,10.444903410571625,499,0.0
238.10263,112,450.060878,236.06407576648562,1.0042577245757387,112,0.0
1021.183525,296,450.445091,1018.8617111923669,5.800811689613037,296,0.0
3257.78876,844,451.164485,3255.366648047921,19.32695484017482,844,0.0
2712.767975,724,452.070736,2710.3344410443656,15.922971270012656,724,0.0
3898.911581,1000,453.155555,3896.4572234987236,23.205402964361955,1000,1.0
2055.482271,555,453.731296,2053.019825142415,12.010696549127914,555,0.0
2008.430597,552,454.282825,2005.9412507166758,11.657722952580931,552,0.0
2213.773023,585,454.877456,2211.304885637,13.037837791193146,585,0.0
3595.952258,923,455.910184,3593.3869856944652,21.40215871473076,923,0.0
1925.429295,509,456.454734,1923.0306870539157,11.33711489844785,509,0.0
3311.273746,871,457.469796,3308.747033174061,19.538973969583623,871,0.0
3681.805778,919,458.235796,3679.2868829220165,22.121182250755552,919,0.0
229.459162,100,458.555019,227.37049167758127,1.0302618492648974,100,0.0
993.873961,306,458.717159,991.6631077668242,5.503652079394521,306,0.0
2788.115937,725,459.624163,2785.6476722106486,16.517561451539898,725,0.0
3731.714792,1000,460.708523,3729.178315052398,21.866728570345675,1000,1.0
3332.279912,877,461.433408,3329.7915802908656,19.659655268818955,877,0.0
3029.59902,777,462.395807,3027.092523422198,18.03482863579751,777,0.0
813.093974,267,462.531475,810.8699460467421,4.368350420156574,267,0.0
2992.07048,786,463.465887,2989.6207080618915,17.66271883005959,786,0.0
548.087962,208,463.578734,546.1040074235192,2.719973746260731,208,0.0
3853.255854,1000,464.655081,3850.6595939728136,22.83863792193426,1000,1.0
3068.284019,776,465.579199,3065.7898084252106,18.352311015975445,776,0.0
2195.651122,606,466.168936,2193.256476893974,12.726864059620162,606,0.0
1546.86834,424,466.649518,1544.474631687279,8.985794792596263,424,0.0
1767.281508,488,467.163252,1764.8995372694726,10.239614155280249,488,0.0
3671.455377,1000,468.237747,3669.0171226161538,21.385894007748732,1000,1.0
1554.280956,413,468.467868,1551.8765184406625,9.132682740667809,413,0.0
1224.152038,364,468.938592,1221.876546534359,6.8833696093922425,364,0.0
3726.869102,1000,469.96368,3724.403829929923,21.82948979041384,1000,1.0
3840.828471,1000,470.968436,3838.3641541449742,22.741073234609082,1000,1.0
2289.071584,616,471.536614,2286.6415163677793,13.39295934161164,616,0.0
3775.637252,1000,472.531538,3773.1604644419426,22.21898026709688,1000,1.0
3181.513555,840,473.489315,3178.998054068583,18.74810702754504,840,0.0
3875.290791,1000,474.498647,3872.883179259955,23.017041496992125,1000,1.0
3807.746762,1000,475.57712,3805.299483727392,22.476151721557283,1000,1.0
1639.543307,448,476.089506,1637.174930221327,9.536136784982263,448,0.0
3847.406046,1000,477.18145,3844.9425419128943,22.793085489521676,1000,1.0
3892.33281,1000,478.370056,3889.8243197303814,23.15222816123428,1000,1.0
3756.328205,1000,479.530945,3753.7133352384362,22.06260360906076,1000,1.0
3933.231762,1000,480.291001,3930.6596477866906,23.47890378598536,1000,1.0
3911.037365,1000,481.285784,3908.5185154255937,23.301643176167094,1000,1.0
4000.17686,1000,482.223698,3997.714231400482,24.01488315713471,1000,1.0
2483.826642,638,482.944129,2481.311860351696,14.775491776637178,638,0.0
441.7413,156,483.009231,439.5778266537207,2.281854312174,156,0.0
3958.551321,1000,483.870998,3955.959942924728,23.680839430697663,1000,1.0
2577.415332,690,484.387384,2574.931856137365,15.110621407128084,690,0.0
1007.101219,294,484.730122,1004.7020281313291,5.703056714537424,294,0.0
2332.537252,646,485.233274,2330.1216426449155,13.502769187014932,646,0.0
3900.312749,1000,486.077924,3897.7277198716683,23.214755101600616,1000,1.0
3458.339771,877,486.834368,3455.7146118146334,20.666725776715563,877,0.0
655.936125,230,486.933939,653.7074889310387,3.4052260391862905,230,0.0
1640.828795,459,487.329888,1638.3656210250856,9.458047184403927,459,0.0
232.682046,100,487.369657,230.74792806421715,1.057082977559554,100,0.0
4074.463227,1000,488.196126,4071.887178313541,24.608514894554155,1000,1.0
3952.230682,1000,488.992152,3949.706482874119,23.63096184865202,1000,1.0
3880.874639,997,489.808549,3878.4043100854587,23.09245047414487,997,0.0
2144.674698,570,490.226188,2142.161999192271,12.603901988011378,570,0.0
2688.06739,684,490.914073,2685.5744234588005,16.043156818998263,684,0.0
3839.259254,1000,491.766074,3836.7182766635483,22.72741642608944,1000,1.0
413.507152,159,491.830783,411.30589836605395,2.0315155444705884,159,0.0
3383.398662,850,492.368222,3380.838794711824,20.28303235108933,850,0.0
272.986602,114,492.606578,270.9558100861631,1.267234891814659,114,0.0
320.579036,135,492.659089,318.5646319787145,1.4807625792079697,135,0.0
3947.116141,1000,493.445927,3944.579162151026,23.590306965008818,1000,1.0
3877.644633,1000,494.227828,3875.0747320655646,23.033529162146273,1000,1.0
1818.187419,496,494.619862,1815.7573555570675,10.582398350479163,496,0.0
987.524467,297,494.743912,985.07516432772,5.5220951293872345,297,0.0
478.448521,164,495.013925,476.1991481139214,2.511202908967347,164,0.0
2315.282137,642,495.475673,2312.8244094747242,13.395963595664053,642,0.0
3975.52424,1000,496.274411,3972.9123354270014,23.81671091664857,1000,1.0
142.247773,71,496.300074,140.34579636672112,0.5651099626843685,71,0.0
756.548069,238,496.593084,754.2139151265337,4.1457859684882346,238,0.0
3923.981129,1000,497.4072,3921.4772428660235,23.40577255483031,1000,1.0
1977.516338,523,497.817937,1975.0609104323992,11.641890508380039,523,0.0
3719.680484,935,498.411847,3717.1093023811904,22.296351049371218,935,0.0
714.627872,219,498.690159,712.3060581086816,3.9618067183242447,219,0.0
2650.807275,705,499.178796,2648.3568749981782,15.578775025836073,705,0.0
497.163799,203,499.447458,495.1202974103954,2.3518947950321065,203,0.0
272.478689,120,499.494209,270.52778333939705,1.2160674508327323,120,0.0
981.37239,292,499.609937,979.0773852216311,5.514271561380662,292,0.0
1925.087683,513,500.004153,1922.6214640475653,11.301977181773967,513,0.0
3821.384089,1000,500.787902,3818.876235827239,22.584754910650805,1000,1.0
1706.722109,452,501.163191,1704.2798486452234,10.041172107348807,452,0.0
3828.751491,1000,501.946581,3826.2091491077254,22.64290468424636,1000,1.0
3955.318581,1000,502.72353,3952.787160881791,23.655957331062275,1000,1.0
3972.12797,1000,503.502944,3969.5627774651857,23.790196996349664,1000,1.0
2461.252831,657,503.951832,2458.7736486348567,14.4436338212407,657,0.0
4015.70512,1000,504.745136,4013.148163150797,24.138493390411362,1000,1.0
3899.080987,1000,505.542111,3896.5137929089183,23.20546574828719,1000,1.0
3859.918794,1000,506.329567,3857.4009602543165,22.892680184849194,1000,1.0
3934.294331,1000,507.106223,3931.809831478111,23.48813337106961,1000,1.0
4027.474349,1000,507.885479,4024.944282011019,24.23389871487489,1000,1.0
3903.654209,1000,508.665243,3901.1152345050755,23.242898068710588,1000,1.0
1955.589241,511,509.061461,1953.067478219101,11.561653852283452,511,0.0
3827.328421,1000,509.860702,3824.818268216931,22.632596654831588,1000,1.0
3844.855176,1000,510.638262,3842.2468088613177,22.771703765090027,1000,1.0
3956.130253,1000,511.419277,3953.680578709561,23.663538379869305,1000,1.0
736.126424,233,511.511014,733.8242477004504,4.022166267580332,233,0.0
2540.891936,703,512.176407,2538.4631173290104,14.715975970719121,703,0.0
3880.563228,1000,512.948578,3877.96092552946,23.057141234988194,1000,1.0
3204.397666,844,513.474871,3201.807679025117,18.898577572508852,844,0.0
307.758067,127,513.713262,305.72539893108353,1.4419750368563593,127,0.0
3956.951244,1000,514.501454,3954.4450802466804,23.66941518741214,1000,1.0
3970.826815,1000,515.305211,3968.2395419279514,23.779381980163144,1000,1.0
734.312951,231,515.396605,732.0928299939113,4.024395025492528,231,0.0
1989.313572,540,515.804483,1986.8995218846235,11.601273043806657,540,0.0
3505.902736,917,516.578472,3503.3627870853497,20.729892740294343,917,0.0
3373.220554,894,517.339192,3370.6662198326794,19.8515960824812,894,0.0
417.423068,145,517.396785,415.1885842940897,2.174281209927338,145,0.0
4086.84821,1000,518.190111,4084.261677965544,24.708167834069805,1000,1.0
3948.846843,1000,518.975138,3946.3228049219933,23.604826523086885,1000,1.0
3992.19897,955,519.752047,3989.591939271318,24.316957343339965,955,0.0
3800.901597,982,520.538772,3798.432596575337,22.573115305221513,982,0.0
1836.615579,506,520.932764,1834.184793949236,10.65049157655792,506,0.0
3961.341097,1000,521.52964,3958.7809915038056,23.704160372975373,1000,1.0
2259.510706,635,522.171441,2257.075457528973,13.005876630157564,635,0.0
2877.008895,735,522.660622,2874.5487042561213,17.149544352177926,735,0.0
2464.758198,628,523.126635,2462.2428713929366,14.703021511588764,628,0.0
2865.590214,709,523.808658,2863.101804994206,17.264721503968662,709,0.0
3602.542245,1000,524.611699,3600.1618556849394,20.836347640144186,1000,1.0
2286.620405,607,525.063954,2284.2502189456322,13.446417123023105,607,0.0
3897.004756,1000,525.890601,3894.6148783388585,23.191296397897222,1000,1.0
3780.473921,1000,526.724384,3778.065760548395,22.2593038385244,1000,1.0
497.60737,172,526.800488,495.4758468154848,2.601349749060186,172,0.0
2286.272148,612,527.268257,2283.81397683201,13.403042543073514,612,0.0
4200.46034,1000,528.07205,4197.909391247326,25.61791534000552,1000,1.0
4271.015954,1000,528.878342,4268.4379455813805,26.18155909900545,1000,1.0
2886.717915,731,529.572736,2884.215702111488,17.258364616611093,731,0.0
2549.271456,635,530.024412,2546.840054440547,15.324233371500858,635,0.0
3704.278906,980,530.820482,3701.7436131313466,21.815598820894976,980,0.0
2400.37618,637,531.273784,2397.8799697771683,14.116193590658527,637,0.0
3884.30796,1000,532.062158,3881.9072072360996,23.09037116068368,1000,1.0
3107.19542,748,532.550914,3104.659409036385,18.88652501512593,748,0.0
3466.905477,844,533.270998,3464.3608052649342,20.999620560231815,844,0.0
2913.338573,753,533.945518,2910.837972128403,17.29615990431318,753,0.0
4051.194207,1000,534.722334,4048.6037658268388,24.42277912026126,1000,1.0
3998.739678,1000,535.507205,3996.1881075568676,24.00342082311283,1000,1.0
3917.420736,1000,536.127562,3914.890184871384,23.353480539732615,1000,1.0
4021.040047,1000,536.949375,4018.597073658687,24.18296118235189,1000,1.0
1849.070997,496,537.344354,1846.633354032063,10.829434365296732,496,0.0
4138.502604,1000,538.121357,4135.939446700641,25.121609650924515,1000,1.0
3931.397483,1000,538.919678,3928.8045411749135,23.464679262218624,1000,1.0
2745.445958,706,539.600929,2742.992513926752,16.327732691063023,706,0.0
2223.041235,595,540.033633,2220.6008470254114,13.032682471680529,595,0.0
907.07145,299,540.150159,904.8160486919248,4.86469920904983,299,0.0
4029.10878,1000,540.927799,4026.6377198924592,24.24724860914077,1000,1.0
3805.470321,955,541.720923,3802.894038107139,22.82326859090391,955,0.0
2279.120464,602,542.177634,2276.689457796394,13.425899849584313,602,0.0
2488.401627,638,542.8198,2485.8736293083266,14.8123504090199,638,0.0
2982.747738,749,543.308987,2980.3097182180577,17.884150430698003,749,0.0
1662.87295,450,543.676143,1660.4722379357163,9.706941423205338,450,0.0
3693.727289,885,544.416136,3691.1709016147483,22.487221871407083,885,0.0
1692.197341,471,544.795994,1689.8620735976951,9.774984767661138,471,0.0
1010.002176,316,544.921104,1007.7706791383188,5.552930885742964,316,0.0
2550.358838,650,545.565705,2547.9323380327764,15.213408372914596,650,0.0
4172.302006,1000,546.153675,4169.750045683553,25.391585422333026,1000,1.0
2821.868663,701,546.825979,2819.426798631777,16.979255672626145,701,0.0
3291.356554,830,547.355109,3288.895989482136,19.707137611920682,830,0.0
2290.696111,594,547.977855,2288.2888854207017,13.582497161848849,594,0.0
2613.442422,670,548.440135,2610.914637691259,15.557628025464048,670,0.0
3873.260435,994,549.224777,3870.687502191561,23.05523560237267,994,0.0
2408.247052,633,549.667604,2405.7194177473048,14.210957334994019,633,0.0
3984.778286,1000,550.477886,3982.279542396951,23.89228421825588,1000,1.0
4017.231168,1000,551.269108,4014.727978879038,24.152027320034613,1000,1.0
1365.351552,402,551.620861,1363.1164879141486,7.710676938172706,402,0.0
2923.823069,740,552.111225,2921.273801707078,17.483295429686027,740,0.0
4244.829407,1000,552.954533,4242.205119577911,25.971514144919595,1000,1.0
2922.325829,728,553.656615,2919.8069537916117,17.567027230341623,728,0.0
4083.171861,1000,554.476836,4080.6619043152923,24.67970357513195,1000,1.0
1530.907063,424,554.650709,1528.6222460788854,8.859481151055776,424,0.0
3568.771493,913,555.425724,3566.2154838972156,21.264922841367994,913,0.0
3939.292734,940,556.207649,3936.7438313383645,24.012971563980983,940,0.0
3793.351575,1000,557.012082,3790.8346732247305,22.360415871968158,1000,1.0
3072.894783,763,557.531325,3070.38445207146,18.492457649615222,763,0.0
4166.295705,1000,558.358398,4163.756709020445,25.343821762473173,1000,1.0
3989.196364,1000,559.226251,3986.6322895712087,23.926572808255333,1000,1.0
2305.313309,574,559.886922,2302.7711087300513,13.85703769099103,574,0.0
3880.930055,963,560.50014,3878.3705786070036,23.36315909998014,963,0.0
4198.396215,1000,561.334128,4195.758822945115,25.599736827833066,1000,1.0
3180.659006,786,562.170143,3178.1329714377275,19.171420351886862,786,0.0
3556.088501,856,563.009838,3553.5546182965286,21.617110177184617,856,0.0
2259.88194,575,563.527241,2257.437708555105,13.486809922446227,575,0.0
3465.574144,819,564.242415,3463.0562829753962,21.187684702615982,819,0.0
4228.53001,1000,565.256686,4225.964274265776,25.841204369392965,1000,1.0
2448.916229,608,565.857631,2446.481623283241,14.736219750308464,608,0.0
4279.391281,1000,567.037997,4276.863822686551,26.248104681631098,1000,1.0
2688.051063,655,567.941983,2685.5317601005827,16.274474283960313,655,0.0
1070.365092,312,568.127835,1068.036415757157,6.066633395034909,312,0.0
2135.520962,542,568.731281,2133.075249571698,12.754391418229737,542,0.0
4153.448913,1000,569.992775,4150.89766380868,25.24138937094639,1000,1.0
4151.861273,1000,571.089859,4149.274944727592,25.228408450901924,1000,1.0
3954.073576,1000,572.09277,3951.5663316731316,23.64662964368758,1000,1.0
1402.038098,386,572.623492,1399.6289931544623,8.129437714984311,386,0.0
4061.469907,1000,573.922261,4058.8402980709848,24.504137300328853,1000,1.0
2368.268119,584,574.634797,2365.7503897047172,14.281467541551716,584,0.0
4227.163145,1000,576.053252,4224.533297589381,25.83025260832846,1000,1.0
2207.932803,567,576.825738,2205.5504975542017,13.135077787115833,567,0.0
4040.562058,1000,578.223255,4037.9560838174657,24.33699823018579,1000,1.0
3656.217545,900,580.037291,3653.653123377152,22.067537715524637,900,0.0
2224.354027,564,580.739609,2221.8735013926885,13.289635972053947,564,0.0
4077.208262,1000,581.837042,4074.607619805821,24.630065414952863,1000,1.0
4206.004937,1000,582.932342,4203.462060162964,25.661678836048075,1000,1.0
1362.768505,375,583.422429,1360.3425478176352,7.9031100256416185,375,0.0
4162.027436,1000,584.307634,4159.438567838233,25.309414944313104,1000,1.0
4039.808149,1000,585.437871,4037.1721582452005,24.3306623541198,1000,1.0
1807.21328,488,585.987984,1804.7136961578801,10.557967523368793,488,0.0
384.459807,147,586.349854,382.22982591633127,1.8944891181623862,147,0.0
764.05583,238,586.48703,761.6731231948806,4.205044509955106,238,0.0
4005.270772,1000,587.630905,4002.6476853638483,24.05496530038553,1000,1.0
1546.460254,417,588.149288,1544.0875343000819,9.03872057904421,417,0.0
521.703985,190,588.259194,519.4886820917143,2.649949212041786,190,0.0
2466.300827,626,589.208706,2463.7698387567048,14.730585421992002,626,0.0
464.769655,170,589.310674,462.6195286804685,2.354185520648111,170,0.0
3321.978253,831,590.106842,3319.4365370967002,19.94380054149277,831,0.0
4008.870983,1000,591.322646,4006.2615860201013,24.083918539312968,1000,1.0
4124.581351,1000,592.562468,4121.979951903135,25.010170643573833,1000,1.0
3733.484297,925,593.75798,3730.9102418991806,22.486115657031398,925,0.0
4017.495284,1000,595.104973,4014.8227365504645,24.152182840009168,1000,1.0
4038.287776,1000,596.458354,4035.6993024734475,24.319773825574618,1000,1.0
3978.646654,1000,597.77669,3976.0712844610503,23.842807768822485,1000,1.0
4310.411317,1000,599.187137,4307.856661974836,26.496463897976373,1000,1.0
1243.417908,352,599.778226,1241.0362309768636,7.1319327461453765,352,0.0
2234.878096,579,600.545342,2232.4760346660732,13.255555170711212,579,0.0
4039.720057,1000,601.914352,4037.1436643159104,24.331134266536594,1000,1.0
4109.582063,1000,603.289478,4107.032596171142,24.89098973417107,1000,1.0
2652.44085,649,604.059404,2649.8734749042696,16.036079161286743,649,0.0
1941.82818,498,604.755713,1939.2918963830891,11.554992601351232,498,0.0
2661.867391,686,605.582535,2659.307967335443,15.81751026057355,686,0.0
3511.816217,883,606.928153,3509.268082805705,21.047917814052397,883,0.0
4013.688653,1000,608.307683,4011.079201838434,24.12252981594923,1000,1.0
3003.603243,749,609.135705,3001.0280526672673,18.049076195210667,749,0.0
2247.159903,563,610.173875,2244.6397325022353,13.479654050190524,563,0.0
4010.763197,1000,611.035239,4008.159472014767,24.099773108310632,1000,1.0
4039.210586,1000,612.013648,4036.6354604199996,24.3271796063619,1000,1.0
3868.66509,1000,612.889534,3866.0878524336517,22.96255970622117,1000,1.0
3985.777455,954,613.705711,3983.1958942100346,24.273599581155143,954,0.0
4130.527778,1000,614.541533,4127.920525097518,25.057415761210024,1000,1.0
4063.154888,1000,615.376389,4060.60766497808,24.519307946324886,1000,1.0
3307.396419,791,616.119377,3304.873863975457,20.145835730545652,791,0.0
3799.975912,910,616.705875,3797.3971451587645,23.13771720135986,910,0.0
4037.966418,1000,617.525465,4035.4396679136585,24.317893006405374,1000,1.0
409.123587,149,617.775118,406.8730027439515,2.0757525244789945,149,0.0
419.90813,155,617.837078,417.66258122092415,2.1139365187935777,155,0.0
459.930381,173,617.904094,457.8442116154185,2.2922534539287467,173,0.0
2816.515991,732,618.611851,2814.0897805534196,16.69020999690842,732,0.0
2128.471585,563,619.052135,2125.947928031139,12.530080146781549,563,0.0
4020.995113,1000,619.891573,4018.442676636652,24.181799307137922,1000,1.0
242.330923,103,619.933574,240.1291743363734,1.1082549743516485,103,0.0
4156.998182,1000,620.752245,4154.396262798872,25.269718422587584,1000,1.0
3994.150411,1000,621.563318,3991.638466769156,23.96750722236323,1000,1.0
4043.802488,1000,622.367238,4041.2061979835676,24.363423869718183,1000,1.0
4122.266203,1000,623.175171,4119.634060620551,24.991338878449895,1000,1.0
4213.031866,1000,624.005787,4210.3688350745915,25.71636793482956,1000,1.0
3963.519996,1000,624.847683,3960.903503621211,23.721540491646024,1000,1.0
3151.8092,776,625.3946,3149.1819851143628,19.019169722373668,776,0.0
1589.258754,420,625.761285,1586.8046135345785,9.356618048055909,420,0.0
2780.828317,686,626.26149,2778.240148216459,16.769051967009666,686,0.0
4120.268624,1000,627.072931,4117.686779893029,24.97595664201512,1000,1.0
2014.989617,508,627.496517,2012.5120809425914,12.061214302079435,508,0.0
281.110527,112,627.747635,278.91309743436375,1.3466815896167499,112,0.0
495.036382,162,627.813521,492.81691318277893,2.6598093346868774,162,0.0
275.529488,109,627.855464,273.41902096801766,1.3266009194422033,109,0.0
1469.061179,402,628.219505,1466.6434324405834,8.538589423954468,402,0.0
1194.083497,349,628.572605,1191.6097754035823,6.760943066886232,349,0.0
4050.955651,1000,629.416347,4048.378379904795,24.42228153427422,1000,1.0
3839.301325,961,630.031505,3836.700326673563,23.047582004798056,961,0.0
4014.338043,1000,630.847778,4011.7018176753477,24.128429252259192,1000,1.0
3838.670899,1000,631.688868,3836.150506654305,22.724687392086835,1000,1.0
4202.604922,1000,632.542428,4200.0228099622145,25.63461514995106,1000,1.0
4114.516397,1000,633.402939,4111.87806115872,24.92930896877237,1000,1.0
4088.643597,1000,634.2584,4086.0700409790165,24.7238784122509,1000,1.0
333.199624,124,634.311238,330.9709676164756,1.667565754272953,124,0.0
431.204034,152,634.575389,428.9335132763796,2.228007518473884,152,0.0
2876.160234,693,635.050448,2873.581388287556,17.475931049680476,693,0.0
1820.413504,463,635.452614,1817.9275780377013,10.863377249790194,463,0.0
733.103168,235,635.553043,730.7965684908331,3.9818208713832335,235,0.0
1633.708153,436,635.931318,1631.2239681789438,9.58482792374847,436,0.0
2405.880233,574,636.395032,2403.3328165945686,14.661960351580255,574,0.0
3116.863649,744,637.123795,3114.3031498864916,18.99555103880775,744,0.0
3329.519422,800,637.664692,3326.8923108974795,20.24993861862882,800,0.0
2816.08609,685,638.378017,2813.4955461142845,17.058415398320637,685,0.0
2046.005434,546,638.815346,2043.5660390629866,12.007994167320039,546,0.0
2936.807991,679,639.300302,2934.3093529165485,18.07367374490949,679,0.0
2279.532322,579,639.749258,2277.0851978778337,13.612746408997063,579,0.0
2562.538468,635,640.431098,2559.926118904456,15.42891672094838,635,0.0
1364.725495,379,640.58601,1362.2842641199934,7.886923216997268,379,0.0
4245.52612,1000,641.40746,4242.883359926771,25.97762588192721,1000,1.0
263.369016,106,641.451225,261.25820824689504,1.25334754806286,106,0.0
3222.281221,778,642.177048,3219.7838167621194,19.569083411953155,778,0.0
3121.394768,749,642.707055,3118.8222561980033,18.992005015346876,749,0.0
2209.294382,544,643.125139,2206.7553148149,13.328278447281921,544,0.0
3379.602675,797,643.859806,3377.0886204960852,20.675589320620404,797,0.0
3316.642333,779,644.622129,3314.146678903142,20.315793740012687,779,0.0
788.210613,255,644.732927,786.0472434892604,4.265205359773376,255,0.0
1693.721707,453,645.132944,1691.286271636617,9.929841037271634,453,0.0
2195.563098,555,645.576246,2193.101383425654,13.131497738725587,555,0.0
2950.261652,727,646.098789,2947.8051324887874,17.799562104214505,727,0.0
1997.672606,505,646.57395,1995.1282837873366,11.946181541894969,505,0.0
736.801253,232,646.939928,734.4641323939212,4.0351711070004965,232,0.0
3053.818998,724,647.59382,3051.247359568102,18.650117968504038,724,0.0
4158.312361,1000,648.798577,4155.731008403019,25.280586366457566,1000,1.0
3002.622982,756,649.844186,3000.176727742956,17.98756710525376,756,0.0
3263.745834,780,650.620286,3261.2343820933734,19.88432020743436,780,0.0
3450.902421,817,651.692002,3448.3410575034804,21.087013821043087,817,0.0
2531.795441,621,652.34484,2529.3665585206554,15.296465502381846,621,0.0
1412.339042,410,652.868394,1410.1260516057544,8.023240088916051,410,0.0
4124.690074,979,654.002958,4122.078421680911,25.18579188519028,979,0.0
782.604377,245,654.14784,780.387275951169,4.29932957894783,245,0.0
968.023102,282,654.585197,965.6532468357954,5.486603609220042,282,0.0
2022.952093,510,655.089049,2020.5505995359126,12.109639385177625,510,0.0
1768.689527,462,655.532729,1766.2760549769876,10.457943004239443,462,0.0
4170.719418,1000,656.463415,4168.102569656124,25.379754519139603,1000,1.0
4037.96642,936,657.088763,4035.309525648417,24.834423255712238,936,0.0
1524.455401,407,657.459873,1522.0646922227415,8.942607671303637,407,0.0
4235.601876,1000,658.30313,4233.0386480976495,25.899373629238376,1000,1.0
1391.788511,386,658.67343,1389.4886653758158,8.049061672297428,386,0.0
4153.051211,1000,659.525004,4150.546855371125,25.239797406483646,1000,1.0
4189.34935,1000,660.369751,4186.751316624314,25.52864085756404,1000,1.0
2590.842849,627,660.900295,2588.3348134288635,15.720077899828985,627,0.0
3420.819697,817,661.670343,3418.192812794523,20.84526639393387,817,0.0
4038.339892,1000,662.517583,4035.8830827197025,24.322510060119093,1000,1.0
3484.093415,823,663.071202,3481.466229050427,21.303960565109325,823,0.0
312.429105,117,663.327688,310.2008689318965,1.5571411496936856,117,0.0
1588.481899,422,663.50609,1586.0346131713834,9.334690829619966,422,0.0
4328.526891,1000,664.344263,4325.948749155153,26.642134892942387,1000,1.0
4374.893783,1000,665.206993,4372.2774749594055,27.01245877196291,1000,1.0
3835.744809,896,666.022124,3833.11294706974,23.535321995319247,896,0.0
4374.836122,1000,666.860525,4372.156143751942,27.011550754853634,1000,1.0
2802.048214,689,667.366387,2799.5098266341397,16.91554948123314,689,0.0
4442.634046,1000,668.402045,4440.038222317023,27.55479910844768,1000,1.0
2270.209123,572,668.995812,2267.765132352857,13.593820582962865,572,0.0
4432.004673,1000,669.991273,4429.423450565915,27.469630327284513,1000,1.0
4226.747189,1000,671.037701,4224.19041538921,25.8282264330537,1000,1.0
737.228171,230,671.400803,734.8935701943929,4.054786392209303,230,0.0
1442.935004,380,671.598291,1440.4484683387086,8.5044356989731,380,0.0
469.007436,160,671.929048,466.67348140867995,2.466488896421612,160,0.0
2265.778688,570,672.522731,2263.294806023679,13.573528546703749,570,0.0
1741.66844,436,673.059023,1739.3184900420056,10.449402912394168,436,0.0
4237.905837,1000,674.266773,4235.317901050881,25.917655509487513,1000,1.0
4149.938191,1000,675.739039,4147.353870966922,25.213100208776417,1000,1.0
257.993761,103,675.813024,255.7854157968062,1.2333132683528485,103,0.0
2981.08133,702,676.613174,2978.4600321596977,18.24329098873117,702,0.0
4481.279751,1000,677.851856,4478.659256589088,27.863053016645527,1000,1.0
4227.720515,1000,678.946797,4225.148809879694,25.835907684300274,1000,1.0
1940.017201,487,679.479463,1937.5345574772573,11.628813102735501,487,0.0
4241.407614,1000,680.515978,4238.823647420201,25.945118823531438,1000,1.0
4279.281712,1000,681.551515,4276.660936610066,26.24829343212715,1000,1.0
4375.877193,1000,682.562693,4373.262687093904,27.020766219494636,1000,1.0
3567.247923,802,683.114218,3564.6181980528863,22.13634788730756,802,0.0
4310.069678,1000,683.858569,4307.4344255585,26.494125903576244,1000,1.0
3355.51164,781,684.506761,3352.9692845809277,20.610648057391135,781,0.0
4341.993501,1000,685.294422,4339.359837649862,26.749579694938838,1000,1.0
2331.904188,562,685.787425,2329.362789124783,14.16604791428576,562,0.0
3669.262685,839,686.740112,3666.643039110471,22.658074826072923,839,0.0
4270.585683,964,687.747033,4267.972234886736,26.472649456343692,964,0.0
3139.032399,714,688.360766,3136.4619126539365,19.41222895429635,714,0.0
3509.016073,806,689.312947,3506.440478782304,21.639419862099633,806,0.0
471.077846,158,689.390357,468.8272011701316,2.4995712890456043,158,0.0
3468.20349,767,690.023857,3465.605163527732,21.622774410899428,767,0.0
4395.146598,1000,691.007828,4392.54485244758,27.175401313158655,1000,1.0
1725.507752,418,691.460061,1723.0147138018956,10.462092010613432,418,0.0
1317.011077,358,691.87867,1314.5579691549185,7.672411317310395,358,0.0
988.382342,282,692.013305,985.9817046310928,5.649419349902081,282,0.0
4344.746038,973,692.885067,4342.134665002993,26.99475425530042,973,0.0
3159.588039,769,693.568143,3157.0379104814588,19.138709881714163,769,0.0
489.272491,162,693.630133,487.0184247976056,2.6133344737564235,162,0.0
4139.410027,920,694.395048,4136.757271143535,25.773781783137352,920,0.0
702.025984,222,694.487081,699.7053088014549,3.837077915669098,222,0.0
1437.322546,366,694.820997,1434.8528399475888,8.571091665103324,366,0.0
514.90412,169,694.888815,512.67059454509,2.762924319786091,169,0.0
1880.967809,486,695.273002,1878.4616075640647,11.164423289519249,486,0.0
3117.980815,735,695.946092,3115.4275886919745,19.07694640414779,735,0.0
2598.627578,632,696.408629,2596.0517389739034,15.742172595519278,632,0.0
281.995945,108,696.451957,279.7423977201048,1.385296547432384,108,0.0
1598.066139,420,696.820221,1595.5945728508873,9.427269879043385,420,0.0
676.516343,216,696.906719,674.12159763336,3.6800798760085414,216,0.0
4265.998241,1000,697.694536,4263.418859904246,26.142571546884902,1000,1.0
1396.408367,367,698.027441,1393.9509438741306,8.235705758568773,367,0.0
4200.128374,1000,698.805918,4197.552937509105,25.61584759943714,1000,1.0
4266.586008,1000,699.614487,4264.021184002282,26.14674471550339,1000,1.0
4177.317619,1000,700.408382,4174.7192532995,25.4329941474765,1000,1.0
158.458669,75,700.434031,156.42380953557804,0.6617010633480558,75,0.0
735.067544,230,700.713657,732.7573372781922,4.037603457343536,230,0.0
4205.937823,1000,701.313383,4203.333269616568,25.661096018169903,1000,1.0
4247.21901,1000,702.120963,4244.597772233792,25.991421110899385,1000,1.0
4150.266242,1000,702.877657,4147.648061549058,25.216008804448826,1000,1.0
4269.190276,1000,703.656429,4266.573478986465,26.167723027024994,1000,1.0
4279.871371,1000,704.440652,4277.22136504983,26.25229457806608,1000,1.0
3554.784596,836,705.172364,3552.135549250187,21.766144741645892,836,0.0
4274.415529,1000,705.978986,4271.8305227346555,26.209433017553625,1000,1.0
4250.090324,1000,706.772737,4247.521270801394,26.015017912781584,1000,1.0
2983.123081,698,707.251157,2980.5263638189354,18.29220496781287,698,0.0
4260.30551,1000,708.035922,4257.714648543391,26.09651938364097,1000,1.0
4329.222971,1000,708.771751,4326.671713647128,26.648322462954937,1000,1.0
4375.154266,1000,709.545492,4372.5132793793355,27.014978066613804,1000,1.0
4267.527915,986,710.310686,4264.860339944981,26.273033975831535,986,0.0
752.117209,238,710.404092,749.7583052121246,4.109927750773193,238,0.0
4333.646166,1000,711.2004,4331.023069066217,26.6831055080648,1000,1.0
712.600082,226,711.474153,710.218840645137,3.8892261992858703,226,0.0
2570.376567,632,711.906917,2567.802775314349,15.516089980515938,632,0.0
4132.668679,1000,712.686094,4130.186924802815,25.076520889298866,1000,1.0
2394.129702,585,713.093077,2391.6635858613145,14.481438415924439,585,0.0
2340.41509,573,713.498606,2337.864694792419,14.146517816384259,573,0.0
704.078207,220,713.792851,701.7688861112841,3.869571581585453,220,0.0
4243.177538,1000,714.597936,4240.571844047214,25.958977526899794,1000,1.0
1904.314966,486,714.995047,1901.8410768451224,11.35154133689351,486,0.0
4410.908,1000,715.775485,4408.253110417053,27.300420947716614,1000,1.0
4272.238613,1000,716.513523,4269.68967430225,26.192324344636045,1000,1.0
4266.351227,1000,717.065924,4263.786863531332,26.14495613862621,1000,1.0
4289.929381,1000,717.796945,4287.288371016483,26.332449498253727,1000,1.0
4360.001127,1000,718.524536,4357.367400748262,26.893330784231985,1000,1.0
4223.14103,1000,719.260833,4220.547792491734,25.79880322451329,1000,1.0
4100.855618,1000,719.991289,4098.394782120765,24.82185368664604,1000,1.0
3046.918905,729,720.680959,3044.363464240978,18.555825043975435,729,0.0
4134.15721,944,721.466628,4131.57758449711,25.540895396112962,944,0.0
2951.87749,690,721.948173,2949.2756720688526,18.105618565715176,690,0.0
746.47262,235,722.040082,744.1210109053716,4.088644527706841,235,0.0
4257.658991,1000,722.818279,4255.053984294099,26.07405364153754,1000,1.0
4402.325043,1000,723.610396,4399.715720375158,27.231532156973863,1000,1.0
4334.885466,1000,724.374347,4332.261563938925,26.69212030829958,1000,1.0
3354.939507,765,725.030564,3352.3309120686804,20.732650936599498,765,0.0
4361.543382,1000,725.813719,4358.944827818278,26.905849289297805,1000,1.0
4346.083629,1000,726.569881,4343.566919483125,26.78277804924452,1000,1.0
2976.222164,682,727.012064,2973.6218480264765,18.364177202175913,682,0.0
2701.19772,632,727.439871,2698.722992135293,16.56311261543812,632,0.0
372.141264,133,727.488258,369.885584523371,1.9073236312274318,133,0.0
4460.355119,1000,728.271335,4457.740601887832,27.6961422405012,1000,1.0
4236.332579,1000,729.039553,4233.722137588074,25.903654919296446,1000,1.0
1057.584179,305,729.341596,1055.1055034323308,6.018704878487117,305,0.0
4352.501732,1000,730.102445,4349.877459621694,26.833238854465524,1000,1.0
4367.528633,1000,730.852324,4364.88147896709,26.953144304238236,1000,1.0
4393.66142,1000,731.601737,4391.085370335071,27.163254023257988,1000,1.0
4485.583882,1000,732.367496,4482.94380729155,27.89778083263138,1000,1.0
4379.816007,1000,733.123508,4377.17932215721,27.05146599524401,1000,1.0
1646.548007,420,733.467263,1644.0493271338428,9.81481367669331,420,0.0
2558.746595,642,733.899989,2556.234406261782,15.34353654524278,642,0.0
4318.280923,1000,734.666007,4315.689363760779,26.559876612281606,1000,1.0
3882.484166,868,735.201622,3879.903011271951,24.13239982607674,868,0.0
3104.789973,723,735.84029,3102.1716243564456,19.065545433754323,723,0.0
1979.770863,494,736.214049,1977.299635901047,11.89118005612344,494,0.0
2561.876618,600,736.639283,2559.2806894564146,15.702575136483878,600,0.0
1059.734268,289,736.94644,1057.284234645057,6.164103282159959,289,0.0
4354.315741,1000,737.690659,4351.692542986057,26.847187532855525,1000,1.0
4370.87596,1000,738.274152,4368.296087013742,26.980208432091974,1000,1.0
4359.47925,1000,739.043377,4356.851666746564,26.888875731473952,1000,1.0
4483.058833,1000,739.794904,4480.427305207791,27.877417744975297,1000,1.0
4399.647223,1000,740.55301,4397.003660624752,27.21003444046172,1000,1.0
2546.282936,624,741.170042,2543.7756571877876,15.387381300516344,624,0.0
4431.564236,1000,741.725683,4428.948318904696,27.46562094761124,1000,1.0
4148.885458,936,742.459481,4146.2332130094965,25.721211439566353,936,0.0
4447.167732,1000,743.235057,4444.516070252688,27.58964600656686,1000,1.0
4575.083992,1000,744.00157,4572.4476771608815,28.613372958567226,1000,1.0
2149.632437,534,744.400451,2147.1777568864213,12.931340581969936,534,0.0
3389.894902,772,745.057086,3387.385293102693,20.9572712507461,772,0.0
2653.184716,634,745.477014,2650.772302159197,16.164515046861744,634,0.0
1520.400258,403,745.806102,1518.0545970071262,8.942272141725878,403,0.0
2850.110199,664,746.240566,2847.6044412009423,17.499025425739415,664,0.0
3698.805497,817,746.929901,3696.213906464604,23.069188693236335,817,0.0
2919.218421,675,747.374385,2916.601934379821,17.963035026466795,675,0.0
2672.423337,609,747.805516,2669.8576310079334,16.51562231625963,609,0.0
4403.013141,1000,748.581725,4400.481569318594,27.23785204755955,1000,1.0
2997.398472,708,749.260853,2994.8813816394227,18.327165338914117,708,0.0
2424.682849,597,749.682092,2422.25454310827,14.6302446790448,597,0.0
4303.02567,1000,750.457561,4300.425364317541,26.437292716508246,1000,1.0
4500.182434,1000,751.228487,4497.5781989712295,28.01444617747986,1000,1.0
1621.036053,412,751.398016,1618.6340568650282,9.674700368007823,412,0.0
2284.742622,555,752.011255,2282.18922297598,13.844310737508314,555,0.0
2487.568,591,752.406589,2485.086508167176,15.180569584536086,591,0.0
3570.138832,820,752.929625,3567.5996697841615,22.016433619217242,820,0.0
4492.622816,1000,753.697632,4490.0394172356555,27.953911386141623,1000,1.0
4446.59023,1000,754.439372,4443.970448983803,27.58584126800558,1000,1.0
4544.06623,1000,755.162527,4541.430407317533,28.36501078689797,1000,1.0
2716.27871,638,755.579689,2713.7201064253168,16.635485948879953,638,0.0
3810.360219,842,756.246871,3807.7512648083384,23.76265906282413,842,0.0
1352.524307,364,756.560968,1350.1508067951406,7.909281206464662,364,0.0
4452.720663,1000,757.275395,4450.106890111743,27.634711976225795,1000,1.0
4452.895616,1000,757.996374,4450.291148572502,27.635856582346708,1000,1.0
4309.791401,1000,758.721478,4307.190898239635,26.491361865357685,1000,1.0
3544.945199,823,759.203902,3542.363549006148,21.79106050119901,823,0.0
4035.090781,911,759.894757,4032.524927218885,25.01084553035418,911,0.0
4337.353048,1000,760.619709,4334.750763216415,26.711913920235432,1000,1.0
2575.976035,607,761.023248,2573.447242431413,15.76016648831835,607,0.0
4377.681258,1000,761.749963,4375.051686696957,27.03447862393607,1000,1.0
4440.942331,1000,762.479682,4438.301718141055,27.540365736659506,1000,1.0
4066.788554,910,763.168873,4064.181930658522,25.271914468063258,910,0.0
4487.29773,1000,763.898644,4484.654984358368,27.91121533256875,1000,1.0
2575.899027,605,764.322402,2573.321673184165,15.774881079420423,605,0.0
4480.326261,1000,765.082121,4477.710374613927,27.855610976255942,1000,1.0
527.894121,163,765.140889,525.5099353989993,2.9133952190054573,163,0.0
4502.183196,1000,765.886157,4499.545090904134,28.030303001688985,1000,1.0
4381.565228,1000,766.65453,4378.996868237182,27.065711148508058,1000,1.0
2352.451113,572,767.056605,2349.9508882444297,14.251139074180243,572,0.0
2396.967359,608,767.487931,2394.461339920982,14.320006504573778,608,0.0
4398.303789,997,768.245329,4395.681418199165,27.230918972641803,997,0.0
3437.119894,788,768.929117,3434.5666395948338,21.207460620229977,788,0.0
4386.879292,1000,769.698835,4384.204959343485,27.107775789384334,1000,1.0
4363.821777,1000,770.424956,4361.187016116623,26.92390932926765,1000,1.0
3940.420842,894,771.113707,3937.8137204027616,24.389026220708516,894,0.0
4450.198086,1000,771.669341,4447.520346521256,27.614011488829533,1000,1.0
2047.296772,512,772.039745,2044.869332594773,12.288387999890405,512,0.0
2317.194796,563,772.610351,2314.6611476819708,14.040379804088067,563,0.0
4477.916446,1000,773.347497,4475.279019281586,27.836436508675853,1000,1.0
4400.677807,997,773.897737,4398.040329558147,27.25015817789418,997,0.0
4395.950774,1000,774.638615,4393.373771808734,27.181350717538365,1000,1.0
4459.332822,1000,775.367083,4456.675311145469,27.68724105866889,1000,1.0
4413.038815,988,776.137823,4410.446644756788,27.42116118677583,988,0.0
2722.844984,640,776.765707,2720.3081366467227,16.672049115227768,640,0.0
1929.073402,486,777.142983,1926.692809574776,11.55013796825151,486,0.0
4264.94013,963,777.731497,4262.31088496635,26.435035712607757,963,0.0
4503.452286,1000,778.503583,4500.813085860188,28.04053472207063,1000,1.0
2590.049066,637,779.120416,2587.5181373853698,15.634050067093218,637,0.0
3274.404371,749,779.580098,3271.805186993768,20.21571112936625,749,0.0
4507.463908,1000,780.35267,4504.876059935333,28.073122536841016,1000,1.0
2961.583657,669,780.813886,2958.998921839165,18.350661665598807,669,0.0
3578.164968,798,781.483674,3575.5437623267535,22.255058484526725,798,0.0
4035.819561,903,782.171913,4033.192148208214,25.08028833549705,903,0.0
2761.038476,646,782.588737,2758.470065558744,16.929372341999148,646,0.0
1537.323461,399,782.920038,1534.8854334213702,9.108433875516184,399,0.0
2771.855727,643,783.343348,2769.328033404648,17.040608112377953,643,0.0
4500.735192,1000,784.071241,4498.10035647989,28.01867922148029,1000,1.0
3712.637873,840,784.744423,3710.044354345925,22.996637105287352,840,0.0
4496.014554,1000,785.476735,4493.402940121565,27.980805300147928,1000,1.0
4564.990563,1000,786.026491,4562.4130225014205,28.533303328966426,1000,1.0
2120.113028,518,786.396328,2117.6372461098185,12.822543235808016,518,0.0
2119.045472,516,786.765987,2116.547288727807,12.829794143040479,516,0.0
4474.54056,1000,787.492933,4471.884405760974,27.80846298136336,1000,1.0
405.788031,150,787.723971,403.5961830901837,2.0416599504724493,150,0.0
4461.468814,1000,788.460039,4458.884200765325,27.704917792711793,1000,1.0
3617.992455,830,788.950271,3615.416010408131,22.31921915377158,830,0.0
2590.360844,623,789.542727,2587.792027944517,15.747116186769142,623,0.0
256.698983,132,789.590573,254.30610370333855,0.9904079398308393,132,0.0
2153.816288,538,789.967221,2151.293265816317,12.932202865954226,538,0.0
2281.945926,535,790.340945,2279.4537999758063,13.98171545118468,535,0.0
1877.846608,470,790.692465,1875.424705837439,11.26686250507361,470,0.0
1500.770661,385,791.012111,1498.345455225661,8.927669681999722,385,0.0
4565.847208,1000,791.563218,4563.183553075883,28.539239881395414,1000,1.0
2736.273944,660,792.16482,2733.818053169683,16.62051583361145,660,0.0
3911.000057,879,792.664748,3908.3913328635394,24.27239036590698,879,0.0
3046.526058,707,793.281584,3043.9932629906343,18.728119745500557,707,0.0
1450.6471,381,793.602258,1448.2242318367953,8.558536858550754,381,0.0
4499.338303,1000,794.339738,4496.630909984368,28.006796579333884,1000,1.0
4514.569645,1000,795.070658,4511.916369323259,28.12877540937245,1000,1.0
4494.904035,1000,795.623713,4492.231462855263,27.971540931370292,1000,1.0
4471.349631,1000,796.351004,4468.737844053657,27.783290023601598,1000,1.0
1832.434809,464,796.700728,1829.9741034735835,10.951361744236124,464,0.0
4543.988259,1000,797.424384,4541.394431621243,28.36487103448479,1000,1.0
473.502307,172,797.660846,471.36042053393356,2.408341658036321,172,0.0
4527.475148,1000,798.388805,4524.845699537196,28.232141809037913,1000,1.0
377.643625,133,798.436403,375.55929481960595,1.9527531131497209,133,0.0
3757.61143,835,798.923434,3754.9792545271903,23.39607774869305,835,0.0
4285.101317,1000,799.663425,4282.594536770272,26.29484690064025,1000,1.0
4612.607437,1000,800.401228,4609.926207700827,28.9126626818932,1000,1.0
4508.05034,1000,801.114257,4505.392004485512,28.076552851565047,1000,1.0
4473.194224,1000,801.840411,4470.549820616079,27.797733874337265,1000,1.0
4549.868564,1000,802.566413,4547.285951172487,28.411568098220194,1000,1.0
4646.744898,1000,803.294068,4644.13361118241,29.186888254528547,1000,1.0
4486.819949,1000,804.021276,4484.117098741362,27.906624961392108,1000,1.0
2680.995881,634,804.434977,2678.437328916819,16.384910424145815,634,0.0
488.795266,185,804.673913,486.51397765569305,2.4259077639292475,185,0.0
-3.862271,14,804.67681,-3.862271260695286,-0.13461053013981683,14,0.0
2653.517212,614,805.083007,2650.9908972481007,16.324580524272807,614,0.0
1037.26262,285,805.367861,1034.874077886125,6.016364305161991,285,0.0
2055.526405,505,805.733556,2053.029117558385,12.409214406694757,505,0.0
1353.418849,380,805.877179,1350.9572116636812,7.788225585056207,380,0.0
4646.05391,1000,806.613129,4643.43464022326,29.18132733099428,1000,1.0
-3.957573,15,806.616357,-3.9575733546928737,-0.14332518031155114,15,0.0
2102.855487,535,806.993603,2100.419231819619,12.549596785413497,535,0.0
2340.317966,558,807.377065,2337.791418687178,14.265006742386854,558,0.0
4510.698776,1000,808.114394,4508.125131876141,28.098262392313593,1000,1.0
2126.887925,512,808.489368,2124.3795088848988,12.924250950139351,512,0.0
2663.420692,648,809.08775,2660.911325873769,16.133236757251144,648,0.0
4533.061432,1000,809.836635,4530.401824605079,28.27662357116779,1000,1.0
2792.996323,654,810.269484,2790.5383382844334,17.12267880848111,654,0.0
2978.287198,708,810.7109,2975.7584459227965,18.174077479564943,708,0.0
4473.964654,1000,811.4411,4471.3828061360155,27.805006544988654,1000,1.0
4356.337599,1000,812.169704,4353.7011687038075,26.862913267671782,1000,1.0
4434.200814,1000,812.892583,4431.565289575882,27.485979092013384,1000,1.0
4547.223229,1000,813.635749,4544.591242174564,28.39039390815099,1000,1.0
1952.60293,478,814.0041,1950.1508472111568,11.801532558194575,478,0.0
4177.722871,938,814.718141,4175.08762506089,25.936473922247213,938,0.0
4412.801143,1000,815.447119,4410.189145843137,27.315147593264445,1000,1.0
4536.091129,1000,816.211683,4533.479776096856,28.301944571644306,1000,1.0
4569.069702,1000,816.978477,4566.3929252046955,28.56493676447391,1000,1.0
4562.134847,1000,817.706442,4559.465460203184,28.508995990189284,1000,1.0
4463.738697,1000,818.458861,4461.091486856497,27.722259200056868,1000,1.0
3549.563465,785,818.93918,3546.929930095953,22.129770552242498,785,0.0
1666.932125,416,819.267147,1664.480005941442,10.009670318215854,416,0.0
3327.367216,745,819.715209,3324.7747856948904,20.671338802119678,745,0.0
4504.647323,1000,820.461763,4502.094042354319,28.050091037490365,1000,1.0
4645.151231,1000,821.204041,4642.562541459233,29.17379976479997,1000,1.0
2139.875408,514,821.572622,2137.3634319437097,13.012428853851858,514,0.0
2874.296695,655,822.179075,2871.7068812850057,17.763757172573843,655,0.0
4562.286741,1000,822.748447,4559.5720464965225,28.50974520489547,1000,1.0
2059.6327,495,823.126697,2057.1120737047236,12.521030459484153,495,0.0
3476.222345,785,823.804409,3473.598357887021,21.543137773809118,785,0.0
4428.499965,1000,824.560891,4425.886281132339,27.44016111647422,1000,1.0
4540.897372,1000,825.29451,4538.274548506472,28.33975017215768,1000,1.0
378.113191,140,825.345402,375.9661003756717,1.900166248956999,140,0.0
4524.250086,1000,826.069571,4521.52447505805,28.205406728861668,1000,1.0
4441.426315,1000,826.796964,4438.793153996649,27.543629002561374,1000,1.0
4148.430413,892,827.482807,4145.740644801494,26.06742784269082,892,0.0
2889.557486,681,827.912559,2887.0254827542585,17.678816927552493,681,0.0
4570.543473,1000,828.63967,4567.879931016546,28.57623445849738,1000,1.0
2536.210625,597,829.039219,2533.7117432073524,15.521462323543112,597,0.0
2709.924382,632,829.627285,2707.3374631406114,16.631454454939856,632,0.0
4274.552596,924,830.149236,4271.902132913599,26.821709888585968,924,0.0
2123.099797,519,830.519434,2120.626376592799,12.83856826511036,519,0.0
4400.913579,969,831.231429,4398.221702875861,27.473879358292116,969,0.0
4534.915823,1000,831.969584,4532.248555743121,28.291504026842237,1000,1.0
4537.910056,983,832.68926,4535.220837545244,28.45849686067467,983,0.0
4583.712442,1000,833.424081,4581.038980123502,28.68145300197999,1000,1.0
4536.122123,1000,834.157875,4533.457818959993,28.300653207903093,1000,1.0
2424.37168,575,834.545995,2421.8581727244145,14.801679713662125,575,0.0
4011.641484,874,835.221175,4009.003232475598,25.116375149198788,874,0.0
3184.624001,715,835.662202,3181.9645488511146,19.767712210480976,715,0.0
4459.107075,1000,836.384887,4456.465071436563,27.68526086184634,1000,1.0
1848.096086,447,836.727192,1845.5935281947557,11.211425684332353,447,0.0
4530.506649,1000,837.45435,4527.8649605495075,28.25602849359618,1000,1.0
2692.765087,628,837.863584,2690.1538959666314,16.52630051603199,628,0.0
3023.476498,684,838.469708,3020.920073372798,18.726485409142636,684,0.0
4441.517707,1000,839.195615,4438.87081544341,27.54447729446514,1000,1.0
4581.29906,1000,839.745578,4578.666768383933,28.663001871618437,1000,1.0
1141.374942,313,840.038411,1139.0419428696348,6.62672828803726,313,0.0
4583.773435,1000,840.763455,4581.090959322511,28.681744752191374,1000,1.0
530.767309,187,840.830923,528.7072262058614,2.7478086474892667,187,0.0
2831.003598,654,841.426944,2828.42941665628,17.42555539029292,654,0.0
4553.18557,1000,842.149367,4550.498440491906,28.43729878686133,1000,1.0
4570.819854,1000,842.87407,4568.195899224851,28.57868869996174,1000,1.0
4443.651354,1000,843.606997,4440.955919354402,27.561084988250848,1000,1.0
4653.627803,1000,844.160528,4650.955204749661,29.240185361025397,1000,1.0
