#{"t_start": 1789350253.1537778, "env_id": "Walker2d-v5"}
r,l,t,task_return,displacement,episode_steps,full_episode
-6.869505,21,0.39678,-6.869505112144405,-0.21438945436638787,21,0.0
-3.979358,16,0.400641,-3.9793580085386044,-0.15142881408799252,16,0.0
-0.465504,18,0.404146,-0.46550353129702593,-0.1392401703234636,18,0.0
-5.350811,17,0.407574,-5.350811157893467,-0.1703650679406232,17,0.0
-1.93147,14,0.410567,-1.9314701716237979,-0.11903692307383515,14,0.0
-3.791201,10,0.412441,-3.791201428171541,-0.1021029568836936,10,0.0
1.102113,28,0.417677,1.1021127988862003,-0.20656049601320317,28,0.0
3.614286,15,0.420561,3.614286277401921,-0.08264478494911859,15,0.0
-5.26481,20,0.424323,-5.264810024628498,-0.19363687926471673,20,0.0
-0.485312,15,0.427059,-0.4853121140627221,-0.11546106530307236,15,0.0
-8.459814,13,0.429896,-8.459813599707106,-0.16336112844291714,13,0.0
-0.962222,19,0.433521,-0.9622216396150356,-0.15124700017580778,19,0.0
13.593479,27,0.438661,13.59347928573508,-0.09860108458747044,27,0.0
-0.621579,23,0.442888,-0.6215789351666167,-0.1803780864028691,23,0.0
0.984087,30,0.44837,0.9840865966426746,-0.22338641853442,30,0.0
2.111049,14,0.452733,2.111048615420381,-0.08675620280858759,14,0.0
3.912446,22,0.457179,3.912445879372304,-0.1362193396547362,22,0.0
2.870448,25,0.462954,2.8704478396955686,-0.16846452599881903,25,0.0
3.476616,22,0.467424,3.4766156967034183,-0.13964067726283996,22,0.0
0.54315,13,0.470072,0.5431504408091405,-0.09131220967959008,13,0.0
-0.430097,14,0.472954,-0.4300970876545036,-0.10709815026089725,14,0.0
-0.677206,13,0.475527,-0.6772055482751257,-0.1010782506196041,13,0.0
-0.081766,22,0.480397,-0.0817661099521787,-0.16815438651138126,22,0.0
-7.156014,18,0.484075,-7.15601431696648,-0.19276425700463135,18,0.0
-10.001541,19,0.488002,-10.0015406922966,-0.22355745433089716,19,0.0
-4.692916,11,0.490219,-4.692915746208605,-0.11728755186609811,11,0.0
5.739612,18,0.493475,5.739611851316684,-0.08964766622308794,18,0.0
6.565253,29,0.694234,6.565252638167826,-0.17077451589254936,29,0.0
-5.056,12,0.696695,-5.0559997269388814,-0.12814278462675852,12,0.0
-0.714587,25,0.702034,-0.7145867260551066,-0.1971079260102704,25,0.0
-0.074551,13,0.704549,-0.07455103430898175,-0.09628841741707185,13,0.0
-3.18721,16,0.707755,-3.18720988237609,-0.14506588708943374,16,0.0
-4.84493,16,0.710942,-4.844930301231768,-0.1583824729755332,16,0.0
4.715476,15,0.713948,4.715476104343057,-0.07391332933730836,15,0.0
-2.810933,9,0.715744,-2.8109329528135207,-0.08626334229685884,9,0.0
-2.338083,11,0.71811,-2.3380828207172657,-0.09842567160552383,11,0.0
-8.562958,18,0.721779,-8.56295763066446,-0.20402826877168848,18,0.0
0.005104,16,0.724954,0.005104100658352095,-0.11954480699793786,16,0.0
-1.389771,26,0.730456,-1.3897711547314142,-0.2104634075835265,26,0.0
1.960596,26,0.735719,1.9605957536149239,-0.18369865195089474,26,0.0
-4.227483,11,0.738061,-4.22748286569611,-0.11356043684587842,11,0.0
9.878752,29,0.744024,9.878751769643667,-0.14431519477363358,29,0.0
-13.260299,28,0.74957,-13.260299215422535,-0.32138032029553176,28,0.0
5.629984,20,0.753504,5.629984329738299,-0.10642239736631796,20,0.0
3.966746,15,0.756357,3.9667460716551646,-0.07991470510457567,15,0.0
4.685388,14,0.759564,4.685387994382551,-0.06617668362857013,14,0.0
-4.187396,7,0.761002,-4.187395742846381,-0.08131628333392522,7,0.0
7.378607,20,0.764975,7.378606608510789,-0.09245445843673625,20,0.0
0.75814,15,0.767978,0.7581404437056968,-0.1055426087165421,15,0.0
3.042981,31,0.773991,3.042980985989005,-0.21486008916763102,31,0.0
-2.86691,21,0.777839,-2.866909884136227,-0.1824175380574432,21,0.0
2.504288,16,0.780829,2.504287944540516,-0.09962543913010773,16,0.0
9.411403,18,0.784108,9.411403018762881,-0.06026756208750932,18,0.0
-1.82142,14,0.786695,-1.821420142097754,-0.11820124129408138,14,0.0
8.690518,31,0.793095,8.690518002978225,-0.169689311076718,31,0.0
-1.419716,21,0.984805,-1.419715902932617,-0.1708533163121095,21,0.0
2.470839,17,0.988778,2.470838966123382,-0.10775519585575465,17,0.0
-3.789585,19,0.992862,-3.7895854807559126,-0.17384066029497067,19,0.0
-2.440797,11,0.995006,-2.440796768856369,-0.09928633368000496,11,0.0
0.391693,13,0.997384,0.39169277244992173,-0.09251690417853746,13,0.0
0.526778,18,1.001388,0.5267780600155734,-0.13136413705997688,18,0.0
-5.558522,14,1.004159,-5.55852224835696,-0.14812049968034313,14,0.0
10.359727,30,1.010322,10.359727494349414,-0.1483830883527123,30,0.0
-8.88698,21,1.01455,-8.886979839878324,-0.23051790469230846,21,0.0
-3.86565,14,1.017319,-3.865650099491485,-0.13455808873026645,14,0.0
3.961051,22,1.022502,3.9610511236352144,-0.1358153591117872,22,0.0
8.90426,33,1.0296,8.904259888867951,-0.18388347053896184,33,0.0
-2.571762,16,1.032662,-2.571761825387354,-0.14014132748570282,16,0.0
-0.505342,14,1.035337,-0.5053417622940797,-0.10769366519312576,14,0.0
2.637932,16,1.038631,2.637931564463927,-0.09850564687147982,16,0.0
-3.565401,18,1.042724,-3.565400518692373,-0.16414892980954643,18,0.0
-0.764106,25,1.047733,-0.7641058327205477,-0.19753287467773556,25,0.0
-4.169101,15,1.051022,-4.169100776102821,-0.144935116997156,15,0.0
25.812464,51,1.062196,25.812464402359325,-0.1922712232451002,51,0.0
-6.314053,21,1.066431,-6.314053003585602,-0.20996363322271172,21,0.0
-3.97616,25,1.071469,-3.976159603727744,-0.22318189562333185,25,0.0
3.199186,15,1.074327,3.199186480225866,-0.08607116170343859,15,0.0
0.51736,27,1.080157,0.5173597628370221,-0.2031390237046381,27,0.0
-0.339158,28,1.08601,-0.339157516566548,-0.21803239818261172,28,0.0
-5.06949,13,1.088603,-5.069490308472184,-0.13619843633803908,13,0.0
1.036681,12,1.275969,1.0366812288410774,-0.07934844483016149,12,0.0
-2.418916,20,1.280102,-2.4189164726284242,-0.17083561884368725,20,0.0
5.044013,20,1.283985,5.044013077710622,-0.11120705515218261,20,0.0
0.131307,24,1.288883,0.13130680902099678,-0.1822795057930289,24,0.0
-4.546157,22,1.293278,-4.546157199634713,-0.20383593741228065,22,0.0
0.448121,36,1.300671,0.44812092844999407,-0.2755104107487092,36,0.0
-1.482138,14,1.303468,-1.4821379848604714,-0.11555939701969747,14,0.0
-2.693171,22,1.307927,-2.693170984242972,-0.18902956781277377,22,0.0
4.51962,20,1.311996,4.519620220657747,-0.11536893501772484,20,0.0
4.685161,30,1.317709,4.685160855634793,-0.1937865512902833,30,0.0
10.090892,34,1.324708,10.090891625628547,-0.18242531463656597,34,0.0
-7.185567,11,1.326936,-7.1855671943443795,-0.13715833043478354,11,0.0
-4.11657,26,1.332266,-4.11656999699974,-0.23236426806600524,26,0.0
-8.142699,28,1.337475,-8.142699284257889,-0.28038287844611376,28,0.0
20.564188,46,1.347113,20.564188458634725,-0.19442674749136568,46,0.0
0.481486,12,1.349466,0.48148575692777257,-0.08380275369902218,12,0.0
2.734993,17,1.352624,2.7349930827704467,-0.10568982096335797,17,0.0
-6.049103,19,1.356147,-6.049103016031914,-0.19195173372326796,19,0.0
9.268941,39,1.363208,9.268940791248061,-0.2288514966155015,39,0.0
-7.824196,17,1.366279,-7.824196465077056,-0.1902197259049579,17,0.0
-3.998466,15,1.368872,-3.9984662102401867,-0.14361007631596673,15,0.0
4.610477,19,1.3725,4.610476710704077,-0.10665876259013328,19,0.0
-1.280215,11,1.562097,-1.28021502072219,-0.09003551612347321,11,0.0
2.374359,13,1.564867,2.374359323963289,-0.07666378901922145,13,0.0
6.522276,19,1.568642,6.522275916576891,-0.09137221239286254,19,0.0
7.356591,31,1.575066,7.356591371093756,-0.18039715883250632,31,0.0
6.361824,21,1.57946,6.361823607577754,-0.10861938364809903,21,0.0
0.931888,19,1.583675,0.9318884218425088,-0.1361270777581546,19,0.0
4.459646,28,1.589185,4.459645936048457,-0.1796249741547416,28,0.0
6.373587,30,1.595224,6.37358681718503,-0.18030279320752912,30,0.0
0.474252,12,1.597583,0.4742517932294288,-0.08390775744525762,12,0.0
-2.606845,24,1.602787,-2.6068452624890766,-0.20421349973068223,24,0.0
-3.026111,9,1.604624,-3.0261109440821015,-0.08798666687291173,9,0.0
3.332117,24,1.609623,3.332117453130954,-0.15678626927267153,24,0.0
19.130611,41,1.618148,19.130610687019974,-0.16597797792123836,41,0.0
0.276788,19,1.622171,0.2767880354686887,-0.1412593427765889,19,0.0
-3.533311,28,1.627351,-3.5333111856683748,-0.2436033483129677,28,0.0
-1.008431,32,1.634304,-1.0084305134813705,-0.25527630710916777,32,0.0
-3.657371,12,1.636831,-3.657371417510219,-0.11692491084063715,12,0.0
2.134821,33,1.643524,2.134820601357186,-0.23812407704972444,33,0.0
-1.442495,26,1.64836,-1.4424947106906538,-0.21087922577293466,26,0.0
43.568366,63,1.661095,43.568366014555245,-0.14590038192077032,63,0.0
-9.152773,37,1.851379,-9.15277269772805,-0.3602979272268036,37,0.0
1.668794,25,1.856282,1.6687939265592813,-0.1780278258336046,25,0.0
1.730401,14,1.859488,1.730400904999809,-0.08982448025617193,14,0.0
-11.525137,19,1.863279,-11.52513721011716,-0.23565270002440714,19,0.0
-0.914528,17,1.867036,-0.9145276971179853,-0.13497268421465147,17,0.0
0.531771,23,1.872096,0.5317705168114917,-0.17124168403133308,23,0.0
-4.99895,12,1.874531,-4.99894967030149,-0.12762539398445727,12,0.0
12.576317,61,1.88672,12.576317108047615,-0.3778531384073388,61,0.0
0.420838,10,1.888857,0.42083847788498707,-0.06843767449578375,10,0.0
6.005138,30,1.894515,6.0051375871477175,-0.18316162631142924,30,0.0
1.821046,47,1.903601,1.8210456646097632,-0.3523838269905718,47,0.0
2.044281,20,1.907537,2.0442813445006927,-0.13512040696115535,20,0.0
-4.154811,24,1.912341,-4.154811032979145,-0.21665230836198743,24,0.0
1.277124,12,1.914604,1.2771241479824629,-0.07748389024098117,12,0.0
0.51316,21,1.918874,0.5131604330205771,-0.15537802320732813,21,0.0
-2.945802,32,1.925085,-2.9458020114992967,-0.27083016065695414,32,0.0
-3.060576,27,1.93082,-3.0605756917741394,-0.23177864160221537,27,0.0
10.932226,32,1.937338,10.9322261129035,-0.15979820567458355,32,0.0
2.471054,15,1.940607,2.471054454598983,-0.09185680475665677,15,0.0
-0.766187,13,1.943228,-0.7661867046170243,-0.10180732219751949,13,0.0
-9.593554,21,1.947432,-9.593554399564944,-0.23620143082370676,21,0.0
3.993434,17,1.95077,3.993433990454398,-0.09565577490164634,17,0.0
-7.803235,14,2.13735,-7.803234555070771,-0.16608591796932012,14,0.0
-2.031213,23,2.14212,-2.031213396951058,-0.19166754542030742,23,0.0
1.655174,21,2.14617,1.655173984448766,-0.1461879653820815,21,0.0
9.081506,27,2.151905,9.081506161365077,-0.13465039502552617,27,0.0
1.404882,19,2.155694,1.4048822267955887,-0.13230817797487843,19,0.0
-2.564172,13,2.158257,-2.5641715805985577,-0.1162627033777599,13,0.0
19.600367,41,2.166309,19.600366890145395,-0.16214467135206667,41,0.0
10.668815,26,2.171406,10.668815251686416,-0.11399070598174042,26,0.0
18.019082,36,2.178742,18.019082434139335,-0.134967921667627,36,0.0
6.206042,37,2.186089,6.206042238995871,-0.2373721692234615,37,0.0
9.136428,26,2.191368,9.136427861234301,-0.12626154900199818,26,0.0
9.231943,29,2.197078,9.23194347138811,-0.1494544084889206,29,0.0
1.991547,19,2.201179,1.991547222032307,-0.1276179305369623,19,0.0
-2.005535,12,2.203638,-2.005534804195806,-0.10376292523091799,12,0.0
15.155472,37,2.211319,15.155472004414523,-0.16589115726779413,37,0.0
-0.531795,16,2.214414,-0.5317953848587288,-0.12385185823334749,16,0.0
3.912874,16,2.217543,3.912874175127845,-0.08828730770100454,16,0.0
4.302749,15,2.220506,4.30274869198294,-0.07716383513068127,15,0.0
9.07027,26,2.225484,9.070269622234152,-0.12682740443731105,26,0.0
-11.133925,67,2.239433,-11.133925027981407,-0.6154595950125643,67,0.0
9.333485,50,2.429285,9.333485459929058,-0.3161493605681009,50,0.0
-5.792311,24,2.433685,-5.792310697507569,-0.22975707514410088,24,0.0
9.143657,21,2.437687,9.143657414566421,-0.08633906700901561,21,0.0
1.809072,13,2.44097,1.8090724160135605,-0.08122186449845517,13,0.0
22.927881,43,2.449894,22.92788068390468,-0.15152115514555808,43,0.0
3.661254,33,2.45649,3.661254192673522,-0.22589952876441988,33,0.0
-1.881574,27,2.461859,-1.881573875222205,-0.22236527719551205,27,0.0
5.49847,38,2.469437,5.498469671920906,-0.2511399381450412,38,0.0
-0.611087,30,2.475143,-0.6110874807361468,-0.2362376427725084,30,0.0
6.292485,18,2.479118,6.292485121705198,-0.08514285406881869,18,0.0
9.821123,32,2.485626,9.821122519898415,-0.16867073155292722,32,0.0
4.337574,17,2.489384,4.337574330109961,-0.09283565402628595,17,0.0
0.662706,36,2.496423,0.6627058412063653,-0.27378303251909186,36,0.0
-0.009897,29,2.502816,-0.009896798244525495,-0.22339646499659,29,0.0
-2.54025,47,2.512224,-2.54025022024315,-0.3872198235264068,47,0.0
39.798632,69,2.708046,39.79863166850053,-0.22393260450473104,69,0.0
12.479341,33,2.714784,12.479341038645705,-0.15531872432843974,33,0.0
11.226959,40,2.722663,11.226958590222141,-0.22114819868644636,40,0.0
6.651301,18,2.72613,6.651300809542718,-0.08235640858142768,18,0.0
10.073766,36,2.73308,10.073765943797135,-0.19844512586264446,36,0.0
21.052836,45,2.742163,21.052835575974445,-0.18244837240432288,45,0.0
25.115732,83,2.759472,25.115732481436503,-0.4530027845481324,83,0.0
-9.52555,13,2.762066,-9.52555036693142,-0.17186174171673366,13,0.0
31.591962,79,2.777426,31.59196174042183,-0.3692780759006831,79,0.0
6.545123,34,2.784161,6.545122820014286,-0.21077422324239342,34,0.0
18.702163,33,2.79086,18.702162999033007,-0.10557616845833505,33,0.0
-4.073018,13,2.793491,-4.0730184761221375,-0.1282838120617873,13,0.0
7.864851,20,2.797681,7.86485132258411,-0.08859162223916295,20,0.0
11.384949,22,2.802213,11.384949435966192,-0.0764212564759172,22,0.0
27.049446,46,2.992973,27.049446422012107,-0.14248476738818688,46,0.0
3.601186,17,2.996179,3.601185979708896,-0.0987296177397232,17,0.0
3.640255,30,3.001909,3.6402554668266056,-0.2020673457233133,30,0.0
-8.588664,12,3.004225,-8.58866378565554,-0.15635360994977895,12,0.0
89.186905,120,3.02835,89.18690523447295,-0.23555327367035145,120,0.0
1.302896,18,3.032179,1.3028961103366112,-0.12509405586173505,18,0.0
-2.412062,24,3.036948,-2.412062385894974,-0.2026930452880089,24,0.0
10.959731,35,3.044054,10.959730782773521,-0.18348169581130752,35,0.0
9.774497,26,3.049207,9.774496752495173,-0.12123555721887393,26,0.0
17.616612,46,3.05825,17.616612172759424,-0.21789485297851788,46,0.0
9.92648,34,3.065209,9.926479939423208,-0.18376949777133253,34,0.0
26.219717,45,3.074457,26.21971723698943,-0.14100242827416007,45,0.0
24.44084,48,3.083781,24.440840011018693,-0.17928888709080676,48,0.0
8.619155,28,3.089741,8.619154559367999,-0.1462764943946994,28,0.0
4.724884,23,3.279499,4.724884098528938,-0.13759830564060765,23,0.0
-3.114026,23,3.284498,-3.1140257710031296,-0.20031794661909272,23,0.0
9.298746,27,3.290155,9.298745799556789,-0.13292959786688202,27,0.0
11.817356,26,3.295548,11.817355658118949,-0.10487038542922318,26,0.0
44.947326,96,3.316262,44.94732578150929,-0.39805945618312816,96,0.0
57.236278,87,3.335465,57.23627772833772,-0.22792423967461342,87,0.0
-0.622093,19,3.339532,-0.6220925984712926,-0.14851780225619274,19,0.0
2.4422,18,3.343594,2.4421995859725625,-0.11602420933813436,18,0.0
9.486248,25,3.348679,9.48624776537875,-0.11553344203987195,25,0.0
2.901711,43,3.357144,2.901711154381686,-0.3116784078660277,43,0.0
13.065699,33,3.364391,13.065698825503814,-0.15066511925044562,33,0.0
18.339329,47,3.374809,18.339328963627448,-0.2200885533404249,47,0.0
10.044307,22,3.379196,10.044307077537047,-0.0871004209117909,22,0.0
-10.827063,15,3.382213,-10.827062796761911,-0.19824219290414957,15,0.0
9.789225,28,3.571121,9.789224576013764,-0.13698230516691023,28,0.0
7.294587,29,3.576993,7.2945874608853165,-0.16488442770053802,29,0.0
5.226582,24,3.581939,5.226581839781645,-0.14160290295494782,24,0.0
20.237628,61,3.594206,20.237628196513263,-0.3164372368275523,61,0.0
8.592622,23,3.59897,8.59262224510019,-0.10673018403055627,23,0.0
6.649907,29,3.604421,6.649906668093552,-0.1700750864112487,29,0.0
7.00139,25,3.608987,7.001390267844026,-0.13529184400770294,25,0.0
5.663356,35,3.615409,5.663355585066429,-0.22576002107005708,35,0.0
17.926591,55,3.626316,17.92659121752805,-0.28724476962086043,55,0.0
21.728787,54,3.63678,21.728786918258827,-0.2488577569468426,54,0.0
12.484531,31,3.642901,12.484531178880076,-0.13941452227918014,31,0.0
-5.508984,15,3.645778,-5.50898374206634,-0.15569337673554315,15,0.0
13.061121,56,3.656858,13.061120939162976,-0.3341263468827944,56,0.0
31.377571,60,3.670139,31.377570937911607,-0.21953058803128006,60,0.0
9.334962,20,3.854961,9.334962487736382,-0.07676709501777856,20,0.0
19.512447,38,3.862528,19.512446922271458,-0.13895704067760745,38,0.0
20.752069,56,3.872712,20.752068945988345,-0.2725565903506109,56,0.0
-0.969051,14,3.875255,-0.9690510512618463,-0.11137760523394505,14,0.0
20.214103,44,3.883314,20.2141029958368,-0.18119997447059555,44,0.0
87.761365,95,3.901547,87.76136539729028,-0.04749391930565625,95,0.0
14.625943,87,3.919427,14.625943230486953,-0.5687022622004729,87,0.0
8.758555,23,3.924063,8.758555469629751,-0.10542387134300228,23,0.0
16.939033,52,3.934848,16.939033196213632,-0.2712052345790977,52,0.0
55.413771,90,3.952377,55.41377117666398,-0.2664022509994931,90,0.0
21.867147,77,4.152467,21.86714732610325,-0.4311532869833945,77,0.0
37.294083,52,4.162248,37.29408309267593,-0.10832760153180049,52,0.0
14.016257,43,4.170312,14.016257241523508,-0.2229235733609337,43,0.0
19.442469,45,4.17885,19.442469404310994,-0.1953381964564392,45,0.0
41.360724,107,4.199136,41.36072448197197,-0.5144584865489765,107,0.0
-2.355816,9,4.200838,-2.3558159735947743,-0.08259955997762077,9,0.0
62.509058,106,4.222363,62.509057978373804,-0.3371076766725011,106,0.0
8.491044,22,4.226556,8.49104423260523,-0.09955077218510419,22,0.0
26.007348,74,4.425369,26.007348453672172,-0.3741666171626221,74,0.0
11.166117,87,4.4439,11.1661173511615,-0.5964849360416891,87,0.0
18.961131,72,4.459589,18.961130985386344,-0.4143577400037896,72,0.0
33.351792,62,4.472434,33.35179248004645,-0.219705141741264,62,0.0
72.754059,113,4.495399,72.7540585188611,-0.3110503913470944,113,0.0
35.750849,74,4.511809,35.75084860365356,-0.2962451674212902,74,0.0
13.526647,39,4.520546,13.526646749390375,-0.19483441263218151,39,0.0
32.935036,79,4.732682,32.935035566159854,-0.3584535473505904,79,0.0
7.035475,99,4.753673,7.035475177797517,-0.7251829106305537,99,0.0
25.764705,36,4.760975,25.764704847180187,-0.07298396874548578,36,0.0
22.342361,35,4.768384,22.342360724283967,-0.09236401916065337,35,0.0
145.419865,169,4.803812,145.4198651552201,-0.1763122569636438,169,0.0
26.916596,57,4.815972,26.916595697246677,-0.2311028565814183,57,0.0
129.561918,119,5.025928,129.561917825207,0.0956510282204092,119,0.0
31.961303,101,5.047006,31.961303265958474,-0.5417391530665016,101,0.0
29.415678,41,5.055627,29.41567842207602,-0.08359543097490549,41,0.0
35.375082,117,5.08061,35.375082237557294,-0.6419676417044942,117,0.0
2.838278,17,5.084347,2.838277526558344,-0.10488298545770373,17,0.0
31.642552,51,5.094437,31.64255212548095,-0.14557410092574363,51,0.0
41.913479,69,5.109047,41.91347940196539,-0.20675191062034862,69,0.0
206.810267,142,5.324183,206.8102665076082,0.5299629334192194,142,0.0
49.670273,121,5.35044,49.67027280756416,-0.5596912935341036,121,0.0
42.58402,83,5.368391,42.58402030915276,-0.3133326686196759,83,0.0
29.633376,64,5.381738,29.63337613643676,-0.26528496689896525,64,0.0
2.152728,17,5.384955,2.152728158033245,-0.11039492788085507,17,0.0
-2.784623,112,5.409049,-2.784622980683473,-0.9073344925455294,112,0.0
5.528641,26,5.414605,5.528641489660884,-0.155127598504718,26,0.0
19.506144,47,5.611174,19.50614432491531,-0.21077652919885279,47,0.0
7.400206,25,5.616158,7.400206110503409,-0.13222178315786368,25,0.0
97.385769,105,5.637475,97.38576938243904,-0.050253539252330205,105,0.0
81.714769,160,5.668945,81.71476940663139,-0.6142689279026105,160,0.0
209.940324,184,5.705549,209.9403239533247,0.22023005718211738,184,0.0
15.353897,56,5.902712,15.353896551322077,-0.3157413919477807,56,0.0
52.746778,80,5.919013,52.746777971745495,-0.20805993684563767,80,0.0
41.358649,120,5.943975,41.358649242261585,-0.6181932019013935,120,0.0
17.289011,40,5.952374,17.289011280575657,-0.17275386627624276,40,0.0
353.032751,237,6.187603,353.03275148948114,0.9424120401124784,237,0.0
4.063922,30,6.194046,4.0639215240458375,-0.19867272753494358,30,0.0
-0.302106,14,6.196913,-0.30210563130189205,-0.10607586538838978,14,0.0
22.459897,49,6.20721,22.459897022858723,-0.20315053913890202,49,0.0
89.090793,155,6.238746,89.09079293985866,-0.5149755637475285,155,0.0
217.290571,227,6.285124,217.29057102916312,-0.06383017290072393,227,0.0
77.450765,173,6.501119,77.45076495342894,-0.7517953952333698,173,0.0
319.792508,241,6.550752,319.79250755997657,0.6445328714437681,241,0.0
62.258917,139,6.759011,62.25891705667838,-0.602293167395871,139,0.0
264.189924,154,6.790654,264.18992417349205,0.893516100241557,154,0.0
289.843346,198,6.829505,289.8433459087912,0.7476855802959276,198,0.0
3.701478,16,6.832648,3.701477927878159,-0.09002245400920038,16,0.0
43.391782,58,6.843911,43.39178235990753,-0.1073320723707741,58,0.0
224.850593,125,7.053281,224.85059337720017,0.8099309710669674,125,0.0
75.00623,108,7.075311,75.00622980186029,-0.25311452454281863,108,0.0
181.59892,151,7.105557,181.59892031994323,0.2568004134768925,151,0.0
31.03095,67,7.119478,31.030950497267305,-0.27797953093972433,67,0.0
318.015461,468,7.40024,318.01546058093385,-1.1795604118947178,468,0.0
93.555292,177,7.436329,93.5552920516959,-0.6549868754914259,177,0.0
313.409552,182,7.655917,313.4095520374523,1.0639274235109195,182,0.0
156.21899,91,7.674351,156.21899005766684,0.5321180903452049,91,0.0
244.532997,163,7.707281,244.53299673697367,0.6646158557188261,163,0.0
369.825335,330,7.956876,369.8253346020085,0.33529598803284305,330,0.0
176.749092,171,7.991845,176.74909210180692,0.058661492065438935,171,0.0
54.238051,105,8.205872,54.23805146249384,-0.39530115290977763,105,0.0
38.311812,66,8.219739,38.31181187399985,-0.21188288572787534,66,0.0
242.279424,157,8.252623,242.27942362710274,0.6943487702727063,157,0.0
281.74288,161,8.285449,281.74287988303297,0.9781112414905474,161,0.0
325.571121,198,8.511783,325.57112051612825,1.0337847208242759,198,0.0
370.090649,259,8.565965,370.09064880532196,0.9036582742326984,259,0.0
86.719721,146,8.597223,86.71972137154032,-0.4623219038667197,146,0.0
87.229658,90,8.798066,87.22965769761278,-0.011804865155329036,90,0.0
296.16426,176,8.836922,296.1642596225548,0.9739602528352777,176,0.0
410.067986,369,9.095256,410.06798633112663,0.3465361602669848,369,0.0
123.694872,148,9.125931,123.69487232094968,-0.18252329560299432,148,0.0
406.148216,313,9.378292,406.1482158553522,0.7617054731254226,313,0.0
244.709315,146,9.407773,244.7093153816302,0.8015322984254948,146,0.0
367.210038,252,9.460499,367.2100380834814,0.9363198276515439,252,0.0
248.473079,385,9.727841,248.4730787319508,-1.0737938187664173,385,0.0
248.758093,167,9.763386,248.75809295043084,0.6665369543357348,167,0.0
242.425969,163,9.984892,242.42596913307557,0.647795506333774,163,0.0
509.611024,389,10.248554,509.61102423438734,0.9834315178466648,389,0.0
67.380481,119,10.272933,67.38048146707105,-0.40164252055752203,119,0.0
101.8587,128,10.299014,101.85870021326105,-0.1979313187002679,128,0.0
282.149355,159,10.332313,282.1493553644336,0.9975349522721472,159,0.0
196.364227,116,10.546627,196.36422721857363,0.6540546103726825,116,0.0
261.066201,361,10.624857,261.0662008102992,-0.7817517218921254,361,0.0
283.18451,145,10.859516,283.1845104023573,1.1174421679049673,145,0.0
270.389855,174,10.893839,270.38985477025415,0.7837310512423156,174,0.0
263.07387,161,10.929434,263.0738696320759,0.8286772164696524,161,0.0
357.917287,246,11.172372,357.9172871395964,0.9097714655582937,246,0.0
274.103648,160,11.206297,274.10364759569296,0.9251480864760195,160,0.0
297.444144,167,11.240517,297.444143915365,1.0561337802851756,167,0.0
96.666056,199,11.466663,96.66605592551436,-0.8051545724693852,199,0.0
233.225725,149,11.499067,233.2257253183115,0.6857194860666556,149,0.0
308.010881,187,11.540335,308.0108806795692,0.9811480782102474,187,0.0
284.782202,167,11.76707,284.7822015428879,0.9548542456470143,167,0.0
288.239344,173,11.800955,288.2393435790747,0.9345993780854778,173,0.0
332.185326,192,11.838061,332.1853264357672,1.1349388666417535,192,0.0
317.789761,180,12.057186,317.78976091230714,1.115019042698701,180,0.0
235.577503,146,12.086471,235.57750274808907,0.7287694273309642,146,0.0
210.113585,115,12.109633,210.1135848512009,0.771944171722474,115,0.0
288.054789,166,12.329497,288.0547890306182,0.9891322294262901,166,0.0
415.95494,303,12.392143,415.9549396442166,0.9199705587375261,303,0.0
264.192226,157,12.423624,264.19222557335956,0.8696300699087495,157,0.0
425.612605,301,12.666531,425.61260494356094,1.013261193275381,301,0.0
103.57961,86,12.684378,103.5796103222059,0.1509902306521281,86,0.0
332.304437,198,12.909165,332.3044366894667,1.0877075183074199,198,0.0
231.338566,131,12.936115,231.3385659191268,0.814264564872141,131,0.0
268.082696,149,12.968664,268.0826961497855,0.9647665317446618,149,0.0
221.319861,127,12.99488,221.3198608207108,0.7660093660708048,127,0.0
505.003515,381,13.257714,505.0035151932663,1.0103322791990244,381,0.0
255.148917,152,13.288969,255.14891712746189,0.8373266983600576,152,0.0
350.748841,256,13.521612,350.7488411236253,0.7728367701896846,256,0.0
234.638079,126,13.54688,234.6380787612063,0.8804205193950854,126,0.0
172.046461,298,13.788212,172.0464609829885,-0.9914336727969812,298,0.0
366.508624,226,13.835136,366.50862424912106,1.1383209763372837,226,0.0
370.145728,245,14.07071,370.14572752823,1.0157995171009093,245,0.0
300.10473,174,14.106011,300.1047298995331,1.0216275549817981,174,0.0
297.153316,184,14.145835,297.15331567212337,0.9182272587516046,184,0.0
403.51864,271,14.385079,403.5186395526063,1.075623929079352,271,0.0
403.968685,244,14.434545,403.96868543472095,1.294422884208594,244,0.0
310.9114,186,14.658225,310.9114001965541,1.012207558279424,186,0.0
383.686595,251,14.709747,383.6865947990067,1.0764564711439197,251,0.0
327.6029,202,14.941575,327.6028997749129,1.018337995535723,202,0.0
289.890152,169,14.979159,289.8901519645339,0.9797724596092355,169,0.0
257.266261,171,15.015169,257.26626062624723,0.7029018147973238,171,0.0
261.288713,143,15.23577,261.288712557025,0.9581603710150672,143,0.0
342.048562,193,15.27531,342.0485621908085,1.2055794521800158,193,0.0
309.222585,195,15.316504,309.22258539281194,0.9272152607006859,195,0.0
263.285565,144,15.526626,263.2855649661788,0.9660188751886534,144,0.0
238.304018,128,15.551942,238.3040180650727,0.8938522620482947,128,0.0
276.371822,162,15.585051,276.3718220035342,0.9270280554026592,162,0.0
286.730811,165,15.812112,286.73081148970766,0.9863983046060161,165,0.0
398.872053,280,15.872421,398.8720527349869,0.9664927148914991,280,0.0
317.3156,185,15.911456,317.3155997600646,1.0715651432906332,185,0.0
301.280685,185,16.138985,301.28068479725545,0.9432175520801865,185,0.0
313.60646,447,16.42372,313.6064599388889,-1.0464352810017539,447,0.0
186.45081,267,16.479858,186.45081047101223,-0.6290235929317922,267,0.0
255.45535,139,16.507884,255.45534965993528,0.9436614376915002,139,0.0
256.843527,152,16.725917,256.8435273478844,0.850699703542878,152,0.0
297.437712,174,16.760146,297.4377120283476,1.0002836138733082,174,0.0
364.395013,203,16.802873,364.39501301770247,1.3046729215188435,203,0.0
415.442739,270,17.053126,415.44273882227503,1.1790620532545069,270,0.0
335.65085,187,17.08889,335.6508498018206,1.2023266765555416,187,0.0
387.494292,264,17.33555,387.4942915364013,1.003022898102706,264,0.0
519.345725,392,17.601992,519.3457245563408,1.0372438077119304,392,0.0
260.773715,158,17.635058,260.7737148151808,0.8344922547631565,158,0.0
257.844824,145,17.663606,257.8448244770297,0.9147530650574766,145,0.0
222.381634,110,17.684123,222.38163369708374,0.9097893280685436,110,0.0
343.822452,210,17.91113,343.82245205142215,1.0841036808632996,210,0.0
260.130339,142,17.940214,260.1303389250223,0.9567454599186157,142,0.0
337.752518,201,18.166977,337.7525175689939,1.1074588315719651,201,0.0
305.908966,181,18.205729,305.9089659415019,1.0121392802971925,181,0.0
276.505434,152,18.236358,276.5054337082439,1.0080779393919814,152,0.0
344.564191,189,18.468806,344.56419107198883,1.257711069944802,189,0.0
364.589459,245,18.519629,364.5894592236485,0.971343172126721,245,0.0
365.524103,247,18.754512,365.524103430824,0.962728245418725,247,0.0
379.566942,219,18.799041,379.5669416554381,1.2983729132331843,219,0.0
332.059996,226,18.849412,332.05999639924147,0.8628627075119798,226,0.0
303.439704,174,19.080079,303.4397040038403,1.0481447836417506,174,0.0
272.060468,149,19.111502,272.06046829358735,0.9965421724578418,149,0.0
440.35723,265,19.362516,440.3572299248264,1.4180296524153686,265,0.0
87.832212,171,19.400198,87.8322121617765,-0.6523963100236588,171,0.0
298.585494,154,19.434064,298.5854943284338,1.1688108409175038,154,0.0
226.863103,117,19.45971,226.86310274527267,0.890074855202872,117,0.0
284.031901,155,19.683517,284.0319008963091,1.0444585122659067,155,0.0
278.756928,160,19.716664,278.75692786766285,0.9623865048033982,160,0.0
64.669861,220,19.763273,64.6698605661373,-1.2285782627478432,220,0.0
376.278107,223,19.996103,376.2781074973826,1.2402864302229688,223,0.0
283.970152,176,20.03482,283.97015223389764,0.8767755860103884,176,0.0
354.198602,216,20.273658,354.1986018226191,1.1195082350952084,216,0.0
380.544856,219,20.321309,380.54485614307976,1.3064164748064733,219,0.0
449.88354,301,20.57673,449.88353973503087,1.2075070550542784,301,0.0
347.346735,185,20.614947,347.34673509877456,1.3119831217799551,185,0.0
391.084028,231,20.662788,391.084027611717,1.294919368232899,231,0.0
381.741027,227,20.897889,381.7410265244257,1.2520886676341783,227,0.0
317.719529,185,20.936024,317.7195291192557,1.0748008491512808,185,0.0
350.241444,192,21.169821,350.2414435161678,1.279258424799465,192,0.0
458.002889,292,21.234164,458.0028893802624,1.3441494913431489,292,0.0
339.6707,207,21.4755,339.67069992542724,1.0750726550168161,207,0.0
273.600582,148,21.506183,273.60058173012976,1.016858567422224,148,0.0
321.065579,184,21.5451,321.06557927653273,1.109498636490205,184,0.0
335.430334,181,21.781358,335.4303339413554,1.2484555972031879,181,0.0
319.228815,188,21.819843,319.22881491388017,1.0629806232032413,188,0.0
295.415288,176,21.856683,295.4152880999536,0.9680495607288899,176,0.0
276.261498,145,22.070018,276.26149780386027,1.062041054318298,145,0.0
367.199648,181,22.10851,367.19964799418017,1.5026387869542748,181,0.0
264.280678,144,22.140443,264.2806784299624,0.9741478991403817,144,0.0
367.483999,197,22.381239,367.48399942583114,1.3774669988355184,197,0.0
390.424217,215,22.426845,390.42421728559947,1.4174104605411142,215,0.0
414.383416,265,22.668796,414.383416443757,1.210726368176164,265,0.0
376.244733,209,22.712382,376.24473264986966,1.3517632839138687,209,0.0
268.900475,135,22.74224,268.9004751848774,1.082972592069597,135,0.0
368.626061,205,22.983961,368.6260608136222,1.3229452504363177,205,0.0
320.261347,166,23.017277,320.26134732745146,1.2467054139418552,166,0.0
343.763478,215,23.062601,343.7634780369704,1.0443892817786022,215,0.0
352.045531,188,23.2958,352.04553097520557,1.3258237609625123,188,0.0
294.222996,141,23.325907,294.22299556990066,1.2376943590499025,141,0.0
295.932386,182,23.363486,295.9323856261274,0.9245633524683817,182,0.0
270.765828,138,23.576287,270.76582830593185,1.0740170681920427,138,0.0
358.207849,193,23.615973,358.2078489930374,1.3350025630786104,193,0.0
373.515445,207,23.658299,373.5154445397067,1.3459654496203974,207,0.0
439.001913,258,23.902578,439.00191304143164,1.4636364968612503,258,0.0
301.845636,160,23.937412,301.84563555753607,1.1470579826570164,160,0.0
340.650089,179,24.164317,340.6500887749522,1.3061293630104824,179,0.0
367.450307,208,24.209451,367.45030739743726,1.2893626954381183,208,0.0
355.44589,189,24.251354,355.44588971092327,1.344836529584673,189,0.0
413.436035,251,24.504925,413.4360354008577,1.3145044984823686,251,0.0
333.906741,187,24.546631,333.9067407825743,1.1885527090581227,187,0.0
383.386744,235,24.789397,383.3867442988125,1.201677882532243,235,0.0
338.480933,173,24.826422,338.4809328484244,1.3366658145516253,173,0.0
376.481695,211,24.876085,376.4816950425269,1.3376605227085265,211,0.0
384.594353,210,25.112145,384.5943534654968,1.410685905651325,210,0.0
321.836785,196,25.15181,321.8367853732435,1.0201619451676525,196,0.0
341.406999,176,25.370167,341.40699853475246,1.3360862299786547,176,0.0
382.804745,200,25.412598,382.8047454698355,1.476224861381198,200,0.0
337.826011,187,25.450705,337.8260105740747,1.2196821599501186,187,0.0
440.06728,277,25.698209,440.06727958615966,1.3203302155006553,277,0.0
361.39942,200,25.740173,361.3994200878462,1.3046888563663956,200,0.0
375.35839,196,25.974584,375.35839016640773,1.4482334536820265,196,0.0
319.772822,170,26.012787,319.7728220801306,1.2108715061643878,170,0.0
272.359882,143,26.043142,272.35988223446236,1.047029960419847,143,0.0
357.204324,190,26.28459,357.20432375883894,1.3508861435316677,190,0.0
343.23926,184,26.323533,343.23925975349624,1.287036177452683,184,0.0
297.34478,150,26.354697,297.34478017401307,1.1910114005993964,150,0.0
399.60748,219,26.591101,399.6074804043286,1.4591575574196003,219,0.0
314.76692,152,26.625281,314.7669203267883,1.3144853686461107,152,0.0
376.237622,192,26.666335,376.2376221970573,1.4872071268421874,192,0.0
317.932881,158,26.884273,317.93288074556017,1.291689643678254,158,0.0
293.448614,140,26.915665,293.44861427625216,1.2394396746410459,140,0.0
325.804328,165,26.989419,325.804328218622,1.2990024107885205,165,0.0
314.400897,152,27.221973,314.4008970043626,1.3114075440090178,152,0.0
338.869431,191,27.26489,338.8694311285897,1.1963747096965875,191,0.0
290.365528,157,27.299655,290.36552797410843,1.0792021651343793,157,0.0
365.591196,201,27.545878,365.59119607380484,1.3304939886071074,201,0.0
319.193089,158,27.580078,319.19308909010596,1.301822088651767,158,0.0
323.143296,172,27.617524,323.14329582879395,1.2219902863229133,172,0.0
422.443274,231,27.859985,422.4432744924752,1.5461619129764517,231,0.0
319.698291,152,27.891208,319.6982913173825,1.3537474510962861,152,0.0
331.965992,179,27.929646,331.9659919588352,1.2367947420215162,179,0.0
392.691097,211,28.163642,392.6910967908818,1.4675101923965066,211,0.0
333.169792,168,28.200598,333.1697916093944,1.3339492959105117,168,0.0
386.689559,208,28.439023,386.68955947688806,1.4434398434113347,208,0.0
353.349261,161,28.474846,353.3492606077312,1.5514836394032214,161,0.0
348.86486,179,28.51284,348.8648598934088,1.37175858767389,179,0.0
353.50343,202,28.739387,353.50343010578115,1.2258291994657406,202,0.0
364.547805,205,28.781533,364.54780457816594,1.2901299716044614,205,0.0
346.542367,170,28.817068,346.5423670023895,1.424922901441702,170,0.0
342.455539,178,29.052241,342.45553916410086,1.3286562988150143,178,0.0
366.104139,191,29.093412,366.1041394914418,1.4143883065985796,191,0.0
334.350495,160,29.125435,334.3504953841906,1.4073467734246479,160,0.0
316.447185,163,29.344465,316.447184604535,1.2400615994348232,163,0.0
372.475263,183,29.382235,372.4752629870542,1.5288484390729973,183,0.0
323.522702,177,29.419276,323.52270212960053,1.1850331735092852,177,0.0
400.90369,228,29.662606,400.90368971650065,1.3978862822555977,228,0.0
319.188145,144,29.693716,319.188145355713,1.4135047786024992,144,0.0
360.03528,192,29.930471,360.03528004509553,1.3578323355743425,192,0.0
255.171906,136,29.960059,255.1719057931549,0.9653378733156128,136,0.0
361.092937,188,29.999706,361.0929373690833,1.3979313035254164,188,0.0
330.597506,155,30.030582,330.59750647667795,1.4171115373749836,155,0.0
297.001543,162,30.249875,297.0015427222812,1.0924287272677662,162,0.0
367.438951,194,30.291941,367.4389510548207,1.401009046657012,194,0.0
365.8458,203,30.52907,365.845799560822,1.316705868899268,203,0.0
358.973325,171,30.563999,358.973325460479,1.5165062078742728,171,0.0
404.834737,228,30.610512,404.8347366520646,1.4292418147863621,228,0.0
299.825778,149,30.828149,299.8257777147426,1.2188905805295076,149,0.0
404.876235,216,30.875369,404.8762353544423,1.5251444409017971,216,0.0
382.024712,201,30.916401,382.024712161633,1.4618490234120303,201,0.0
479.314223,301,31.165535,479.31422304601944,1.4433529619929422,301,0.0
376.571339,204,31.207061,376.5713388263038,1.3946385561756984,204,0.0
379.103266,188,31.431989,379.10326610569075,1.5422283464879307,188,0.0
404.825564,207,31.474871,404.8255636880813,1.5965832315470538,207,0.0
464.448716,324,31.729967,464.44871640604447,1.141191298556773,324,0.0
373.098239,215,31.775251,373.09823882077467,1.2790583417311785,215,0.0
363.655948,187,31.999318,363.6559479208529,1.4265930306873158,187,0.0
335.635007,174,32.035356,335.63500738680085,1.306105934529617,174,0.0
353.185357,182,32.073585,353.18535718058695,1.3826022791400545,182,0.0
349.699585,157,32.289971,349.69958462732393,1.5540710435158394,157,0.0
416.856817,211,32.33355,416.8568172357496,1.6608715288549551,211,0.0
310.39414,138,32.361277,310.3941395764449,1.3908708321857544,138,0.0
394.224164,205,32.594051,394.2241639175457,1.5276199292583426,205,0.0
393.126186,232,32.643114,393.1261857398729,1.3040446775164016,232,0.0
343.381906,201,32.871381,343.3819058243784,1.1528060892705954,201,0.0
386.637694,198,32.911672,386.63769426906634,1.5230230224476866,198,0.0
321.839108,157,32.944324,321.8391077568064,1.3311123134555354,157,0.0
363.147879,184,33.173073,363.1478794869498,1.4465399942681163,184,0.0
315.213305,160,33.206655,315.2133048553357,1.2542388992546956,160,0.0
355.47604,178,33.241438,355.4760401046334,1.432758169272887,178,0.0
341.862306,166,33.456112,341.86230639585034,1.4196858375292443,166,0.0
329.025874,157,33.4873,329.02587383943956,1.388657442866293,157,0.0
331.589528,161,33.520049,331.5895282602636,1.3771570776182225,161,0.0
391.068031,190,33.748531,391.0680311508345,1.6219121916199912,190,0.0
281.846035,140,33.776396,281.8460347561668,1.1467121171374175,140,0.0
337.522137,178,33.813532,337.5221369075953,1.2891365605465275,178,0.0
390.039316,205,34.040961,390.0393157562948,1.4941521070308608,205,0.0
425.575218,253,34.093283,425.5752180816474,1.3958553048167242,253,0.0
343.256298,164,34.126229,343.2562979176721,1.4466843246872243,164,0.0
362.558735,172,34.342176,362.5587347490241,1.537323296284672,172,0.0
304.570263,156,34.37506,304.5702627695951,1.201021508832532,156,0.0
359.401278,183,34.413009,359.40127823652307,1.4244956924942551,183,0.0
315.859609,158,34.637971,315.85960911323235,1.275304809036062,158,0.0
349.444402,155,34.671858,349.4444018892354,1.567817455706216,155,0.0
293.883601,155,34.705111,293.88360149700975,1.1235992101721521,155,0.0
378.914342,203,34.945878,378.914342290753,1.421187087195475,203,0.0
316.241589,155,34.977646,316.24158864793304,1.3023526003741799,155,0.0
326.57041,153,35.009247,326.5704099041034,1.4008834452916654,153,0.0
378.023289,185,35.259612,378.02328872342173,1.5573855681288291,185,0.0
345.847616,173,35.295318,345.8476163349568,1.395643172454452,173,0.0
345.651503,174,35.332092,345.6515032834893,1.3862223511591039,174,0.0
328.205284,166,35.559837,328.2052840806601,1.3104900250822764,166,0.0
381.387052,205,35.602169,381.3870515698213,1.4248936873492746,205,0.0
306.613962,149,35.631511,306.6139623762312,1.2730307372834306,149,0.0
324.226939,162,35.860748,324.22693908235016,1.3104719333599848,162,0.0
124.702837,231,35.912175,124.70283665977976,-0.8352786866949241,231,0.0
336.766194,180,35.947787,336.7661936195112,1.2672824851450597,180,0.0
356.879745,182,36.175312,356.87974537739836,1.4120927199474222,182,0.0
369.097872,191,36.216244,369.0978717621329,1.4384068296920758,191,0.0
373.55071,196,36.43595,373.550710385637,1.4341181867506894,196,0.0
330.948507,171,36.472139,330.9485071857707,1.2924777600628434,171,0.0
365.888031,178,36.509116,365.888030960269,1.5162692439494472,178,0.0
343.778029,173,36.73381,343.7780288782465,1.3791296894688394,173,0.0
396.002827,207,36.779572,396.00282741982096,1.5260817570843055,207,0.0
387.507685,200,36.821415,387.5076847139415,1.5137623568499619,200,0.0
393.7852,218,37.053825,393.7852002649549,1.4206159136365955,218,0.0
356.54763,186,37.089685,356.54762992863283,1.3776453866330693,186,0.0
374.373189,186,37.314889,374.37318933804715,1.5202345421651915,186,0.0
397.288447,224,37.361073,397.28844696293845,1.4007365655330033,224,0.0
322.887232,160,37.395343,322.88723192984816,1.3157955308075344,160,0.0
419.58879,216,37.637723,419.5887903974492,1.6426730620250916,216,0.0
335.498917,168,37.673111,335.49891718786995,1.3526744669439532,168,0.0
344.546105,163,37.70795,344.5461049770535,1.4647900286458957,163,0.0
360.670842,189,37.941612,360.6708419264989,1.3868021452330934,189,0.0
388.463462,196,37.982754,388.4634622816271,1.5532141008340146,196,0.0
359.630677,187,38.221241,359.6306772087857,1.3943112431216387,187,0.0
361.15533,179,38.261099,361.1553303069326,1.470268664093415,179,0.0
363.336629,174,38.299279,363.33662931222324,1.5275492164727742,174,0.0
343.202454,173,38.52758,343.20245378547713,1.374569837847865,173,0.0
388.519114,198,38.570094,388.5191140691784,1.5377296635215432,198,0.0
383.047214,204,38.614835,383.0472143894261,1.4462281754160957,204,0.0
397.105174,199,38.850443,397.1051738941096,1.5984774414740404,199,0.0
329.222708,159,38.884271,329.2227077012042,1.3742377183702568,159,0.0
424.11675,237,38.93434,424.11675023000765,1.5118496814191984,237,0.0
328.967374,182,39.160195,328.96737426318947,1.1892224502449689,182,0.0
349.623079,180,39.196933,349.6230788204663,1.369976498740227,180,0.0
416.499261,212,39.442821,416.49926130606195,1.650286622751867,212,0.0
360.536851,173,39.480193,360.53685127843016,1.5132145930662262,173,0.0
395.258482,211,39.523934,395.25848199258087,1.4878748258242644,211,0.0
511.846663,316,39.776099,511.8466632237472,1.5841183412302675,316,0.0
447.739414,252,39.827268,447.7394135523523,1.5813038943420588,252,0.0
386.278528,207,40.055073,386.27852794473927,1.448376694981806,207,0.0
370.362047,177,40.093366,370.36204682595456,1.5598632884753794,177,0.0
377.328898,210,40.320618,377.32889796573795,1.352814500934566,210,0.0
387.591337,180,40.356087,387.5913365667171,1.6738856090083323,180,0.0
341.108744,176,40.392492,341.10874404281896,1.3338973613936327,176,0.0
402.969919,202,40.617359,402.9699186981154,1.6214698446303317,202,0.0
361.804377,179,40.654588,361.8043772570213,1.4754677747163056,179,0.0
367.313797,189,40.692464,367.3137968790296,1.439983068132808,189,0.0
403.659505,204,40.92161,403.65950478281474,1.6111958747571247,204,0.0
423.215612,217,40.96618,423.21561151889097,1.6641192377347538,217,0.0
396.847357,197,41.187456,396.84735651371165,1.6124793406444495,197,0.0
364.886346,179,41.224973,364.8863464058133,1.5002536608502657,179,0.0
327.092525,171,41.260966,327.09252520733014,1.261673260980358,171,0.0
383.73354,192,41.490097,383.7335400170459,1.5474276268622267,192,0.0
360.551086,178,41.52836,360.55108562687036,1.473442902616604,178,0.0
358.468473,184,41.570062,358.4684725159559,1.4091186640013105,184,0.0
315.284437,148,41.794831,315.28443721911043,1.3505202659246875,148,0.0
411.155503,209,41.836596,411.15550312153624,1.6314391080335249,209,0.0
316.406355,158,41.869795,316.40635499733946,1.2799515186902402,158,0.0
349.561069,174,42.104915,349.5610690495558,1.4174059162896868,174,0.0
347.708821,170,42.141511,347.7088205796905,1.4346261759875365,170,0.0
346.399452,169,42.177792,346.39945152276414,1.4319645752182393,169,0.0
372.299773,194,42.403051,372.299772506379,1.4399623871522735,194,0.0
331.882192,166,42.438171,331.88219226687585,1.3398378656553398,166,0.0
345.310165,170,42.47339,345.3101646140721,1.4153742489774066,170,0.0
380.228806,184,42.709134,380.2288058400902,1.583017409358306,184,0.0
428.906247,212,42.755978,428.90624682702185,1.74935872889061,212,0.0
366.981266,196,42.985805,366.9812662858977,1.3815665108251352,196,0.0
371.72566,196,43.029295,371.72565985264555,1.4194188529320673,196,0.0
362.56465,194,43.071634,362.5646501363358,1.3621329266496356,194,0.0
394.076099,212,43.303056,394.07609857927764,1.4707640409740073,212,0.0
374.797292,199,43.344643,374.7972924765123,1.4201890761767841,199,0.0
315.526195,152,43.376329,315.52619451149917,1.3205474211382184,152,0.0
325.692168,166,43.607035,325.6921684797615,1.2902182930142574,166,0.0
405.228602,222,43.65669,405.2286016800491,1.4803470326058958,222,0.0
349.81253,195,43.909886,349.81252979424346,1.2520607021684764,195,0.0
366.205109,197,43.952241,366.2051090089815,1.3675609197052019,197,0.0
391.270397,214,43.999287,391.2703966882727,1.43256476640064,214,0.0
360.740118,157,44.218353,360.74011808158207,1.6423112680121754,157,0.0
396.478135,199,44.263321,396.4781353515952,1.5935873099209987,199,0.0
378.740435,195,44.307477,378.740434928984,1.4835406032843566,195,0.0
350.470708,163,44.531974,350.4707081985352,1.5123373609071917,163,0.0
341.333419,164,44.56631,341.3334190419526,1.4313547866205687,164,0.0
378.923964,189,44.60731,378.9239642317358,1.5327785717201952,189,0.0
377.462296,186,44.843569,377.462296270201,1.5451994882832767,186,0.0
358.811959,164,44.878746,358.81195887902425,1.5712831513362115,164,0.0
356.040247,175,45.117019,356.0402466116561,1.4613265939873405,175,0.0
373.041359,184,45.157766,373.0413590016195,1.525644123992605,184,0.0
356.563443,172,45.194757,356.56344295549087,1.4893993719257321,172,0.0
383.089693,174,45.423404,383.08969314335405,1.6858989961061253,174,0.0
403.747437,224,45.472223,403.7474371135279,1.4525989917859785,224,0.0
374.420972,180,45.509607,374.4209723110029,1.5685519298781245,180,0.0
325.653566,155,45.726445,325.6535657408853,1.3775358170473742,155,0.0
324.800047,154,45.75798,324.8000472785047,1.378673422943673,154,0.0
408.159214,218,45.802199,408.1592139151738,1.5355080528906355,218,0.0
372.849041,194,46.041331,372.8490406285513,1.4444771929748412,194,0.0
386.495397,177,46.080465,386.4953974251811,1.688897822613223,177,0.0
402.095923,208,46.122534,402.09592307128463,1.5669494925618177,208,0.0
359.796669,196,46.354095,359.79666863667444,1.3241847378353404,196,0.0
382.867575,206,46.400002,382.86757484517466,1.4289819820017682,206,0.0
347.573157,161,46.620614,347.57315662606436,1.5051250008427197,161,0.0
348.551563,176,46.659029,348.5515634215829,1.3934209114888096,176,0.0
344.786193,162,46.694072,344.7861929473305,1.4749961919125738,162,0.0
315.073201,150,46.920049,315.0732010617892,1.3329233228544095,150,0.0
350.035694,176,46.955815,350.03569397186124,1.4055171943890081,176,0.0
322.440538,145,46.983688,322.4405383653326,1.431620996032352,145,0.0
418.606377,211,47.214639,418.60637715662364,1.6750714360312382,211,0.0
333.022735,162,47.247092,333.0227353575287,1.3810923755803133,162,0.0
354.719116,170,47.285278,354.7191156497404,1.49063743640981,170,0.0
367.373628,177,47.513032,367.3736284454571,1.5360572695249552,177,0.0
341.025304,171,47.550394,341.02530369684854,1.3730349539265623,171,0.0
337.12209,185,47.590785,337.12208980303393,1.2300340217160188,185,0.0
380.715151,195,47.829305,380.7151513528126,1.499434424241111,195,0.0
356.067553,181,47.867254,356.0675533651212,1.4135814679226482,181,0.0
396.399592,200,47.90764,396.3995921380255,1.5850488938103597,200,0.0
393.451146,195,48.144374,393.4511461944619,1.6012611359626594,195,0.0
394.459231,211,48.189629,394.45923067063217,1.4819607288878138,211,0.0
406.584809,194,48.41423,406.5848091045999,1.714311377629003,194,0.0
390.01477,201,48.456298,390.01477039846594,1.52573188715495,201,0.0
299.455544,146,48.485917,299.45554417062675,1.2398036061306037,146,0.0
319.32352,148,48.709578,319.32351991814176,1.3826350226803177,148,0.0
276.903287,136,48.736548,276.903287170424,1.1390094063763827,136,0.0
373.478428,192,48.77627,373.47842824494495,1.4654141488210697,192,0.0
363.476857,199,49.017443,363.47685708938684,1.3297790036094983,199,0.0
365.927821,186,49.058336,365.92782138842784,1.4527442934761334,186,0.0
357.456576,187,49.099606,357.45657623951917,1.3767597545685533,187,0.0
382.082225,187,49.326659,382.0822250250525,1.5740737205883735,187,0.0
417.299019,223,49.374752,417.2990185368897,1.5689259879106445,223,0.0
371.89021,184,49.412851,371.8902100864142,1.51638175857853,184,0.0
420.477914,205,49.637834,420.4779138313179,1.7377345196426677,205,0.0
280.901599,145,49.669503,280.9015991341693,1.0992895464423047,145,0.0
418.759458,240,49.912952,418.75945820139515,1.445212320894786,240,0.0
429.502893,234,49.962324,429.50289301418786,1.5790141878897754,234,0.0
426.318991,197,50.001199,426.31899132433125,1.8484663898157148,197,0.0
516.136269,314,50.260185,516.1362692605244,1.6347945942746533,314,0.0
316.534543,147,50.290281,316.53454283190536,1.3686310832423056,147,0.0
409.732389,191,50.525362,409.73238882646154,1.7634347124688476,191,0.0
361.335065,165,50.560868,361.33506498786664,1.5834308189478186,165,0.0
384.557632,192,50.603361,384.55763222546017,1.5541372392108606,192,0.0
386.377033,185,50.837009,386.37703306260596,1.6244231309977426,185,0.0
360.56531,175,50.873268,360.5653101248169,1.4975096084395167,175,0.0
340.355785,155,50.906047,340.3557845070294,1.4955241113172195,155,0.0
341.527318,164,51.130385,341.5273177013896,1.432794612523299,164,0.0
327.831449,149,51.160615,327.8314486325167,1.442815435064422,149,0.0
397.644273,192,51.198779,397.6442731723116,1.658823865108925,192,0.0
288.077667,139,51.413137,288.0776674671895,1.2045234318227347,139,0.0
394.964843,190,51.453489,394.96484267479997,1.653373765102681,190,0.0
414.396643,200,51.49504,414.39664340699414,1.7289790817922237,200,0.0
440.488729,235,51.734685,440.4887291554582,1.6588689330700679,235,0.0
372.493261,172,51.772072,372.4932614947707,1.616810669677177,172,0.0
353.399871,181,52.007807,353.39987148672174,1.3924599059076468,181,0.0
406.482003,198,52.049419,406.4820026219427,1.6818458757434616,198,0.0
424.21333,232,52.099428,424.213329876422,1.5527659632647268,232,0.0
399.102504,193,52.329569,399.1025042583691,1.6623717103333133,193,0.0
340.977252,166,52.364567,340.977252102095,1.4126441509340797,166,0.0
336.779514,166,52.398664,336.7795138361012,1.378923719308961,166,0.0
350.211087,173,52.622703,350.2110867679544,1.4308003371115448,173,0.0
353.567568,187,52.663665,353.567567858136,1.3461008734138764,187,0.0
377.872397,191,52.893779,377.87239709620843,1.5088095270424886,191,0.0
360.975798,174,52.929996,360.97579802959143,1.5087760000319157,174,0.0
412.028754,211,52.97405,412.0287536903684,1.6224070820836747,211,0.0
376.497114,189,53.19767,376.49711394438566,1.5135767604792882,189,0.0
273.643639,135,53.226735,273.6436388678946,1.121116841160769,135,0.0
361.09108,157,53.259926,361.0910795273849,1.6453027172292642,157,0.0
398.350434,196,53.49437,398.35043381895883,1.632554127357603,196,0.0
349.999811,157,53.529218,349.99981083527393,1.5566177688020992,157,0.0
354.264409,176,53.568575,354.26440907574096,1.43930274728513,176,0.0
336.811603,162,53.79085,336.81160263805475,1.4110134192780446,162,0.0
352.680714,174,53.824948,352.6807141602086,1.4424484285624122,174,0.0
371.393129,179,53.862809,371.393128727705,1.5523529740173578,179,0.0
374.115619,201,54.091467,374.11561851492417,1.3990341214889885,201,0.0
385.54416,194,54.131873,385.54416035159096,1.5460631598240928,194,0.0
345.001836,150,54.163028,345.0018357816677,1.572292274501595,150,0.0
296.443194,137,54.380522,296.4431942517882,1.28743159181756,137,0.0
371.313183,173,54.417825,371.31318303267676,1.5996388677684767,173,0.0
387.908442,197,54.460976,387.9084415293283,1.5410198839964202,197,0.0
371.95808,194,54.688089,371.95808032435053,1.4373159231450905,194,0.0
319.560411,158,54.720469,319.5604109555158,1.3050673829890063,158,0.0
383.089903,193,54.761919,383.0899026875914,1.5343749901978796,193,0.0
359.53218,176,54.980915,359.5321801933985,1.4811954119989656,176,0.0
326.653049,146,55.010509,326.6530488433823,1.4574598640576333,146,0.0
369.261984,182,55.047028,369.26198377817457,1.5114274998145967,182,0.0
383.222084,178,55.268681,383.2220840198303,1.6548474037565954,178,0.0
397.60483,182,55.306871,397.6048302735232,1.7381946927749794,182,0.0
432.325017,214,55.352634,432.32501656818636,1.7609614570755865,214,0.0
397.603148,179,55.583163,397.6031480452031,1.761937512177822,179,0.0
388.616961,186,55.621646,388.61696143253397,1.634407999013786,186,0.0
350.251387,181,55.849469,350.25138678431455,1.3673536968960482,181,0.0
261.970122,123,55.87455,261.97012158619066,1.123234620821583,123,0.0
417.992769,222,55.919379,417.99276851320644,1.582619142709711,222,0.0
429.389484,227,56.147162,429.38948384051037,1.6339060103796677,227,0.0
410.091079,212,56.191599,410.09107923686133,1.5990570404318414,212,0.0
349.886591,150,56.222866,349.88659137919075,1.6114384204950918,150,0.0
384.486745,185,56.449519,384.4867454215709,1.609279541495489,185,0.0
342.665408,173,56.483576,342.66540805780227,1.3705297018755336,173,0.0
279.732013,134,56.510081,279.73201254577293,1.1776757026572826,134,0.0
368.025105,165,56.727249,368.02510540781907,1.636992705425315,165,0.0
386.472462,200,56.770205,386.4724618899064,1.5056855252210615,200,0.0
315.762472,160,56.804586,315.76247176346055,1.2588416472220563,160,0.0
439.228009,246,57.037126,439.2280086722981,1.5613021350325573,246,0.0
386.349235,181,57.074271,386.349235153526,1.6561204713834596,181,0.0
381.587182,183,57.29252,381.5871819385781,1.6020222471496013,183,0.0
349.911581,160,57.324664,349.9115806265157,1.5320199455051717,160,0.0
374.148725,172,57.360712,374.14872536103326,1.6303847197708168,172,0.0
269.538773,120,57.384367,269.53877339669356,1.207834902029025,120,0.0
411.165455,193,57.618046,411.1654546206139,1.7590885799937113,193,0.0
395.890136,190,57.658061,395.89013565298313,1.6606670923224962,190,0.0
399.213284,181,57.893685,399.21328385124207,1.758890679534245,181,0.0
361.101979,172,57.931312,361.1019794105438,1.526014975938297,172,0.0
348.394537,172,57.968338,348.39453650996245,1.4242414729881399,172,0.0
414.721567,204,58.211838,414.72156695942266,1.6998866235308245,204,0.0
385.435022,176,58.248151,385.4350223652139,1.6887918806720956,176,0.0
483.117712,276,58.491721,483.11771163219436,1.673363767477933,276,0.0
380.747472,182,58.52963,380.74747157919643,1.6034310724704302,182,0.0
293.248612,138,58.557938,293.24861207331975,1.2538776887241734,138,0.0
367.750531,164,58.592779,367.7505308548424,1.6426562265123927,164,0.0
427.236979,229,58.842864,427.2369792801374,1.600779705855566,229,0.0
382.428875,190,58.885698,382.42887483209176,1.5530292049914816,190,0.0
285.882728,138,59.108263,285.88272799090305,1.1951124157806714,138,0.0
271.501759,126,59.135212,271.50175866775,1.1754842382920359,126,0.0
381.856552,171,59.171784,381.85655189418287,1.699783237375489,171,0.0
373.100185,189,59.214718,373.1001854999628,1.4860917608092967,189,0.0
335.560067,154,59.455111,335.5600674952918,1.4647503530757144,154,0.0
404.148147,200,59.499187,404.1481467587893,1.6472049213750437,200,0.0
443.162213,216,59.746875,443.16221347645876,1.8316832437265875,216,0.0
369.69361,180,59.786033,369.69361004844217,1.5305004346105002,180,0.0
381.156579,185,59.825836,381.15657869409483,1.5828778806866857,185,0.0
322.908543,137,60.052504,322.90854338779303,1.499198216499422,137,0.0
386.106869,187,60.09436,386.106869075966,1.6063013376886555,187,0.0
398.757628,194,60.134763,398.75762828150675,1.6517228621297435,194,0.0
392.857223,198,60.380078,392.85722273099697,1.5729450722197442,198,0.0
424.512759,204,60.423885,424.5127591273482,1.7780380417000248,204,0.0
305.762482,146,60.455781,305.76248246740505,1.2902862783880487,146,0.0
400.419051,192,60.699311,400.41905052778543,1.6811202240515681,192,0.0
417.669281,194,60.741186,417.6692814945458,1.8031085741948656,194,0.0
373.635251,173,60.778916,373.63525129349176,1.6180519771767576,173,0.0
410.26884,188,61.011729,410.2688396505155,1.7917048284277917,188,0.0
322.038946,141,61.041817,322.0389464701606,1.4602770123810227,141,0.0
334.651828,154,61.072594,334.6518278606652,1.4575374459245776,154,0.0
311.005837,139,61.290044,311.0058365360712,1.388051438719124,139,0.0
360.749202,159,61.324126,360.74920189407453,1.6265578517246082,159,0.0
382.136945,183,61.365162,382.1369453411171,1.6064507541962671,183,0.0
378.353066,175,61.601335,378.35306615270207,1.63986125866171,175,0.0
402.560294,195,61.644288,402.56029362872044,1.6742783199530302,195,0.0
553.467564,331,61.915228,553.4675638911592,1.798023336207155,331,0.0
386.272873,179,61.95602,386.27287330135664,1.671461313138304,179,0.0
407.653383,180,61.994884,407.65338297802697,1.8344770109449993,180,0.0
331.176186,153,62.22933,331.1761862463558,1.437963391711198,153,0.0
353.92568,153,62.261538,353.92567967673244,1.6197595999038563,153,0.0
400.046436,185,62.301446,400.04643649345593,1.733811915410189,185,0.0
367.150043,184,62.533226,367.1500428481639,1.4785078553396505,184,0.0
357.502002,192,62.574522,357.50200180282445,1.3379299774852842,192,0.0
369.245643,178,62.614466,369.2456425110607,1.5431979308291568,178,0.0
372.267687,169,62.839916,372.2676868980676,1.6391701477920044,169,0.0
382.481843,184,62.877476,382.48184309483486,1.6013313443458048,184,0.0
343.45332,156,62.91032,343.45331967457753,1.5123604325581226,156,0.0
433.048164,212,63.145382,433.0481636594708,1.7824518789388855,212,0.0
454.455103,209,63.187369,454.45510314140193,1.9779489398768697,209,0.0
333.710322,143,63.409402,333.7103219291591,1.5378424777190558,143,0.0
260.86991,120,63.434747,260.8699102665513,1.1382040557340574,120,0.0
385.080914,173,63.472039,385.0809143639276,1.7096971671960244,173,0.0
331.065282,143,63.50203,331.06528177037256,1.516504392423247,143,0.0
352.843614,154,63.730574,352.84361368189985,1.6032602260396216,154,0.0
534.619575,326,63.799395,534.6195745539927,1.687160545286412,326,0.0
383.166403,180,64.023697,383.1664030926401,1.638710099521034,180,0.0
357.022792,164,64.059413,357.02279206031324,1.557116298002477,164,0.0
416.162386,186,64.09824,416.16238636595034,1.8549087814187106,186,0.0
364.798386,156,64.319518,364.7983855422212,1.6830560705204285,156,0.0
371.086406,160,64.355156,371.0864062000148,1.7013895596801016,160,0.0
380.22502,191,64.400106,380.2250201788882,1.5275422158255514,191,0.0
414.322735,208,64.633184,414.3227347495371,1.664565325351515,208,0.0
401.45317,188,64.672686,401.4531695889938,1.721368469507005,188,0.0
383.905355,165,64.707626,383.9053551942129,1.7640598224017925,165,0.0
398.482127,191,64.946475,398.48212701008305,1.6736596599637072,191,0.0
325.43799,152,64.97858,325.43798982883425,1.3998968268340897,152,0.0
353.582451,176,65.015416,353.5824512788392,1.433904671625472,176,0.0
388.195558,170,65.249978,388.19555775866064,1.7586594315963813,170,0.0
405.512274,192,65.290304,405.51227446515674,1.7220203359768234,192,0.0
318.001655,138,65.318989,318.0016545607008,1.4520645803466408,138,0.0
384.618932,174,65.551338,384.61893167639334,1.6979956461369414,174,0.0
435.723836,196,65.592541,435.72383622619304,1.9314050875220627,196,0.0
423.89216,208,65.827974,423.89215992939864,1.741486441366502,208,0.0
331.745164,144,65.857862,331.7451642900893,1.5141876362489166,144,0.0
394.920703,170,65.893425,394.92070317271794,1.812385026195361,170,0.0
420.159955,198,66.128589,420.1599549700688,1.7912356962292069,198,0.0
401.141298,186,66.167201,401.14129760876176,1.734621766307175,186,0.0
407.22674,193,66.210578,407.22674021644184,1.7276974978592325,193,0.0
354.93719,157,66.432741,354.9371904692796,1.595992625571189,157,0.0
364.512198,160,66.466611,364.51219783963603,1.648817570625466,160,0.0
351.307445,152,66.500052,351.3074450492485,1.6067906869814543,152,0.0
300.201017,130,66.717664,300.2010166850034,1.3733742823275557,130,0.0
312.064571,141,66.746061,312.06457116039087,1.3805747149114393,141,0.0
390.116807,174,66.782868,390.1168066153514,1.7419820675587105,174,0.0
454.031729,247,67.029931,454.03172911576087,1.6717217463665173,247,0.0
358.051138,168,67.06449,358.0511381631029,1.533314337413952,168,0.0
404.695677,182,67.103675,404.69567683506745,1.7948436195388433,182,0.0
379.430322,179,67.335243,379.4303216434466,1.6168074555669258,179,0.0
366.817395,162,67.370595,366.81739504826226,1.6511850877757157,162,0.0
370.267311,156,67.404796,370.26731100221315,1.7266913537352657,156,0.0
371.554049,178,67.635851,371.55404937199506,1.5614015738248612,178,0.0
335.737124,144,67.665506,335.7371243148666,1.5458074226373593,144,0.0
283.715974,140,67.693073,283.7159742030164,1.1618707071938277,140,0.0
313.310408,134,67.722743,313.3104076628605,1.4463215322478942,134,0.0
354.545192,141,67.949406,354.54519156787677,1.7205210003547102,141,0.0
351.162738,173,67.989208,351.1627384602551,1.438422859021876,173,0.0
359.86422,168,68.02495,359.8642198686638,1.54787503069912,168,0.0
431.684313,196,68.260772,431.68431338413023,1.8993835301786721,196,0.0
396.280709,195,68.301753,396.28070888297134,1.624188813238517,195,0.0
308.209668,141,68.331505,308.20966842779694,1.3495423878354804,141,0.0
361.658265,162,68.562244,361.65826520541566,1.609929492077055,162,0.0
354.134765,150,68.595211,354.1347651572885,1.6452766519611608,150,0.0
431.0801,188,68.637987,431.08010037266814,1.9582255921941394,188,0.0
364.086399,165,68.880521,364.08639873509037,1.6057115180913895,165,0.0
410.768403,173,68.918859,410.7684028263193,1.9152466040247955,173,0.0
422.158505,176,68.956737,422.1585050447076,1.982360307108184,176,0.0
359.531084,152,69.183139,359.531083526283,1.6727624453889771,152,0.0
368.028081,169,69.220724,368.02808093072065,1.6054529395505532,169,0.0
417.707036,181,69.25987,417.7070360107458,1.907143523097966,181,0.0
443.064856,231,69.506827,443.0648557762744,1.711729969836177,231,0.0
369.220686,165,69.542791,369.22068590675525,1.646490416900631,165,0.0
333.912542,155,69.577813,333.9125419288847,1.4439972754880581,155,0.0
470.769124,221,69.830487,470.76912419228063,2.0128902650985996,221,0.0
364.789074,171,69.866366,364.78907430869805,1.563413215034591,171,0.0
383.029567,183,70.103291,383.0295673387299,1.613839745450531,183,0.0
424.480908,177,70.141719,424.4809084753318,1.9930617249257279,177,0.0
423.886655,193,70.183618,423.8866546506294,1.860807242548651,193,0.0
428.291354,198,70.422104,428.29135429392886,1.856328200735104,198,0.0
441.682695,194,70.464666,441.682695227197,1.9954108257753695,194,0.0
415.997551,197,70.507103,415.99755120118766,1.7661560509641419,197,0.0
386.807156,172,70.74119,386.8071562976913,1.7316407405917429,172,0.0
75.580562,179,70.782244,75.58056207682911,-0.8138876654300305,179,0.0
363.608751,188,70.823522,363.60875093629176,1.4186786814686512,188,0.0
303.836604,136,71.055425,303.8366039182345,1.354695926995991,136,0.0
389.905883,158,71.089203,389.90588311372983,1.8677967565454874,158,0.0
470.62201,219,71.135491,470.6220099611907,2.0277665396730438,219,0.0
313.455384,138,71.36477,313.45538417389344,1.4155759767479972,138,0.0
384.416177,178,71.402304,384.41617680406296,1.6647969116332098,178,0.0
368.856742,174,71.4404,368.8567423188537,1.5720368675842424,174,0.0
438.024698,202,71.678424,438.0246975295803,1.9022862179369473,202,0.0
403.019024,193,71.719783,403.0190237398504,1.6939762580404136,193,0.0
415.137908,195,71.95848,415.1379077921844,1.7751929636957042,195,0.0
355.110686,152,71.990944,355.1106861582267,1.6374190675303408,152,0.0
380.527946,165,72.028953,380.52794627812773,1.737251203987474,165,0.0
444.99785,194,72.268962,444.9978504673856,2.0219241309374913,194,0.0
450.965126,211,72.315073,450.96512569229884,1.9341326639921466,211,0.0
457.677765,219,72.360318,457.67776475445794,1.9241840107697605,219,0.0
369.547197,157,72.588063,369.54719708878093,1.713007394500135,157,0.0
439.994989,245,72.641124,439.99498882195036,1.575793980589438,245,0.0
365.855729,151,72.869285,365.8557286750299,1.7312376313516933,151,0.0
382.297617,177,72.907171,382.2976172570447,1.6558799960673445,177,0.0
416.903497,193,72.952392,416.9034972739323,1.8052839983097537,193,0.0
406.696225,178,73.19133,406.6962246418855,1.8428701253767463,178,0.0
498.033716,253,73.247672,498.03371553890713,1.9761597364255672,253,0.0
371.782416,174,73.284027,371.78241592291624,1.5954789062809103,174,0.0
338.37261,139,73.506154,338.3726097691869,1.6070454072762808,139,0.0
347.118225,165,73.540809,347.11822512613514,1.4699443049185288,165,0.0
474.974639,236,73.590828,474.97463851269947,1.9271213562972227,236,0.0
437.623403,193,73.822772,437.6234027616227,1.970692922248329,193,0.0
428.991461,203,73.868938,428.9914607439462,1.8220840601837596,203,0.0
404.434614,175,74.101876,404.4346136666918,1.8487773799027056,175,0.0
356.245852,156,74.134359,356.24585152479517,1.6144848168467487,156,0.0
353.172074,152,74.167828,353.1720743930683,1.6219468441199647,152,0.0
459.8113,204,74.404875,459.8112997103526,2.0606523862936887,204,0.0
480.572213,237,74.453649,480.5722129681736,1.9639965986202517,237,0.0
382.492948,179,74.491593,382.4929476577461,1.641373522605113,179,0.0
388.856769,176,74.722882,388.85676922207625,1.7160200971002455,176,0.0
408.734531,204,74.766092,408.7345312144931,1.6521760469305122,204,0.0
387.548344,166,74.801727,387.54834366908597,1.785337398562939,166,0.0
414.663832,164,75.027606,414.66383164465617,2.018303201405981,164,0.0
302.502465,128,75.053773,302.5024650759275,1.4077329417969873,128,0.0
467.210467,228,75.106098,467.2104670218526,1.9288616580120161,228,0.0
472.244815,249,75.359474,472.2448148838284,1.8019936179586078,249,0.0
360.024726,141,75.392583,360.0247264149492,1.7642958150693289,141,0.0
445.766687,221,75.637055,445.76668711363646,1.8130179707423462,221,0.0
444.351556,182,75.678029,444.351555813036,2.1122920951656203,182,0.0
436.675205,191,75.720642,436.6752054679167,1.9791342114504098,191,0.0
369.197005,153,75.952669,369.1970052580725,1.7420560551407962,153,0.0
338.183097,143,75.98303,338.183097180785,1.573707101592723,143,0.0
414.928274,174,76.02092,414.92827448800887,1.9405986839988432,174,0.0
347.65929,154,76.250645,347.6592899492093,1.5618688036123012,154,0.0
396.288695,171,76.286224,396.28869505661027,1.8154884970563605,171,0.0
446.095826,195,76.329418,446.0958257695633,2.0227234411116477,195,0.0
452.650551,189,76.568583,452.65055070895835,2.1229235998184715,189,0.0
440.364958,186,76.607812,440.3649575329297,2.0487711277564262,186,0.0
446.316453,178,76.646788,446.3164532949521,2.1598332428485727,178,0.0
444.192488,184,76.879366,444.19248795194267,2.095073841158239,184,0.0
446.06589,203,76.923081,446.06589043224056,1.9589112758284304,203,0.0
472.941606,194,77.153578,472.9416063775722,2.245461850087862,194,0.0
379.261311,168,77.188781,379.26131069675114,1.703081214733684,168,0.0
438.546376,189,77.226568,438.54637610566584,2.0103130898655412,189,0.0
463.810753,192,77.460486,463.8107528407719,2.188417041382295,192,0.0
397.507985,178,77.499183,397.50798469246604,1.7695660766214325,178,0.0
292.922038,133,77.525713,292.9220378320099,1.2912773785510234,133,0.0
354.683248,148,77.756935,354.68324791056205,1.6657453292867623,148,0.0
399.650627,174,77.795758,399.650626855983,1.8184121292728865,174,0.0
351.364382,149,77.828498,351.3643817491378,1.6313152043620245,149,0.0
487.321739,237,78.079496,487.32173873986824,2.018059253987093,237,0.0
327.564257,138,78.109037,327.5642566732265,1.5285917345239937,138,0.0
406.419546,175,78.145468,406.41954621122426,1.86464764865929,175,0.0
411.174771,168,78.382742,411.17477147398375,1.9584628092768313,168,0.0
429.245076,187,78.423106,429.2450758328927,1.9516436272288,187,0.0
443.485341,193,78.467362,443.485340900387,2.0178272417989986,193,0.0
383.677472,156,78.701212,383.67747158139457,1.834076513360364,156,0.0
373.669756,151,78.733266,373.66975553019546,1.7937771260328688,151,0.0
416.318303,166,78.768357,416.3183030135693,2.015467559417239,166,0.0
395.514206,170,79.005087,395.51420621794654,1.8172207865994054,170,0.0
409.140489,167,79.043416,409.14048941215975,1.9499762065611492,167,0.0
457.779181,195,79.087541,457.77918085367804,2.1161974494037508,195,0.0
472.776144,204,79.333061,472.7761440125606,2.164501250055494,204,0.0
450.661029,167,79.369718,450.661029118576,2.2822226488878696,167,0.0
373.540828,172,79.407318,373.5408276827489,1.6253584274671555,172,0.0
372.876888,156,79.634968,372.8768876404503,1.7476990850642344,156,0.0
390.649861,154,79.669328,390.6498609669152,1.9057666444943242,154,0.0
423.047405,160,79.702944,423.04740517222143,2.1169836779993054,160,0.0
410.66009,172,79.943534,410.66008970682884,1.9225391114740742,172,0.0
458.883234,184,79.987384,458.8832339467673,2.212725883266112,184,0.0
461.836747,196,80.031149,461.8367469588966,2.140696742760461,196,0.0
363.634469,152,80.265937,363.63446942559324,1.7055117444875365,152,0.0
493.555055,228,80.317296,493.5550553923927,2.1394457648644143,228,0.0
522.919369,245,80.573715,522.9193687290386,2.239152990131054,245,0.0
389.164704,148,80.606796,389.164703856874,1.9417237296156562,148,0.0
391.54711,168,80.643095,391.54711049597796,1.8013612117218294,168,0.0
387.007854,184,80.888905,387.0078535284376,1.6379244731102103,184,0.0
428.423218,209,80.936591,428.42321807159783,1.7698649510663724,209,0.0
451.977411,186,80.976559,451.9774105221073,2.141431471484188,186,0.0
421.137215,184,81.217321,421.1372152945686,1.9107882182787788,184,0.0
376.964287,156,81.251829,376.96428719837974,1.780582483765655,156,0.0
397.324541,156,81.28703,397.32454121887173,1.9433258354985297,156,0.0
469.909968,210,81.541216,469.90996845855847,2.0937615165065977,210,0.0
427.284179,186,81.580751,427.2841789109419,1.9436547211570836,186,0.0
485.138044,215,81.630625,485.1380437448107,2.1757188218678443,215,0.0
313.181112,132,81.853609,313.18111217394824,1.4613156543886576,132,0.0
450.511378,189,81.892771,450.5113784971012,2.1058168498462586,189,0.0
443.326006,189,81.935339,443.32600610829604,2.048228619890152,189,0.0
373.865158,151,82.16651,373.8651575548751,1.7955297944342268,151,0.0
419.723819,191,82.207476,419.7238193933246,1.8436609759368752,191,0.0
409.844056,166,82.243607,409.844055731721,1.9636507343402945,166,0.0
470.397949,215,82.482696,470.39794931098,2.0579429055538485,215,0.0
483.550106,216,82.529101,483.5501059188315,2.1550110089401127,216,0.0
317.678829,130,82.751283,317.678828649679,1.5132941468636678,130,0.0
370.415784,144,82.783659,370.4157844069235,1.823658329466215,144,0.0
419.345405,166,82.820007,419.34540453013017,2.039891815908811,166,0.0
430.731027,186,83.056255,430.73102711749976,1.9715573026503443,186,0.0
394.625025,180,83.096791,394.6250247136206,1.730566529925341,180,0.0
392.132426,152,83.130173,392.13242595494904,1.9336434207268,152,0.0
473.735449,227,83.369893,473.73544872224943,1.9890486525277524,227,0.0
532.315699,234,83.420552,532.3156989116418,2.4019684688819307,234,0.0
383.615069,157,83.452874,383.6150687214507,1.8255742441256035,157,0.0
474.613046,198,83.697057,474.6130457607367,2.22691538764735,198,0.0
501.873727,202,83.74323,501.8737267656821,2.4131544085973773,202,0.0
488.754719,222,83.987272,488.7547187326383,2.1489193788135608,222,0.0
451.655461,186,84.030258,451.65546139373265,2.1388177031662745,186,0.0
440.873222,201,84.073596,440.87322238763164,1.9333758416753517,201,0.0
491.549001,198,84.311991,491.54900085334714,2.3625249941173987,198,0.0
437.737476,171,84.349678,437.73747581873977,2.1472512402750135,171,0.0
342.787116,149,84.382387,342.78711565611127,1.562856927437556,149,0.0
409.438146,162,84.617032,409.43814560539965,1.9922613038654964,162,0.0
436.494324,189,84.658902,436.49432397638594,1.9939055200195046,189,0.0
472.50952,188,84.697655,472.5095196780106,2.2898274749475047,188,0.0
307.220215,140,84.923705,307.2202145267726,1.3498570449391245,140,0.0
431.407956,164,84.959864,431.4079562229194,2.152064861487858,164,0.0
422.258782,164,84.996008,422.25878162645154,2.0788481887791606,164,0.0
402.79107,161,85.229236,402.79107011013093,1.9472296620250789,161,0.0
444.562236,185,85.268122,444.5622360489959,2.090289445663933,185,0.0
419.985054,169,85.304981,419.9850536059397,2.0209597365433694,169,0.0
470.131697,211,85.543043,470.13169703144524,2.087678617837911,211,0.0
413.136144,167,85.578792,413.13614392120564,1.9821672425700856,167,0.0
392.044853,159,85.61525,392.0448526646697,1.8771492474747717,159,0.0
414.631241,156,85.843576,414.6312406849037,2.0817197988686447,156,0.0
467.773111,166,85.879374,467.7731111977693,2.427091452716555,166,0.0
656.320898,346,86.152945,656.3208984251048,2.5019055304940108,346,0.0
370.377998,148,86.184813,370.37799847368944,1.7915926186641369,148,0.0
414.732886,174,86.223839,414.7328858745322,1.9392651619991585,174,0.0
493.609789,190,86.463144,493.6097888608393,2.442655790456142,190,0.0
466.860996,185,86.503641,466.86099574168963,2.2685903692544467,185,0.0
474.564627,210,86.550419,474.56462729845936,2.130770028056925,210,0.0
472.095222,204,86.800183,472.0952217694266,2.159010991648872,204,0.0
408.293104,172,86.839383,408.29310426821246,1.903742608985474,172,0.0
375.193375,148,86.875673,375.1933752989461,1.8300839207271635,148,0.0
454.514908,183,87.11067,454.51490802612943,2.185728455851643,183,0.0
444.098483,183,87.15143,444.0984829850914,2.102278396150431,183,0.0
443.391818,184,87.394416,443.39181768770845,2.088734700860833,184,0.0
431.779379,165,87.430911,431.77937865900253,2.1470784170555244,165,0.0
435.687743,180,87.470134,435.6877431139136,2.058914564335362,180,0.0
448.920007,176,87.715824,448.92000709552906,2.1968342424647602,176,0.0
416.379927,166,87.753307,416.3799265265617,2.015968370317417,166,0.0
460.174904,192,87.794864,460.17490380465955,2.15928311489864,192,0.0
436.903674,175,88.029501,436.90367352908675,2.108380759729425,175,0.0
469.695515,210,88.075308,469.69551534785165,2.0922083786528347,210,0.0
448.875932,176,88.112778,448.8759322161656,2.196556811665081,176,0.0
463.496709,177,88.346832,463.49670897680966,2.3053917243374094,177,0.0
435.83081,164,88.381652,435.83080985505995,2.1875362121242596,164,0.0
567.057277,239,88.434521,567.0572771826992,2.6399801317481333,239,0.0
560.97312,239,88.685712,560.9731202346093,2.591451078126623,239,0.0
433.33637,176,88.725161,433.3363704144617,2.0722333453683266,176,0.0
613.081175,213,88.966694,613.081175243453,3.215021331935421,213,0.0
453.131928,212,89.011955,453.1319282025539,1.9438624146094352,212,0.0
404.373625,158,89.044842,404.37362456817726,1.983860328710272,158,0.0
428.224582,174,89.279773,428.2245822466406,2.047265021594397,174,0.0
430.24837,175,89.318085,430.2483696455529,2.0554036970612954,175,0.0
492.809043,201,89.5571,492.80904265091215,2.348637502427653,201,0.0
393.061495,158,89.591523,393.06149454401685,1.893420986989391,158,0.0
470.457005,180,89.631013,470.4570052984944,2.337019877041471,180,0.0
409.355279,168,89.867148,409.35527892396107,1.9439356133041368,168,0.0
531.158543,229,89.918078,531.1585425547055,2.4327798428605023,229,0.0
485.945323,210,89.967285,485.94532303337667,2.222246412996216,210,0.0
450.199386,174,90.215661,450.1993855461612,2.222761382088171,174,0.0
490.133812,184,90.256176,490.13381191896485,2.462589499978848,184,0.0
334.204017,137,90.286833,334.20401654429077,1.589745498767256,137,0.0
507.253195,212,90.541542,507.2531954766082,2.3765979023911568,212,0.0
489.880033,182,90.581657,489.88003303447096,2.4766412197415772,182,0.0
439.41168,172,90.620426,439.41168014138646,2.1524919864463956,172,0.0
301.888978,129,90.853402,301.8889779245973,1.3949981233645445,129,0.0
446.277118,207,90.900005,446.2771175009399,1.9286922794597894,207,0.0
471.30107,190,90.941913,471.30106970805855,2.264326318508812,190,0.0
479.51488,204,91.189298,479.51487965648585,2.218384793748115,204,0.0
460.332453,174,91.228217,460.3324533195507,2.303907585131781,174,0.0
560.224054,261,91.485917,560.2240542637857,2.4100511509217144,261,0.0
467.028297,184,91.526728,467.02829713816016,2.2778072872701443,184,0.0
410.423737,173,91.56556,410.42373734171844,1.9126243992434329,173,0.0
513.961553,210,91.818326,513.9615530321038,2.446364218784973,210,0.0
443.314753,181,91.860707,443.31475348275643,2.1121117036114296,181,0.0
573.305697,293,92.128753,573.3056966464002,2.260034361894774,293,0.0
532.449681,198,92.171578,532.4496812986438,2.6898135918458888,198,0.0
445.732172,181,92.211797,445.7321720840321,2.1315200960365344,181,0.0
525.366877,212,92.460907,525.3668768167959,2.521719018260575,212,0.0
398.569441,151,92.491699,398.56944068691763,1.99316404317985,151,0.0
469.106322,185,92.722041,469.10632165036935,2.2867030777012793,185,0.0
539.351838,188,92.762013,539.3518376678987,2.8246776235506417,188,0.0
434.4586,168,92.796302,434.4585998613751,2.144964510905664,168,0.0
485.191806,183,93.027033,485.1918064559996,2.431116946850305,183,0.0
486.946669,188,93.066097,486.9466690674185,2.4052038603000296,188,0.0
482.503474,188,93.106451,482.50347404089297,2.369601897310038,188,0.0
342.67199,137,93.32883,342.6719895976614,1.6575484840296346,137,0.0
449.74801,182,93.368715,449.7480103086813,2.155672211973196,182,0.0
458.982126,194,93.40811,458.98212593113516,2.133975009452141,194,0.0
467.528715,189,93.643391,467.52871465910124,2.242172049081429,189,0.0
492.106609,223,93.692177,492.10660886834626,2.168041376736035,223,0.0
564.496396,210,93.929802,564.496395608443,2.8503781026855886,210,0.0
510.061898,199,93.970855,510.0618984430961,2.502623312216755,199,0.0
466.709406,173,94.007582,466.70940607905334,2.3629719558788818,173,0.0
570.043839,270,94.259885,570.0438385440565,2.4170664788680636,270,0.0
495.670407,207,94.304882,495.6704068337877,2.3237583249116005,207,0.0
445.040656,179,94.532878,445.04065626919726,2.1418171563103416,179,0.0
285.027535,128,94.560428,285.0275348660683,1.268033178977228,128,0.0
517.752534,210,94.603477,517.7525335418527,2.4768632655188467,210,0.0
481.320631,185,94.835259,481.320631226103,2.3841821618311814,185,0.0
465.405746,185,94.874218,465.40574582374865,2.2569094227049287,185,0.0
456.909615,171,94.911271,456.9096146183098,2.300632218511038,171,0.0
498.268288,219,95.159204,498.2682878250197,2.2493114586041774,219,0.0
477.816298,179,95.197255,477.8162977342897,2.403914030196283,179,0.0
523.339252,197,95.238281,523.3392523590552,2.624776757286366,197,0.0
421.890719,159,95.461281,421.89071856774353,2.1159717236401483,159,0.0
440.840704,174,95.499456,440.8407044326389,2.1481680855039276,174,0.0
447.473885,193,95.541139,447.4738853669892,2.0499186907043145,193,0.0
437.899623,174,95.778183,437.8996232914944,2.1246039305267646,174,0.0
459.179556,172,95.814931,459.17955617670975,2.310685247067852,172,0.0
403.175258,151,95.846433,403.17525792262455,2.029971687227092,151,0.0
431.561487,162,96.07833,431.561487387925,2.1695117283896637,162,0.0
529.207357,201,96.124337,529.2073568582472,2.63970535997492,201,0.0
449.206189,175,96.16346,449.2061890494153,2.2069719078657815,175,0.0
385.338708,145,96.392146,385.33870811486406,1.9350795553153968,145,0.0
590.187705,233,96.443354,590.1877045907933,2.872871752101493,233,0.0
511.650665,237,96.690364,511.65066518961345,2.212927709629826,237,0.0
445.158056,161,96.723906,445.15805565845085,2.2861269679989102,161,0.0
492.122914,190,96.767782,492.1229144951303,2.4311238103514303,190,0.0
439.417171,165,96.994874,439.4171707474202,2.208444137990507,165,0.0
433.093581,162,97.029871,433.09358133666456,2.1818414508914374,162,0.0
596.537167,216,97.075409,596.537167006382,3.059042843033377,216,0.0
451.544413,182,97.304641,451.5444128343938,2.1701357613759935,182,0.0
459.608866,175,97.341538,459.60886621304303,2.2904277342644708,175,0.0
539.18874,192,97.578616,539.1887397477436,2.791376498410503,192,0.0
557.80615,233,97.630001,557.8061502922467,2.6139062843953442,233,0.0
433.366973,168,97.667017,433.366972602517,2.1359783082955297,168,0.0
477.000306,185,97.90173,477.0003055168205,2.3497239528456766,185,0.0
475.340495,186,97.941521,475.34049468527417,2.3285748506974695,186,0.0
467.3475,170,97.977749,467.3474996555221,2.392020792338697,170,0.0
466.076831,172,98.207069,466.0768309588301,2.365954870261243,172,0.0
406.22319,168,98.244661,406.2231900669653,1.9191494445780455,168,0.0
511.545314,185,98.283935,511.54531380830343,2.6261099848658227,185,0.0
459.85868,172,98.512368,459.8586799032022,2.3161860308404747,172,0.0
489.981191,200,98.554986,489.98119063936605,2.3341588934403266,200,0.0
498.132191,188,98.596291,498.132191313817,2.4950626785497363,188,0.0
529.611552,190,98.855759,529.61155218303,2.7308269551227076,190,0.0
476.550264,178,98.894874,476.5502637377932,2.402077750166873,178,0.0
638.908743,229,99.160771,638.9087433646728,3.2943989188423877,229,0.0
471.084996,195,99.204679,471.0849964776631,2.222750220324077,195,0.0
450.519971,170,99.24274,450.5199710676586,2.2574288978464154,170,0.0
486.851349,172,99.481397,486.8513488233907,2.532043022605964,172,0.0
518.119912,179,99.521392,518.1199115782406,2.7263522925096657,179,0.0
535.605881,212,99.57012,535.6058813477879,2.603555675785999,212,0.0
640.834814,226,99.821011,640.8348136801771,3.333747861046561,226,0.0
514.822551,189,99.863968,514.8225505330848,2.620633024859067,189,0.0
694.996875,248,100.127209,694.9968748696479,3.591869218102363,248,0.0
685.541724,252,100.185914,685.5417242122246,3.484305831543555,252,0.0
478.999688,173,100.43081,478.99968793090306,2.4611857308548597,173,0.0
493.954399,218,100.480565,493.95439935564707,2.2228933831505993,218,0.0
418.49898,160,100.515673,418.49897989598816,2.081151005493721,160,0.0
494.441328,181,100.752457,494.44132760592237,2.5212586238221415,181,0.0
437.126547,165,100.784937,437.1265473340614,2.1902018536491132,165,0.0
652.514199,222,100.83246,652.5141991531541,3.4589711214041867,222,0.0
544.063279,257,101.080584,544.0632788308708,2.313010060987657,257,0.0
474.622685,180,101.121907,474.6226846006375,2.3706363834151274,180,0.0
457.729955,182,101.356261,457.729954932427,2.2198747055653087,182,0.0
472.566257,192,101.396908,472.56625669967957,2.258657681582058,192,0.0
553.246983,205,101.442439,553.246983388852,2.800558448670012,205,0.0
471.296144,183,101.673886,471.29614404077125,2.3200774285216217,183,0.0
536.103166,190,101.715315,536.1031664797439,2.782550038465845,190,0.0
498.553636,182,101.75414,498.5536355463317,2.5461354687933753,182,0.0
505.965787,176,101.984373,505.96578680043837,2.653117073150896,176,0.0
419.275257,158,102.020388,419.2752570451311,2.1030767225070535,158,0.0
464.570545,192,102.255076,464.5705449468198,2.1946324703371873,192,0.0
460.600421,174,102.293565,460.60042126686216,2.306331264164292,174,0.0
546.403948,239,102.345895,546.4039475365731,2.4748647823871694,239,0.0
674.704298,231,102.596302,674.7042976914015,3.5649883242356015,231,0.0
476.156539,190,102.639132,476.15653949018974,2.3033412115883958,190,0.0
470.297609,182,102.676692,470.29760882906305,2.3201236183351415,182,0.0
456.989149,176,102.909763,456.98914947109773,2.261266524990501,176,0.0
631.46076,212,102.957797,631.4607596104967,3.370261070071533,212,0.0
607.301743,241,103.210787,607.3017429048718,2.946113033816638,241,0.0
448.406675,163,103.24659,448.4066746451904,2.296240495884241,163,0.0
525.564296,192,103.288164,525.5642955200072,2.682596493665521,192,0.0
530.914876,191,103.530807,530.9148757987608,2.7333892777721958,191,0.0
670.413167,223,103.579922,670.4131666695366,3.5944874259996347,223,0.0
428.516658,171,103.81265,428.51665771052205,2.0734081825686963,171,0.0
553.469702,221,103.860544,553.4697016963073,2.6749408145384224,221,0.0
425.33571,159,103.892456,425.33570984902076,2.1437261694352863,159,0.0
414.158682,158,104.129237,414.1586815282202,2.062109501973139,158,0.0
493.860406,177,104.16839,493.8604056860282,2.548463717637181,177,0.0
477.442255,186,104.209477,477.44225480808694,2.345360857934194,186,0.0
481.798854,185,104.451892,481.79885411385334,2.3883499918091595,185,0.0
701.205319,240,104.50319,701.2053186323969,3.705394720329723,240,0.0
479.720826,186,104.748598,479.72082629310694,2.3636515961438263,186,0.0
553.870865,197,104.793639,553.8708650739675,2.869126449613683,197,0.0
659.833179,221,104.842338,659.8331794025459,3.5257988195077234,221,0.0
489.676466,177,105.07678,489.67646625490283,2.514752305282568,177,0.0
430.320251,168,105.114688,430.3202514470046,2.111808499394694,168,0.0
620.001285,202,105.156863,620.0012845021166,3.358582217134688,202,0.0
492.100055,186,105.400987,492.1000551469783,2.4627495108415722,186,0.0
531.019147,219,105.450895,531.0191473843305,2.5115392417283777,219,0.0
543.967644,218,105.695948,543.967644428726,2.6229762895862274,218,0.0
641.420622,219,105.742337,641.4206224855775,3.3944758562259714,219,0.0
551.871452,221,105.791145,551.8714517181915,2.662300512755618,221,0.0
507.036845,203,106.028978,507.0368454553332,2.4468883445508065,203,0.0
652.495514,244,106.081798,652.4955143460671,3.2840608370342443,244,0.0
636.568238,227,106.32677,636.5682377623349,3.2918835473090047,227,0.0
438.528304,165,106.363517,438.5283037428061,2.201468421525707,165,0.0
634.352965,211,106.605614,634.3529653131247,3.401603070496567,211,0.0
467.493613,174,106.643796,467.4936129676289,2.3615415849599026,174,0.0
485.251157,192,106.684571,485.2511569245906,2.3601731217248014,192,0.0
482.9022,179,106.91476,482.9021995677838,2.445024850058547,179,0.0
557.252977,227,106.963908,557.2529771934,2.6573368635611363,227,0.0
544.412528,208,107.007259,544.4125279093314,2.705920599692066,208,0.0
648.97081,219,107.247893,648.9708104435246,3.454719323660344,219,0.0
525.035794,193,107.291842,525.0357941416254,2.670392891487424,193,0.0
443.290265,162,107.527489,443.2902654461898,2.2632802386387154,162,0.0
739.559912,239,107.580843,739.5599124827809,4.019828549250802,239,0.0
495.089444,187,107.618989,495.08944377431726,2.478909832990773,187,0.0
503.638381,185,107.861208,503.6383810855113,2.562820906331122,185,0.0
508.955232,186,107.901711,508.95523221700654,2.5974677192869216,186,0.0
432.894018,167,107.939161,432.89401798928395,2.1404205710753073,167,0.0
657.839679,220,108.187936,657.8396785935162,3.5177875807216425,220,0.0
512.097822,187,108.22905,512.097822297197,2.6145308340420583,187,0.0
651.453893,215,108.468023,651.4538928119092,3.5063963395199527,215,0.0
652.30447,219,108.515876,652.3044703703924,3.4811904503143154,219,0.0
686.709936,231,108.771604,686.7099362403616,3.6611452940713596,231,0.0
685.517463,226,108.819322,685.5174632827047,3.691464579891594,226,0.0
480.428881,180,108.859473,480.4288811536896,2.4171244119954616,180,0.0
344.907933,136,109.109191,344.9079332841674,1.683527560590672,136,0.0
410.379959,158,109.145054,410.3799593466129,2.032018028044164,158,0.0
681.745397,240,109.19995,681.7453966932231,3.549843958804271,240,0.0
485.27757,175,109.446333,485.27756997455725,2.4960552675557786,175,0.0
587.699929,265,109.508328,587.6999287461987,2.5984351269518102,265,0.0
381.24954,143,109.736196,381.24954019779057,1.9184652791210401,143,0.0
600.498433,222,109.784687,600.4984332976218,3.043242982208775,222,0.0
668.008141,230,109.834178,668.0081409323009,3.519619801948761,230,0.0
660.632949,214,110.082228,660.6329494425368,3.5879993958849763,214,0.0
663.876227,230,110.132529,663.8762266610463,3.48628294492434,230,0.0
791.260002,287,110.40508,791.2600023351955,4.051536025079987,287,0.0
863.614365,279,110.465788,863.61436538869,4.693906148028033,279,0.0
488.630676,195,110.710174,488.63067605740576,2.363246885388023,195,0.0
847.77189,277,110.770032,847.7718903571774,4.583055267133146,277,0.0
689.70589,240,111.023426,689.7058903867259,3.613499952085405,240,0.0
623.565102,213,111.06989,623.5651018986454,3.299592916818502,213,0.0
562.026768,190,111.311249,562.0267675969603,2.99047099868867,190,0.0
628.060191,212,111.359451,628.0601909946832,3.3432501300385757,212,0.0
507.026,196,111.401782,507.0260001740974,2.502514294884053,196,0.0
408.952773,169,111.63928,408.9527733528732,1.9327464862672434,169,0.0
779.9758,309,111.706809,779.975799959747,3.7861688640714637,309,0.0
640.794285,226,111.959889,640.7942848296348,3.3336812014663413,226,0.0
674.636093,236,112.012679,674.6360928763125,3.524678756056317,236,0.0
642.799245,217,112.257733,642.7992450669537,3.4213500640253662,217,0.0
730.210151,248,112.311217,730.2101511606866,3.873667061782192,248,0.0
561.724005,207,112.355557,561.7240050531752,2.852415720751559,207,0.0
555.753082,192,112.58922,555.7530816193048,2.9240553327130794,192,0.0
440.025058,183,112.630203,440.025058103579,2.0701015231811857,183,0.0
516.516858,202,112.874762,516.5168578180784,2.5308498174256253,202,0.0
670.135436,248,112.927051,670.1354357299568,3.3934451484873414,248,0.0
426.813346,174,112.964626,426.8133459668871,2.0360979623237867,174,0.0
431.337665,163,113.195536,431.3376651844637,2.1597525535817628,163,0.0
653.819355,219,113.242694,653.819355450847,3.4937531148934515,219,0.0
723.080725,250,113.498613,723.0807250630756,3.800909874660664,250,0.0
738.1792,298,113.563857,738.1792000098737,3.5393570938736234,298,0.0
945.857089,301,113.820976,945.8570887397148,5.176679751379124,301,0.0
701.877244,233,113.870279,701.8772438399182,3.766382597133639,233,0.0
614.980174,211,114.117051,614.9801735973401,3.24664555490199,211,0.0
694.918838,271,114.180054,694.9188381580485,3.4085807777999624,271,0.0
697.996668,235,114.433892,697.9966678236176,3.7196402394490544,235,0.0
314.165948,129,114.461343,314.16594795861994,1.4932410388563029,129,0.0
633.915531,208,114.50792,633.9155310332148,3.421807621874162,208,0.0
492.025064,188,114.748629,492.025063571424,2.4463698352046053,188,0.0
644.674924,222,114.795268,644.6749237277817,3.3965574785123933,222,0.0
434.484172,171,114.834401,434.4841720376326,2.121316267569121,171,0.0
596.478743,217,115.086202,596.4787432439992,3.051046144307419,217,0.0
646.181631,219,115.131753,646.1816310671308,3.4325116132269873,219,0.0
541.59582,192,115.369365,541.5958202673318,2.81092126819302,192,0.0
472.247916,167,115.405094,472.247916002099,2.4551399310793176,167,0.0
672.764458,233,115.65112,672.764458200653,3.5337330090794037,233,0.0
526.084298,211,115.699052,526.0842980697852,2.5354781780999023,211,0.0
654.682077,229,115.75189,654.6820767696444,3.421014594748585,229,0.0
732.66647,275,116.017881,732.6664695801998,3.6784641812401575,275,0.0
572.218791,197,116.062186,572.2187909727043,3.016155766442279,197,0.0
604.314654,227,116.31067,604.3146542974121,3.033810196032617,227,0.0
655.958114,225,116.360374,655.9581142936656,3.462948445866114,225,0.0
718.847747,246,116.611319,718.8477468154365,3.7988155971776467,246,0.0
777.577409,255,116.66387,777.5774085856613,4.197049564846501,255,0.0
774.740304,270,116.918254,774.7403035434161,4.054779637687996,270,0.0
537.797172,193,116.961586,537.7971722921768,2.772418041711535,193,0.0
671.375569,240,117.209831,671.3755686932412,3.466928425679682,240,0.0
692.121258,265,117.267272,692.1212584065333,3.433707396762776,265,0.0
629.773184,218,117.313719,629.7731838948386,3.309273253175665,218,0.0
510.441385,198,117.553775,510.4413846902804,2.514159898632595,198,0.0
661.37169,213,117.601229,661.3716897823062,3.602000097418692,213,0.0
698.765575,248,117.852195,698.7655745137362,3.622356544536818,248,0.0
506.821335,180,117.889888,506.82133531241556,2.6283935968510335,180,0.0
724.993801,234,118.125844,724.9938009792747,3.9433206209143945,234,0.0
725.174764,248,118.17805,725.1747642974769,3.8335603639719484,248,0.0
424.841804,169,118.214693,424.8418038909825,2.05999216969668,169,0.0
594.431218,194,118.433804,594.4312178759511,3.2176952969760846,194,0.0
541.436385,203,118.477229,541.4363850270777,2.7220625627362405,203,0.0
643.897994,218,118.714234,643.8979940295194,3.4222169747870193,218,0.0
639.736031,210,118.75997,639.7360310706036,3.4524862532980385,210,0.0
557.290495,207,118.803478,557.2904948685818,2.81725905199203,207,0.0
582.095266,200,119.040278,582.0952662995671,3.071251272482895,200,0.0
764.891084,245,119.091336,764.8910835025242,4.175046309660832,245,0.0
542.106662,195,119.328384,542.1066617216609,2.7909951169160547,195,0.0
731.6371,244,119.380683,731.6370999685638,3.9169965423471558,244,0.0
655.562962,221,119.616712,655.5629618872065,3.4915237710153644,221,0.0
549.575839,220,119.663134,549.575838826679,2.651946195590969,220,0.0
719.030339,265,119.720063,719.0303394230812,3.6490669939292832,265,0.0
623.327212,219,119.960181,623.3272118020719,3.249985514905797,219,0.0
474.107567,170,119.995223,474.10756718063925,2.446270325888822,170,0.0
662.876508,241,120.246192,662.8765084675067,3.3909753580604107,241,0.0
665.679402,217,120.293693,665.6794016495228,3.6044287865432914,217,0.0
762.826628,261,120.548002,762.8266278483632,4.0310900299561805,261,0.0
511.339362,212,120.595148,511.3393619892921,2.4096455212096033,212,0.0
594.823943,205,120.639157,594.8239425739613,3.1331382900875946,205,0.0
478.024201,181,120.883205,478.024200514765,2.38986874331434,181,0.0
564.54004,187,120.923436,564.5400398315355,3.0341679151719103,187,0.0
707.989792,261,121.187054,707.9897919220975,3.592639746617997,261,0.0
768.09368,271,121.248685,768.0936795314205,3.993488806151331,271,0.0
563.027603,201,121.492261,563.0276030478353,2.910623960392967,201,0.0
710.924799,259,121.549778,710.9247990016315,3.6319835023346934,259,0.0
450.402347,189,121.590948,450.40234712459426,2.10523322765673,189,0.0
570.456957,232,121.837163,570.4569566683497,2.7233323150132795,232,0.0
671.986809,220,121.883996,671.986809079113,3.6310018707219265,220,0.0
718.61355,242,122.137929,718.6135495998603,3.828847470119365,242,0.0
579.405805,202,122.182642,579.4058054855587,3.0338883797545217,202,0.0
738.70243,269,122.435121,738.7024301504817,3.7744737591185467,269,0.0
593.737733,238,122.486612,593.7377333717557,2.8616519279356276,238,0.0
772.30909,245,122.738513,772.3090895682906,4.234178746404762,245,0.0
648.868029,220,122.786624,648.8680292203725,3.446159678100557,220,0.0
308.682691,122,122.811982,308.68269136931843,1.5051975405113478,122,0.0
623.56037,216,123.059488,623.5603703158262,3.2754289784834225,216,0.0
797.95872,268,123.11804,797.9587201120331,4.25626334028076,268,0.0
577.038056,200,123.364884,577.0380564275943,3.030682039185746,200,0.0
704.411138,266,123.424409,704.4111377620347,3.524022713773117,266,0.0
721.221715,236,123.67282,721.2217148965802,3.897481063235267,236,0.0
734.473735,254,123.726236,734.4737351617192,3.860194150796249,254,0.0
696.000299,240,123.974139,696.000298930164,3.6638432954247646,240,0.0
556.551795,224,124.023053,556.5517951894719,2.675722762748823,224,0.0
720.384137,254,124.270063,720.3841372030063,3.747251139451913,254,0.0
723.683439,248,124.325532,723.6834387866149,3.8214804622062104,248,0.0
792.245249,291,124.585446,792.2452491805876,4.027876716067075,291,0.0
871.878362,296,124.64653,871.8783624648668,4.624808028893798,296,0.0
704.997043,285,124.897661,704.9970430249892,3.3773700381583223,285,0.0
626.663104,212,124.942337,626.6631038481618,3.33207402140313,212,0.0
669.671331,241,125.192987,669.6713311743498,3.445018099015796,241,0.0
698.245925,237,125.242306,698.2459248343631,3.705614203747104,237,0.0
582.583909,213,125.478361,582.5839086367578,2.9715198427191485,213,0.0
741.375944,251,125.533293,741.3759440844674,3.9391890541974646,251,0.0
641.696155,242,125.78042,641.6961549631174,3.2135296030278058,242,0.0
722.096044,232,125.827468,722.0960438013987,3.9364010412841868,232,0.0
897.29594,278,126.074224,897.2959398061631,4.971368950121211,278,0.0
785.562558,292,126.133362,785.5625583097097,3.9660979106506233,292,0.0
681.899136,226,126.375805,681.8991357963637,3.6624086534465534,226,0.0
640.067543,235,126.428172,640.0675432498394,3.256145809396402,235,0.0
789.588369,251,126.482196,789.5883689513231,4.324687327224599,251,0.0
778.358712,253,126.740679,778.3587118444275,4.218997329122395,253,0.0
772.766657,266,126.798815,772.7666565700415,4.070763428678911,266,0.0
581.771827,258,127.051459,581.7718270797089,2.606841685767317,258,0.0
823.136821,281,127.306537,823.1368208920718,4.354362742543889,281,0.0
935.754615,308,127.373619,935.7546151523183,5.040158671060156,308,0.0
551.900546,188,127.607349,551.9005458555588,2.9251575181804084,188,0.0
759.861074,245,127.66198,759.8610743128362,4.134902405819033,245,0.0
668.24969,234,127.711803,668.249690458097,3.489351071340774,234,0.0
868.76891,289,127.971435,868.7689100800912,4.655584759255975,289,0.0
556.248074,204,128.01817,556.2480744229641,2.8325398601165137,204,0.0
688.45849,230,128.269847,688.4584900548847,3.6832216151613197,230,0.0
633.060048,204,128.31366,633.0600483456664,3.4468286040598843,204,0.0
736.132321,252,128.565801,736.132321092768,3.8894126955131236,252,0.0
642.585814,213,128.611868,642.5858137616876,3.451508846988426,213,0.0
603.192922,229,128.851374,603.1929219972436,3.0092862096258264,229,0.0
888.696064,299,128.917445,888.6960636249773,4.735479843283464,299,0.0
500.16327,193,129.153438,500.1632697279474,2.4716090519623117,193,0.0
825.760801,254,129.208029,825.7608008141204,4.5901965547295625,254,0.0
833.108589,279,129.462382,833.10858896912,4.45003715491868,279,0.0
509.417848,213,129.50971,509.4178484969341,2.386478188096572,213,0.0
474.840484,180,129.547809,474.8404843121405,2.3727824756194735,180,0.0
805.199365,262,129.796081,805.1993650788445,4.362318799789254,262,0.0
916.016603,273,129.852317,916.0166027907247,5.16089183968992,273,0.0
602.25844,208,130.090941,602.2584397695057,3.1687728749155286,208,0.0
627.117753,249,130.14363,627.1177526992535,3.0412445791853773,249,0.0
493.015027,204,130.378109,493.01502706799863,2.3267102298207742,204,0.0
721.742098,268,130.434203,721.7420978132561,3.6469576359817117,268,0.0
656.276749,249,130.680289,656.2767491162545,3.2743570348750985,249,0.0
702.220012,234,130.728681,702.220012382276,3.7613066440626786,234,0.0
751.431719,250,130.975215,751.4317187579535,4.0276889205639845,250,0.0
506.703181,199,131.016881,506.7031810598723,2.476221421019301,199,0.0
679.805218,234,131.260621,679.8052183722668,3.581945876028435,234,0.0
636.055706,259,131.314852,636.0557063086037,3.033101259043691,259,0.0
659.196245,237,131.365539,659.1962447905705,3.393490096884799,237,0.0
594.626456,231,131.611042,594.6264559899212,2.924479922112252,231,0.0
709.602571,245,131.662908,709.602570591501,3.7329250243464998,245,0.0
745.218835,277,131.913481,745.2188350979653,3.76292132445514,277,0.0
661.494602,260,131.97061,661.4946020462133,3.228714590639381,260,0.0
636.693849,226,132.221198,636.6938490274318,3.300863078626211,226,0.0
694.718015,230,132.268909,694.7180145749247,3.733234474585117,230,0.0
655.630532,232,132.518276,655.6305318953835,3.404776179972583,232,0.0
612.697294,218,132.563741,612.6972937347068,3.1727654750314978,218,0.0
701.835956,243,132.811118,701.8359562173177,3.6870605360675013,243,0.0
659.674719,229,132.859799,659.6747190484032,3.4609152080647307,229,0.0
629.374808,221,133.099698,629.3748083503585,3.282068044528473,221,0.0
696.571441,238,133.149581,696.5714414004647,3.68423093500282,238,0.0
657.997216,244,133.391387,657.9972162669694,3.328134033930812,244,0.0
663.974357,216,133.436156,663.9743571871056,3.598969236595077,216,0.0
930.168484,297,133.685225,930.1684843788018,5.083264693913684,297,0.0
858.735506,282,133.743075,858.7355055274885,4.631172671268862,282,0.0
621.810037,218,133.97809,621.810036971682,3.245569215869392,218,0.0
726.244655,269,134.036042,726.2446551087121,3.675051054256441,269,0.0
673.067572,240,134.085936,673.0675720588193,3.48058301491337,240,0.0
663.497433,229,134.325241,663.4974329806989,3.491482468758808,229,0.0
970.355486,297,134.573224,970.3554863437229,5.404836657928239,297,0.0
636.299763,222,134.621754,636.2997625050359,3.3298551357904387,222,0.0
742.124127,256,134.675275,742.124127434583,3.9055073960573825,256,0.0
523.942518,214,134.92275,523.9425180698912,2.4949808306360066,214,0.0
715.021173,238,134.971818,715.0211732527412,3.832107500032662,238,0.0
672.829845,227,135.213033,672.8298454005939,3.58211473542505,227,0.0
820.31121,244,135.263312,820.3112101766285,4.626228085222284,244,0.0
743.363543,265,135.517701,743.3635425723573,3.8440668174996593,265,0.0
610.578683,229,135.567046,610.5786834566377,3.0681601505810274,229,0.0
757.078207,263,135.824036,757.0782068501801,3.9693053416346142,263,0.0
818.579797,283,135.886335,818.5797973337662,4.302220526639996,283,0.0
651.192666,247,136.139226,651.192665581129,3.249923998543089,247,0.0
680.299991,235,136.188276,680.2999910404507,3.5781955235736995,235,0.0
931.33279,287,136.445207,931.3327899489362,5.172142588648235,287,0.0
679.693086,244,136.499418,679.693085861995,3.5016620114738375,244,0.0
792.202037,263,136.757003,792.2020373085718,4.250226664875428,263,0.0
554.830086,201,136.798156,554.8300861380171,2.845119548422556,201,0.0
885.667618,298,137.058142,885.6676182752477,4.719470389949905,298,0.0
706.600104,238,137.11157,706.6001038482915,3.7648487384153864,238,0.0
515.981274,206,137.357676,515.9812739390684,2.4947822687201513,206,0.0
644.803035,220,137.403764,644.8030345543198,3.4135827907628586,220,0.0
795.709895,259,137.655992,795.7098952127972,4.310009608004338,259,0.0
717.982932,248,137.709951,717.9829322932001,3.7762901048818125,248,0.0
653.262078,231,137.75763,653.2620778854237,3.3936967597303918,231,0.0
906.649482,286,138.013986,906.6494824855026,4.982611223822565,286,0.0
627.962201,240,138.262189,627.9622005636015,3.1197119036155976,240,0.0
740.156033,252,138.315596,740.1560327641149,3.921644921276679,252,0.0
627.102519,202,138.357742,627.1025186502545,3.4155177777308507,202,0.0
591.191276,211,138.590286,591.191275684306,3.0562932592874654,211,0.0
721.796986,246,138.638703,721.7969860151643,3.822663149430417,246,0.0
699.010461,245,138.876456,699.0104614057653,3.648612459124311,245,0.0
837.874791,284,138.934608,837.8747908486898,4.448654910501025,284,0.0
490.763381,198,139.163502,490.7633812335036,2.356423663150104,198,0.0
697.354936,239,139.213262,697.3549363713164,3.68268115292762,239,0.0
691.117424,241,139.455092,691.1174241811229,3.6170359273509765,241,0.0
772.283291,260,139.508483,772.2832906567957,4.114837802695482,260,0.0
690.003106,236,139.743035,690.0031062542824,3.6476677582199817,236,0.0
663.701663,223,139.788152,663.7016632277451,3.5409306173705875,223,0.0
655.915116,247,140.038528,655.9151155351714,3.2874439962108113,247,0.0
688.330861,229,140.085834,688.3308607742356,3.690248930571361,229,0.0
744.102829,242,140.134897,744.1028289619405,4.032641942971605,242,0.0
673.581843,227,140.380781,673.5818429503246,3.5881552353642,227,0.0
809.961164,253,140.434357,809.9611641669159,4.47196282222493,253,0.0
745.86333,267,140.691599,745.8633304678473,3.8479345600503367,267,0.0
756.672653,253,140.756968,756.6726529275553,4.04586921825895,253,0.0
628.447709,268,141.019146,628.447709390281,2.9007258262007865,268,0.0
749.926098,230,141.069496,749.9260975109329,4.174946786563587,230,0.0
690.813146,237,141.309421,690.8131463742535,3.6465178041146697,237,0.0
747.770345,235,141.35678,747.7703448310275,4.117824930486097,235,0.0
472.707676,175,141.589858,472.70767566137414,2.395479756554174,175,0.0
537.294309,192,141.628834,537.2943091259478,2.7766598501016575,192,0.0
718.73779,253,141.867203,718.7377898769104,3.742358873152452,253,0.0
701.952583,247,141.918058,701.9525832501545,3.655919377388677,247,0.0
624.25172,212,141.964864,624.2517200895522,3.313065367251399,212,0.0
695.755316,225,142.206865,695.7553157347622,3.781454209684319,225,0.0
858.483503,287,142.265904,858.4835033801858,4.58957437436311,287,0.0
516.367486,199,142.502829,516.3674858386951,2.55337393865071,199,0.0
1123.510218,360,142.772233,1123.5102175508393,6.128291825386127,360,0.0
914.817841,287,142.83427,914.8178414946838,5.039952632328451,287,0.0
727.906703,253,143.083884,727.9067028674259,3.8155910886852693,253,0.0
811.824442,258,143.141361,811.8244422194407,4.447153038758669,258,0.0
656.577417,217,143.188269,656.57741664975,3.5316112630802077,217,0.0
647.718813,245,143.430902,647.7188128058373,3.2377599370107353,245,0.0
467.023883,191,143.471473,467.0238831970836,2.2226347484866107,191,0.0
672.025026,244,143.717859,672.0250264702672,3.4401656285232485,244,0.0
686.223722,226,143.765844,686.2237215932763,3.6969581245901635,226,0.0
635.601512,220,144.003981,635.6015120525097,3.340157637309618,220,0.0
667.869604,240,144.058012,667.8696042282213,3.4388690253639136,240,0.0
628.654705,219,144.304515,628.6547050546673,3.2925477043107567,219,0.0
728.103341,251,144.361197,728.1033406639509,3.833211405712211,251,0.0
773.987087,285,144.621429,773.9870873545015,3.929625888473125,285,0.0
791.352142,274,144.681199,791.352142462293,4.155939279192281,274,0.0
878.562339,261,144.927617,878.5623390690209,4.957023551983215,261,0.0
796.724193,256,144.983389,796.7241930041223,4.34237323614712,256,0.0
771.446925,253,145.235009,771.4469247052949,4.164065852779461,253,0.0
879.740375,286,145.293688,879.7403754811957,4.767390571836369,286,0.0
677.153792,229,145.534396,677.153792269596,3.6008074115324638,229,0.0
524.540434,212,145.579186,524.5404335114287,2.515407672226891,212,0.0
655.460171,220,145.814826,655.4601708784467,3.498971481258052,220,0.0
835.02754,276,145.873272,835.0275396883966,4.489389075019409,276,0.0
644.106308,225,146.114056,644.106307680555,3.3683751652618827,225,0.0
699.752244,255,146.165194,699.7522437941554,3.5747624675045087,255,0.0
911.747709,271,146.412674,911.7477091229579,5.143031527300406,271,0.0
706.431332,248,146.464871,706.4313321925698,3.683824770979207,248,0.0
444.744704,178,146.501406,444.7447037920389,2.1479746941710167,178,0.0
619.1454,228,146.738145,619.1454000606238,3.1449903227160076,228,0.0
788.807896,254,146.791714,788.8078958562895,4.294843497016164,254,0.0
675.625831,230,147.033402,675.6258307586405,3.5806522113321213,230,0.0
676.129794,222,147.078045,676.1297943595067,3.6485236535832053,222,0.0
449.348221,170,147.300791,449.3482212109179,2.2483731394869584,170,0.0
625.630868,236,147.351209,625.6308677207562,3.132882059238382,236,0.0
952.602823,303,147.606317,952.6028225871987,5.215349078236718,303,0.0
739.796687,240,147.65385,739.7966872684619,4.014439888088373,240,0.0
755.093808,253,147.897501,755.0938075943941,4.033375460286698,253,0.0
497.973481,181,147.934739,497.9734810029906,2.549706395925249,181,0.0
862.789763,282,147.991401,862.7897633005572,4.663948177423281,282,0.0
788.521113,268,148.239047,788.5211130155925,4.181222927167059,268,0.0
670.606015,231,148.287547,670.6060151455173,3.5326257089737405,231,0.0
726.540362,269,148.537312,726.5403623781908,3.6772839696497077,269,0.0
652.187248,244,148.588565,652.1872477947052,3.281744313740185,244,0.0
748.999561,235,148.834939,748.9995609309332,4.127934351266769,235,0.0
667.691442,263,148.890798,667.6914416489888,3.254340029169804,263,0.0
554.235687,204,149.124065,554.2356870998702,2.81663460242568,204,0.0
615.588995,221,149.169566,615.5889952947426,3.172282031324539,221,0.0
1101.77392,324,149.424569,1101.7739195627857,6.241235654813981,324,0.0
878.727845,290,149.487709,878.7278446285296,4.7275806250946655,290,0.0
977.129934,297,149.743915,977.1299337411283,5.459014316786626,297,0.0
803.395584,246,149.796211,803.3955840142237,4.475319736356679,246,0.0
717.265735,248,150.044408,717.2657353314527,3.770348351784015,248,0.0
672.928124,238,150.092441,672.9281242811572,3.4954116689165944,238,0.0
821.063532,266,150.341033,821.0635316499391,4.457652774891814,266,0.0
881.496555,269,150.396504,881.4965554088899,4.916865164059838,269,0.0
805.62605,258,150.637892,805.6260504173796,4.397480689402279,258,0.0
598.186365,221,150.683864,598.1863648958682,3.032940077348385,221,0.0
874.286012,287,150.932601,874.2860120580772,4.715931656975214,287,0.0
640.885337,216,150.978911,640.885337492528,3.4142724178635153,216,0.0
722.372979,245,151.215536,722.3729793147533,3.835204662950617,245,0.0
566.054386,199,151.257767,566.054386008687,2.951080308297967,199,0.0
741.465081,239,151.497459,741.4650811385166,4.035675624957151,239,0.0
861.166328,258,151.551871,861.1663278370695,4.841857967926426,258,0.0
875.400029,270,151.801903,875.4000291742242,4.860287896812409,270,0.0
900.269215,287,151.862626,900.269214542438,4.9238391522008556,287,0.0
679.463811,228,152.111766,679.4638109661681,3.6273005041651767,228,0.0
665.415088,245,152.165563,665.4150877624947,3.37956325966657,245,0.0
869.19514,279,152.420203,869.1951404628046,4.738909200692306,279,0.0
609.621268,222,152.468098,609.6212680497387,3.1164928620311945,222,0.0
627.390346,219,152.70852,627.390346145513,3.2824155161149755,219,0.0
885.59521,275,152.765565,885.5952097064163,4.902013727618048,275,0.0
662.084457,225,153.011341,662.0844574413173,3.5122960324545636,225,0.0
671.663201,230,153.058709,671.663200986111,3.5490885337992077,230,0.0
758.532066,281,153.312953,758.532066325423,3.8376900568818586,281,0.0
833.353124,271,153.370935,833.3531239443357,4.515882035939685,271,0.0
977.108944,296,153.631613,977.1089440174853,5.466728007017993,296,0.0
683.289492,243,153.681534,683.2894918164225,3.5386226080590713,243,0.0
646.253983,218,153.920778,646.2539827967621,3.4413472329505517,218,0.0
879.417172,271,153.977909,879.417172035406,4.884142360893777,271,0.0
483.870291,193,154.209699,483.8702910629196,2.341495969209336,193,0.0
955.716079,288,154.270779,955.7160789330127,5.359277061216803,288,0.0
911.638058,280,154.527058,911.6380580933557,5.070614435523115,280,0.0
750.038873,249,154.580354,750.0388727808886,4.024607420573234,249,0.0
606.615279,215,154.833282,606.615279082163,3.148273645859779,215,0.0
570.003372,218,154.883363,570.0033722084047,2.8313323373455805,218,0.0
924.565142,304,155.156458,924.565141740704,4.982738260263444,304,0.0
778.673632,245,155.21393,778.6736316143005,4.28537547756633,245,0.0
630.705072,236,155.47101,630.7050720480084,3.173701387668066,236,0.0
626.327657,218,155.518751,626.3276572679849,3.2820674636304235,218,0.0
668.075465,221,155.569039,668.0754650221843,3.591817641934889,221,0.0
632.897364,211,155.819808,632.8973643132526,3.3900204139603654,211,0.0
724.486083,258,155.874574,724.4860826167726,3.7486410596793407,258,0.0
685.010236,230,156.126834,685.0102356885221,3.6555825119217937,230,0.0
696.054777,231,156.178219,696.0547769323257,3.736283933685004,231,0.0
427.676078,161,156.414842,427.67607843691445,2.146628779556748,161,0.0
423.647437,158,156.454901,423.64743732466536,2.138363085177073,158,0.0
747.985027,250,156.512506,747.9850271688387,4.000250440032378,250,0.0
865.728361,256,156.778894,865.7283611195614,4.894213419618443,256,0.0
711.180277,237,156.831019,711.1802769241194,3.8094122536626003,237,0.0
854.44031,271,157.083914,854.4403098396754,4.684564714260422,271,0.0
568.527769,205,157.128322,568.5277694712753,2.9229030224856998,205,0.0
747.038901,259,157.401463,747.0389014751831,3.9210653451712356,259,0.0
642.942311,247,157.459209,642.9423105548243,3.1838689591356477,247,0.0
648.465431,238,157.720687,648.4654307095192,3.2996394402690994,238,0.0
741.59532,254,157.779017,741.5953198024496,3.9172034232200725,254,0.0
738.789158,243,158.036032,738.7891576550579,3.9823551417679726,243,0.0
720.525797,250,158.089552,720.5257969677111,3.780732732319565,250,0.0
627.558663,217,158.338273,627.5586633366933,3.299803426146173,217,0.0
787.404329,239,158.388593,787.4043291704332,4.403375238754467,239,0.0
625.740652,217,158.435756,625.7406518310681,3.285139970999508,217,0.0
782.794217,264,158.695981,782.7942172625849,4.167390214848741,264,0.0
723.95363,270,158.753298,723.953629649308,3.648790472702636,270,0.0
882.821185,279,159.013126,882.8211854774721,4.8480356849212045,279,0.0
816.417212,252,159.068928,816.4172123119399,4.53168272474831,252,0.0
937.438488,271,159.332342,937.4384884917196,5.348249017551743,271,0.0
645.911319,230,159.383496,645.9113189694372,3.3429230651519397,230,0.0
902.49233,292,159.648665,902.4923296419039,4.90171089638831,292,0.0
945.579371,295,159.910352,945.579371025402,5.222573969259584,295,0.0
817.567719,253,159.968224,817.5677188194119,4.532982771467785,253,0.0
930.704807,288,160.2407,930.7048067309967,5.159280341817771,288,0.0
858.764155,273,160.303698,858.7641549391918,4.7031337152401065,273,0.0
719.829627,236,160.557493,719.8296274877267,3.8867243884283096,236,0.0
827.992341,264,160.618639,827.9923405565448,4.52874744264754,264,0.0
837.823086,249,160.892716,837.8230855905398,4.727019806908774,249,0.0
574.604299,188,160.936725,574.6042992390347,3.107147225977203,188,0.0
687.486076,224,160.98767,687.486075913645,3.723514551207382,224,0.0
669.386033,222,161.246585,669.386033097335,3.594361061725257,222,0.0
699.363647,228,161.297967,699.363646618428,3.7866005929865847,228,0.0
834.395074,243,161.556614,834.3950741590672,4.747249309080074,243,0.0
921.901782,268,161.617403,921.9017818204285,5.248020377164456,268,0.0
708.254698,236,161.886974,708.2546983827106,3.7937737254781396,236,0.0
587.599787,244,161.944828,587.5997871751505,2.765466987961591,244,0.0
782.89883,259,162.221708,782.8988301186596,4.20806097500082,259,0.0
776.629778,241,162.278075,776.6297775987799,4.301022173839647,241,0.0
677.510423,225,162.544033,677.5104231038995,3.635491829611118,225,0.0
762.43024,286,162.609395,762.4302395722142,3.829552909760932,286,0.0
906.516303,283,162.891625,906.5163029644882,5.005779351264808,283,0.0
1014.496291,318,162.967695,1014.4962905715568,5.590680170821303,318,0.0
725.324296,252,163.240871,725.3242960294605,3.8032932240492743,252,0.0
758.543381,246,163.300055,758.5433811358654,4.1166354020346,246,0.0
959.824548,293,163.586821,959.8245484557976,5.352293749394116,293,0.0
665.8448,222,163.641879,665.8447995610113,3.5663265774198227,222,0.0
546.896887,212,163.90179,546.8968874909785,2.694325852156514,212,0.0
858.821223,250,163.958603,858.8212232386497,4.8868497274503415,250,0.0
713.676636,250,164.229575,713.6766363225752,3.725915327523367,250,0.0
674.444873,237,164.286242,674.4448734916591,3.5155807077484793,237,0.0
934.037452,293,164.564674,934.0374524545841,5.146023068202842,293,0.0
727.127344,245,164.620367,727.1273442396532,3.873352234708421,245,0.0
742.749037,247,164.895062,742.7490370279523,3.9822709011594704,247,0.0
650.719621,217,164.946591,650.7196211571295,3.484992730273642,217,0.0
612.339709,224,165.213074,612.33970897366,3.1221622110941003,224,0.0
764.172056,235,165.268975,764.1720559351729,4.248958687830067,235,0.0
550.416947,197,165.524593,550.4169470380773,2.8417541284285597,197,0.0
736.977505,258,165.583996,736.9775050992944,3.8484564451931838,258,0.0
925.282211,289,165.855536,925.2822108930383,5.107811423688522,289,0.0
843.490016,246,165.911414,843.490015745857,4.796030712136035,246,0.0
644.484194,217,165.962067,644.4841944517018,3.4350615832907403,217,0.0
1075.530777,319,166.244457,1075.530777380668,6.070834155856489,319,0.0
871.193114,290,166.524455,871.1931144479177,4.667512550873102,290,0.0
699.621788,235,166.574493,699.6217882003858,3.732756817221074,235,0.0
720.448728,245,166.833935,720.4487275608647,3.8196104056196805,245,0.0
722.606831,233,166.886685,722.6068309111176,3.9325541116044875,233,0.0
702.722857,226,167.135927,702.7228566652259,3.8292840510622432,226,0.0
785.952202,297,167.199894,785.9522021167706,3.929731100656487,297,0.0
725.111734,239,167.449296,725.1117339925694,3.904864840714142,239,0.0
952.774046,300,167.514098,952.7740459626004,5.240273777366098,300,0.0
735.808653,235,167.76459,735.8086527276007,4.022233147417879,235,0.0
484.212691,186,167.806616,484.2126905743811,2.399825043866662,186,0.0
522.530121,214,167.855825,522.5301214553797,2.483595654896021,214,0.0
652.718419,263,168.116552,652.7184188658941,3.1349507982429965,263,0.0
617.223428,199,168.159372,617.223427572046,3.3602509794979563,199,0.0
820.598967,279,168.414485,820.5989665323893,4.35036447621465,279,0.0
596.256995,202,168.459884,596.2569947369473,3.168494071712594,202,0.0
741.627119,266,168.717585,741.6271194298724,3.822282503341302,266,0.0
765.466277,245,168.770315,765.4662774614865,4.1799983420836675,245,0.0
739.826154,251,169.009071,739.8261537376193,3.9268387184460525,251,0.0
660.539452,210,169.050991,660.5394521193018,3.6193687652557327,210,0.0
585.622876,197,169.278617,585.6228759232666,3.123471340137339,197,0.0
716.814179,223,169.326495,716.8141786172664,3.9658683766178067,223,0.0
554.620072,198,169.368028,554.6200721253306,2.8674073473717177,198,0.0
831.26688,245,169.608254,831.2668803131993,4.706138287762436,245,0.0
671.430977,272,169.664911,671.4309770293755,3.2131393948811993,272,0.0
740.974755,236,169.910066,740.9747549216786,4.055440103330137,236,0.0
609.125416,200,169.953292,609.1254160493817,3.2876671635936727,200,0.0
945.905018,318,170.207649,945.9050179631835,5.042126412580097,318,0.0
794.968921,273,170.264435,794.9689210183078,4.193139765625889,273,0.0
754.44202,260,170.502663,754.4420197847826,3.9722073763382193,260,0.0
780.297822,254,170.555175,780.2978220095764,4.227056577727498,254,0.0
684.04754,232,170.790479,684.0475400187706,3.632272515946762,232,0.0
851.885675,264,170.843521,851.885675496943,4.720048785085308,264,0.0
641.160705,209,171.075775,641.1607054675009,3.472234801335641,209,0.0
724.873437,238,171.125372,724.8734372939361,3.911056782147965,238,0.0
791.817954,236,171.355764,791.8179543039316,4.462298955394439,236,0.0
832.947487,258,171.409646,832.9474872751904,4.616259593830109,258,0.0
781.068384,253,171.663121,781.0683844373004,4.2411093378882105,253,0.0
765.264446,277,171.722617,765.2644455741155,3.9235634995212747,277,0.0
747.48459,270,171.968318,747.4845904373889,3.8374221005719926,270,0.0
619.691456,205,172.015036,619.6914556513806,3.3321793099731476,205,0.0
719.209153,244,172.255743,719.2091527543249,3.817859368733493,244,0.0
197.346907,302,172.318145,197.34690680512279,-0.8182292851828745,302,0.0
723.451516,244,172.560969,723.4515164641151,3.8515514422263566,244,0.0
807.974311,276,172.61834,807.9743110589528,4.2733127264228346,276,0.0
715.419315,239,172.857179,715.419315049533,3.827201141126393,239,0.0
671.736724,207,172.898902,671.7367243955837,3.732703393652473,207,0.0
781.707752,245,173.130881,781.7077524323302,4.310061964200854,245,0.0
759.785561,256,173.182422,759.7855614287374,4.047100707567159,256,0.0
884.288647,263,173.417973,884.2886470148121,4.986957713232759,263,0.0
957.686473,277,173.475472,957.6864727542751,5.462835780302448,277,0.0
689.104265,233,173.712453,689.1042650453006,3.664731839927253,233,0.0
604.034923,209,173.757862,604.0349230870787,3.175061892254984,209,0.0
631.581771,204,173.801171,631.5817709689165,3.4354758884865007,204,0.0
865.890591,270,174.049113,865.8905913970635,4.784259388624664,270,0.0
865.61347,254,174.100821,865.6134699474967,4.909474284662079,254,0.0
946.347522,292,174.351921,946.3475224394614,5.252619970503944,292,0.0
871.294907,264,174.406466,871.2949072139434,4.875346253923126,264,0.0
738.572788,265,174.65599,738.5727883351062,3.805730338022695,265,0.0
910.156295,284,174.90297,910.1562952168621,5.027053096008379,284,0.0
748.87026,258,174.955456,748.8702603548855,3.9439073718976987,258,0.0
588.54617,202,174.999129,588.5461699051291,3.106923991595562,202,0.0
937.568189,290,175.249362,937.5681886209534,5.198281241768422,290,0.0
794.639924,248,175.297948,794.6399237402445,4.389375216617775,248,0.0
624.06511,215,175.528607,624.0651102538325,3.2875950539584187,215,0.0
702.681835,222,175.575301,702.6818345494589,3.861036665780861,222,0.0
699.25199,233,175.817547,699.2519902201219,3.745552163889324,233,0.0
668.493561,222,175.865396,668.4935613514047,3.58749575783378,222,0.0
697.340901,237,176.105666,697.3409005947548,3.6988772452197174,237,0.0
717.380179,235,176.153044,717.3801793349734,3.874827042839167,235,0.0
701.45954,234,176.398967,701.4595395544278,3.755773194184501,234,0.0
891.83399,263,176.452758,891.8339902697427,5.047537871685304,263,0.0
939.333036,313,176.710435,939.3330363474757,5.029797825959115,313,0.0
680.081468,216,176.753345,680.0814684103386,3.7279043340106726,216,0.0
635.250699,203,176.980342,635.2506989105214,3.472757285551787,203,0.0
710.672326,241,177.030484,710.6723257494629,3.7736677509196137,241,0.0
639.502771,218,177.077573,639.5027712368301,3.387484785569004,218,0.0
798.325992,281,177.333976,798.3259915519162,4.156204605812679,281,0.0
936.764118,276,177.574068,936.76411820003,5.303533650718465,276,0.0
694.565065,234,177.621143,694.5650646449097,3.700401319668653,234,0.0
816.848033,305,177.865251,816.8480333066589,4.113480959195679,305,0.0
851.884722,257,177.919997,851.8847219795011,4.775591136242279,257,0.0
871.264788,260,178.175545,871.2647879356884,4.9068055499925425,260,0.0
932.184286,288,178.238825,932.1842864480909,5.171400266261117,288,0.0
697.026063,222,178.483924,697.0260633218553,3.8156596880657476,222,0.0
1031.199652,309,178.552179,1031.1996517088382,5.796184624197053,309,0.0
672.140825,223,178.807198,672.1408254593068,3.6085611542089207,223,0.0
668.050614,215,178.8532,668.0506136452208,3.6396414538122754,215,0.0
717.28701,241,179.104305,717.2870096988155,3.8262875578870013,241,0.0
672.526985,233,179.153887,672.5269853564982,3.5322792533880674,233,0.0
648.558149,212,179.196575,648.5581489955258,3.507577904709759,212,0.0
712.547143,233,179.450471,712.5471425013491,3.8523902607570317,233,0.0
714.827908,247,179.504425,714.8279082732572,3.758742882634001,247,0.0
952.233171,299,179.771984,952.2331710409176,5.243929794945967,299,0.0
682.876538,230,179.822341,682.8765379644442,3.6388146552843765,230,0.0
640.537067,208,180.068882,640.5370668030961,3.4753072154765325,208,0.0
688.740215,216,180.11691,688.7402150295047,3.7971680094883413,216,0.0
729.071523,248,180.372344,729.0715231146618,3.864917512125112,248,0.0
1086.04226,318,180.435571,1086.0422595017405,6.163205722106474,318,0.0
774.233616,302,180.692332,774.233616294372,3.7965448225953415,302,0.0
694.824171,233,180.742585,694.8241708792871,3.7105252362514904,233,0.0
895.256915,277,180.999966,895.256914880172,4.963312160354465,277,0.0
796.978248,292,181.063085,796.9782476666828,4.05823281214347,292,0.0
873.069727,258,181.31726,873.0697266305832,4.937462405279304,258,0.0
700.44871,230,181.369303,700.448709517366,3.779324431900848,230,0.0
854.335048,252,181.628113,854.3350481208372,4.835133293523602,252,0.0
730.958799,256,181.685682,730.9587991192982,3.8163478585397947,256,0.0
655.78127,221,181.932991,655.78127023058,3.493631055215709,221,0.0
770.236966,279,181.994179,770.2369657452274,3.9474387625139666,279,0.0
663.752431,230,182.240452,663.7524306241464,3.4858014017114716,230,0.0
1216.671182,350,182.516542,1216.6711820151152,6.953282100995226,350,0.0
711.593155,228,182.564234,711.5931553060217,3.8845181578785426,228,0.0
527.05135,202,182.605532,527.0513495662469,2.61514553913231,202,0.0
640.872207,204,182.835823,640.8722071072704,3.509919379649805,204,0.0
1111.454094,404,183.104532,1111.4540940640904,5.681475576057708,404,0.0
925.681258,287,183.180179,925.6812578121821,5.127052148248468,287,0.0
952.550621,283,183.434498,952.5506214919745,5.373798498183963,283,0.0
968.370997,303,183.498405,968.3709965888112,5.341559439909403,303,0.0
581.344276,205,183.728519,581.3442762825428,3.0258033897593797,205,0.0
778.588317,240,183.775085,778.5883166267062,4.324630382774201,240,0.0
860.026545,273,184.02219,860.0265451134885,4.713388747370432,273,0.0
642.9803,216,184.066019,642.9803002939142,3.4311729209015507,216,0.0
611.083003,216,184.114477,611.0830025161177,3.175958668521998,216,0.0
810.328837,254,184.38638,810.3288370976951,4.467434561533502,254,0.0
718.26566,246,184.442031,718.2656597872526,3.7945875986183273,246,0.0
731.598121,253,184.699962,731.5981214209063,3.8455269169394515,253,0.0
874.080695,273,184.963445,874.0806946628503,4.825940366422111,273,0.0
885.111972,274,185.020356,885.1119716452646,4.906186254655923,274,0.0
685.189092,230,185.068275,685.1890919105115,3.6574293290685573,230,0.0
799.909831,255,185.306639,799.9098312485437,4.376140453438041,255,0.0
826.251951,274,185.548367,826.2519514716721,4.435454059875589,274,0.0
960.185216,312,185.611248,960.1852157092125,5.204386117445814,312,0.0
635.957401,221,185.841949,635.9574005997459,3.33519214054212,221,0.0
915.355052,296,185.901111,915.3550520924216,4.973006720518371,296,0.0
533.446939,212,186.132246,533.4469390392891,2.5869714522111256,212,0.0
863.899648,259,186.184387,863.8996482623274,4.856028978039695,259,0.0
870.784296,280,186.43033,870.7842964468762,4.743599107087969,280,0.0
776.291392,247,186.48361,776.2913924079726,4.250740342422004,247,0.0
950.36302,276,186.728741,950.363020463875,5.4122423751589315,276,0.0
915.110692,283,186.786814,915.1106917867737,5.074667368868605,283,0.0
1077.528979,310,187.036478,1077.5289790349698,6.15888667164457,310,0.0
924.842737,288,187.094848,924.8427370761639,5.11270406220341,288,0.0
687.617994,229,187.33054,687.6179943508492,3.684724517685849,229,0.0
927.943475,288,187.391015,927.9434748666578,5.1374743809209065,288,0.0
952.989786,289,187.64523,952.9897863097698,5.32987297503741,289,0.0
851.932467,263,187.701154,851.9324674398532,4.728431383687551,263,0.0
684.007123,236,187.938784,684.0071230318181,3.600003508479717,236,0.0
878.158583,279,187.994189,878.1585834804285,4.810657045940174,279,0.0
294.799493,131,188.206921,294.79949285688576,1.3225488167613932,131,0.0
695.449393,224,188.252233,695.4493931707408,3.78716197391856,224,0.0
730.506752,261,188.494523,730.5067515333386,3.7729225905181565,261,0.0
641.166316,213,188.539505,641.1663157573302,3.4405663215882,213,0.0
836.215885,303,188.789025,836.2158850207838,4.284358621149258,303,0.0
650.901076,223,188.835569,650.9010755275003,3.4386874609735623,223,0.0
697.528253,224,189.070309,697.5282532480586,3.803948306212978,224,0.0
948.026783,305,189.132398,948.0267829411134,5.162635431940055,305,0.0
827.274656,256,189.370775,827.2746564934675,4.5866949663824945,256,0.0
758.361452,236,189.419552,758.3614524416085,4.194873788740981,236,0.0
662.706249,217,189.654111,662.7062489659025,3.5809861852394125,217,0.0
856.128534,274,189.710692,856.1285337733094,4.674326356532604,274,0.0
844.146434,268,189.959884,844.1464341175223,4.626403626688341,268,0.0
815.262353,245,190.012081,815.262353005837,4.578245077131461,245,0.0
962.447654,292,190.263614,962.4476543850942,5.381549030880705,292,0.0
907.709451,285,190.320865,907.7094506066045,4.999568864745072,285,0.0
1007.042298,335,190.578707,1007.0422975300836,5.395986272090882,335,0.0
916.474569,269,190.634698,916.4745691985911,5.196977377075961,269,0.0
681.334865,223,190.867687,681.3348654922813,3.6822660625277237,223,0.0
683.576387,223,190.913153,683.5763869530615,3.7001686049648375,223,0.0
654.745482,225,191.146331,654.7454816865037,3.4536919445084417,225,0.0
1107.851091,326,191.213046,1107.8510907976133,6.273808522354206,326,0.0
1021.662778,297,191.462776,1021.6627782958976,5.815307139586432,297,0.0
890.846536,286,191.522771,890.8465363874757,4.856569646082036,286,0.0
886.05046,268,191.766,886.0504600053945,4.961578444474243,268,0.0
1210.641154,348,192.02743,1210.6411540600277,6.920946166723296,348,0.0
676.71966,219,192.073648,676.7196601100898,3.6772216693089756,219,0.0
890.556982,263,192.316282,890.55698172082,5.037056088553071,263,0.0
713.869423,248,192.369402,713.8694232911596,3.7435183425720973,248,0.0
770.528103,248,192.615242,770.5281033795327,4.196482595627198,248,0.0
673.639287,249,192.666892,673.6392869344585,3.413790939068905,249,0.0
860.961696,262,192.911915,860.961695874878,4.8084607882663635,262,0.0
712.144649,231,192.961189,712.1446485627596,3.864906732083232,231,0.0
852.529584,254,193.013583,852.5295837577908,4.804837578140578,254,0.0
641.097244,223,193.250827,641.0972443368975,3.3602730169495496,223,0.0
863.521317,285,193.311202,863.5213170337008,4.645892927619801,285,0.0
685.233607,226,193.548573,685.2336071118158,3.6895050077207627,226,0.0
1122.981504,335,193.808664,1122.9815040451222,6.32330226994248,335,0.0
766.004967,272,193.865162,766.004967361873,3.9695210773959597,272,0.0
920.795408,279,194.115084,920.7954075881125,5.151550206846433,279,0.0
961.061853,317,194.183459,961.0618532317283,5.171714218281067,317,0.0
980.098537,303,194.447282,980.0985365205662,5.435316419951234,303,0.0
721.205593,245,194.501674,721.2055934482402,3.8258448530220672,245,0.0
710.6818,270,194.756261,710.6818000457429,3.5429024843515395,270,0.0
1146.429742,350,195.023257,1146.429742190826,6.391150711742339,350,0.0
1310.363564,369,195.101302,1310.363563675052,7.55155877651714,369,0.0
709.216426,229,195.341166,709.2164264557498,3.8573293531666235,229,0.0
859.354031,267,195.397073,859.3540308296815,4.756103641913754,267,0.0
917.613191,273,195.651974,917.6131907651536,5.173979492339387,273,0.0
970.324589,301,195.71394,970.3245885210835,5.372924673956279,301,0.0
663.610821,216,195.948874,663.6108212593817,3.5962220625183474,216,0.0
675.487865,231,195.997991,675.4878651454607,3.571791874565395,231,0.0
857.755079,267,196.246111,857.7550786870804,4.743409855545344,267,0.0
1160.246227,321,196.313763,1160.2462265142187,6.73264219794511,321,0.0
789.993983,247,196.558136,789.9939826665006,4.360136188734158,247,0.0
572.842653,199,196.599026,572.8426525541539,3.0055693003357997,199,0.0
729.0934,239,196.844098,729.0933999730405,3.9370452196451966,239,0.0
845.837741,281,196.901659,845.8377413615686,4.53653438432597,281,0.0
911.692882,271,197.148128,911.692882275582,5.142389454909794,271,0.0
870.276296,281,197.207618,870.2762960136805,4.7317821597182625,281,0.0
945.582012,289,197.463713,945.5820123286522,5.269972581148488,289,0.0
778.81623,267,197.520235,778.816230087051,4.111586786251786,267,0.0
1138.143528,340,197.785677,1138.1435278063148,6.404944908399484,340,0.0
1150.405758,339,198.057175,1150.405758249252,6.51102524323225,339,0.0
893.080241,276,198.114717,893.0802406859648,4.9540872516437,276,0.0
937.19523,281,198.368891,937.195230487279,5.267370427940124,281,0.0
826.033051,255,198.422907,826.0330508799765,4.584949528793996,255,0.0
605.852493,208,198.670251,605.8524930696576,3.1982101760101393,208,0.0
1046.304871,314,198.738717,1046.304870876197,5.877358938671216,314,0.0
843.713296,262,198.998133,843.7132964366876,4.67048203995903,262,0.0
943.0567,272,199.05642,943.0566997719766,5.385260019409152,272,0.0
642.056221,220,199.303562,642.0562207216511,3.391864279037993,220,0.0
994.039684,307,199.37076,994.0396844264084,5.514650031084355,307,0.0
934.462006,278,199.63296,934.462006394087,5.269207737683127,278,0.0
788.991382,257,199.687729,788.9913823353398,4.272601290641571,257,0.0
830.171114,250,199.939025,830.1711142751226,4.657838674280852,250,0.0
665.83369,215,199.986769,665.8336896570903,3.6219642183421494,215,0.0
1165.348322,360,200.272801,1165.3483224625438,6.46313962040858,360,0.0
1197.250142,343,200.549813,1197.2501419623131,6.853979593689545,343,0.0
753.382582,248,200.603108,753.3825820791636,4.059651535850097,248,0.0
888.367821,282,200.864722,888.367820719918,4.86859865199372,282,0.0
933.643494,272,200.926011,933.6434940214422,5.31017491701481,272,0.0
965.65952,290,201.186521,965.6595201518213,5.423025727001258,290,0.0
816.023793,262,201.243766,816.0237931745576,4.44919089929032,262,0.0
450.536837,165,201.472782,450.5368370002267,2.297508816420576,165,0.0
1022.533484,299,201.536636,1022.5334839245139,5.806339779130606,299,0.0
854.365976,277,201.796068,854.3659757254765,4.636623004255449,277,0.0
1119.352718,318,201.864372,1119.3527180017766,6.429514736559885,318,0.0
957.084967,294,202.124908,957.0849671413209,5.3226256897304385,294,0.0
761.050097,248,202.391232,761.0500973119601,4.120722349862544,248,0.0
1023.107468,341,202.466616,1023.1074683958233,5.476842064062912,341,0.0
886.065416,278,202.731148,886.0654163956891,4.882094992327699,278,0.0
1133.198094,316,202.799814,1133.1980943042136,6.556247016048284,316,0.0
897.877762,283,203.057134,897.8777618618632,4.936807746504209,283,0.0
529.631965,189,203.098238,529.6319654149107,2.7393254358605366,189,0.0
680.852956,222,203.350506,680.8529555708159,3.686154390449813,222,0.0
821.535722,247,203.403812,821.5357217130287,4.612413703078805,247,0.0
691.715054,234,203.660049,691.7150537386914,3.677608320598608,234,0.0
1070.806677,298,203.726216,1070.8066771495774,6.200475329049619,298,0.0
659.299928,216,203.971918,659.2999276144551,3.5616275226431964,216,0.0
1507.735938,412,204.061784,1507.7359384049262,8.788114748016056,412,0.0
843.657104,258,204.316937,843.6571040767413,4.701766278183407,258,0.0
590.516585,200,204.360798,590.5165851568438,3.138518680145484,200,0.0
747.37461,237,204.612144,747.3746096283378,4.098620931591798,237,0.0
1050.400109,318,204.682897,1050.4001094951693,5.877972801462884,318,0.0
579.747244,203,204.928512,579.747243840838,3.028628228037686,203,0.0
952.209707,288,204.993035,952.2097070852848,5.331556553877962,288,0.0
826.167158,268,205.251295,826.1671580497117,4.482319983932701,268,0.0
914.477316,283,205.313478,914.4773160450463,5.069462320949558,283,0.0
687.172175,221,205.56603,687.1721753659729,3.7449384869849838,221,0.0
1054.053431,310,205.834333,1054.0534308428846,5.970805425934097,310,0.0
1052.555873,302,205.901605,1052.5558726677211,6.022844855040976,302,0.0
767.732966,252,206.156544,767.7329664275434,4.142274895069865,252,0.0
1023.398511,307,206.222907,1023.3985108661641,5.749584275628021,307,0.0
750.228838,247,206.477336,750.2288383939217,4.041864022183167,247,0.0
1061.352936,328,206.551473,1061.35293577913,5.88592457214827,328,0.0
773.248365,240,206.804301,773.24836455594,4.282038411819837,240,0.0
1047.857531,291,206.866766,1047.8575307427054,6.072756550013526,291,0.0
399.75165,163,207.103058,399.75164972818635,1.9072209829680777,163,0.0
659.416697,213,207.148812,659.4166972686753,3.586481809981712,213,0.0
738.051188,227,207.397112,738.0511876161414,4.103952680993429,227,0.0
583.656065,199,207.439631,583.6560651050052,3.0917329407838072,199,0.0
659.490587,213,207.487247,659.4905866982083,3.5869048404780335,213,0.0
438.937355,165,207.727195,438.937354900058,2.204833536005103,165,0.0
830.586998,261,207.785064,830.5869976051581,4.573406027770567,261,0.0
838.76981,264,208.043449,838.7698101446347,4.615133082032827,264,0.0
689.575998,222,208.092724,689.575997565241,3.7562433256270094,222,0.0
895.147876,290,208.357952,895.1478758142382,4.8590893427310915,290,0.0
713.405946,237,208.410409,713.405946087903,3.8271429223911526,237,0.0
1203.787746,390,208.702895,1203.7877462359334,6.531253202442793,390,0.0
778.252986,245,208.755568,778.2529858567011,4.281945855976795,245,0.0
711.511221,236,209.010827,711.5112212140757,3.8199208507611915,236,0.0
674.924881,222,209.057655,674.9248807964145,3.63863240857571,222,0.0
1254.512332,361,209.34283,1254.5123315103267,7.168212505260599,361,0.0
604.540951,212,209.389585,604.540950583329,3.1556598693181765,212,0.0
581.299737,209,209.635926,581.2997373469209,2.993671776857066,209,0.0
1186.760451,335,209.708005,1186.760450520673,6.833230928871806,335,0.0
938.905078,274,209.973726,938.9050778746581,5.336197608792205,274,0.0
780.26999,243,210.026274,780.2699901198273,4.314243030260136,243,0.0
767.742623,235,210.279816,767.7426232668413,4.277836153672694,235,0.0
1414.075947,425,210.581264,1414.0759471859508,7.935322069157627,425,0.0
931.082954,275,210.639915,931.0829536927063,5.265612360410868,275,0.0
577.099594,206,210.899241,577.0995943439231,2.9836008274555486,206,0.0
876.59784,267,210.958463,876.5978396690331,4.8937725823489,267,0.0
950.417718,277,211.237261,950.4177182902145,5.404636629115626,277,0.0
782.851126,246,211.295381,782.8511260010715,4.311206898841783,246,0.0
646.026108,213,211.558471,646.0261079541012,3.4791916669281755,213,0.0
919.464874,288,211.623798,919.4648743545165,5.069368991656973,288,0.0
1098.563611,305,211.907075,1098.5636111045565,6.366671313628984,305,0.0
923.483824,297,211.974922,923.4838244096218,5.029753929069886,297,0.0
730.541584,242,212.241441,730.5415842848533,3.924482108144041,242,0.0
1079.857395,304,212.312378,1079.8573950986618,6.2250168995657065,304,0.0
922.65035,269,212.591837,922.6503496188502,5.246307386056853,269,0.0
927.656343,283,212.866096,927.6563433022701,5.17464802023852,283,0.0
868.315239,267,212.925787,868.3152385816969,4.827126482790013,267,0.0
894.845206,290,213.203057,894.8452063292382,4.856117164282038,290,0.0
1215.829699,342,213.280617,1215.8296987562487,7.009918696724567,342,0.0
1570.438769,426,213.593568,1570.438768751611,9.177782137978214,426,0.0
955.424691,294,213.871533,955.4246909096422,5.309312817595567,294,0.0
555.089102,191,213.9135,555.0891017201263,2.9269550336542722,191,0.0
1143.361865,334,214.199488,1143.3618649496063,6.494111744220609,334,0.0
1018.158452,316,214.272978,1018.1584515204379,5.635786276919355,316,0.0
1375.823601,379,214.575384,1375.823600581701,7.995220810264116,379,0.0
747.346871,240,214.841887,747.3468710266643,4.074671800160694,240,0.0
877.266726,282,214.906218,877.2667256035691,4.779460200449146,282,0.0
1085.962816,397,215.214181,1085.9628163400334,5.533518875247788,397,0.0
1379.976149,382,215.51735,1379.9761490718972,8.004571810859845,382,0.0
1512.164657,401,215.613164,1512.1646566325803,8.91068549483083,401,0.0
1160.895093,330,215.906989,1160.8950928714482,6.666457553650719,330,0.0
1306.98057,364,216.201554,1306.9805700454137,7.564076254364084,364,0.0
832.437171,257,216.262084,832.4371706229451,4.620288209336479,257,0.0
1125.996655,348,216.559981,1125.9966549912028,6.2438092393774784,348,0.0
919.222737,271,216.623669,919.2227369510707,5.202867699645387,271,0.0
1208.991515,354,216.918382,1208.991515364945,6.859912308276476,354,0.0
653.320086,220,217.183878,653.3200861774836,3.4817621754392905,220,0.0
947.096057,283,217.249886,947.096057087449,5.330274641849361,283,0.0
1025.04293,303,217.540523,1025.04292973834,5.794687034109043,303,0.0
2275.15423,657,217.90119,2275.1542299939306,12.975171075048845,657,0.0
893.117126,291,218.181791,893.1171257706313,4.83464231180564,291,0.0
1123.917747,344,218.261543,1123.9177474023647,6.258977049150778,344,0.0
1075.58352,332,218.568454,1075.583520272843,5.968007092134864,332,0.0
678.099667,223,218.622074,678.0996672354443,3.6565566415651056,223,0.0
857.43656,261,218.907275,857.4365603779063,4.788242333301969,261,0.0
1133.599195,354,219.224386,1133.5991949509441,6.25669618953156,354,0.0
895.745514,263,219.289782,895.7455141956898,5.078824407231422,263,0.0
703.407904,240,219.564929,703.4079042491456,3.723253242941537,240,0.0
579.862439,198,219.612084,579.8624389589144,3.0694459743561855,198,0.0
982.423152,284,219.678349,982.423152288936,5.6050018156966335,284,0.0
1014.191862,303,219.960246,1014.191861778784,5.707466468415651,303,0.0
818.202228,260,220.243947,818.2022277102537,4.482672306232869,260,0.0
566.989336,195,220.29119,566.9893356614808,2.9905618773025036,195,0.0
695.350669,232,220.345965,695.3506690636467,3.7225840030761077,232,0.0
1366.658559,389,220.658665,1366.6585593269854,7.842128498258771,389,0.0
1073.592363,313,220.947481,1073.592362826959,6.103208089708644,313,0.0
686.386929,218,221.000414,686.386928829106,3.762249566122684,218,0.0
852.268458,260,221.271809,852.2684575412165,4.754751775735784,260,0.0
1009.221743,303,221.343724,1009.2217430335801,5.668075877132528,303,0.0
1044.472667,294,221.628939,1044.4726668530348,6.021693693675451,294,0.0
960.862873,281,221.69229,960.8628726165576,5.4563873733798625,281,0.0
1399.999112,380,221.994672,1399.9991116366198,8.18107004666996,380,0.0
1237.897465,340,222.293785,1237.8974652178129,7.202871871380708,340,0.0
1086.920373,310,222.366666,1086.9203726532944,6.233928252111252,310,0.0
806.349341,243,222.639986,806.3493409248478,4.5229189783649035,243,0.0
357.527143,146,222.674524,357.5271430207207,1.7048793499810806,146,0.0
714.444342,235,222.943573,714.4443416791187,3.8514141536821906,235,0.0
906.516441,289,223.011862,906.5164410327111,4.957765535581491,289,0.0
1308.13242,354,223.308487,1308.1324195311897,7.652857998422001,354,0.0
909.275555,262,223.371378,909.2755550125909,5.194985592488808,262,0.0
946.151937,276,223.663531,946.1519365004243,5.378656790440702,276,0.0
1020.265597,301,223.950963,1020.2655969052778,5.772251221109345,301,0.0
959.886633,307,224.025077,959.8866326438495,5.241539435053058,307,0.0
2020.466854,532,224.36677,2020.4668535463347,11.933498542609678,532,0.0
1151.924123,300,224.657515,1151.9241230288294,6.8332972329879205,300,0.0
652.674026,213,224.70777,652.6740262061071,3.5325659830670375,213,0.0
1363.878985,383,225.016708,1363.8789845059814,7.867929763516188,383,0.0
1563.802735,435,225.333174,1563.8027346314543,9.053067726875597,435,0.0
558.87635,195,225.377297,558.8763496058657,2.925560278506121,195,0.0
1293.341318,377,225.682243,1293.3413184217275,7.3514162126478455,377,0.0
763.446895,254,225.742301,763.4468949782802,4.092317165320663,254,0.0
886.189649,259,226.017332,886.1896487972393,5.03402296820538,259,0.0
1331.557893,404,226.331669,1331.5578927601757,7.441995590721736,404,0.0
831.332384,271,226.396885,831.3323839780577,4.500114547750863,271,0.0
362.433775,144,226.650881,362.4337747422372,1.7599914842280369,144,0.0
1000.635042,332,226.732155,1000.6350418438784,5.368357939661104,332,0.0
709.554309,231,227.00337,709.5543088302013,3.8444937939524633,231,0.0
763.851505,239,227.058799,763.8515051570113,4.2147303487169365,239,0.0
1098.401186,309,227.35707,1098.4011855150982,6.333608439857096,309,0.0
855.379739,264,227.419194,855.3797393096368,4.747924182468831,264,0.0
1145.031038,343,227.724711,1145.0310379019609,6.435879925235843,343,0.0
876.000546,257,227.78436,876.0005456811898,4.968425757378081,257,0.0
1025.778246,311,228.079225,1025.778245528577,5.736228193406006,311,0.0
842.366337,286,228.365917,842.3663366590708,4.4686849980876495,286,0.0
941.101256,292,228.43392,941.1012558966545,5.21055809556722,292,0.0
853.092117,273,228.714171,853.0921170472338,4.658298861127856,273,0.0
755.583536,257,228.772493,755.5835355543329,4.005342725589709,257,0.0
1002.184469,292,229.060015,1002.1844686674887,5.699206390763166,292,0.0
802.166571,249,229.121904,802.1665708252008,4.441689677874008,249,0.0
1217.093446,345,229.439361,1217.0934460955302,6.996415934932874,345,0.0
718.320984,225,229.495725,718.3209835263328,3.962026520621317,225,0.0
1170.7748,471,229.835595,1170.7747995825569,5.622178197246106,471,0.0
1393.54283,377,230.142361,1393.5428295301713,8.152660756688357,377,0.0
1235.192425,362,230.455444,1235.1924252162983,7.00583682822609,362,0.0
624.396016,210,230.506786,624.3960157298584,3.330214658900061,210,0.0
949.325691,283,230.79781,949.3256913028486,5.3479286986101915,283,0.0
917.689161,276,230.864601,917.6891605733413,5.150948003374403,276,0.0
697.050686,225,231.135901,697.0506859055133,3.791860421367079,225,0.0
672.264682,220,231.188303,672.2646824384472,3.633487407593907,220,0.0
1078.031615,309,231.477354,1078.0316152113721,6.17070549532566,309,0.0
763.249104,226,231.532921,763.2491035570872,4.313501624808659,226,0.0
847.895014,251,231.814945,847.8950142762849,4.791500760154978,251,0.0
920.410623,279,231.882986,920.410623400701,5.148795787114157,279,0.0
920.6583,282,232.18762,920.6582997287866,5.126942762628856,282,0.0
651.76536,205,232.240108,651.7653603978521,3.5888604450112727,205,0.0
735.556389,246,232.524032,735.5563886548612,3.9329705034578106,246,0.0
678.823457,223,232.578423,678.8234574273723,3.6619165698219307,223,0.0
929.643132,281,232.868663,929.643131816522,5.206545540184678,281,0.0
733.230176,250,232.929311,733.2301762877518,3.882497708909602,250,0.0
924.294064,296,233.226617,924.2940643282815,5.044310725577903,296,0.0
916.666283,279,233.29685,916.6662831965898,5.118565114818933,279,0.0
641.468754,211,233.579333,641.4687541060058,3.4586707523049025,211,0.0
888.613927,278,233.651427,888.6139271931189,4.90245475074662,278,0.0
1436.197329,394,233.971473,1436.1973285514023,8.358819189607802,394,0.0
922.517515,270,234.036142,922.5175148837627,5.237178635817869,270,0.0
1101.658979,318,234.345572,1101.6589790664814,6.2880727640647205,318,0.0
818.171236,263,234.646641,818.1712364877307,4.458176827943297,263,0.0
1308.946245,369,234.741779,1308.946244944287,7.540074954405829,369,0.0
650.65662,213,235.021223,650.6566201886751,3.5164775373744863,213,0.0
891.025165,268,235.087245,891.025164635213,5.001447926878473,268,0.0
1217.139552,343,235.38733,1217.1395519930143,7.012675208417863,343,0.0
861.929363,272,235.455272,861.9293629519848,4.736597864490724,272,0.0
1302.05205,373,235.772297,1302.0520503984153,7.4530831767775805,373,0.0
984.973687,293,236.085892,984.9736865934173,5.553373430709879,293,0.0
689.508807,222,236.146851,689.5088073474445,3.755638928514419,222,0.0
1262.771635,359,236.464527,1262.7716345511935,7.250475944673342,359,0.0
1333.485607,385,236.783032,1333.4856069854573,7.608856970788679,385,0.0
927.858515,286,236.854808,927.8585145700605,5.152515854452829,286,0.0
830.497717,262,237.139525,830.4977174522708,4.564630520373865,262,0.0
744.740006,240,237.19919,744.7400062660877,4.0541635942835,240,0.0
961.039517,285,237.500621,961.0395174918303,5.425653561623828,285,0.0
464.779446,176,237.54723,464.77944646405194,2.3241265451797957,176,0.0
509.825466,187,237.592208,509.8254656254162,2.5968047559058953,187,0.0
627.331898,204,237.871707,627.3318982964093,3.401334426200347,204,0.0
704.168172,241,237.931063,704.1681718358946,3.721573867434212,241,0.0
823.755222,259,238.223648,823.7552219076927,4.534480053447675,259,0.0
878.780452,271,238.289975,878.7804522260772,4.879313160523946,271,0.0
709.8822,227,238.572521,709.8821997873539,3.87873499586102,227,0.0
664.873947,218,238.626967,664.8739472250754,3.5902973956691615,218,0.0
951.329125,279,238.924385,951.3291254226751,5.395732380227507,279,0.0
983.612381,301,238.996726,983.6123809776776,5.478961225210347,301,0.0
852.287488,274,239.294004,852.2874884880163,4.6437368987938505,274,0.0
1429.250078,389,239.625242,1429.2500778498531,8.343135207955866,389,0.0
528.801771,197,239.675487,528.8017709229355,2.6691038975136188,197,0.0
1196.56823,336,239.987996,1196.568229657745,6.904201126051382,336,0.0
1382.513508,384,240.081922,1382.5135084335805,8.008927497566575,384,0.0
1202.608052,367,240.411341,1202.6080523952362,6.705219008023468,367,0.0
1146.59059,350,240.729686,1146.5905899866507,6.392270973606983,350,0.0
858.633034,282,240.800732,858.6330343588403,4.630810708464055,282,0.0
1060.747116,331,241.113251,1060.7471155558578,5.85734695452311,331,0.0
796.314651,252,241.175524,796.3146512218532,4.370603499120111,252,0.0
1024.798824,333,241.488757,1024.798823514043,5.553738157155624,333,0.0
1529.298493,438,241.821939,1529.2984934775338,8.752967572211428,438,0.0
876.575343,263,242.115585,876.5753433856919,4.925359029931978,263,0.0
1308.01984,374,242.209227,1308.019839601631,7.492875321586006,374,0.0
681.545098,223,242.501252,681.5450982948065,3.6840328038806085,223,0.0
1165.220113,345,242.590637,1165.2201131395511,6.581302907310035,345,0.0
860.849517,262,242.883303,860.8495171920997,4.807725130160263,262,0.0
915.651827,273,242.951264,915.6518270643325,5.158105443402115,273,0.0
708.467244,234,243.244965,708.4672437517256,3.8115945773281585,234,0.0
897.206273,275,243.314032,897.2062729271191,4.994922685442544,275,0.0
900.735028,275,243.608852,900.7350283288205,5.023204013022441,275,0.0
637.62372,208,243.661505,637.6237196935725,3.45194997477581,208,0.0
1208.442885,331,243.965802,1208.4428845825498,7.038554983162238,331,0.0
705.176784,244,244.024042,705.1767838107562,3.705707616883626,244,0.0
1019.279438,304,244.330528,1019.2794375388912,5.740615222274903,304,0.0
880.993358,270,244.62233,880.9933576968023,4.905314342833117,270,0.0
818.656751,269,244.688065,818.6567514284849,4.4141974708213345,269,0.0
1048.232225,347,245.005157,1048.2322254894593,5.629640744665687,347,0.0
542.212573,185,245.053678,542.2125730768939,2.871572883922176,185,0.0
1811.238201,531,245.423119,1811.2382012492994,10.267645371577908,531,0.0
577.237565,199,245.699703,577.2375653469594,3.0403357026350712,199,0.0
1019.386129,293,245.772333,1019.386128822508,5.828902380254983,293,0.0
1081.935046,331,246.079026,1081.935045720099,6.026489829188383,331,0.0
794.353674,253,246.141799,794.3536744002658,4.347326821834919,253,0.0
779.186741,241,246.425787,779.1867411930397,4.321450555182845,241,0.0
920.245065,283,246.494624,920.24506499927,5.1153101048837595,283,0.0
1517.536845,441,246.821398,1517.5368449268751,8.635011800460433,441,0.0
982.10911,274,247.105066,982.1091102241169,5.681931436127504,274,0.0
831.780763,259,247.165165,831.7807631577688,4.599087012101969,259,0.0
2035.171764,553,247.538576,2035.1717635047412,11.883982677065797,553,0.0
1384.058661,413,247.871977,1384.0586614170752,7.7903490987538815,413,0.0
965.129273,288,248.167287,965.1292729935919,5.434824825531308,288,0.0
844.199226,281,248.23709,844.1992263775973,4.523059650820269,281,0.0
593.204286,208,248.517811,593.204286448457,3.0966999656644454,208,0.0
679.968995,218,248.572493,679.968994842834,3.7110841064089266,218,0.0
667.869798,214,248.627622,667.8697978888831,3.6461415610162233,214,0.0
848.385644,260,248.915817,848.3856437962847,4.723876767915577,260,0.0
798.742228,262,248.97911,798.7422275611325,4.310502221472098,262,0.0
1416.470667,401,249.307953,1416.4706672340042,8.144819359137385,401,0.0
914.081044,311,249.611146,914.0810442331373,4.842984123558927,311,0.0
1338.725582,378,249.936918,1338.7255824485494,7.706517232196536,378,0.0
1053.227164,307,250.012275,1053.2271642562214,5.988200999454208,307,0.0
1531.175913,406,250.342588,1531.175912567846,9.022775946906494,406,0.0
1017.409373,305,250.661941,1017.4093731378447,5.717493440951043,305,0.0
1081.565932,333,250.745429,1081.5659319930226,6.007726515908346,333,0.0
1322.398272,372,251.068153,1322.3982723048491,7.623578050146304,372,0.0
1127.7526,320,251.389222,1127.7525996797292,6.480730324747819,320,0.0
860.630421,264,251.451109,860.6304211253844,4.789804669352681,264,0.0
693.609109,225,251.745153,693.609108556788,3.7645207453539915,225,0.0
1239.629258,326,251.827159,1239.6292584921139,7.327782409416247,326,0.0
872.863758,261,252.120131,872.863757749824,4.911715643924962,261,0.0
1987.21341,512,252.47739,1987.2134096927832,11.826301694969018,512,0.0
1007.319623,288,252.55064,1007.3196228249519,5.771998569068915,288,0.0
3127.58301,903,253.250931,3127.5830099022714,17.83432997435885,903,0.0
754.921031,246,253.31082,754.9210313429319,4.087494840890137,246,0.0
825.114422,295,253.621763,825.1144223896662,4.259148097014139,295,0.0
1212.667455,333,253.929416,1212.66745527405,7.0562891836093655,333,0.0
711.650132,226,253.9856,711.6501319072174,3.900970839508034,226,0.0
771.478042,255,254.284802,771.4780420165926,4.1485072662716345,255,0.0
927.627861,276,254.355032,927.6278607692695,5.230262103508141,276,0.0
485.060936,180,254.633649,485.06093591261515,2.4543883855945126,180,0.0
1102.049954,313,254.710728,1102.0499537154644,6.331034695121898,313,0.0
970.627991,277,255.012135,970.6279911413573,5.5664170612558825,277,0.0
886.966001,270,255.079134,886.966000952087,4.953107904109393,270,0.0
1060.439539,316,255.390792,1060.439539155354,5.9739846974379525,316,0.0
723.284055,241,255.450608,723.2840553967485,3.8743227676084033,241,0.0
535.755746,185,255.726921,535.7557464035973,2.8200368000595253,185,0.0
1041.217198,301,255.801184,1041.2171975089423,5.939675002296793,301,0.0
705.651748,238,256.093701,705.6517477293219,3.7572983615532185,238,0.0
775.825649,282,256.165173,775.8256490731137,3.9679622617978616,282,0.0
942.134005,271,256.458313,942.1340047965969,5.386079492152463,271,0.0
854.342378,249,256.52158,854.3423778243746,4.8588777621222015,249,0.0
1259.462422,376,256.840018,1259.4624224916363,7.08815494176934,376,0.0
1118.670992,308,257.139247,1118.670992426688,6.503675980132978,308,0.0
1097.168796,321,257.23854,1097.1687961847852,6.228135708003014,321,0.0
666.662561,215,257.527405,666.6625611947977,3.628605387828789,215,0.0
2852.486008,718,257.926639,2852.486007824618,17.107024909829843,718,0.0
936.596786,281,258.223398,936.5967857228686,5.2620965490405265,281,0.0
671.431125,220,258.280598,671.431124831066,3.6267328656360895,220,0.0
895.162338,272,258.5814,895.1623379257867,5.002818928702097,272,0.0
669.929478,205,258.637599,669.9294784883833,3.7340269823231598,205,0.0
859.928374,259,258.927991,859.9283744801029,4.824079562708707,259,0.0
904.73497,268,258.994585,904.7349703701753,5.110774074935225,268,0.0
1586.535241,445,259.337094,1586.535240839852,9.154445871078682,445,0.0
845.133626,256,259.400356,845.1336258319084,4.7298719819941475,256,0.0
1227.102175,360,259.719866,1227.1021746829435,6.95680289201946,360,0.0
1244.659922,339,260.033388,1244.6599216842797,7.264401317693114,339,0.0
1482.582496,418,260.365821,1482.5824959765564,8.538517831972543,418,0.0
786.393008,264,260.432956,786.3930082992712,4.196098021201652,264,0.0
586.664707,203,260.482808,586.6647070813518,3.0839422694506613,203,0.0
1177.106645,320,260.78714,1177.106644690515,6.875532742632184,320,0.0
1296.588191,358,261.104234,1296.5881908256486,7.528390673206125,358,0.0
2263.340892,563,261.473094,2263.340891887924,13.628734427371727,563,0.0
1215.365425,350,261.784974,1215.3654245740133,6.942494084213009,350,0.0
1558.451337,467,262.132227,1558.451337259286,8.754591060989716,467,0.0
723.877261,221,262.188892,723.8772613958434,4.038464499792439,221,0.0
900.748452,264,262.256651,900.7484518789,5.110932956577288,264,0.0
490.928245,188,262.54397,490.9282454895025,2.4377482962851835,188,0.0
2285.680082,605,262.920509,2285.680081966262,13.472793421890927,605,0.0
1426.004275,404,263.268961,1426.0042745747623,8.197616078168727,404,0.0
3253.499309,864,263.712112,3253.499309123758,19.151545060083503,864,0.0
2395.889657,792,264.358585,2395.889656584304,12.865802512593095,792,0.0
839.10138,263,264.647379,839.1013797264424,4.625608460294174,263,0.0
667.360707,218,264.701712,667.3607069913718,3.6100306506992923,218,0.0
966.760919,313,265.001973,966.760919228352,5.248262959609594,313,0.0
690.183782,225,265.056757,690.1837815982067,3.737056265705088,225,0.0
2566.651425,678,265.458119,2566.6514251405733,15.139158239552849,678,0.0
2096.410244,540,265.820451,2096.410243839654,12.476543779191477,540,0.0
1543.075973,430,266.158189,1543.0759727768495,8.92660199008688,430,0.0
956.409526,282,266.454887,956.4095260322441,5.412228338745138,282,0.0
1386.390816,567,266.816535,1386.3908164681643,6.581782617148953,567,0.0
890.080847,255,266.878187,890.0808469371971,5.096973370878482,255,0.0
1035.751503,330,267.184155,1035.7515028916455,5.664752086598368,330,0.0
921.29506,268,267.48305,921.2950604296747,5.24349752774238,268,0.0
893.351228,299,267.556484,893.3512283240959,4.773094094992468,299,0.0
1002.410146,321,267.862447,1002.410146015096,5.469646619982869,321,0.0
863.948006,260,267.926552,863.9480063539635,4.8483805572198175,260,0.0
786.520213,256,268.214814,786.5202125045809,4.260698758789605,256,0.0
1710.070552,484,268.554622,1710.0705522174856,9.83209603027489,484,0.0
1191.568475,357,268.644395,1191.5684750055104,6.6964202215844075,357,0.0
1068.927237,323,268.949336,1068.9272372350545,5.986174707454052,323,0.0
1738.178059,428,269.270808,1738.1780594365641,10.503528722246713,428,0.0
2539.538254,694,269.667104,2539.538254229047,14.794790664428287,694,0.0
806.87515,258,269.954999,806.8751497088455,4.407483318531131,258,0.0
1203.338434,325,270.032797,1203.3384343367406,7.0456118781029184,325,0.0
2425.434228,615,270.634154,2425.434228123814,14.511651451654316,615,0.0
503.340059,178,270.677426,503.3400588356234,2.6164891963540002,178,0.0
933.619445,278,270.744064,933.6194449262674,5.262157178612418,278,0.0
1845.384622,493,271.083277,1845.3846217383687,10.842991298782866,493,0.0
1232.237338,349,271.387404,1232.2373378558048,7.085506729835239,349,0.0
874.298748,272,271.672877,874.2987477232281,4.835714966471342,272,0.0
1809.994026,519,272.015365,1809.9940262085333,10.35279671870548,519,0.0
1032.379704,311,272.089501,1032.379704190822,5.789516020986689,311,0.0
1302.057929,378,272.40045,1302.057929391768,7.412893319147863,378,0.0
2715.535222,799,273.046978,2715.535221984354,15.366233549730223,799,0.0
1495.414842,505,273.398152,1495.4148418678758,7.947655130980607,505,0.0
677.657421,213,273.453121,677.6574207239821,3.732467504603257,213,0.0
1285.408638,386,273.776362,1285.4086377716224,7.216012569721843,386,0.0
812.457507,247,273.837209,812.4575071222313,4.540060395540986,247,0.0
2251.028041,582,274.207435,2251.0280410952378,13.378825890005546,582,0.0
779.294538,271,274.5105,779.2945384319506,4.083511520155973,271,0.0
867.164632,273,274.579811,867.1646323871215,4.769954139979647,273,0.0
1496.954713,441,274.937301,1496.9547127796734,8.469978534101067,441,0.0
3027.848022,794,275.594375,3027.8480221331156,17.90487717289156,794,0.0
1164.404126,384,275.922091,1164.4041257227855,6.264036322709806,384,0.0
1241.457051,359,276.008828,1241.4570510734513,7.079239991145351,359,0.0
1156.37132,317,276.313495,1156.3713195656496,6.733233151595728,317,0.0
1131.864033,346,276.613552,1131.8640331474144,6.3064630299169675,346,0.0
1315.560619,372,276.701662,1315.5606192580767,7.568573971478168,372,0.0
558.062728,190,276.961734,558.062728298758,2.958554123758709,190,0.0
728.248249,245,277.018378,728.2482488786686,3.8821381708814773,245,0.0
986.708404,289,277.307443,986.7084042029371,5.599102578368903,289,0.0
1412.163471,441,277.635434,1412.1634714740087,7.791574909911611,441,0.0
1248.662245,374,277.723295,1248.6622448553844,7.017347610407169,374,0.0
875.444313,260,277.997619,875.4443134637697,4.940141246858175,260,0.0
1099.558488,342,278.077992,1099.5584877662004,6.079304783427247,342,0.0
1499.999045,427,278.399841,1499.9990448296112,8.606177748690202,427,0.0
3750.453571,995,279.068318,3750.453570980436,22.08365185728369,995,0.0
2011.80067,549,279.41898,2011.8006700870192,11.728280173056083,549,0.0
813.802921,263,279.700412,813.8029213490485,4.422773852855759,263,0.0
1080.116528,360,279.995942,1080.1165277190432,5.780847879756931,360,0.0
1088.208636,331,280.07338,1088.2086359449595,6.076625447778725,331,0.0
505.898299,175,280.328955,505.89829864875645,2.6610308926216324,175,0.0
703.841961,225,280.383826,703.8419605646424,3.8461033537493257,225,0.0
840.978569,263,280.446692,840.9785692975672,4.640677720165664,263,0.0
2573.349276,735,281.0527,2573.3492763533695,14.738856376701472,735,0.0
1086.664781,312,281.339803,1086.6647811880816,6.215548564573392,312,0.0
2533.510673,666,281.70853,2533.510673165237,14.969153925857526,666,0.0
795.663274,253,281.765258,795.6632744931501,4.357504728440849,253,0.0
995.781414,333,282.05432,995.7814139878208,5.321270023003831,333,0.0
2540.893159,695,282.423176,2540.8931588630753,14.797809725327513,695,0.0
2435.519745,685,283.001431,2435.5197453299334,14.033845324976957,685,0.0
2502.242766,665,283.368566,2502.2427659120526,14.727488793337445,665,0.0
1287.505587,384,283.670908,1287.5055871739876,7.248427642943212,384,0.0
813.176117,254,283.730255,813.1761168037373,4.4898874752630045,254,0.0
787.11401,241,283.992805,787.1140099263947,4.384878894522387,241,0.0
895.989823,280,284.057398,895.9898227860169,4.944992704646253,280,0.0
3021.888054,803,284.664481,3021.8880541729486,17.78480532535985,803,0.0
1991.416309,530,284.997321,1991.4163085634038,11.716376941510218,530,0.0
660.659818,210,285.046341,660.6598176562379,3.6199699644974714,210,0.0
376.369368,147,285.292375,376.36936750378186,1.8476356669421283,147,0.0
678.235418,218,285.342423,678.2354184845506,3.6971343902219425,218,0.0
774.898717,235,285.396779,774.8987172518623,4.33476369747538,235,0.0
885.834595,264,285.673827,885.8345954275483,4.991046399533209,264,0.0
683.524683,215,285.722773,683.5246830755043,3.7631813764601123,215,0.0
2342.990133,741,286.311876,2342.9901325452256,12.848234524170762,741,0.0
859.154599,260,286.372438,859.1545992335554,4.809877724949473,260,0.0
2515.041807,674,286.950086,2515.0418071964773,14.757911998999976,674,0.0
1454.079876,416,287.044653,1454.07987595254,8.326115048781777,416,0.0
1008.839777,303,287.322289,1008.8397772075103,5.664438117268836,303,0.0
1578.289862,452,287.634427,1578.2898619196321,9.032826343934374,452,0.0
2195.482394,625,287.986171,2195.482394421361,12.591828858623312,625,0.0
1194.290122,331,288.26697,1194.2901219022242,6.925000093836162,331,0.0
1290.544905,354,288.3547,1290.5449045818007,7.51177962399791,354,0.0
2686.246508,739,288.991872,2686.246508131041,15.60975314154199,739,0.0
687.391504,228,289.045497,687.3915043293711,3.6907051131043427,228,0.0
1116.681213,335,289.343031,1116.681212966991,6.272608212098176,335,0.0
2577.523969,675,289.731432,2577.523968814511,15.249366999825353,675,0.0
1072.312364,324,290.01702,1072.3123637999474,6.005284072512256,324,0.0
1005.696385,302,290.295576,1005.6963847823182,5.64759048298558,302,0.0
3780.207096,1000,290.95285,3780.2070962553653,22.273743269348397,1000,1.0
1149.801849,343,291.031779,1149.801848972752,6.4739166181875385,343,0.0
924.816547,311,291.313526,924.8165466112267,4.928729497704433,311,0.0
486.930782,170,291.351441,486.93078194044165,2.5491462163923373,170,0.0
569.214919,186,291.393939,569.2149193420892,3.079767773889102,186,0.0
796.183813,235,291.659515,796.183813187282,4.505173019342027,235,0.0
761.328362,239,291.714312,761.3283617734293,4.194483907482839,239,0.0
2022.446236,588,292.269349,2022.4462359272925,11.503138971039602,588,0.0
1266.790329,371,292.358143,1266.7903293112995,7.186694556779423,371,0.0
1530.021799,467,292.677226,1530.0217986310527,8.527481452944649,467,0.0
2582.011204,690,293.256081,2582.0112036787514,15.166042486512762,690,0.0
1352.15995,391,293.346826,1352.1599495017372,7.710169133971399,391,0.0
1091.913496,322,293.63224,1091.9134958524526,6.178109634357629,322,0.0
642.401629,197,293.67623,642.4016288460252,3.577507089632205,197,0.0
991.397613,288,293.957654,991.3976125937875,5.644911757421296,288,0.0
481.880375,182,294.003397,481.8803745882571,2.4128562944406546,182,0.0
2928.12603,774,294.675976,2928.1260296028113,17.265356476662017,774,0.0
1364.274053,397,295.022984,1364.2740532638718,7.758881808570958,397,0.0
1018.861299,327,295.1098,1018.861299188703,5.553670595868119,327,0.0
527.088648,179,295.396761,527.0886483787125,2.798415878679444,179,0.0
2792.726305,736,295.805879,2792.7263048398463,16.485108958959707,736,0.0
1756.966781,484,296.159841,1756.966780513836,10.207452426057952,484,0.0
1532.932498,419,296.498376,1532.932498291598,8.933433294692987,419,0.0
1898.6458,532,296.864528,1898.645800431829,10.958747368243424,532,0.0
3660.447552,915,297.568879,3660.4475516047914,22.000448167070438,915,0.0
3646.103075,1000,298.044708,3646.1030753460127,21.200732054196134,1000,1.0
2461.667377,618,298.672959,2461.6673771200044,14.777266886338161,618,0.0
1982.171579,536,299.032054,1982.1715794023366,11.59475734065977,536,0.0
1352.586116,371,299.124044,1352.58611589291,7.872567788374072,371,0.0
688.731455,215,299.404149,688.7314545735848,3.8047260554815754,215,0.0
578.553957,192,299.452288,578.5539571891471,3.1067956598620317,192,0.0
1121.577583,304,299.755808,1121.57758278403,6.558712590852091,304,0.0
571.435781,200,299.806548,571.4357814704341,2.986346113340402,200,0.0
2202.826029,547,300.138311,2202.826029430889,13.271869966951796,547,0.0
1163.56791,332,300.416965,1163.5679098650187,6.671133733940922,332,0.0
718.324052,225,300.467443,718.3240517781436,3.961777828288895,225,0.0
523.789672,180,300.708743,523.7896721144964,2.764219394388283,180,0.0
2376.565872,603,301.041759,2376.565871734659,14.215636809267261,603,0.0
3765.125049,966,301.67399,3765.125048692805,22.431939869273453,966,0.0
1235.113249,367,301.965943,1235.1132494818153,6.9645540476184085,367,0.0
715.745162,223,302.015671,715.7451623476086,3.9572978264916494,223,0.0
1069.487896,303,302.291274,1069.4878961409763,6.149714874120129,303,0.0
1377.314957,389,302.378054,1377.314956898931,7.927096337349272,389,0.0
3179.482768,800,302.97635,3179.482767551142,19.069578307161528,800,0.0
2480.537362,633,303.323403,2480.5373616712586,14.808623000433974,633,0.0
1958.100274,541,303.654635,1958.100274376098,11.36206596790992,541,0.0
1228.461607,362,303.940318,1228.461606618468,6.951635429394319,362,0.0
675.533729,221,303.990244,675.5337294639793,3.651556043012446,221,0.0
1349.387519,365,304.278718,1349.3875186509565,7.894834893008596,365,0.0
1127.884133,344,304.565442,1127.8841325247392,6.290429853594089,344,0.0
1420.977276,385,304.652084,1420.977275822149,8.308306112969854,385,0.0
2042.930563,562,305.213996,2042.9305626385726,11.873518103108829,562,0.0
565.404488,187,305.256275,565.4044877188473,3.041224808071897,187,0.0
1479.374472,403,305.560341,1479.3744723167913,8.631518443271284,403,0.0
817.760004,253,305.617731,817.7600037694202,4.53444548273133,253,0.0
1323.144865,381,305.915228,1323.1448654582946,7.557291542202136,381,0.0
1683.827295,460,306.228056,1683.827294722047,9.813592397578693,460,0.0
1563.025468,426,306.529272,1563.0254678325427,9.117956906161025,426,0.0
704.864736,241,306.586092,704.8647364848939,3.7268804941406066,241,0.0
1297.991301,351,306.874184,1297.9913009892637,7.595105877065807,351,0.0
2557.617668,701,307.241354,2557.617667962796,14.883854739118847,701,0.0
502.984616,179,307.48695,502.9846159981235,2.605779995333513,179,0.0
1321.205358,536,307.815215,1321.2053575844031,6.30659045970906,536,0.0
808.632827,255,307.873495,808.6328273791103,4.44567047410047,255,0.0
1676.444663,449,308.183383,1676.4446630593836,9.842270619533572,449,0.0
817.977916,262,308.242525,817.9779159421013,4.464363064036819,262,0.0
685.025195,221,308.498455,685.0251946705584,3.7276118867452404,221,0.0
677.680642,232,308.549758,677.6806415380097,3.5812770547783948,232,0.0
2234.731894,579,308.888451,2234.731894277469,13.272898374861782,579,0.0
3354.966561,843,309.505859,3354.9665605863433,20.131343340000505,843,0.0
1529.406715,403,309.808928,1529.406715429159,9.03271916182622,403,0.0
1118.512134,354,310.099854,1118.5121338278345,6.135617242822374,354,0.0
1498.085398,395,310.19068,1498.08539830602,8.84521615527196,395,0.0
1477.041317,392,310.501322,1477.0413168455887,8.701351124686342,392,0.0
2071.189594,554,310.85551,2071.1895942586707,12.163231914673467,554,0.0
805.886054,250,311.11373,805.8860538135478,4.46352014109806,250,0.0
2472.019974,629,311.469204,2472.0199741584233,14.77208791807143,629,0.0
1635.498051,444,311.780888,1635.4980505770195,9.554354710687047,444,0.0
542.829913,191,311.822501,542.8299125076455,2.828851591561695,191,0.0
1991.677856,522,312.142504,1991.6778558351414,11.782352494781525,522,0.0
1446.309226,396,312.441168,1446.3092264428167,8.423193288982759,396,0.0
89.129539,178,312.48379,89.1295394628697,-0.6972640089568363,178,0.0
2691.450005,695,313.055089,2691.450004676852,16.002430620400485,695,0.0
3368.123116,845,313.452562,3368.123116375796,20.219798865093182,845,0.0
786.272992,243,313.714683,786.2729921809929,4.361898518835059,243,0.0
1164.67315,328,313.78688,1164.673149974378,6.712444821241791,328,0.0
2396.505415,626,314.337745,2396.505414983276,14.192023546080248,626,0.0
649.947643,219,314.387035,649.9476429100916,3.462967854298891,219,0.0
1640.809095,439,314.699728,1640.8090950015094,9.636853678428276,439,0.0
802.298197,243,314.754576,802.2981974633307,4.490548137159562,243,0.0
907.373159,270,315.017158,907.3731589838944,5.1160683935546,270,0.0
1738.287328,502,315.33204,1738.2873279400312,9.914638001726296,502,0.0
2852.312584,703,315.692287,2852.312583762052,17.22484132584423,703,0.0
1550.546766,422,315.992088,1550.5467663594225,9.050083603424536,422,0.0
1167.936551,330,316.271143,1167.9365506055815,6.722110046025404,330,0.0
469.224147,171,316.309748,469.22414671528816,2.399472075405843,171,0.0
513.956195,175,316.349021,513.9561946263753,2.7252481686815493,175,0.0
755.145649,238,316.618202,755.1456492470794,4.153124810579035,238,0.0
958.039551,294,316.888997,958.0395507564803,5.329964377249798,294,0.0
1337.310612,372,316.97159,1337.3106121777291,7.742634731058182,372,0.0
807.460164,249,317.261827,807.4601643144031,4.484090164206267,249,0.0
762.440336,248,317.318544,762.440336100385,4.131798233339378,248,0.0
485.432118,173,317.560135,485.4321180837374,2.5130112152130577,173,0.0
794.94338,243,317.614866,794.943380249184,4.4316746143623025,243,0.0
3361.17927,891,318.230093,3361.1792698587024,19.798044105375205,891,0.0
3199.58251,852,318.632427,3199.582510176717,18.816050058384114,852,0.0
1089.359757,325,318.912399,1089.3597573526456,6.133606586143571,325,0.0
3115.967216,829,319.524214,3115.9672164081044,18.33050890990809,829,0.0
1258.993606,337,319.600472,1258.9936058730696,7.394944025067047,337,0.0
2560.25169,881,320.21781,2560.2516895150848,13.471707674943914,881,0.0
689.874681,235,320.475491,689.8746806778171,3.6549292975928047,235,0.0
1276.726521,368,320.559273,1276.726520906896,7.2896890567689745,368,0.0
677.9507,223,320.818574,677.9507000105457,3.6549625812752167,223,0.0
598.599663,192,320.861663,598.5996626222463,3.267049299206924,192,0.0
2272.576678,638,321.215339,2272.5766779414066,13.105619078904702,638,0.0
3056.484094,829,321.814025,3056.4840939319233,17.85469534570411,829,0.0
884.754689,277,321.876047,884.7546886714856,4.879650926902319,277,0.0
2130.881418,543,322.413276,2130.8814181310477,12.728390698258679,543,0.0
984.967067,306,322.484971,984.9670669517528,5.449980894421821,306,0.0
1130.8714,323,322.769617,1130.871399928333,6.481454746973567,323,0.0
2190.799431,580,323.150748,2190.7994311238435,12.913385139807254,580,0.0
1525.352212,416,323.483555,1525.3522124113385,8.89604217696646,416,0.0
1692.525881,454,323.835008,1692.5258811535248,9.93107622523414,454,0.0
1727.962088,489,324.193888,1727.9620880973146,9.935873888033619,489,0.0
2471.764574,648,324.582204,2471.7645736198333,14.61926542487754,648,0.0
2181.835291,575,324.964259,2181.8352908286533,12.881312512895029,575,0.0
1382.129873,443,325.321853,1382.129872870376,7.535415975176549,443,0.0
2012.522902,550,325.745269,2012.522902370301,11.726623916654754,550,0.0
525.441944,188,325.804377,525.4419440702603,2.713704807689282,188,0.0
805.267942,252,326.167607,805.2679419317521,4.442249268427678,252,0.0
1218.959293,360,326.281736,1218.9592930952476,6.891122184209282,360,0.0
524.827415,186,326.637842,524.8274148024868,2.724604247426443,186,0.0
3829.593497,1000,327.501858,3829.5934966401305,22.669047858796848,1000,1.0
863.323057,268,327.578137,863.3230566902708,4.7795401602992165,268,0.0
1349.211324,376,327.991796,1349.211324301135,7.80606044830982,376,0.0
757.647485,256,328.077296,757.6474853457365,4.029696220136393,256,0.0
713.070185,246,328.458321,713.0701849758595,3.75278737085869,246,0.0
1488.746403,424,328.911781,1488.7464029255477,8.539922621149323,424,0.0
1136.432337,325,329.025565,1136.4323366437634,6.510152360380305,325,0.0
1964.976211,529,329.479772,1964.9762110626032,11.512798162012128,529,0.0
1841.243735,491,329.982498,1841.2437351038764,10.825896062676856,491,0.0
859.660808,259,330.462022,859.6608084601748,4.821807111374797,259,0.0
1091.341877,321,330.929905,1091.3418773585486,6.181181713336533,321,0.0
835.528367,259,331.023788,835.5283673246789,4.628895621650426,259,0.0
943.536091,296,331.448908,943.5360912179724,5.198027033597563,296,0.0
1005.643855,301,331.556184,1005.643854570132,5.655334217894074,301,0.0
2900.411931,756,332.43115,2900.4119314608156,17.188015719834503,756,0.0
2504.239904,667,332.974355,2504.2399043773435,14.727225919804289,667,0.0
844.620419,263,333.405722,844.62041918377,4.669739456947152,263,0.0
1817.45099,487,333.619149,1817.4509901261579,10.667350541793128,487,0.0
1488.378413,433,334.14668,1488.3784129103246,8.464975453938791,433,0.0
2096.659643,664,334.986525,2096.659642555638,11.49175889410734,664,0.0
1244.525075,372,335.111152,1244.5250748721674,7.000536761241802,372,0.0
1419.17924,407,335.547119,1419.179239573582,8.118734543734561,407,0.0
1770.483148,488,336.012377,1770.4831475372496,10.283830824140244,488,0.0
1628.968778,461,336.435892,1628.9687780880226,9.366639668568292,461,0.0
1693.010984,499,336.84471,1693.0109844892304,9.576653457263488,499,0.0
2554.098104,690,337.299492,2554.0981040886754,14.943284312730587,690,0.0
645.593281,211,337.595031,645.5932810664975,3.492032079848351,211,0.0
1567.721086,416,337.921176,1567.7210863897903,9.235045554916832,416,0.0
828.732424,258,337.978472,828.7324241381365,4.582287983693832,258,0.0
1178.561303,342,338.259471,1178.5613026710903,6.711819694393296,342,0.0
727.271931,244,338.313428,727.271930657041,3.882138658159918,244,0.0
3225.356013,820,338.90589,3225.3560134757663,19.27693592374793,820,0.0
2103.186071,535,339.225352,2103.1860706448547,12.570530196100288,535,0.0
808.372812,262,339.281403,808.3728117049494,4.3874415635598325,262,0.0
3874.032176,1000,339.927567,3874.032176296996,23.024287776880065,1000,1.0
2198.583907,570,340.270402,2198.5839066034537,13.054971403352448,570,0.0
3018.474561,793,340.892363,3018.4745612358,17.83790055256934,793,0.0
1689.163915,465,341.216022,1689.1639146471518,9.81660072359787,465,0.0
3696.045611,1000,341.89052,3696.045610520904,21.600785241293085,1000,1.0
848.695455,256,341.948703,848.695455233701,4.757717617103974,256,0.0
3438.339476,862,342.577613,3438.339476266063,20.647006564995262,862,0.0
2503.091969,660,342.961997,2503.0919690427345,14.774242781237279,660,0.0
3024.941449,794,343.580032,3024.9414491594734,17.88100625394803,794,0.0
1622.724514,444,343.893476,1622.7245135956798,9.452332245200783,444,0.0
1069.796801,297,343.957848,1069.7968007430359,6.200103034552679,297,0.0
2391.836868,621,344.501297,2391.836867547664,14.194826377712989,621,0.0
1541.640474,418,344.593889,1541.640474456688,9.010570691941115,418,0.0
3982.574845,981,345.221034,3982.5748449868615,24.051742380597798,981,0.0
2171.192262,558,345.566689,2171.1922618335707,12.931368577468122,558,0.0
4012.24616,1000,346.191008,4012.2461597765314,24.130131046084536,1000,1.0
1356.386087,393,346.484553,1356.3860870705264,7.72805009038247,393,0.0
2608.84396,677,346.839587,2608.843960274452,15.484807705455278,677,0.0
1199.366136,352,347.120759,1199.3661358931013,6.798902514981592,352,0.0
3994.166053,1000,347.740301,3994.16605335023,23.9855068824703,1000,1.0
1279.864827,356,348.015717,1279.8648265372287,7.410410704463927,356,0.0
3299.62504,805,348.391432,3299.625039894567,19.990185153770014,805,0.0
4023.585416,1000,349.008635,4023.5854161084376,24.220394493037883,1000,1.0
4023.887479,1000,349.631725,4023.887478561217,24.22289710655306,1000,1.0
1724.544482,457,349.932786,1724.544482256373,10.163128894245013,457,0.0
1437.731055,389,350.222818,1437.7310547991456,8.410601679393867,389,0.0
2299.535301,578,350.549085,2299.5353008339466,13.798700269292699,578,0.0
1469.416283,384,350.837314,1469.4162829045686,8.70351961832588,384,0.0
1423.01149,393,350.923328,1423.0114902957735,8.26090904656159,393,0.0
2033.133154,525,351.444325,2033.1331543682159,12.09021862819941,525,0.0
752.518737,233,351.495573,752.5187373852026,4.171831938535268,233,0.0
2753.330349,674,351.843682,2753.3303490647763,16.664350895391706,674,0.0
2590.872125,667,352.390302,2590.872125195823,15.420105471344801,667,0.0
681.503123,224,352.440052,681.5031228292609,3.6755269988142842,224,0.0
1481.703331,400,352.728211,1481.7033307014608,8.674831944400541,400,0.0
1737.948227,466,353.028569,1737.9482265181261,10.198601320673808,466,0.0
3947.248957,1000,353.646589,3947.2489574747215,23.60988672890194,1000,1.0
1106.931775,323,353.719431,1106.9317750120354,6.290132459212882,323,0.0
1841.040636,513,354.035974,1841.0406355267683,10.648967097258716,513,0.0
1005.875727,289,354.301351,1005.8757272181257,5.752485018369401,289,0.0
778.94642,240,354.352937,778.9464197517408,4.327383921502186,240,0.0
558.720631,195,354.59598,558.7206305577814,2.9242300662615697,195,0.0
2829.759383,749,354.960322,2829.7593834601903,16.677637543935123,749,0.0
3864.390676,1000,355.576631,3864.390676176299,22.947186005483434,1000,1.0
3111.240557,798,356.150716,3111.2405569932503,18.53960053837271,798,0.0
3954.075293,1000,356.774051,3954.0752934399857,23.664747513081153,1000,1.0
4079.273677,1000,357.389843,4079.273677040683,24.665512101818585,1000,1.0
2574.094893,653,357.737342,2574.094893246343,15.397822744715315,653,0.0
1357.0145,377,358.034017,1357.0144995637313,7.860188934249873,377,0.0
3988.667026,1000,358.663652,3988.667025971338,23.941378762999506,1000,1.0
4001.796719,1000,359.292315,4001.796719409373,24.04621443202131,1000,1.0
2631.962071,663,359.638583,2631.9620709617366,15.781168173505169,663,0.0
1481.768297,418,359.933528,1481.7682969651037,8.531647009896556,418,0.0
4050.172513,1000,360.558071,4050.172513072429,24.432895737926856,1000,1.0
452.427424,166,360.594244,452.42742373580967,2.3046679536222245,166,0.0
3968.567952,1000,361.214175,3968.5679515456636,23.780836781424153,1000,1.0
4069.087738,1000,361.829752,4069.087738090017,24.584513294297725,1000,1.0
665.825793,226,361.878768,665.8257929428182,3.5342485383435553,226,0.0
1028.809171,290,362.140003,1028.8091710546742,5.928303777894372,290,0.0
957.584777,273,362.199655,957.5847768524889,5.493922604719916,273,0.0
1082.318914,306,362.46221,1082.3189139943643,6.229007194412,306,0.0
3252.824317,799,363.03622,3252.8243174263193,19.66399053861399,799,0.0
845.578107,257,363.093301,845.5781068838106,4.724981323402486,257,0.0
1107.775293,311,363.360451,1107.7752929247401,6.39231961578984,311,0.0
1150.043964,317,363.429324,1150.0439637678182,6.6827673258082685,317,0.0
1948.252223,498,363.736037,1948.2522233627049,11.625804512569866,498,0.0
4141.611803,1000,364.364202,4141.611803243406,25.16466252397046,1000,1.0
939.843672,277,364.629811,939.843672000384,5.320005399753711,277,0.0
2357.63344,580,364.958456,2357.633439766902,14.247720862264426,580,0.0
806.53131,247,365.012117,806.5313098433933,4.492395932291482,247,0.0
1410.453412,364,365.290971,1410.4534115579572,8.39155319187521,364,0.0
4155.818257,1000,365.904785,4155.818256819831,25.27841071927878,1000,1.0
4110.908515,1000,366.521244,4110.908514917402,24.91953405076855,1000,1.0
1716.147596,433,366.814278,1716.147596028763,10.287095100951477,433,0.0
3279.17073,780,367.183858,3279.1707297002413,20.026244301698153,780,0.0
4156.8323,1000,367.825439,4156.832300016899,25.286767739174948,1000,1.0
2136.460373,548,368.155986,2136.4603731174166,12.73355444814034,548,0.0
894.099757,257,368.448768,894.0997570223594,5.113472389311681,257,0.0
881.622944,264,368.508502,881.6229436993017,4.957784904802682,264,0.0
4230.534556,1000,369.150093,4230.534556349941,25.875738509603508,1000,1.0
795.353507,245,369.404929,795.3535068327792,4.419181460399552,245,0.0
4211.978694,1000,370.040187,4211.978693677977,25.72727759189621,1000,1.0
650.446394,216,370.085425,650.4463935004668,3.490822160521805,216,0.0
619.713259,203,370.331284,619.7132587382273,3.348749035330997,203,0.0
691.070601,220,370.380138,691.0706007053254,3.7837407576096185,220,0.0
3440.517988,820,370.966397,3440.5179882479542,20.998278713670892,820,0.0
729.895872,236,371.019274,729.8958718623344,3.9674429119371486,236,0.0
3263.353888,762,371.678333,3263.3538880646906,20.042717658158008,762,0.0
3990.165489,944,372.122541,3990.165489011634,24.40717431828626,944,0.0
612.446417,196,372.3701,612.4464165071596,3.346371620764293,196,0.0
617.053806,203,372.415302,617.0538060565003,3.3272823928156754,203,0.0
1603.475783,402,372.698008,1603.4757831183201,9.63294711248236,402,0.0
1103.531924,306,372.973218,1103.5319242133921,6.398456980328949,306,0.0
4113.257544,1000,373.400763,4113.257544257496,24.93748361482421,1000,1.0
4237.748739,1000,374.021532,4237.748739218856,25.93333203613895,1000,1.0
2481.949679,613,374.563156,2481.9496787180515,14.97940485817053,613,0.0
4051.141391,971,375.175835,4051.1413910738725,24.680220277185978,971,0.0
4352.856942,1000,375.596368,4352.856942070515,26.85406642570144,1000,1.0
1344.86148,349,375.873744,1344.861479638912,7.9860896058286,349,0.0
608.88432,195,376.121268,608.884320252214,3.325434925849457,195,0.0
919.531871,260,376.178137,919.5318714123132,5.292948563546989,260,0.0
896.416385,257,376.432104,896.4163851942478,5.131840864348846,257,0.0
1275.679745,341,376.50526,1275.6797448856705,7.496494717598115,341,0.0
4194.827644,1000,377.114724,4194.827643914107,25.59053981591795,1000,1.0
3006.183668,723,377.672205,3006.1836683496595,18.29694632303595,723,0.0
1015.212332,282,377.734002,1015.2123315554863,5.883059793386091,282,0.0
680.330012,216,377.979072,680.3300119440112,3.729719806282444,216,0.0
4323.088093,1000,378.591761,4323.088092555864,26.61626979046497,1000,1.0
2237.046405,533,378.906164,2237.0464047144037,13.657911576966285,533,0.0
728.355034,227,378.955123,728.3550337371591,4.026594406013518,227,0.0
3360.807747,795,379.533046,3360.807747128462,20.559454369953244,795,0.0
782.830885,243,379.585607,782.8308849987567,4.3348812774566925,243,0.0
1220.554449,325,379.851942,1220.5544488606647,7.183051387572404,325,0.0
760.704883,232,379.901139,760.7048828857651,4.245390729103928,232,0.0
595.775821,194,379.942485,595.7758207074235,3.2287020359392127,194,0.0
4355.463201,1000,380.582775,4355.463200761105,26.874993960515454,1000,1.0
990.254181,281,380.852845,990.2541812570784,5.691419834011059,281,0.0
4306.465741,1000,381.531853,4306.465741154693,26.48315370840725,1000,1.0
4508.177309,1000,382.23768,4508.177309168684,28.09659024744255,1000,1.0
2107.895098,514,382.576273,2107.8950978929165,12.775637267142143,514,0.0
1275.673565,342,382.859538,1275.673564948956,7.488642210699142,342,0.0
4406.21023,1000,383.507254,4406.210229712412,27.281232881360616,1000,1.0
1249.094062,338,383.58241,1249.0940619442033,7.308143830630282,338,0.0
3015.894256,715,384.173543,3015.894256325475,18.437680081807837,715,0.0
2441.530328,576,384.501253,2441.5303275680058,14.950900689670584,576,0.0
722.277872,220,384.549302,722.2778722661019,4.033848895992847,220,0.0
3179.742197,751,385.125147,3179.7421972496236,19.46149095391636,751,0.0
2162.91393,535,385.437522,2162.91393035963,13.048553022853904,535,0.0
624.850285,204,385.482001,624.850285331395,3.3817818268120443,204,0.0
2452.279886,578,385.822189,2452.2798857946505,15.020917636738394,578,0.0
860.982914,260,386.099484,860.9829142432801,4.824615976280835,260,0.0
4212.497434,1000,386.744926,4212.497433769184,25.73178669874239,1000,1.0
1717.674462,427,386.844036,1717.6744618500995,10.347165246567828,427,0.0
3270.568809,770,387.46479,3270.568809388152,20.037562650017012,770,0.0
4063.545254,932,388.185111,4063.545254478766,25.090247958275103,932,0.0
4318.568076,1000,388.931012,4318.568075774101,26.57987781836357,1000,1.0
4362.706066,1000,389.793089,4362.706066288787,26.93231320701288,1000,1.0
4418.653059,1000,390.685326,4418.653058909072,27.380874610292377,1000,1.0
4285.835488,1000,391.606713,4285.835488397053,26.318377738141507,1000,1.0
4373.075512,1000,392.491923,4373.075511993058,27.016638330633096,1000,1.0
2113.244529,510,392.937547,2113.2445294543304,12.850436913573649,510,0.0
696.733286,219,393.000155,696.7332860740197,3.8374502549535165,219,0.0
4222.429237,1000,393.922413,4222.429236805108,25.811094288078948,1000,1.0
3174.796335,758,394.432722,3174.796334874729,19.366447951448414,758,0.0
1905.512117,485,394.883856,1905.5121167033506,11.3883246394063,485,0.0
4314.477669,1000,395.77371,4314.477668708597,26.547501984726196,1000,1.0
4210.186788,1000,396.65756,4210.186787969356,25.71321644049448,1000,1.0
4200.566891,1000,397.573193,4200.566891067113,25.6359994720922,1000,1.0
759.645843,224,397.951024,759.6458431339333,4.300664305683394,224,0.0
4459.485603,1000,398.868103,4459.4856028176655,27.707235693186895,1000,1.0
4311.290831,1000,399.79227,4311.290831085958,26.52212124618298,1000,1.0
4497.309852,1000,400.723259,4497.309852297459,28.009903421237283,1000,1.0
4357.518029,1000,401.341805,4357.518029172303,26.891643753809635,1000,1.0
3299.69706,768,402.175418,3299.6970602183897,20.286345728126957,768,0.0
4312.574452,1000,403.079722,4312.574451660305,26.532243483460814,1000,1.0
983.494633,282,403.173201,983.4946332542664,5.629389669464134,282,0.0
1103.374649,299,403.576013,1103.3746494828551,6.452691817542212,299,0.0
695.128217,214,403.638682,695.1282166425156,3.8643109846588386,214,0.0
1775.658374,426,404.08757,1775.6583738726877,10.819413734724254,426,0.0
3859.246143,889,404.97767,3859.246143410626,23.79816253924603,889,0.0
854.247352,246,405.347466,854.2473520904844,4.882082825495349,246,0.0
4373.452455,1000,405.982536,4373.452454829644,27.01917974184962,1000,1.0
3381.701609,792,406.884938,3381.701609109378,20.751092634680404,792,0.0
4509.50176,1000,407.882653,4509.501760228134,28.107458012329907,1000,1.0
1310.29158,343,408.326168,1310.291579852215,7.757723890991762,343,0.0
2918.932227,658,408.825123,2918.932227029721,18.1166986459952,658,0.0
4126.353956,913,409.715336,4126.353956445891,25.743762641215373,913,0.0
703.220848,215,409.781365,703.2208478106728,3.920847718669536,215,0.0
1197.258934,306,410.173738,1197.2589340938869,7.148422574857368,306,0.0
4478.127707,1000,411.089513,4478.127706949423,27.856776005431552,1000,1.0
1015.162279,288,411.183303,1015.162278675952,5.834811318240227,288,0.0
625.897171,208,411.528069,625.8971710193927,3.358208166301642,208,0.0
4599.662029,1000,412.420047,4599.662028752889,28.828692269685998,1000,1.0
3633.657936,818,412.976063,3633.6579363769047,22.5593923048603,818,0.0
4513.150942,989,413.875885,4513.1509421982055,28.232858515546425,989,0.0
4635.461187,1000,414.731968,4635.461187273054,29.115661092664308,1000,1.0
3006.714375,667,415.200163,3006.714375025382,18.74699850090239,667,0.0
2862.356235,650,415.929434,2862.3562346497188,17.727780228231552,650,0.0
2841.970521,630,416.390548,2841.970520983814,17.723928318255215,630,0.0
1206.441049,308,416.770081,1206.441049247648,7.205702161912944,308,0.0
4531.05747,1000,417.336853,4531.057470175442,28.28030213247245,1000,1.0
4678.131606,1000,418.195164,4678.131605781615,29.456548495408057,1000,1.0
4611.597548,1000,418.970612,4611.597548206993,28.924560907285326,1000,1.0
4588.129823,1000,419.806061,4588.129822777561,28.73660192253609,1000,1.0
1005.775434,281,420.165518,1005.7754341248273,5.815515760712021,281,0.0
1232.749255,315,420.255767,1232.7492554231806,7.3604858687332095,315,0.0
934.949441,274,420.600118,934.9494411677642,5.304987214379059,274,0.0
758.83297,236,420.674063,758.8329700441369,4.198647611201025,236,0.0
4686.25934,1000,421.517273,4686.259340337874,29.5218125503812,1000,1.0
969.776824,268,421.880883,969.7768242894117,5.6309510088847174,268,0.0
4740.214006,1000,422.721148,4740.214005518051,29.952659043584365,1000,1.0
4792.291592,1000,423.597435,4792.291592001285,30.369775716057568,1000,1.0
4740.799589,1000,424.42881,4740.799588635659,29.958244687903566,1000,1.0
1559.714084,384,424.811907,1559.7140844951282,9.426204369256569,384,0.0
984.607698,273,424.889602,984.6076982062528,5.710016384398926,273,0.0
726.430614,227,425.208986,726.4306140992855,4.011048757064395,227,0.0
665.353756,207,425.268803,665.353755508093,3.6817581060380458,207,0.0
4629.267421,970,426.06687,4629.267420747692,29.312356021378893,970,0.0
1517.933371,390,426.434593,1517.9333705222505,9.04456772865749,390,0.0
1133.782615,313,426.517826,1133.78261454828,6.5849510784302625,313,0.0
4659.618395,1000,427.308159,4659.618394683715,29.308567884707944,1000,1.0
4530.115132,1000,428.111644,4530.115132306017,28.272970693146004,1000,1.0
865.235397,253,428.454212,865.235396655836,4.914362199261605,253,0.0
4661.552267,1000,429.315246,4661.552267321249,29.32436589302247,1000,1.0
1862.096618,450,429.450484,1862.0966179816035,11.319664823034207,450,0.0
4656.662031,1000,430.322308,4656.662030770585,29.284843316771315,1000,1.0
2499.732509,559,430.806347,2499.732508731591,15.55178627417185,559,0.0
4662.847814,1000,431.66409,4662.84781396929,29.33416751969728,1000,1.0
954.968631,279,432.048079,954.9686311639649,5.425385549742946,279,0.0
4657.877422,1000,432.94649,4657.877421973665,29.29448685229794,1000,1.0
4596.925476,1000,433.85007,4596.925476063389,28.806929797120382,1000,1.0
4764.352082,1000,434.78121,4764.352081946993,30.14626252766305,1000,1.0
4778.24522,1000,435.664723,4778.245219856935,30.257297939884214,1000,1.0
861.692426,255,435.741399,861.6924260990679,4.869925617491162,255,0.0
4689.611566,1000,436.660471,4689.611566365758,29.548755690443834,1000,1.0
2615.81928,584,437.10246,2615.8192803489264,16.28104552534947,584,0.0
1468.156176,376,437.524485,1468.1561759822926,8.75784012020075,376,0.0
702.498662,222,437.8847,702.4986620138097,3.8596455291459706,222,0.0
1328.937599,351,437.994184,1328.9375990564301,7.843273359152717,351,0.0
4700.66073,1000,438.85316,4700.660729634393,29.63685961103661,1000,1.0
949.703898,263,439.20636,949.7038982247948,5.510339705503927,263,0.0
4698.49729,1000,440.159456,4698.497290423179,29.619584624224636,1000,1.0
1544.373641,383,440.281867,1544.3736409079663,9.311689409639072,383,0.0
4628.335932,955,441.120069,4628.335932310325,29.425077805972702,955,0.0
4767.083675,1000,441.982921,4767.08367471813,30.168244911816647,1000,1.0
4797.96983,1000,442.856888,4797.96982988943,30.41545759873611,1000,1.0
4824.242748,1000,443.711969,4824.242747929729,30.62571682830504,1000,1.0
864.323954,250,444.070376,864.3239535497767,4.931104838816848,250,0.0
1657.69768,426,444.202004,1657.697679607652,9.87556153053782,426,0.0
1388.83132,347,444.580855,1388.8313202718728,8.354152582670002,347,0.0
1176.233174,306,444.956898,1176.233173731546,6.9799555234224995,306,0.0
1324.555536,341,445.062825,1324.5555362307643,7.887788258068964,341,0.0
4772.457576,1000,445.947744,4772.4575761730775,30.210726019712226,1000,1.0
4808.882666,1000,446.776224,4808.882665898056,30.502539548075674,1000,1.0
802.669629,243,447.101868,802.6696290674308,4.493704299379261,243,0.0
1528.800656,380,447.471571,1528.8006557797223,9.210550548915295,380,0.0
730.38108,237,447.535616,730.3810797435964,3.963282711732042,237,0.0
4767.352487,1000,448.295567,4767.352487237384,30.170150594347728,1000,1.0
4754.502396,1000,449.050205,4754.5023961815405,30.06789384528363,1000,1.0
809.968036,233,449.116485,809.9680360930389,4.63132484006127,233,0.0
4749.216769,1000,449.880583,4749.216768916332,30.0252754716574,1000,1.0
948.310843,275,450.208695,948.310843439384,5.403812210419832,275,0.0
1291.63046,343,450.529928,1291.6304597248875,7.60868852856632,343,0.0
2602.501497,592,450.936512,2602.5014967780853,16.111032672891263,592,0.0
4764.279319,1000,451.769958,4764.279319495707,30.145740973370525,1000,1.0
1735.923245,411,451.88909,1735.9232448952894,10.620770361282808,411,0.0
4772.995234,1000,452.702992,4772.995233819806,30.215066913400683,1000,1.0
1272.586936,334,453.054062,1272.586936152032,7.527754256325431,334,0.0
4683.265571,1000,453.887525,4683.265571030831,29.497448538387484,1000,1.0
778.761903,230,453.953426,778.7619026760373,4.405749816843896,230,0.0
4574.130847,953,454.767564,4574.130847019833,29.0068335326462,953,0.0
806.584892,247,455.09553,806.5848924954507,4.492951044589534,247,0.0
1582.392618,376,455.464092,1582.3926181142913,9.671577769174613,376,0.0
832.394869,248,455.538859,832.3948687022428,4.6916119135438406,248,0.0
4729.471096,1000,456.361504,4729.471096092834,29.867169228368855,1000,1.0
922.995127,264,456.442689,922.9951269077072,5.288857856873371,264,0.0
3510.282493,763,457.185677,3510.2824928833256,22.010581273366213,763,0.0
674.909289,220,457.255732,674.9092888668391,3.654801493477431,220,0.0
3445.688219,741,458.012179,3445.688218788557,21.668957309854875,741,0.0
1844.605583,434,458.394704,1844.6055832023892,11.307035635282787,434,0.0
4753.169631,1000,459.221349,4753.169631113316,30.056609559344242,1000,1.0
695.246053,219,459.286248,695.2460529121171,3.825470485097968,219,0.0
4910.214364,1000,460.118379,4910.214364056314,31.312559567561035,1000,1.0
497.497852,178,460.170707,497.49785236040634,2.5697153978528116,178,0.0
775.097411,238,460.51861,775.097411410712,4.31289582196393,238,0.0
4788.349115,1000,461.34222,4788.349114503923,30.33794052970021,1000,1.0
4880.922472,1000,462.199092,4880.922472009001,31.078306412712898,1000,1.0
3373.03432,735,462.654334,3373.0343198016767,21.13569743839894,735,0.0
876.321029,249,462.969873,876.3210287189922,5.034543124107922,249,0.0
765.873302,228,463.033117,765.8733018241833,4.318779681220471,228,0.0
685.390436,212,463.346133,685.3904360437759,3.802362973293655,212,0.0
586.059893,193,463.399219,586.0598931561324,3.1589507167075643,193,0.0
1149.681079,308,463.487228,1149.6810790238044,6.751631587570023,308,0.0
742.114114,233,463.821937,742.1141135544366,4.088528807672366,233,0.0
4842.910288,1000,464.634276,4842.9102881247345,30.77420886316736,1000,1.0
1225.964399,321,464.982684,1225.9643989524805,7.258409123250662,321,0.0
489.142436,172,465.033962,489.1424356120244,2.5507402494678844,172,0.0
863.949339,252,465.108014,863.9493389204416,4.911827344504401,252,0.0
4801.118014,1000,465.935056,4801.118014325707,30.439812669102796,1000,1.0
1429.462377,358,466.299914,1429.4623774083636,8.591525950098097,358,0.0
4410.239075,926,467.087155,4410.23907535121,27.91103579033951,926,0.0
883.716028,254,467.154972,883.7160278354086,5.05403378704024,254,0.0
1457.364652,359,467.517078,1457.3646516283764,8.80675008532555,359,0.0
1041.03735,285,467.857868,1041.0373498625208,6.065992692185634,285,0.0
2139.146471,484,468.248578,2139.1464714395515,13.264276478258285,484,0.0
753.423678,225,468.316016,753.4236781386156,4.242744696695144,225,0.0
750.616284,230,468.386019,750.6162844756709,4.18068499094721,230,0.0
904.929436,259,468.730065,904.9294358274008,5.183974817938019,259,0.0
596.380647,199,468.786058,596.3806471257205,3.1934687103429544,199,0.0
1674.568209,404,469.180484,1674.5682091040962,10.185696334605824,404,0.0
3576.167618,754,469.914527,3576.1676184221524,22.609069634124346,754,0.0
4848.415458,1000,470.68032,4848.415457913517,30.818439349274424,1000,1.0
1107.034605,296,470.760415,1107.034604522895,6.505811148175279,296,0.0
854.906712,252,471.075827,854.9067118692301,4.8395919474768245,252,0.0
4891.790839,1000,471.854805,4891.790838613496,31.165194995942347,1000,1.0
1603.65981,391,471.959896,1603.6598101503102,9.721719686986226,391,0.0
1454.606488,349,472.2966,1454.6064880169354,8.863852603069807,349,0.0
3772.21084,799,473.016343,3772.2108396356584,23.818998773573604,799,0.0
1731.999602,410,473.137738,1731.999602434215,10.597258356115695,410,0.0
1067.867839,287,473.488762,1067.8678385242906,6.264340593826094,287,0.0
653.201284,210,473.544993,653.2012839430406,3.5607460995075644,210,0.0
1110.690486,293,473.873871,1110.6904863024345,6.558980111578091,293,0.0
2295.182895,514,474.277132,2295.182895494637,14.274018783041358,514,0.0
642.25245,203,474.33804,642.2524504141224,3.5287922672173324,203,0.0
4858.670626,1000,475.198406,4858.670626497244,30.90033295169662,1000,1.0
2628.659288,572,475.636739,2628.659288270236,16.479045296633238,572,0.0
1620.245144,389,476.035243,1620.245143791488,9.870589232049436,389,0.0
4843.724265,1000,476.868204,4843.724264592671,30.780400427815835,1000,1.0
4831.845434,1000,477.713967,4831.845434289712,30.686320516767438,1000,1.0
2857.528845,619,478.211286,2857.5288451734928,17.935777559826263,619,0.0
4857.165381,1000,479.142788,4857.16538116898,30.888772829345676,1000,1.0
4797.458486,1000,479.959634,4797.458485916199,30.411149310633043,1000,1.0
4992.409407,1000,480.6977,4992.409407480515,31.970225163703883,1000,1.0
1628.223494,389,481.024215,1628.2234939580528,9.93452247317916,389,0.0
827.874499,247,481.082054,827.8744986014616,4.663030635167238,247,0.0
1015.46155,271,481.444453,1015.4615501604906,5.972523194862101,271,0.0
4883.467335,1000,482.136452,4883.467335010049,31.09915763788613,1000,1.0
815.96532,228,482.19306,815.9653199238419,4.719188359005526,228,0.0
1984.637864,464,482.507391,1984.6378639235968,12.187929691673524,464,0.0
4868.545192,1000,483.188632,4868.545191940339,30.979321780925208,1000,1.0
1505.289329,369,483.487506,1505.2893294796781,9.110429538238769,369,0.0
4930.324982,1000,484.143574,4930.324982076958,31.473566312512986,1000,1.0
4889.389886,1000,484.808966,4889.3898861809,31.146384774084396,1000,1.0
2827.534069,597,485.170703,2827.534069301996,17.871000204666277,597,0.0
4546.833545,935,485.799154,4546.833544828034,28.932165138635128,935,0.0
915.752491,243,485.854444,915.7524912505148,5.397926982645854,243,0.0
1447.351713,361,486.147693,1447.3517128118658,8.710793001769192,361,0.0
4944.754102,1000,486.772384,4944.754102114158,31.589046307685123,1000,1.0
1366.643708,335,487.063961,1366.6437080672358,8.272118932193058,335,0.0
4812.729701,1000,487.491604,4812.729701151146,30.532821954142392,1000,1.0
4366.772818,885,488.09579,4366.77281754414,27.889404163710136,885,0.0
1234.005352,307,488.366726,1234.0053515688057,7.434069338276062,307,0.0
4830.85265,1000,488.974438,4830.852649817831,30.677792112336583,1000,1.0
4998.874763,1000,489.597478,4998.874763057144,32.02254942474359,1000,1.0
5015.144421,997,490.207892,5015.144421463631,32.184191026898354,997,0.0
4897.565262,1000,490.824761,4897.565261644477,31.2117755587915,1000,1.0
1399.105791,345,490.9004,1399.1057910657785,8.452081954553218,345,0.0
4954.845628,990,491.542988,4954.8456284611275,31.7576390321294,990,0.0
1799.596232,420,491.846852,1799.5962315257386,11.058022722826143,420,0.0
4915.532688,1000,492.448955,4915.532688088668,31.355505854383672,1000,1.0
4998.49173,1000,493.052025,4998.491730271563,32.018869274526516,1000,1.0
4732.874782,1000,493.656548,4732.8747819754235,29.894767298240875,1000,1.0
4831.464359,959,494.249974,4831.464359417486,31.017771173893845,959,0.0
4851.519846,1000,494.86556,4851.519845572243,30.843023379870246,1000,1.0
3407.037019,699,495.215367,3407.0370189102264,21.69437389371592,699,0.0
4151.951446,857,495.809592,4151.951445694807,26.39419514331897,857,0.0
905.88882,249,495.862794,905.8888199595367,5.27140294933364,249,0.0
4957.303113,1000,496.455258,4957.303112622438,31.689347958985493,1000,1.0
2941.762807,637,496.796749,2941.7628071307045,18.466366198413116,637,0.0
745.69136,228,497.05029,745.6913600263119,4.156948401104234,228,0.0
4997.648926,1000,497.66676,4997.648926063694,32.01220043665183,1000,1.0
1469.22675,356,497.948444,1469.2267495736703,8.925458626274564,356,0.0
974.939392,258,498.008686,974.9393915257721,5.752100570806919,258,0.0
1141.908032,290,498.271818,1141.9080319120098,6.832608181616868,290,0.0
1686.71046,400,498.361887,1686.7104598723479,10.314595207706756,400,0.0
4895.233878,1000,498.980671,4895.233877723675,31.193105208292522,1000,1.0
4892.386841,1000,499.589517,4892.386841286623,31.170296053157713,1000,1.0
1975.440999,452,499.875605,1975.4409991536943,12.2100550363179,452,0.0
4939.743366,1000,500.476458,4939.743366258453,31.54876003451554,1000,1.0
756.82689,234,500.72221,756.8268897728099,4.1983547481337835,234,0.0
797.394743,233,500.770825,797.3947430941942,4.530671789505308,233,0.0
2614.556466,579,501.090131,2614.5564659189345,16.31029375198516,579,0.0
4700.385708,1000,501.691146,4700.385708289245,29.634165816512148,1000,1.0
4837.264977,1000,502.2869,4837.264976678634,30.72921499597452,1000,1.0
700.80259,215,502.33427,700.802590317407,3.9013515441349718,215,0.0
4919.73864,1000,502.92409,4919.738640482591,31.389175232128686,1000,1.0
1205.556025,311,503.182656,1205.5560251950953,7.17457428424002,311,0.0
4922.73611,1000,503.780084,4922.736109721571,31.412904856448858,1000,1.0
4950.325332,1000,504.373183,4950.325332358533,31.633673721330634,1000,1.0
4872.863525,1000,504.981243,4872.863525113381,31.014081016885594,1000,1.0
1924.6341,441,505.270878,1924.6341003879768,11.891161715582466,441,0.0
4456.225284,899,505.852792,4456.225283570741,28.49388436064667,899,0.0
4861.844823,1000,506.258688,4861.844823056452,30.925275340275142,1000,1.0
4938.4015,1000,506.850467,4938.401500145188,31.53817782015898,1000,1.0
4853.95581,1000,507.446546,4853.9558102303145,30.862563696976576,1000,1.0
4881.936319,1000,508.044922,4881.936318665107,31.086490600575203,1000,1.0
1837.177439,426,508.328645,1837.177438843545,11.310707075306334,426,0.0
4826.361027,1000,508.933556,4826.361027408283,30.64211347454791,1000,1.0
4973.058245,1000,509.538891,4973.058245365375,31.81561326059404,1000,1.0
684.405282,216,509.784103,684.4052819785179,3.762627940407756,216,0.0
4959.089695,1000,510.183971,4959.089695231821,31.703756322777377,1000,1.0
3183.26417,692,510.71713,3183.264170402771,19.960218271561835,692,0.0
4879.450457,1000,511.311497,4879.450457244764,31.066695115702206,1000,1.0
849.890611,252,511.364644,849.8906111176598,4.799535541865605,252,0.0
2886.382036,619,511.690937,2886.3820357264053,18.1665430139896,619,0.0
4936.072681,1000,512.289252,4936.072680737677,31.519696627497414,1000,1.0
4820.010476,1000,512.882586,4820.010475645502,30.591564095505216,1000,1.0
1542.716262,383,513.154338,1542.7162618931566,9.298372374490791,383,0.0
5015.382825,1000,513.754518,5015.382825138665,32.15418405247089,1000,1.0
1088.921372,286,514.006802,1088.9213719626034,6.440652414145566,286,0.0
4937.503482,1000,514.613933,4937.5034820528945,31.531191407295477,1000,1.0
4305.064596,882,515.009273,4305.0645963567895,27.420272428516984,882,0.0
4931.97783,1000,515.615724,4931.97782989302,31.487130717490945,1000,1.0
4982.805326,1000,516.220271,4982.805326180343,31.893871336725926,1000,1.0
4888.568167,1000,516.858947,4888.568166559811,31.139555470966872,1000,1.0
720.79291,219,517.109193,720.7929100167711,4.029517898064486,219,0.0
3379.954959,731,517.470021,3379.9549591089626,21.222857057911362,731,0.0
974.036249,267,517.721385,974.0362489806372,5.673051868957192,267,0.0
4955.596415,1000,518.137586,4955.596415263339,31.67575394090008,1000,1.0
4992.298095,1000,518.739479,4992.29809487055,31.969057272239834,1000,1.0
4903.339656,1000,519.354925,4903.339656383582,31.25784590029782,1000,1.0
4955.848558,1000,519.954782,4955.848557765296,31.677956275673036,1000,1.0
5019.725996,1000,520.568568,5019.725995579842,32.18891117760159,1000,1.0
5014.820068,1000,521.173936,5014.82006821664,32.149772703401645,1000,1.0
5004.000632,1000,521.782562,5004.000631997957,32.06303714893764,1000,1.0
1936.6973,441,522.069635,1936.6973002351137,11.987624709489408,441,0.0
941.298628,261,522.318187,941.2986283248797,5.459082028826733,261,0.0
872.115237,251,522.373304,872.115236682513,4.985299597730287,251,0.0
1546.42327,381,522.646146,1546.4232703386353,9.343547553280949,381,0.0
2023.379944,462,522.947458,2023.3799443459034,12.513855248776178,462,0.0
1698.118326,410,523.242392,1698.1183257681278,10.32639251561626,410,0.0
4969.75303,1000,523.658938,4969.753029686747,31.78969975801188,1000,1.0
921.342791,251,523.914598,921.3427909136464,5.379189419954975,251,0.0
603.581217,198,523.955723,603.581217239581,3.25911037715873,198,0.0
5096.435921,1000,524.576721,5096.435921101363,32.802860346323754,1000,1.0
736.898926,243,524.830114,736.8989257435766,3.9674132578311387,243,0.0
724.987005,225,524.879734,724.987004862369,4.015318193421452,225,0.0
5116.316435,1000,525.5141,5116.316434578205,32.96168722553966,1000,1.0
1351.931156,335,525.788897,1351.9311556128937,8.154199505796415,335,0.0
5070.251853,985,526.424335,5070.251852581668,32.720579013303194,985,0.0
4957.215298,1000,527.084309,4957.215297943,31.688683804291376,1000,1.0
2199.952716,484,527.395615,2199.9527163586617,13.750996883563353,484,0.0
889.773334,246,527.447326,889.773334163839,5.1662847976723025,246,0.0
1567.890466,385,527.731573,1567.890465982212,9.483648257734819,385,0.0
4952.962825,1000,528.343666,4952.9628246021475,31.6550956292078,1000,1.0
4876.123937,1000,528.968104,4876.123936797811,31.04034586202892,1000,1.0
4971.946934,1000,529.592716,4971.946933650691,31.806560640154746,1000,1.0
1118.15341,298,529.656611,1118.1534101657192,6.579086645356631,298,0.0
783.672121,227,529.900536,783.6721206373683,4.4690237475204535,227,0.0
1642.533476,387,530.192655,1642.5334757881888,10.064874539782256,387,0.0
926.118117,259,530.250092,926.1181169634203,5.353783562744022,259,0.0
5066.528837,1000,530.868277,5066.528836524993,32.56332949451407,1000,1.0
2386.581221,531,531.181394,2386.581220617206,14.869164761414119,531,0.0
2769.509119,595,531.500857,2769.5091189597056,17.42305154981412,595,0.0
2233.085045,493,531.798227,2233.0850451505753,13.944213923511839,493,0.0
1676.062914,395,532.075334,1676.0629138680436,10.269106518113443,395,0.0
4905.831437,1000,532.673181,4905.831437391533,31.27777588092969,1000,1.0
1024.609516,277,532.731617,1024.6095163972534,5.997917002305531,277,0.0
4830.094109,1000,533.327158,4830.094109353169,30.67161813613513,1000,1.0
3442.959291,739,533.871119,3442.95929086365,21.663067770410784,739,0.0
1200.984169,319,533.936736,1200.9841685587012,7.074272244737242,319,0.0
4825.716802,1000,534.535091,4825.716802401764,30.637383991013785,1000,1.0
999.488086,269,534.78258,999.4880860231742,5.860686892276008,269,0.0
4059.760737,845,535.345772,4059.760737064234,25.75312428255052,845,0.0
1213.267715,308,535.412236,1213.2677148748264,7.260025338980426,308,0.0
4943.091009,1000,536.042222,4943.091008515185,31.575785635025913,1000,1.0
865.817998,243,536.298349,865.8179984488931,4.998304734580542,243,0.0
4963.25878,1000,536.927015,4963.258779904085,31.736833137964737,1000,1.0
4884.343912,1000,537.336387,4884.343911683033,31.105824943243203,1000,1.0
730.465465,221,537.578975,730.465464639578,4.090985543866517,221,0.0
3391.667007,725,537.92432,3391.667007340483,21.36385999168932,725,0.0
4957.897111,1000,538.539143,4957.897111194128,31.69428617384412,1000,1.0
706.148672,220,538.783766,706.148671648855,3.9045551873290423,220,0.0
650.868436,206,538.827858,650.8684362250701,3.573649652611163,206,0.0
3710.740202,779,539.393052,3710.740201985555,23.48592349723429,779,0.0
5010.672577,1000,539.998107,5010.672577305022,32.11608856456648,1000,1.0
4914.071148,1000,540.595364,4914.071148013675,31.34360308024364,1000,1.0
695.623198,210,540.639649,695.6231983357645,3.899741375055221,210,0.0
4940.464821,1000,541.250661,4940.46482127154,31.554321400575258,1000,1.0
722.428075,217,541.298319,722.428074612585,4.058461786400158,217,0.0
2074.589492,473,541.606885,2074.589492492418,12.835387958482231,473,0.0
4035.253005,832,542.196578,4035.2530047517475,25.659830327971843,832,0.0
893.879074,255,542.253312,893.879073767293,5.127551540773911,255,0.0
897.349083,262,542.507115,897.3490830119384,5.099319030436437,262,0.0
5001.984708,1000,543.101485,5001.984707595383,32.04680683246498,1000,1.0
4700.73469,958,543.685753,4700.734689698651,29.97989355057642,958,0.0
1938.923682,456,543.983174,1938.923681656008,11.885956864697798,456,0.0
3223.866116,685,544.316998,3223.8661159324397,20.34052890963639,685,0.0
4947.835146,1000,544.918674,4947.835145977858,31.613915757895878,1000,1.0
4784.557541,1000,545.518214,4784.557541474449,30.308031638825117,1000,1.0
4968.474559,1000,546.122908,4968.474558587526,31.778910614000495,1000,1.0
1684.700847,403,546.40545,1684.7008470540936,10.274304210606642,403,0.0
1172.904419,307,546.471456,1172.904418735168,6.945066521534119,307,0.0
4903.817289,1000,547.075102,4903.817288583677,31.261650030077917,1000,1.0
4919.748336,1000,547.68134,4919.74833604804,31.389290029957397,1000,1.0
730.301651,221,547.924344,730.3016506064597,4.089783726760306,221,0.0
3691.89672,782,548.283292,3691.896719691593,23.31181598052489,782,0.0
976.229645,262,548.548581,976.2296452635452,5.73023354430144,262,0.0
4937.200074,1000,549.153454,4937.200074002494,31.528905095877136,1000,1.0
885.47806,250,549.207085,885.4780595414371,5.100150083543758,250,0.0
4922.745588,1000,549.810415,4922.745587888253,31.413173022376995,1000,1.0
1069.772165,321,550.07625,1069.772164528997,6.0091473032304545,321,0.0
848.593947,243,550.129611,848.593947079389,4.860683663678411,243,0.0
1600.518318,391,550.420069,1600.518318170524,9.696666242543273,391,0.0
3026.148504,643,550.753304,3026.148504416882,19.09352502189916,643,0.0
549.681441,185,550.793058,549.6814410366903,2.931491880071792,185,0.0
877.176874,249,551.041534,877.176874109093,5.041634591551613,249,0.0
4059.958373,847,551.61504,4059.958373359698,25.73837653580077,847,0.0
1071.857394,283,551.677075,1071.8573936604662,6.328234682364385,283,0.0
5002.53383,1000,552.288758,5002.533829726285,32.05139618031077,1000,1.0
3015.562242,644,552.656777,3015.5622422259685,19.000650270610507,644,0.0
4385.511844,893,553.247317,4385.51184388498,27.976057752170828,893,0.0
781.288751,236,553.501282,781.2887514463624,4.378259376493842,236,0.0
707.888071,210,553.549215,707.8880713806927,3.9981909339131607,210,0.0
5066.813941,1000,554.187897,5066.813940910973,32.56615369326898,1000,1.0
1698.889187,415,554.478312,1698.889187239233,10.292592727652792,415,0.0
2083.306359,467,554.777514,2083.3063586571084,12.95349311730661,467,0.0
1743.82702,413,554.865668,1743.8270199589083,10.668022326858068,413,0.0
830.346019,244,555.118327,830.3460194108121,4.7067500613075115,244,0.0
5116.170363,1000,555.744558,5116.17036268792,32.96062702746608,1000,1.0
1012.510969,276,555.801556,1012.5109689562248,5.909005468069121,276,0.0
5087.754799,1000,556.423843,5087.754799234421,32.7332615323363,1000,1.0
4352.144491,884,557.022603,4352.144491316988,27.78088289203966,884,0.0
678.559533,214,557.268551,678.5595327436392,3.7316364580671735,214,0.0
1001.405193,267,557.328609,1001.4051933405692,5.892120198026859,267,0.0
860.354164,250,557.581058,860.3541642955794,4.898995598135376,250,0.0
5018.757931,1000,558.007695,5018.757931279873,32.18127153508117,1000,1.0
5030.948538,1000,558.64977,5030.948538118101,32.27949411966044,1000,1.0
5003.646272,1000,559.338056,5003.646272181282,32.0607321341455,1000,1.0
1208.570888,296,559.616685,1208.5708880367677,7.3180503399904735,296,0.0
994.958367,271,559.884934,994.958367483175,5.8086455923938844,271,0.0
831.021633,239,559.941692,831.0216328813909,4.752053677352318,239,0.0
1278.288799,321,560.217352,1278.2887992707756,7.676934822680597,321,0.0
669.820126,212,560.263763,669.8201263461592,3.6778192428300946,212,0.0
1338.806726,331,560.549571,1338.8067257828077,8.081063976136035,331,0.0
940.626289,276,560.614171,940.6262892065196,5.334160551766566,276,0.0
5056.758296,1000,561.260333,5056.758296028152,32.485079231009074,1000,1.0
5110.369433,1000,561.944726,5110.36943301127,32.91420019751783,1000,1.0
4931.705483,1000,562.640698,4931.705482521028,31.48503551592252,1000,1.0
680.442465,210,562.690763,680.4424648635443,3.7785152835371996,210,0.0
5066.117109,1000,563.41974,5066.117108711826,32.560109659871536,1000,1.0
865.386784,247,563.742753,865.3867842407024,4.963287964167864,247,0.0
3681.43819,752,564.222733,3681.438190230721,23.467386205559336,752,0.0
5134.43596,1000,565.012233,5134.435960254013,33.106692513724,1000,1.0
837.434157,240,565.343665,837.4341566607087,4.795390712528644,240,0.0
685.562709,213,565.404228,685.5627093382924,3.7954444140281884,213,0.0
2442.233466,536,565.804406,2442.233466286755,15.2750823032173,536,0.0
1190.387687,301,566.179915,1190.3876868674402,7.132615721133992,301,0.0
4885.639528,979,567.100292,4885.639527733552,31.29125338654406,979,0.0
446.016741,166,567.154425,446.0167413454719,2.2535412084977953,166,0.0
2420.779605,520,567.586472,2420.7796047059373,15.23072817202623,520,0.0
706.739757,211,567.911226,706.7397565899992,3.9810342063327218,211,0.0
717.912652,226,567.981586,717.9126523952672,3.9509581468380803,226,0.0
5214.604389,1000,568.883566,5214.604388997028,33.74804418868675,1000,1.0
638.352803,199,568.947126,638.3528030329769,3.5291531977729225,199,0.0
3385.047776,699,569.816673,3385.0477761583616,21.518373336032376,699,0.0
677.89201,211,569.885018,677.8920095081063,3.7502036449053096,211,0.0
697.329445,214,569.954164,697.3294451923766,3.881794123844396,214,0.0
5062.266305,1000,570.823168,5062.266304936466,32.529596489335184,1000,1.0
5068.26928,1000,571.574401,5068.269279871218,32.57813387194059,1000,1.0
1226.914926,318,571.909305,1226.914926413125,7.289754814545843,318,0.0
5067.78666,1000,572.819051,5067.786659814023,32.57390703424501,1000,1.0
995.263846,264,572.90942,995.2638455654767,5.866650974394596,264,0.0
2839.756777,597,573.768801,2839.7567774455897,17.968735298168234,597,0.0
701.228931,217,573.844803,701.2289309438929,3.8890757170069277,217,0.0
5106.272147,1000,574.878017,5106.272147431404,32.881933230086375,1000,1.0
871.446811,248,575.315933,871.4468113174287,5.0037152098730955,248,0.0
5091.279963,1000,576.080152,5091.279963280702,32.76243789768718,1000,1.0
1408.281812,341,576.587579,1408.2818123384586,8.557492582137302,341,0.0
705.333299,218,577.002004,705.3332988830603,3.9139811823564377,218,0.0
790.849108,226,577.08564,790.849108396751,4.533992880246238,226,0.0
5154.191065,1000,578.157828,5154.191065153142,33.26519047601086,1000,1.0
758.49653,230,578.239704,758.4965296187769,4.243906333183203,230,0.0
4935.885294,976,579.728888,4935.885293580801,31.718126516982718,976,0.0
5163.615745,1000,580.80689,5163.615745013903,33.340703242664894,1000,1.0
5130.896035,1000,581.650721,5130.896034981308,33.07892046279516,1000,1.0
5087.665162,1000,582.434904,5087.665161721481,32.733046501255245,1000,1.0
774.883443,229,582.80274,774.8834434455952,4.382561120405229,229,0.0
943.241339,269,582.889292,943.2413391714479,5.4108251983171565,269,0.0
881.934864,250,583.257512,881.934863978245,5.071860628093163,250,0.0
736.04848,221,583.324947,736.0484799091226,4.135829855125761,221,0.0
5160.930857,1000,584.206287,5160.930857246635,33.319443666840954,1000,1.0
896.709335,249,584.282745,896.7093346336668,5.1978373912480045,249,0.0
661.286854,202,584.630731,661.2868538116695,3.6889820493419707,202,0.0
1660.597942,403,585.030091,1660.5979424867016,10.081750023179277,403,0.0
889.781255,253,585.106548,889.7812546662043,5.110665233674819,253,0.0
1318.977294,342,585.480467,1318.977293953048,7.83504086003065,342,0.0
5128.510998,1000,586.328384,5128.510997884499,33.05947491997526,1000,1.0
4198.145086,836,586.856834,4198.145085753645,26.931466827416802,836,0.0
862.196425,249,587.212859,862.1964246411206,4.9218674373766245,249,0.0
4051.515167,817,588.042513,4051.5151669474762,25.909668107131285,817,0.0
507.735799,180,588.097764,507.7357989462987,2.6357690190734058,180,0.0
846.180345,250,588.176639,846.1803453686634,4.7858929787900175,250,0.0
5098.466625,1000,589.054905,5098.466625354592,32.81936980713249,1000,1.0
5094.415118,1000,589.962038,5094.415118194652,32.7867520072153,1000,1.0
1270.219084,340,590.373771,1270.2190837025207,7.461099860166033,340,0.0
888.020956,252,590.456134,888.020955964175,5.104394632114632,252,0.0
1004.717655,283,590.853598,1004.717655458261,5.790980594703979,283,0.0
3551.841889,721,591.390234,3551.8418887454313,22.67757060379534,721,0.0
893.034634,248,591.776368,893.0346342899776,5.176297187760986,248,0.0
904.566642,258,591.857142,904.5666417909146,5.189032283523631,258,0.0
1934.429201,441,592.303919,1934.4292014212895,11.969616488848521,441,0.0
754.360128,235,592.702626,754.3601280840454,4.170714256692389,235,0.0
5082.01674,1000,593.646328,5082.016739705507,32.687247281059086,1000,1.0
4970.238646,1000,594.668905,4970.238645643045,31.793329505987852,1000,1.0
5048.74922,1000,595.729901,5048.749219786948,32.42188957549811,1000,1.0
5088.1876,1000,596.412332,5088.18759956284,32.73706583794562,1000,1.0
5098.057784,1000,597.419686,5098.057784127593,32.81621491736965,1000,1.0
3438.024628,695,598.336117,3438.0246275332665,21.97413306955613,695,0.0
5071.693957,1000,599.460028,5071.693957380225,32.60526036418485,1000,1.0
5024.055727,1000,600.52147,5024.055727487953,32.224329038545996,1000,1.0
1606.944623,387,600.664258,1606.94462329601,9.780255117178703,387,0.0
1407.357676,342,601.125257,1407.3576764016186,8.541720556394205,342,0.0
5001.033025,1000,602.199504,5001.03302493163,32.03997868068387,1000,1.0
4827.67519,971,603.237331,4827.675190360616,30.892538915324774,971,0.0
5185.241658,1000,604.273815,5185.24165798598,33.51375306784101,1000,1.0
5140.951735,1000,605.333102,5140.951734714224,33.15958560517904,1000,1.0
5151.558145,1000,606.404756,5151.558145033381,33.24418320934437,1000,1.0
4275.679518,846,607.113414,4275.679518320119,27.472198356232532,846,0.0
5097.417286,1000,608.151503,5097.417286377715,32.81122045280753,1000,1.0
5029.188292,1000,609.17512,5029.188291902287,32.264956834922934,1000,1.0
3464.061561,711,610.088113,3464.061561404745,22.055390654168228,711,0.0
4639.204996,930,610.924183,4639.2049958549005,29.711128424189297,930,0.0
3160.440982,663,611.360186,3160.4409819219713,20.00864274466595,663,0.0
1712.075523,409,611.68765,1712.0755228224823,10.445780778675642,409,0.0
4451.338017,878,612.146586,4451.338016611449,28.622060422315595,878,0.0
5036.93193,1000,612.82725,5036.931929651235,32.32683988287157,1000,1.0
4891.706018,1000,613.459936,4891.706018447955,31.165482998174344,1000,1.0
5019.913023,1000,614.113244,5019.913023283336,32.19115376517156,1000,1.0
4577.142994,928,614.753658,4577.142994134863,29.231046345290284,928,0.0
4988.2618,1000,615.407397,4988.261800468428,31.937840795550436,1000,1.0
969.176565,261,615.665676,969.1765650003867,5.681805214562974,261,0.0
5060.986206,1000,616.114034,5060.986205581713,32.51977234300331,1000,1.0
5103.884629,1000,616.755474,5103.884628717275,32.86298438697371,1000,1.0
1221.317808,309,617.029932,1221.3178083946912,7.316462640983223,309,0.0
4787.190344,952,617.637661,4787.1903436376415,30.71980681205572,952,0.0
1935.80525,432,617.926342,1935.8052502734988,12.052304857139974,432,0.0
5203.610116,1000,618.556302,5203.610116253019,33.66090048392578,1000,1.0
2280.851763,491,618.877506,2280.851763497342,14.342417337351517,491,0.0
4693.462795,935,619.317798,4693.462795315723,30.105448062264863,935,0.0
726.260792,219,619.571082,726.2607920055386,4.073353447900801,219,0.0
2542.334692,545,619.895213,2542.3346918656994,16.00409616905526,545,0.0
5086.881261,1000,620.543126,5086.881261476059,32.72693535412646,1000,1.0
3356.281873,685,620.889831,3356.2818726044843,21.399908036812008,685,0.0
5061.513583,1000,621.528106,5061.513582855121,32.52440716371318,1000,1.0
5173.945136,1000,622.140084,5173.9451361061065,33.423737695322345,1000,1.0
1408.967889,351,622.415985,1408.9678894722254,8.483221442313594,351,0.0
450.846213,163,622.450946,450.84621286361664,2.316069697069354,163,0.0
499.772836,179,622.690039,499.7728356170269,2.5800347446674743,179,0.0
1666.160878,389,622.774663,1666.1608778871255,10.23797944004248,389,0.0
848.637319,243,623.027064,848.6373192781624,4.861022867053406,243,0.0
3260.2147,683,623.401881,3260.214699851907,20.6475347582705,683,0.0
1310.855522,337,623.68286,1310.8555215104266,7.809959004622532,337,0.0
2764.37516,570,624.008942,2764.3751596083903,17.581107385903273,570,0.0
938.819501,261,624.067126,938.8195006268792,5.439277399905024,261,0.0
5184.373633,1000,624.718003,5184.373633037878,33.50696597337051,1000,1.0
5216.630693,1000,625.37208,5216.6306934157,33.76561414722396,1000,1.0
5152.198971,1000,625.993367,5152.198970561837,33.24977776007726,1000,1.0
1491.306153,351,626.281163,1491.3061528840894,9.141717212370116,351,0.0
5124.093427,1000,626.918173,5124.093426566142,33.02498638727455,1000,1.0
540.790141,183,626.959429,540.7901409374102,2.87648150012532,183,0.0
1208.89684,307,627.235369,1208.8968404737682,7.233206272526763,307,0.0
5142.209297,1000,627.868617,5142.2092968364495,33.170123998368496,1000,1.0
5109.681197,1000,628.500013,5109.681197263415,32.910071821166206,1000,1.0
723.476347,232,628.554386,723.4763469014349,3.947344629101858,232,0.0
5172.207741,1000,629.212385,5172.207741095514,33.410115047828796,1000,1.0
5238.288546,1000,629.846006,5238.28854610429,33.938576856187176,1000,1.0
928.085142,261,630.099709,928.0851421547497,5.353160763567614,261,0.0
5180.3473,1000,630.728073,5180.34729956788,33.47543699766874,1000,1.0
2723.412453,586,631.071139,2723.41245347076,17.126170231403837,586,0.0
4726.137853,946,631.705319,4726.137853241468,30.27944319259513,946,0.0
1097.354544,298,631.771329,1097.3545435748756,6.412740087006418,298,0.0
801.0836,236,632.0372,801.0835999295047,4.536553153261861,236,0.0
5242.555427,1000,632.679029,5242.555427018443,33.972836250486885,1000,1.0
5160.86397,1000,633.335828,5160.86396962635,33.31960857793482,1000,1.0
5144.834531,1000,633.781447,5144.834531099845,33.190971935770165,1000,1.0
2460.843333,537,634.305356,2460.843332846354,15.416051032590179,537,0.0
4922.283332,952,634.714273,4922.2833318560115,31.80080697075092,952,0.0
5159.352837,1000,635.353546,5159.352837288345,33.30702531676137,1000,1.0
5127.985967,994,635.982388,5127.9859672232815,33.11165217658018,994,0.0
5094.794385,1000,636.646409,5094.794385283533,32.79050608919786,1000,1.0
5081.723265,1000,637.29229,5081.723264607348,32.68568167738414,1000,1.0
958.261701,270,637.552641,958.2617009132471,5.523187716923146,270,0.0
5175.991203,1000,638.195752,5175.991202977066,33.43990245027599,1000,1.0
5202.513712,1000,638.852884,5202.513711649862,33.65264929286716,1000,1.0
337.255007,139,638.885207,337.255006636472,1.5985757143542365,139,0.0
5265.961652,1000,639.523603,5265.961652347612,34.160257966737426,1000,1.0
2285.340696,504,639.844717,2285.340695877879,14.275169832920419,504,0.0
450.757933,161,639.879208,450.7579327785236,2.3312936195867597,161,0.0
1849.627087,432,640.188482,1849.6270867524356,11.363026098644298,432,0.0
2763.021523,584,640.525061,2763.02152305415,17.459080429728502,584,0.0
712.253537,218,640.772191,712.2535371043831,3.969438952815996,218,0.0
4653.284259,908,641.192562,4653.28425850248,29.999832519729118,908,0.0
1381.172117,346,641.485367,1381.1721174704785,8.300762462172237,346,0.0
885.917071,251,641.543825,885.917070957198,5.0954866372193734,251,0.0
1176.079846,302,641.819808,1176.0798457892977,7.010584191137478,302,0.0
5188.57522,1000,642.471359,5188.575219830862,33.540988695119616,1000,1.0
953.362517,265,642.738508,953.3625167574575,5.523655681069069,265,0.0
5090.672782,1000,643.162309,5090.672782213285,32.7577068502137,1000,1.0
5167.529558,1000,643.775368,5167.529557952184,33.37288813834728,1000,1.0
1199.20549,307,644.055886,1199.2054901464478,7.15588006826796,307,0.0
5253.87421,1000,644.711381,5253.874210427762,34.06316563032207,1000,1.0
1246.963813,329,644.998205,1246.9638132929388,7.362558603811302,329,0.0
5264.950438,1000,645.635633,5264.950437595452,34.15244982290245,1000,1.0
547.066478,189,645.679944,547.066478455889,2.878804241164459,189,0.0
661.289249,205,645.728215,661.2892493399144,3.6651855165088945,205,0.0
2790.898793,583,646.30444,2790.898793110301,17.69022152909843,583,0.0
5150.832285,1000,646.805577,5150.83228524812,33.23889771483579,1000,1.0
2458.365301,540,647.4679,2458.365300760484,15.372510040533694,540,0.0
2874.254655,612,647.956484,2874.2546553544994,18.126130448830946,612,0.0
950.06382,279,648.05581,950.0638195318694,5.385895752091378,279,0.0
2329.280811,521,648.530816,2329.2808112674834,14.491411423142447,521,0.0
1076.804649,296,648.915751,1076.8046486498756,6.264390654972729,296,0.0
5246.7998,1000,649.827319,5246.799800187704,34.00656030804112,1000,1.0
1750.548391,407,650.265922,1750.5483914901974,10.769584007315432,407,0.0
4944.687251,1000,651.159577,4944.687250594969,31.589721948387197,1000,1.0
900.695157,247,651.234593,900.6951567342356,5.245747380730951,247,0.0
5142.688591,1000,652.123614,5142.688590661869,33.17405300825475,1000,1.0
1154.530948,307,652.502418,1154.5309484053187,6.798163095984066,307,0.0
5134.999992,1000,653.407248,5134.999991765438,33.112615714800256,1000,1.0
5239.596153,1000,653.9908,5239.596152906018,33.94922855402298,1000,1.0
1158.194399,302,654.352636,1158.1943989603071,6.867416258874151,302,0.0
3940.993949,788,655.064959,3940.9939486138787,25.25783598987759,788,0.0
1393.154416,338,655.152004,1393.1544163381009,8.460321818705857,338,0.0
1894.206617,435,655.491737,1894.206616510719,11.695928355641389,435,0.0
699.462494,215,655.808911,699.46249444052,3.890638375678779,215,0.0
486.747298,182,655.8558,486.7472983000389,2.4518879332803634,182,0.0
1489.17346,367,656.174688,1489.173459633631,8.997663365373619,367,0.0
1457.254538,357,656.259152,1457.2545377408396,8.82176774672141,357,0.0
3297.116234,691,656.828622,3297.116234303643,20.87947196930895,691,0.0
5219.779013,1000,657.486837,5219.77901328381,33.790591239677966,1000,1.0
2004.882998,464,657.804057,2004.882998499094,12.350319748804012,464,0.0
4940.629772,952,658.211916,4940.629772158883,31.947955248771873,952,0.0
4867.713506,957,658.848533,4867.713506173982,31.324954475027905,957,0.0
5188.986616,1000,659.497757,5188.986616262449,33.544554100285154,1000,1.0
4982.429623,997,660.143631,4982.429623031894,31.923534925832563,997,0.0
1665.478042,392,660.450755,1665.478041681805,10.208788829332176,392,0.0
3060.557316,660,660.843505,3060.5573160613408,19.234216571920523,660,0.0
2058.452124,462,661.166044,2058.4521235464626,12.794941701465868,462,0.0
5135.115812,1000,661.800817,5135.115812195919,33.11362972421748,1000,1.0
924.247967,255,662.075684,924.2479665090698,5.370746584667742,255,0.0
2001.654593,471,662.17815,2001.6545928280218,12.268609247653833,471,0.0
5261.699004,1000,662.828173,5261.699004110679,34.12638456495133,1000,1.0
5190.395146,1000,663.476941,5190.395145571258,33.55585095010266,1000,1.0
5069.725765,991,664.116696,5069.72576524509,32.67011161593297,991,0.0
5281.828832,1000,664.779591,5281.828831738487,34.28736024261398,1000,1.0
1654.662526,402,665.075948,1654.6625256494733,10.042660706339872,402,0.0
5185.651266,1000,665.741604,5185.651265853068,33.517837760173585,1000,1.0
5198.458956,1000,666.393036,5198.458955866908,33.620647732888656,1000,1.0
5097.200167,1000,667.03454,5097.200166691289,32.81049540428879,1000,1.0
663.429031,216,667.083343,663.4290306731201,3.5947647681786314,216,0.0
