#{"t_start": 1789350253.154662, "env_id": "Walker2d-v5"}
r,l,t,task_return,displacement,episode_steps,full_episode
4.836523,34,0.40139,3.412769202528267,-0.2358771043738259,34,0.0
18.576328,41,0.413446,16.86207318868642,-0.1841251198935013,41,0.0
-0.220354,15,0.416314,-0.22035350713902968,-0.11339112172689482,15,0.0
-0.373842,17,0.419918,-0.5829587727620655,-0.13224726134851456,17,0.0
0.802498,11,0.422041,0.8024982035718713,-0.07331195485882473,11,0.0
-3.24572,9,0.423861,-3.2457201018139017,-0.08975527247183117,9,0.0
8.860942,24,0.430646,8.008507375172282,-0.11933855532223407,24,0.0
-16.057796,18,0.434745,-16.354803720700737,-0.26634669940901695,18,0.0
-2.589522,34,0.445237,-3.9050430630621937,-0.29443313641394264,34,0.0
-3.458387,16,0.449194,-3.566313126203525,-0.1481717794567154,16,0.0
-1.138274,21,0.454609,-1.7270955983631118,-0.1732833413538246,21,0.0
15.451059,36,0.465651,13.889217068262736,-0.16799456748043476,36,0.0
4.915157,33,0.475408,3.5178845894263038,-0.2270535684149929,33,0.0
-1.316217,12,0.478296,-1.3162165514560864,-0.09825637631948626,12,0.0
14.119953,28,0.486414,13.071483876224233,-0.11081646828595662,28,0.0
1.062811,30,0.495681,-0.030580646538564293,-0.23150804367060526,30,0.0
-4.33207,15,0.498713,-4.3320704460153046,-0.14632366306400646,15,0.0
-2.565528,11,0.500877,-2.5655284152107853,-0.10028823462927533,11,0.0
-0.211774,29,0.509101,-1.266816775608266,-0.23342719826802924,29,0.0
-0.057358,11,0.511318,-0.05735800437500704,-0.08021202360574059,11,0.0
-1.55792,14,0.514171,-1.557920374292909,-0.1161053457732501,14,0.0
-2.819529,15,0.517266,-2.819529026172305,-0.13419484456820932,15,0.0
2.969871,19,0.521596,2.595725375862961,-0.12273133618807658,19,0.0
0.555211,13,0.524145,0.555210504556378,-0.0912141618766537,13,0.0
-7.758016,11,0.715498,-7.758016223776325,-0.14177108267500388,11,0.0
-5.010736,9,0.717729,-5.010735541934688,-0.10385983581564263,9,0.0
-9.434225,19,0.722385,-9.80642519258501,-0.2219898816856055,19,0.0
-2.579966,12,0.724746,-2.5799661476361098,-0.1083278556314934,12,0.0
1.125236,18,0.729223,0.8299249407419906,-0.12894967342797373,18,0.0
12.230156,27,0.737069,11.118033151192922,-0.11840578600816908,27,0.0
-6.29368,19,0.741603,-6.686968881041944,-0.19701207665949103,19,0.0
1.356748,24,0.748107,0.5847567174974617,-0.17872936626753227,24,0.0
-3.441182,10,0.750196,-3.4411819514331206,-0.09929592017455159,10,0.0
2.174324,13,0.752659,2.1743244099022787,-0.07825880975010845,13,0.0
-1.971604,11,0.754797,-1.9716040221553117,-0.09549442239165143,11,0.0
-2.343701,19,0.758978,-2.736159994631457,-0.16543018632953174,19,0.0
-4.363342,19,0.763216,-4.757223082393015,-0.18160772202099545,19,0.0
-3.491832,13,0.765776,-3.4918320351809085,-0.12361207890645996,13,0.0
-2.071287,11,0.768274,-2.0712870869726396,-0.09632556972778328,11,0.0
0.295793,10,0.770415,0.29579340425941747,-0.06935459257351849,10,0.0
1.171488,28,0.778523,0.05594892154347009,-0.21487845431030603,28,0.0
-2.892593,10,0.780636,-2.8925928141426285,-0.09487950729092061,10,0.0
-0.692538,16,0.784044,-0.7967387311389682,-0.12596614665854425,16,0.0
10.745433,24,0.790965,9.892226580247838,-0.10417512276435946,24,0.0
-8.235313,13,0.793637,-8.235313265270173,-0.1615592705116614,13,0.0
-2.346023,13,0.796185,-2.346023171798231,-0.11447949669795407,13,0.0
1.236941,14,0.799279,1.2369405863160705,-0.0938015072749507,14,0.0
18.153766,31,0.808299,16.899569670819197,-0.10400485340945066,31,0.0
4.83918,30,0.81714,3.6465376225587462,-0.20212843710086603,30,0.0
2.290477,18,0.821336,1.996493785122063,-0.11957124840418527,18,0.0
-7.992682,15,0.82415,-7.992681862355169,-0.17555841099684652,15,0.0
-6.216408,18,0.828565,-6.505607868496391,-0.1875926408605506,18,0.0
-8.188476,22,0.83426,-8.855542501923047,-0.23826755456970541,22,0.0
3.855113,17,0.838155,3.6500292991137684,-0.09838145643354312,17,0.0
24.468251,43,1.039611,22.472701313405405,-0.1551048568862444,43,0.0
-5.493733,25,1.047082,-6.321706274478295,-0.24189764286820267,25,0.0
-2.906741,18,1.052326,-3.205594332623647,-0.16123488752797527,18,0.0
17.331439,35,1.063439,15.634309878860822,-0.14602648311064212,35,0.0
-5.006469,16,1.066923,-5.1172379660058755,-0.1605837598058298,16,0.0
2.39057,15,1.06996,2.3905703952780426,-0.09251428912066857,15,0.0
-4.719553,13,1.07306,-4.719552646022729,-0.13340573527369254,13,0.0
2.475398,14,1.075735,2.4753984797369704,-0.0838487712833315,14,0.0
8.10046,23,1.082237,7.3174992605222124,-0.11689141223030709,23,0.0
30.775,46,1.09711,28.85792534759609,-0.12797364768044156,46,0.0
9.512135,23,1.103765,8.815468196458465,-0.1048929574494861,23,0.0
5.807726,18,1.108127,5.499407512193969,-0.0915852631372403,18,0.0
4.793826,15,1.111175,4.793826086472031,-0.07334858667364522,15,0.0
-6.507316,12,1.113505,-6.507316207620182,-0.13973198916662377,12,0.0
-13.05961,21,1.118923,-13.621680515240879,-0.26844099448345604,21,0.0
0.035215,23,1.125566,-0.6999638268542145,-0.1810127759538067,23,0.0
-1.596704,17,1.129455,-1.7956960386962109,-0.1419767916253898,17,0.0
18.051002,38,1.142295,16.33339643689782,-0.1644371171825024,38,0.0
0.632781,12,1.144818,0.6327811088229447,-0.08263228503815613,12,0.0
4.059146,18,1.149043,3.7469518276493026,-0.10558110013987647,18,0.0
-4.15463,20,1.154587,-4.620720292274038,-0.18845968445722117,20,0.0
-1.574465,24,1.161331,-2.4042722318034406,-0.2026775152860707,24,0.0
-0.696595,15,1.164564,-0.6965948819368312,-0.11719253208018779,15,0.0
48.250229,73,1.370911,45.85183379804773,-0.20739227126027943,73,0.0
35.457593,48,1.386016,33.353533200816514,-0.10805717371393528,48,0.0
-9.41338,15,1.3896,-9.413380196672874,-0.18695034469668576,15,0.0
-3.299699,10,1.391598,-3.2996985140372646,-0.09812583127608494,10,0.0
1.03304,11,1.393715,1.033039877040152,-0.0714377694738073,11,0.0
-3.887574,9,1.395574,-3.8875742357122753,-0.09487698254577148,9,0.0
0.102105,13,1.398208,0.10210529756034148,-0.09481259476622564,13,0.0
-3.958242,13,1.400573,-3.9582424009163804,-0.12732448927699844,13,0.0
14.208062,42,1.412674,12.31933676910478,-0.22836839426780992,42,0.0
-8.313986,11,1.414751,-8.313985789898183,-0.14622878417842355,11,0.0
8.817098,42,1.428453,6.996534530935292,-0.2709092213302818,42,0.0
0.203533,11,1.43076,0.20353284568871435,-0.07807741802764155,11,0.0
-5.48234,10,1.432723,-5.482339997594426,-0.11560561356268968,10,0.0
-4.877467,16,1.436538,-4.989946889880794,-0.15953848124447265,16,0.0
-4.059271,12,1.439399,-4.0592708238911275,-0.12014700532931717,12,0.0
-4.949989,17,1.443332,-5.164002961836183,-0.16889865416387756,17,0.0
-0.747659,15,1.446505,-0.7476586249965327,-0.11757885407085053,15,0.0
1.740235,27,1.454246,0.6755061446071882,-0.20196985917289756,27,0.0
3.803211,15,1.45732,3.803211421322479,-0.08121955892051808,15,0.0
4.812442,18,1.46201,4.540385289011086,-0.09925885677143537,18,0.0
-2.116142,27,1.469676,-3.1208886086351764,-0.23234558498961297,27,0.0
6.943319,20,1.475098,6.472287741745778,-0.09973959357552266,20,0.0
0.230659,33,1.486254,-1.143460308244841,-0.2643213956145303,33,0.0
3.296437,17,1.671868,3.091200686054227,-0.10286305222757967,17,0.0
2.602144,19,1.676553,2.2189072286155147,-0.1258170117246702,19,0.0
-2.552872,12,1.67917,-2.5528715347902846,-0.10815208350832313,12,0.0
-7.283241,13,1.681666,-7.2832405649165315,-0.15394593877292623,13,0.0
-1.292631,22,1.687257,-1.9786313527130903,-0.18330686673753516,22,0.0
-0.60345,12,1.690007,-0.6034504225101767,-0.09250220224156713,12,0.0
2.688609,20,1.695191,2.226705590048347,-0.13369234612290185,20,0.0
4.03862,32,1.704689,2.6691859623270333,-0.22582069718719106,32,0.0
4.344518,34,1.71506,2.8387489901793095,-0.24045429155906073,34,0.0
-4.231863,18,1.71907,-4.510113679921451,-0.17163482270763228,18,0.0
-4.317784,16,1.722294,-4.427644791843499,-0.1550067641050975,16,0.0
-2.821372,12,1.724603,-2.8213724903320867,-0.11028378926321937,12,0.0
4.794416,28,1.733159,3.6813652327978006,-0.1859498726956118,28,0.0
-1.67824,10,1.735211,-1.6782399967023252,-0.08518615170321546,10,0.0
-2.97912,22,1.740997,-3.6496358242117055,-0.19660771176088468,22,0.0
-2.906212,16,1.744425,-3.0154407833575214,-0.14376779089503955,16,0.0
19.08895,45,1.759252,17.061038190370546,-0.21435114748878675,45,0.0
11.413251,31,1.76893,10.187844857513454,-0.15777738680505743,31,0.0
2.859176,24,1.775594,2.013638898732172,-0.1672360241161508,24,0.0
6.127424,16,1.779391,6.017113566976374,-0.07153959933019909,16,0.0
-0.73569,27,1.787561,-1.7091319647706102,-0.22101695286247502,27,0.0
-6.239486,16,1.791345,-6.349697919258085,-0.17037735047041017,16,0.0
-0.97108,11,1.793675,-0.971080260197817,-0.0874839315811932,11,0.0
-0.471634,19,1.798689,-0.8770942096350829,-0.15049760467073628,19,0.0
11.357053,29,1.807192,10.161089096510178,-0.1420119376615558,29,0.0
0.830313,18,1.991965,0.5279562814545327,-0.13133994482655081,18,0.0
4.222831,26,1.9994,3.217235415466198,-0.17363768463496065,26,0.0
-3.21097,12,2.001817,-3.2109700177889806,-0.11339258187048176,12,0.0
3.715899,59,2.021992,1.3300930312258923,-0.45177117384969684,59,0.0
3.061187,16,2.025499,2.951346494308093,-0.09596943599131423,16,0.0
-6.652594,21,2.031082,-7.244187052707735,-0.2174032387519001,21,0.0
2.947384,23,2.036947,2.2314011004338514,-0.1575096975814145,23,0.0
7.195904,22,2.042842,6.51946987602794,-0.11534384500552494,22,0.0
15.554864,40,2.05625,13.774897646188988,-0.2008828758287633,40,0.0
-1.40623,21,2.061837,-1.9610714221160548,-0.17519048188647007,21,0.0
0.60103,14,2.064732,0.6010297540336894,-0.09884976781998274,14,0.0
16.654916,30,2.07351,15.46485648157997,-0.10755631330894383,30,0.0
-4.310093,11,2.075717,-4.310092791435302,-0.11420408323954785,11,0.0
5.453598,21,2.081285,4.890875518224597,-0.12039725494369549,21,0.0
1.285044,25,2.088034,0.4470149452439929,-0.18781142871706527,25,0.0
-2.275069,17,2.091542,-2.4737708130277536,-0.14734507551743375,17,0.0
4.816617,21,2.096346,4.227866494194846,-0.12569314347827615,21,0.0
7.087488,22,2.102498,6.458956648382021,-0.11579999022216993,22,0.0
13.13353,40,2.114727,11.395572507013725,-0.2197930606448638,40,0.0
3.342859,16,2.118387,3.232853880289588,-0.0937567501764922,16,0.0
0.742661,14,2.121253,0.7426609245841658,-0.09775276861413175,14,0.0
4.30791,21,2.126571,3.734729194734638,-0.1296586530814149,21,0.0
11.599708,33,2.316651,10.250875569559192,-0.17316051547765343,33,0.0
-2.977259,15,2.320156,-2.9772589548630153,-0.13548766471605708,15,0.0
-7.039869,20,2.32544,-7.518256903598411,-0.21166967450432742,20,0.0
-4.205904,15,2.328903,-4.205903564635104,-0.14529457682694794,15,0.0
-3.3589,27,2.33637,-4.423797219208725,-0.24267108078140248,27,0.0
18.20294,51,2.353927,16.217282794918187,-0.26905780864943357,51,0.0
17.922491,31,2.363107,16.613934720078905,-0.10639160891507228,31,0.0
-2.987164,13,2.365756,-2.9871642971109225,-0.11956951075023085,13,0.0
2.377776,24,2.37258,1.5684752794346999,-0.170861728245846,24,0.0
-2.290057,11,2.374804,-2.29005680161162,-0.09800432495196214,11,0.0
-5.653162,22,2.3809,-6.274837309077412,-0.21772095955947066,22,0.0
4.026892,31,2.390364,2.799790601630832,-0.21679778662481794,31,0.0
10.755548,24,2.396935,9.927635825919602,-0.104065688784844,24,0.0
-5.827392,12,2.399564,-5.827391892519117,-0.13434459648997552,12,0.0
1.033226,27,2.406739,-0.046051550717829404,-0.20760850853894497,27,0.0
26.993996,41,2.42008,25.116346021267958,-0.11805168169633841,41,0.0
-0.896968,17,2.423662,-1.1072807617210905,-0.13642565795142586,17,0.0
13.699117,29,2.43179,12.580295365401236,-0.12260212910376733,29,0.0
0.784345,20,2.436761,0.3086353229012257,-0.14903385669505007,20,0.0
-1.786672,20,2.442077,-2.238258928908219,-0.16938781234927622,20,0.0
4.585349,26,2.449687,3.6074062239638307,-0.17047093919885997,26,0.0
26.911588,50,2.647584,24.684915789819964,-0.19329005047159134,50,0.0
31.619994,51,2.664685,29.322716851166586,-0.16405902344616394,51,0.0
3.004985,15,2.668029,3.0049851787608297,-0.08756320079370872,15,0.0
10.23923,39,2.680457,8.40627299933397,-0.2358122795002773,39,0.0
-4.317477,15,2.683532,-4.317477493242588,-0.14609912966693375,15,0.0
5.859604,18,2.687884,5.556440725963563,-0.09112708802674711,18,0.0
1.720479,21,2.692986,1.1397756732093058,-0.15041078193213725,21,0.0
-0.311406,13,2.695414,-0.3114060094671023,-0.09817571314692325,13,0.0
31.433846,55,2.712534,29.163966778639235,-0.1972159563025721,55,0.0
20.882879,36,2.72382,19.175177886783562,-0.1257025916132279,36,0.0
-0.76253,11,2.726175,-0.762530032938992,-0.0858358195083044,11,0.0
14.999286,29,2.734207,13.783318332153433,-0.11312160576143067,29,0.0
-6.145121,14,2.736938,-6.1451214638159035,-0.1528098025415781,14,0.0
11.917163,29,2.74502,10.666506397186629,-0.13791714214255782,29,0.0
0.966774,19,2.749751,0.6036984138878363,-0.13870836527334465,19,0.0
0.675389,14,2.752332,0.6753889295396829,-0.09829472563936677,14,0.0
5.939957,27,2.760231,4.840542966337849,-0.16858907905630044,27,0.0
24.67389,41,2.773086,22.832080271830513,-0.13628924073808113,41,0.0
1.444106,34,2.964831,-0.13142048223970004,-0.26423111099469304,34,0.0
7.562092,21,2.970792,6.992023998301289,-0.10358642168519794,21,0.0
101.487691,85,3.000332,98.90827527259088,0.12149022831962114,85,0.0
0.818666,22,3.005758,0.16083897624401855,-0.16613207628505272,22,0.0
19.434861,35,3.016275,17.88426350561053,-0.12808264093353686,35,0.0
28.405939,42,3.029416,26.58928977282792,-0.1143014905850158,42,0.0
5.230452,39,3.042195,3.422200134420051,-0.27560925293909216,39,0.0
-3.258544,12,3.044617,-3.258544492521184,-0.1137499971854303,12,0.0
-2.019467,16,3.04803,-2.1286895290552152,-0.13661562485085763,16,0.0
-3.206757,15,3.051022,-3.2067568171655183,-0.1372811536704208,15,0.0
8.115907,23,3.057106,7.485275269884912,-0.1156075750506236,23,0.0
17.10714,35,3.067964,15.617646601456574,-0.1461893794951187,35,0.0
0.510475,17,3.071877,0.30163962336855044,-0.12523052216964647,17,0.0
7.305912,26,3.079401,6.378980959971477,-0.1483566255445887,26,0.0
7.020818,28,3.087309,5.828517279814846,-0.16865649024774204,28,0.0
12.4872,37,3.098652,10.844285865283009,-0.2002491035836458,37,0.0
-0.00442,11,3.100826,-0.004419902341262105,-0.07977501491691402,11,0.0
4.87366,28,3.108885,3.7064832363754276,-0.18566839395760615,28,0.0
16.267721,42,3.307067,14.429037288464137,-0.2115156324678697,42,0.0
12.725228,57,3.327922,10.361820748900021,-0.3637880077622089,57,0.0
-5.168814,20,3.333851,-5.638421052339963,-0.1965782624695041,20,0.0
10.605554,32,3.343721,9.44816371343693,-0.17159846529650408,32,0.0
-2.228556,23,3.3504,-2.975379330707155,-0.19916865664549468,23,0.0
23.699753,51,3.367166,21.547602624643282,-0.22639561303044362,51,0.0
2.024955,12,3.369506,2.0249546832795637,-0.07149373734357253,12,0.0
-2.217112,16,3.373521,-2.3269371878829705,-0.1382004165021769,16,0.0
8.237615,45,3.38896,6.3468672594258555,-0.30021397444575615,45,0.0
-5.641987,13,3.391848,-5.641987289311597,-0.14080141383696534,13,0.0
6.665025,24,3.398782,5.8066756111409985,-0.13693098305383436,24,0.0
-10.339401,95,3.433936,-12.967535185508993,-0.8533091431720936,95,0.0
9.998507,27,3.441543,8.989932615126769,-0.13536750766083,27,0.0
0.153658,25,3.448618,-0.7200616738236031,-0.19718898041392752,25,0.0
47.838863,65,3.651865,45.47809653296838,-0.1465839128313957,65,0.0
16.414898,30,3.660986,15.100207595494613,-0.11043384619716526,30,0.0
5.97821,20,3.666181,5.4965598107720055,-0.10751922811656499,20,0.0
27.471477,39,3.678335,25.682031986388424,-0.09763012923698089,39,0.0
3.506268,26,3.685594,2.4862062799678144,-0.17946547099562069,26,0.0
43.136919,65,3.707322,40.67043869691278,-0.18497134489107278,65,0.0
-6.9859,17,3.711075,-7.192151284336021,-0.18511225695113206,17,0.0
16.982023,38,3.723496,15.191483734517213,-0.17348728642805036,38,0.0
39.152527,59,3.743949,36.82669135474175,-0.16796268915803775,59,0.0
8.688247,43,3.75673,6.874216235493813,-0.2799001552256231,43,0.0
26.084397,48,3.772319,23.951521883822604,-0.18313628473422233,48,0.0
20.740562,32,3.782327,19.189593211193504,-0.09363596371492428,32,0.0
24.984811,52,3.800265,22.904104928284546,-0.2234518484675614,52,0.0
-1.423954,19,3.804913,-1.8259597865437402,-0.15813620868142045,19,0.0
7.48848,24,3.994884,6.619716006328734,-0.13041224341189556,24,0.0
50.573679,90,4.027887,47.90349755957434,-0.3266454715577184,90,0.0
9.290666,26,4.034977,8.354561954316498,-0.13251430093181282,26,0.0
3.466589,17,4.038985,3.26045476000767,-0.10146969215512187,17,0.0
17.50197,33,4.049282,16.10757026192451,-0.1263497183337101,33,0.0
10.208098,54,4.067666,7.991003574998011,-0.3586639303707787,54,0.0
4.428526,28,4.076013,3.3129091030969913,-0.18881829867805863,28,0.0
41.128351,68,4.100024,38.736253244668866,-0.22446442356463206,68,0.0
14.822394,50,4.117389,12.611031123299956,-0.2897944736622061,50,0.0
48.425389,52,4.13382,46.20011860409612,-0.03707879248743121,52,0.0
10.023238,23,4.140204,9.301055460377885,-0.10095728126707443,23,0.0
4.733226,24,4.146459,3.9485888146095647,-0.15188530687131083,24,0.0
8.82286,31,4.334232,7.563468996614497,-0.17875133072348465,31,0.0
16.278695,53,4.351834,13.968144202351304,-0.3028319035351074,53,0.0
18.344029,76,4.378003,15.85009731117719,-0.4713330983181046,76,0.0
14.773594,40,4.391229,12.937166900776315,-0.2074747486110256,40,0.0
-0.326222,11,4.393496,-0.32622208178268575,-0.08230660148428692,11,0.0
40.57627,73,4.420296,38.18915301808366,-0.2686169130022471,73,0.0
23.311055,38,4.432564,21.63552914154727,-0.12199261565743855,38,0.0
19.588232,31,4.442588,18.299677352439748,-0.09283831899551567,31,0.0
-4.860324,19,4.447225,-5.216739024370897,-0.18528324388142667,19,0.0
7.767033,28,4.455305,6.771431923607271,-0.16109219978100883,28,0.0
68.982793,116,4.496897,66.32239334024871,-0.3864781627085684,116,0.0
35.691928,50,4.706231,33.75058325270292,-0.12073969543113475,50,0.0
55.18135,136,4.758673,52.43766729281468,-0.656871214443505,136,0.0
18.04106,74,4.784952,15.63953926421939,-0.4570322529863002,74,0.0
18.937614,32,4.794638,17.670371500417886,-0.10583192516217892,32,0.0
7.095484,26,4.801841,6.132637250057734,-0.15029772836066907,26,0.0
28.409966,93,4.835358,25.825165123215843,-0.527025474759728,93,0.0
15.105102,38,4.847099,13.369659109330769,-0.18808225100441991,38,0.0
44.539204,48,4.864445,42.51970456737194,-0.03464201166025488,48,0.0
48.894028,102,5.08583,46.2566353561219,-0.4353994910595177,102,0.0
32.583404,39,5.099301,30.92587466855261,-0.05562787551595215,39,0.0
55.920432,79,5.126006,53.341909233211716,-0.19529453006881337,79,0.0
5.591296,21,5.13164,5.008491553156003,-0.11937560075223952,21,0.0
16.321454,34,5.142146,14.780189379353505,-0.14494443302413476,34,0.0
11.211515,48,5.158198,9.023700447095836,-0.3025557915225119,48,0.0
71.687459,82,5.188052,69.15824951681614,-0.09263141325333542,82,0.0
42.917294,69,5.212997,40.475069847554565,-0.21842307984537884,69,0.0
87.958793,220,5.481314,85.21973621674537,-1.064655857431855,220,0.0
8.353395,37,5.493444,6.593627453295006,-0.23430923103790766,37,0.0
7.225429,32,5.503013,5.78791449709615,-0.20085686043636455,32,0.0
109.419322,141,5.554646,106.68465679767314,-0.2630906191114518,141,0.0
399.545931,324,5.850192,396.7048369765385,0.5975604544849964,324,0.0
-0.482242,26,5.857485,-1.4987284147167081,-0.21134882970581612,26,0.0
15.962189,27,5.864772,14.962520640856235,-0.08764439483927104,27,0.0
13.302374,27,5.872251,12.242907672528743,-0.1094204088431626,27,0.0
87.995719,104,5.909352,85.3100589208962,-0.1388568682045074,104,0.0
73.21318,93,5.943248,70.67485976443125,-0.16824119623914668,93,0.0
23.532714,41,5.956677,21.821402846998037,-0.14447354758028336,41,0.0
30.202888,86,6.169868,27.610524618144307,-0.4569286989698509,86,0.0
22.946493,54,6.18813,20.806490926416995,-0.2561068151477134,54,0.0
-0.626779,18,6.192025,-0.9209295949338059,-0.1429117080525667,18,0.0
251.824203,146,6.245205,249.028372435303,0.8358118158476134,146,0.0
-3.793074,18,6.249335,-4.093838300971681,-0.1682958138758048,18,0.0
77.354736,85,6.278856,74.79851314378593,-0.07136709296892065,85,0.0
44.068478,64,6.300789,41.725791192681704,-0.16862125195042652,64,0.0
52.133971,73,6.507589,49.65204758820192,-0.17689089070863476,73,0.0
53.162419,82,6.537324,50.6814723050556,-0.24049758920987413,82,0.0
82.368929,95,6.572506,79.7866629379559,-0.11131321818312467,95,0.0
-3.900392,12,6.575049,-3.9003916943701973,-0.1188809413898923,12,0.0
51.669103,117,6.618558,49.08738842827374,-0.5322590677934055,117,0.0
7.452603,23,6.624655,6.672241747999347,-0.12208089500728422,23,0.0
6.001416,23,6.631161,5.277983119596578,-0.13320227679282917,23,0.0
105.194223,107,6.669955,102.54892340670503,-0.025044713326856358,107,0.0
337.938291,262,6.949556,335.18154251985305,0.6000327635656144,262,0.0
71.5158,86,6.98179,68.95856969550584,-0.1261098331694785,86,0.0
34.317101,61,7.003383,31.90072593633985,-0.2232907504993704,61,0.0
32.724619,48,7.019595,30.61918610316545,-0.1297985356175653,48,0.0
47.213559,71,7.044194,44.75904500197262,-0.20014236352096387,71,0.0
56.922861,80,7.25303,54.36449985505847,-0.19509523433470566,80,0.0
34.637467,42,7.266785,32.707706698060555,-0.06527505662975785,42,0.0
50.313656,55,7.285922,48.11522063584762,-0.0457101881032999,55,0.0
199.168319,199,7.361079,196.40715807057234,-0.007610711264590678,199,0.0
75.099098,99,7.398366,72.48831374621521,-0.20148282736319753,99,0.0
46.769548,88,7.609586,44.17242439511028,-0.3404326517525479,88,0.0
90.650514,115,7.651596,87.977554776898,-0.20532473626858502,115,0.0
15.855162,38,7.663359,14.18341340454004,-0.1814972418497363,38,0.0
22.798373,40,7.675851,20.956574176253024,-0.1433228987162842,40,0.0
183.740198,221,7.759419,180.96667617544864,-0.30649845746555415,221,0.0
139.806233,225,8.029903,137.03644829909146,-0.6900831141027752,225,0.0
2.755155,14,8.032812,2.7551548605802942,-0.08160494508667326,14,0.0
70.523548,109,8.074699,67.89296244541093,-0.31806381516792614,109,0.0
77.174975,126,8.123021,74.55458092254788,-0.40034304230179835,126,0.0
37.155992,119,8.356287,34.47157710773022,-0.6651334590856104,119,0.0
304.574154,260,8.456283,301.80598782550214,0.3492647509796181,260,0.0
325.411634,219,8.54276,322.6550510299187,0.8426887604067332,219,0.0
73.995601,113,8.767401,71.41246152523482,-0.32191788604158544,113,0.0
167.726561,257,8.868284,164.96649178446253,-0.7215729321937648,257,0.0
146.364053,203,9.123014,143.5991145911937,-0.4622364235306476,203,0.0
311.670571,207,9.202347,308.9750923948369,0.828972114492492,207,0.0
99.36084,142,9.255873,96.83278466068634,-0.34972580726862273,142,0.0
31.191911,52,9.273193,29.033084562532906,-0.174394776425173,52,0.0
211.183819,275,9.565748,208.45248100205575,-0.5174640384691014,275,0.0
92.983851,124,9.610598,90.28466692304754,-0.25858589397092896,124,0.0
314.365351,221,9.881377,311.6365270956457,0.7386331778884704,221,0.0
42.14243,105,9.918687,39.5507395250668,-0.5129337412467665,105,0.0
226.479832,157,9.978009,223.71990946721365,0.5456664936966514,157,0.0
90.44032,116,10.021461,87.84229785175486,-0.2142710374914509,116,0.0
226.654798,118,10.247506,224.0606746012411,0.859342297829741,118,0.0
301.879511,165,10.309858,299.216020429836,1.0860068027217202,165,0.0
389.605025,275,10.415463,386.8494560226036,0.9097921498077407,275,0.0
286.706953,192,10.683266,284.00011968227136,0.7487046924171809,192,0.0
261.382587,152,10.743156,258.76246221959946,0.865992209240543,152,0.0
386.186271,283,11.042721,383.48399539311185,0.8190787547409152,283,0.0
295.975818,189,11.114803,293.32593273283106,0.8474499118574069,189,0.0
291.913724,181,11.186934,289.23343784321594,0.8787849531513845,181,0.0
97.350753,181,11.433133,94.62025038179885,-0.6783230506206724,181,0.0
359.428024,229,11.522618,356.76876122243914,1.0360755983208023,229,0.0
144.278975,242,11.804145,141.54971071421218,-0.7889579997122254,242,0.0
140.903242,151,11.861452,138.20192158146946,-0.09030604538364706,151,0.0
459.008507,332,12.165454,456.2845012135365,1.0108503289538182,332,0.0
594.315067,476,12.349914,591.554245338484,0.9450486735873851,476,0.0
350.4033,242,12.62746,347.79405597868555,0.8607651952261075,242,0.0
246.150766,134,12.675534,243.48389557741385,0.8873833660914958,134,0.0
306.061574,181,12.922867,303.330265337741,0.9913746203456072,181,0.0
288.558975,183,12.99214,285.83560323054405,0.835375075160746,183,0.0
242.945368,163,13.053482,240.2727391237146,0.6305797196695466,163,0.0
387.256284,262,13.335919,384.4974698636721,0.9948866238998584,262,0.0
286.485733,172,13.401832,283.8465606878854,0.907062634243717,172,0.0
250.587366,123,13.446142,247.95236992078728,1.0107571709048484,123,0.0
309.565041,388,13.774907,306.8461787933092,-0.6307689363503242,388,0.0
445.463039,334,14.085318,442.70077927029865,0.8861626865934059,334,0.0
102.943907,158,14.144267,100.32045122010105,-0.4492890496462633,158,0.0
188.194131,97,14.178279,185.71542786029582,0.7202415995329956,97,0.0
240.387285,144,14.412105,237.7381562390783,0.7616792389562905,144,0.0
256.649789,134,14.46252,254.04361611396965,0.9716175777438635,134,0.0
159.710043,268,14.565496,157.00425641403723,-0.8729687908513694,268,0.0
307.479722,180,14.814173,304.8799784207721,1.0116869691552626,180,0.0
256.891599,154,14.876203,254.3179770101148,0.814535169756643,154,0.0
249.255364,131,14.927089,246.5815812378537,0.9359582167627257,131,0.0
257.526404,133,14.979175,254.80872249635806,0.985767873383868,133,0.0
377.953479,216,15.25394,375.2699821267688,1.2877435791492027,216,0.0
591.616229,442,15.600804,588.9348740904273,1.1953113445914607,442,0.0
394.990265,260,15.702747,392.2498391516027,1.0728074107438215,260,0.0
214.182339,130,15.941801,211.57100406941035,0.6638942918041721,130,0.0
339.081014,195,16.015996,336.394848603395,1.1442755279856796,195,0.0
265.174338,179,16.089726,262.5395719860933,0.6810090031337137,179,0.0
201.12961,115,16.133208,198.6575378627599,0.6801104864525808,115,0.0
356.673952,250,16.41311,353.951829459642,0.8463511402682068,250,0.0
285.489486,168,16.476438,282.8612909588727,0.9312051496574631,168,0.0
272.530803,160,16.714561,269.79250122102206,0.8904855047815096,160,0.0
194.367199,107,16.751903,191.73539718355474,0.6885931260393712,107,0.0
32.717352,41,16.764498,31.04599058969863,-0.07047653824243813,41,0.0
368.16983,238,16.853493,365.4802241921912,1.034014021016117,238,0.0
141.350052,304,17.158253,138.64202715121817,-1.3067480580208335,304,0.0
311.505317,199,17.233456,308.77427954511745,0.8915269799437201,199,0.0
256.171664,154,17.484641,253.5769713192088,0.8086106636025603,154,0.0
313.835154,461,17.842357,311.1367375618287,-1.1784166127322195,461,0.0
361.382895,297,17.95763,358.7012733755709,0.5094149673727947,297,0.0
267.495811,144,18.009996,264.8380842567471,0.9782327895635208,144,0.0
287.593018,150,18.25046,285.0618144198955,1.0923111234027845,150,0.0
352.005782,210,18.331488,349.3725618898451,1.1286031843880118,210,0.0
266.050517,171,18.400429,263.40590561305964,0.7519495374203738,171,0.0
425.000254,433,18.756711,422.2886426725026,-0.06583446506619756,433,0.0
298.862166,186,19.018818,296.2665544746581,0.8951340553160002,186,0.0
277.282634,141,19.072708,274.6336606340065,1.0805802571020469,141,0.0
682.888353,576,19.50467,680.1676696706019,0.8569899362207796,576,0.0
344.102861,197,19.582555,341.4847053749818,1.1688957662379684,197,0.0
273.288232,154,19.827421,270.6200196259488,0.9448496139097553,154,0.0
348.323413,184,19.898538,345.72396177078036,1.3065939492621579,184,0.0
353.159005,228,20.175733,350.47842918266167,0.9938602469698229,228,0.0
225.948216,159,20.234467,223.36037375679007,0.5272413173480889,159,0.0
95.007568,214,20.321296,92.4589675949372,-0.9584455655521166,214,0.0
295.824175,164,20.571243,293.247614418792,1.0461858051810036,164,0.0
276.092774,166,20.633445,273.66477451843264,0.873654944550959,166,0.0
254.129651,323,20.949934,251.49864146793433,-0.5553719878570055,323,0.0
246.149007,137,21.000465,243.62230088675693,0.8644501405109509,137,0.0
540.850585,422,21.363918,538.2243041393876,0.9491511186664505,422,0.0
415.08321,225,21.455037,412.4370478650325,1.5133588719882085,225,0.0
325.961537,185,21.528537,323.39101075858196,1.1200962457312145,185,0.0
385.383292,254,21.819532,382.7490275514419,1.044573461533515,254,0.0
334.259341,223,21.901068,331.6186170159546,0.8828172553610514,223,0.0
264.219298,176,22.146712,261.6572946325916,0.6979169357150181,176,0.0
348.312228,191,22.223557,345.7139858351792,1.250731247404408,191,0.0
199.91835,118,22.271285,197.35272303190794,0.6456822754269171,118,0.0
226.718194,139,22.518984,224.10846463955903,0.6926100440843559,139,0.0
260.676132,134,22.568516,258.305430362284,1.0060266759082963,134,0.0
389.418672,235,22.658965,386.83786324194614,1.228999489021822,235,0.0
252.146639,144,22.906695,249.75781393548692,0.8580851610129362,144,0.0
390.959442,310,23.027271,388.29551574996464,0.6425918622558024,310,0.0
364.154328,223,23.305253,361.545831953954,1.12222309398296,223,0.0
341.635531,170,23.372549,339.06120300518455,1.3650797763134994,170,0.0
361.13912,207,23.451212,358.6073257235827,1.2262728844095152,207,0.0
365.179164,190,23.702507,362.51690967936986,1.393068197399155,190,0.0
395.322553,239,23.796711,392.6839609169318,1.2439053931682653,239,0.0
370.307747,218,24.078696,367.8068369078398,1.212459286149363,218,0.0
306.267894,167,24.141539,303.7486745926379,1.1064960851948258,167,0.0
303.216249,153,24.202085,300.6261273072142,1.1930849272410704,153,0.0
314.044744,160,24.461948,311.6043720833553,1.225032729017783,160,0.0
254.827685,130,24.513679,252.34276547162327,0.9900541054929043,130,0.0
342.05659,185,24.589799,339.5658815627548,1.2494989533404666,185,0.0
367.524784,190,24.855707,365.1584978085971,1.4145499951157938,190,0.0
578.666806,382,25.014911,576.0686040037724,1.5709731859119196,382,0.0
316.003677,171,25.263864,313.5427742908993,1.153131466011557,171,0.0
348.261193,186,25.332772,345.79361143062647,1.2914461255432532,186,0.0
67.707209,164,25.393544,65.22067177438501,-0.7778970021286352,164,0.0
344.260892,186,25.644024,341.625181696001,1.2578587025927976,186,0.0
317.933433,155,25.702089,315.3869296459226,1.295100279715079,155,0.0
405.594953,218,25.785717,403.1328717754403,1.4948904878344913,218,0.0
300.27213,155,26.036556,297.81580662237843,1.154758782411413,155,0.0
433.901736,238,26.133069,431.4758043576395,1.5622726476967446,238,0.0
232.382912,112,26.175497,229.86150854366696,0.953861345532861,112,0.0
499.306276,364,26.512315,496.73726823688145,1.080167180239759,364,0.0
415.11419,239,26.791494,412.60057311592396,1.4032772137215377,239,0.0
339.825487,190,26.864265,337.42406450625083,1.1925895494422711,190,0.0
353.739633,183,26.950909,351.32518348803166,1.359332538155458,183,0.0
307.313476,150,27.232924,304.91642348540887,1.2514846972154785,150,0.0
287.897055,164,27.300098,285.3562880065987,0.9833296959135648,164,0.0
351.445363,188,27.377765,349.0199941878727,1.3013166998373793,188,0.0
327.733061,169,27.639899,325.38697154335335,1.2637270553506634,169,0.0
390.755599,195,27.71924,388.23918076220485,1.5591144283199738,195,0.0
258.929105,143,27.774104,256.6209327409078,0.9209669067742576,143,0.0
382.378495,198,28.041194,379.88112111508906,1.4683039664670325,198,0.0
329.852048,176,28.111486,327.4105100189324,1.2239559990707696,176,0.0
311.600726,168,28.178229,309.3038108656743,1.1428143067108287,168,0.0
344.94896,179,28.438075,342.5373737666294,1.3212927924374156,179,0.0
314.476016,163,28.501947,311.99799007172686,1.2044502326181143,163,0.0
330.187051,176,28.569899,327.7782860320515,1.2270945753065778,176,0.0
389.001026,235,28.848249,386.5567968138389,1.227079647301615,235,0.0
337.002772,167,28.912656,334.56752575072613,1.3530180356949695,167,0.0
254.446296,129,28.963348,251.95135323324817,0.9951711863302528,129,0.0
275.133662,127,29.196497,272.84520386951,1.178280276843808,127,0.0
317.719976,174,29.263467,315.3196890476229,1.1433484573237225,174,0.0
186.199468,98,29.300954,183.9031006101608,0.6976580344643689,98,0.0
397.679639,221,29.576645,395.2379412993123,1.407980857775852,221,0.0
377.998369,202,29.659206,375.57372547752817,1.4021201324194956,202,0.0
371.018076,180,29.728816,368.627364740086,1.5217818654963442,180,0.0
362.850069,189,29.992588,360.36836983955124,1.3841964280753492,189,0.0
465.667962,290,30.103115,463.23963744106453,1.4019825017941538,290,0.0
430.58453,239,30.387045,428.1463397881803,1.5278665961666735,239,0.0
409.308107,233,30.479699,406.9398446481889,1.4058871055092494,233,0.0
372.812591,203,30.740317,370.4895995805728,1.353496228453137,203,0.0
394.927925,233,30.833545,392.5420843214106,1.2907968730407435,233,0.0
342.278507,180,30.903291,339.9076996965358,1.2921620626008794,180,0.0
379.216186,190,31.159902,376.7526251703763,1.507151270785206,190,0.0
381.740913,206,31.239188,379.4458713213148,1.401331088260322,206,0.0
423.225079,225,31.508401,420.79622115595214,1.580534769899115,225,0.0
408.538729,237,31.600728,406.0855262771829,1.3672313404422256,237,0.0
396.215333,197,31.674513,393.8416304646021,1.588410810994511,197,0.0
395.66989,202,31.938806,393.3603726725601,1.5446189130219046,202,0.0
411.934532,212,32.018337,409.5226873978441,1.5938712208220225,212,0.0
308.615636,153,32.25733,306.1443948041351,1.2374855899554165,153,0.0
369.362536,189,32.327673,366.84916371434764,1.4359192103195435,189,0.0
355.863737,167,32.389887,353.4121141554834,1.5038114752979383,167,0.0
486.334862,274,32.685983,483.92931837563276,1.6950696492304138,274,0.0
373.74159,208,32.766147,371.29886829879587,1.320232891732621,208,0.0
446.75649,271,33.0573,444.33961681243625,1.4023331045798677,271,0.0
366.227385,195,33.132778,363.77418353236254,1.363648788762929,195,0.0
310.431628,167,33.198311,308.08023811317236,1.1412782776676462,167,0.0
356.731191,174,33.444461,354.39988440161426,1.4560392150343187,174,0.0
316.206613,173,33.512436,313.8565177480492,1.1397242977792659,173,0.0
346.007101,195,33.585075,343.61267705276714,1.2023687406492318,195,0.0
393.983395,201,33.842896,391.6236671313124,1.5385535201587757,201,0.0
475.509887,262,33.943068,473.10493941470827,1.7042927666050087,262,0.0
329.819846,166,34.186794,327.3747281816231,1.303470879242218,166,0.0
417.504377,216,34.269801,415.1236651486402,1.607030420273198,216,0.0
369.916504,188,34.525483,367.4687169854715,1.4489163245878736,188,0.0
356.92078,189,34.598534,354.42554568820253,1.3367724562255352,189,0.0
412.601233,196,34.67747,410.14919964540934,1.7267029075140286,196,0.0
358.197941,174,34.935293,355.7737080766463,1.467121650618215,174,0.0
363.450821,183,35.004678,361.2343371483226,1.438911994475002,183,0.0
281.838294,159,35.065703,279.41600283077275,0.9759889699732178,159,0.0
402.372467,225,35.368162,400.0691295695291,1.4149140360861827,225,0.0
388.271985,191,35.442346,385.9526193125122,1.5729938427282555,191,0.0
392.192718,217,35.712586,389.82352291114864,1.3965751192795854,217,0.0
388.795858,195,35.791087,386.47738324205125,1.5451757326159041,195,0.0
415.510835,225,35.878166,413.1100696656906,1.5190428362426764,225,0.0
437.957175,235,36.148638,435.66905406780415,1.6201091398251704,235,0.0
467.288922,248,36.244558,464.93552157266,1.7503652257975695,248,0.0
382.935271,191,36.499806,380.6904381425166,1.53071299816113,191,0.0
361.359221,174,36.56427,358.91380349687785,1.4921635892839378,174,0.0
359.487612,170,36.629503,357.0096831553424,1.508801345092744,170,0.0
406.892488,212,36.909754,404.56536716486954,1.5546047983038636,212,0.0
357.696329,184,36.981574,355.3775526315162,1.3840881143005188,184,0.0
355.920831,178,37.049461,353.53334403262386,1.4172583314965235,178,0.0
421.345847,231,37.325183,418.9648476947719,1.518315692882363,231,0.0
464.477095,249,37.422786,462.2054920260131,1.7205073510078965,249,0.0
403.916466,226,37.705686,401.5700800043617,1.419118590049608,226,0.0
365.312429,189,37.783164,363.1192190437962,1.4062466218348881,189,0.0
344.154008,166,38.034132,341.82683825098326,1.4191465439303859,166,0.0
379.397959,177,38.103555,377.10485422198906,1.613788586615194,177,0.0
391.567839,189,38.178149,389.27953551669117,1.6156805571010486,189,0.0
364.43902,176,38.443707,362.222125114141,1.5027291661190907,176,0.0
434.168612,259,38.543779,431.77898624679494,1.3977819339009343,259,0.0
401.878872,211,38.626052,399.51190307982654,1.5221416638997873,211,0.0
412.478138,220,38.911472,410.1861613850788,1.5359652557749146,220,0.0
358.609542,171,38.978562,356.36270872962797,1.4956194440428665,171,0.0
353.60231,170,39.22791,351.2655638436896,1.463093070650748,170,0.0
321.538615,148,39.28537,319.1749733366512,1.3815137182298844,148,0.0
402.420833,210,39.369242,400.1674915067544,1.5352534739819674,210,0.0
370.682558,182,39.621474,368.2704647877127,1.5032557143772858,182,0.0
375.99117,204,39.697829,373.5045524756717,1.3697147031624353,204,0.0
339.614313,164,39.758843,337.17568751049953,1.3979912578019529,164,0.0
450.278684,234,40.031023,448.02154090738196,1.726774451013155,234,0.0
356.875835,180,40.100112,354.58438497292303,1.4098122104424586,180,0.0
352.415213,168,40.167554,350.14834800818426,1.469933616071153,168,0.0
424.709981,235,40.439677,422.43204048212027,1.5142323792842316,235,0.0
477.683958,257,40.539535,475.3867288786919,1.7624884431732857,257,0.0
358.968265,173,40.790719,356.732768173147,1.4827489704465793,173,0.0
435.938175,225,40.878012,433.69341926358334,1.6841777753760228,225,0.0
424.694627,235,41.14598,422.38644062924783,1.5138759669102082,235,0.0
369.909729,186,41.216507,367.6489824270997,1.4665492585563518,186,0.0
382.843541,183,41.287548,380.58478009772875,1.5937916656473607,183,0.0
75.105161,199,41.549004,72.91473945866133,-0.9949066860912161,199,0.0
396.747492,185,41.62273,394.5719625947588,1.6899085099967643,185,0.0
257.49133,128,41.671769,255.13104459148542,1.0286102843037757,128,0.0
430.312241,224,41.948216,428.1122041289377,1.6471991812610323,224,0.0
192.897836,299,42.071199,190.6302822959866,-0.8502597474679175,299,0.0
434.242823,235,42.343866,431.9354897495714,1.5903514535644114,235,0.0
403.607318,201,42.418914,401.2385606091189,1.615438028380798,201,0.0
396.805198,197,42.684798,394.5576786565845,1.5942350346747927,197,0.0
365.417697,176,42.754408,363.1734099640594,1.5103238269094108,176,0.0
509.466135,311,43.068864,507.1904298198677,1.5864836184722657,311,0.0
393.775356,209,43.154674,391.52022584001713,1.4740774339850193,209,0.0
424.390937,211,43.239159,422.2080272784577,1.7037124768731218,211,0.0
388.320555,205,43.506572,385.998711892233,1.4617967555192612,205,0.0
400.807878,211,43.592741,398.46481431373934,1.5136205684784303,211,0.0
377.280377,201,43.88713,374.96647845565616,1.405384026624881,201,0.0
246.55241,119,43.933046,244.24360408477287,1.0131725940700083,119,0.0
393.880012,205,44.013293,391.678718879445,1.5075272138759392,205,0.0
379.82,215,44.291213,377.5418646573574,1.314441524006116,215,0.0
402.789641,197,44.371132,400.4994250041117,1.6413911955300056,197,0.0
357.418947,172,44.438068,355.2031866258084,1.4784345967105252,172,0.0
329.242812,150,44.684785,326.96194719923477,1.4277471292283241,150,0.0
412.25686,199,44.766189,410.01210907016645,1.7018118393939912,199,0.0
413.09541,197,44.844441,410.80130410980996,1.7240673498139416,197,0.0
395.378173,203,45.121916,393.280761973233,1.5361942685283647,203,0.0
385.130528,203,45.202842,382.79872565091085,1.4521579960047049,203,0.0
433.629653,245,45.481077,431.40386914201764,1.5063706466952882,245,0.0
360.186582,158,45.540701,357.9249631405801,1.6117823518184882,158,0.0
414.159255,214,45.622856,411.92073747667735,1.597667501017508,214,0.0
466.396879,264,45.915562,464.14347443197073,1.6168039861770844,264,0.0
364.612203,168,45.981623,362.36390306289803,1.5677099051583774,168,0.0
438.893193,248,46.263917,436.67815779174595,1.5247334684675118,248,0.0
353.846773,167,46.330685,351.6060676283028,1.4896583842499649,167,0.0
381.39836,174,46.402583,379.1831542385819,1.654507827142874,174,0.0
421.235983,198,46.670402,419.0567850831882,1.7822448335982755,198,0.0
307.590915,144,46.725264,305.4281429976728,1.3034585709553506,144,0.0
311.047701,136,46.778361,308.6715748020221,1.393203205102594,136,0.0
332.438012,155,47.027857,330.2081479865956,1.4140761810842095,155,0.0
371.994145,177,47.095843,369.75387159464896,1.5550658782653528,177,0.0
404.009403,200,47.1753,401.9047021800936,1.6293026745070194,200,0.0
366.503612,197,47.439557,364.15598633654423,1.350775692749918,197,0.0
425.226421,195,47.51864,423.08538739678943,1.838450300523688,195,0.0
369.838054,175,47.779682,367.50338857112683,1.5529152976273002,175,0.0
350.524834,176,47.850062,348.2844494856555,1.3913808244853363,176,0.0
357.214387,156,47.909096,355.04319942051353,1.6048646402141307,156,0.0
363.243483,181,48.172589,360.9180584842479,1.4523475030337656,181,0.0
391.486894,188,48.24735,389.37610855141025,1.6243339878209921,188,0.0
386.582568,187,48.320188,384.3133477801122,1.5919471408256445,187,0.0
342.94386,164,48.566945,340.6367415423197,1.4258085550139978,164,0.0
317.302271,155,48.630387,315.04337667804054,1.2929005114419256,155,0.0
345.983327,162,48.695152,343.73137157225113,1.4664619446602507,162,0.0
345.562763,164,48.942758,343.38402745935855,1.4478206693552629,164,0.0
385.638113,180,49.021202,383.40802012354595,1.640455450351329,180,0.0
388.327771,185,49.095591,386.0645544577491,1.622078977450439,185,0.0
376.519156,166,49.338631,374.1617061357841,1.6778862815010445,166,0.0
429.431951,220,49.422165,427.18079365554854,1.6719555855084314,220,0.0
389.362454,211,49.502987,387.3426455802147,1.425117886160762,211,0.0
492.999061,268,49.793115,490.7450962260403,1.7977823365441816,268,0.0
403.472791,186,49.865635,401.3285900452234,1.7360777690159632,186,0.0
427.257056,195,50.12189,425.1480034400812,1.8548510044707804,195,0.0
347.682931,156,50.182802,345.42098940126283,1.527689146079843,156,0.0
354.562108,159,50.244036,352.27440705332486,1.5588795013396455,159,0.0
389.178746,179,50.506544,386.91180011150476,1.676451064664689,179,0.0
388.770354,191,50.583562,386.65805978723245,1.5788917883075346,191,0.0
303.20905,130,50.633527,300.9413356337799,1.379316528145492,130,0.0
409.453892,201,50.908186,407.31315381357103,1.66439759183378,201,0.0
381.035531,188,50.982966,378.9340506958814,1.5408285059940379,188,0.0
350.619033,171,51.050169,348.56085305111077,1.4332802071047632,171,0.0
365.310074,186,51.30463,363.107070561384,1.430152849963882,186,0.0
372.295628,194,51.381215,370.0674829430056,1.4220029457895969,194,0.0
335.743034,158,51.441896,333.44710626448284,1.416167170470656,158,0.0
400.274881,191,51.704161,398.12502623454867,1.6705536146944455,191,0.0
308.872077,133,51.755065,306.58225860060344,1.4002945161190008,133,0.0
359.98802,160,51.816939,357.8141792775344,1.5952193441057403,160,0.0
472.545468,259,52.116395,470.4232622913422,1.7071079276161172,259,0.0
351.3196,168,52.180112,349.1391702060439,1.461961656913694,168,0.0
508.542373,290,52.475564,506.2919438150832,1.7468703525351401,290,0.0
368.424803,179,52.546867,366.40104300441834,1.512268746033807,179,0.0
316.172381,139,52.601976,314.25252248695824,1.413955617671816,139,0.0
429.980425,210,52.868398,427.78183651598835,1.7564287544362982,210,0.0
382.415874,164,52.930679,380.2114905284985,1.7424132416663956,164,0.0
365.66706,168,52.992849,363.4257890737838,1.5762174752538927,168,0.0
361.263265,168,53.237849,359.09208553705054,1.5417081507780905,168,0.0
415.058866,199,53.316753,413.1181351878058,1.726824852404432,199,0.0
434.230554,215,53.591385,432.1762554462386,1.751827344864303,215,0.0
421.601443,212,53.673382,419.4344760767648,1.6737892767984413,212,0.0
366.805669,176,53.739064,364.62358938303214,1.5221563774985374,176,0.0
414.606426,201,53.99628,412.41229586078344,1.7052029210437858,201,0.0
373.457226,199,54.073383,371.38311594457565,1.39282719456596,199,0.0
337.052817,155,54.132534,334.95979923847887,1.4521819225707888,155,0.0
62.574332,207,54.394538,60.34615061148449,-1.158873482274234,207,0.0
372.866011,174,54.462586,370.6691896126985,1.5863304355935912,174,0.0
434.055358,198,54.724472,432.09915758346887,1.886608511885906,198,0.0
459.923266,229,54.815653,457.8196795755739,1.8454916233476977,229,0.0
392.85953,192,54.886553,390.9235454077133,1.605164250624363,192,0.0
397.469241,184,55.140564,395.5709296803175,1.7060671098600673,184,0.0
410.601714,207,55.220852,408.66531457173426,1.6274739099957998,207,0.0
425.200969,205,55.489655,423.1463932982331,1.759283283626689,205,0.0
352.367463,160,55.549052,350.2927601297332,1.5350027948064309,160,0.0
351.334944,146,55.60522,349.0569634415514,1.636582743555366,146,0.0
279.980055,138,55.655865,277.80706594303916,1.1305243453575649,138,0.0
381.40883,183,55.903553,379.22248207072676,1.5832542505957525,183,0.0
388.514739,192,55.97825,386.3810077405002,1.56857186676929,192,0.0
452.292151,239,56.251599,450.07078090517757,1.703552042568883,239,0.0
334.711467,146,56.307056,332.51030056717036,1.5043210073793336,146,0.0
387.484517,186,56.377526,385.4429693125791,1.6089590028038432,186,0.0
359.291094,169,56.625579,357.2589660246461,1.5189097460869316,169,0.0
508.174503,283,56.733137,506.18735478226023,1.802264480612346,283,0.0
410.319352,192,56.990589,408.1511235697643,1.7427777605513926,192,0.0
361.777238,168,57.05444,359.71727376020385,1.5469850690604268,168,0.0
400.64493,201,57.133358,398.5500212023894,1.5942078040914973,201,0.0
348.243818,149,57.372214,346.1818404148245,1.5896785480031048,149,0.0
421.626513,214,57.459503,419.51776056021987,1.658463793108803,214,0.0
393.046079,187,57.530307,390.69116150811203,1.6429450917208486,187,0.0
353.557511,172,57.785879,351.64472614132274,1.45046116951547,172,0.0
386.839485,177,57.85264,384.6634925348426,1.674596249709445,177,0.0
425.303781,189,57.93551,423.0887668294372,1.886432954504905,189,0.0
435.989508,199,58.216309,433.8097145839899,1.8922180800693214,199,0.0
275.441038,142,58.268878,273.49603978971606,1.0642208430736237,142,0.0
327.757463,173,58.333948,325.4654797941889,1.2327860896712919,173,0.0
372.289971,168,58.583993,370.334442530942,1.631559408063605,168,0.0
368.465481,159,58.646812,366.52111184330465,1.6728451780836122,159,0.0
422.51541,209,58.732985,420.5645334128183,1.7067367662769823,209,0.0
418.460147,208,59.0166,416.26039908072755,1.6804011105729906,208,0.0
403.554875,198,59.094047,401.3377850560016,1.6406439617240889,198,0.0
408.350046,199,59.371982,406.2790853921082,1.6721111881707722,199,0.0
446.634164,206,59.454887,444.5276686954562,1.9222583212565743,206,0.0
396.320816,171,59.521657,394.178655742783,1.7984167873859325,171,0.0
471.411535,260,59.814833,469.1955535705417,1.689465780832047,260,0.0
413.000148,183,59.892301,411.07841697357367,1.8380400938567696,183,0.0
403.169986,177,60.15183,400.86528414959105,1.804231494019256,177,0.0
420.494305,188,60.230257,418.4972119970603,1.857553048103215,188,0.0
411.038535,183,60.303014,408.98379407770705,1.8211878531691623,183,0.0
442.178398,195,60.572832,440.2257282736508,1.975688190214547,195,0.0
368.812656,166,60.639855,366.61663659561617,1.6179644571909466,166,0.0
382.029251,164,60.703941,379.9249598284184,1.7402711000855462,164,0.0
318.407858,143,60.952906,316.2246105666781,1.3977750287106605,143,0.0
440.841681,226,61.042949,438.8200407206459,1.7175676168404765,226,0.0
391.966439,170,61.107451,389.781978293299,1.7711981642044157,170,0.0
384.678892,173,61.360596,382.6130922998857,1.6900458440560628,173,0.0
415.752403,199,61.437972,413.7997043012365,1.7323476863275864,199,0.0
535.033028,302,61.753622,532.7828211376184,1.8634042098544294,302,0.0
443.525766,207,61.83531,441.6035534039418,1.8912075830594532,207,0.0
439.871483,236,62.130307,437.6883781880014,1.6287779162484126,236,0.0
320.342627,156,62.191759,318.00912670134676,1.3084574540551832,156,0.0
408.234022,179,62.262816,406.0094492164729,1.8295820570927555,179,0.0
460.105634,234,62.543385,457.93062943419625,1.8066496834243977,234,0.0
363.222478,221,62.628578,361.3159697517476,1.137566476214271,221,0.0
414.683571,187,62.696952,412.55801457392977,1.8180193039015315,187,0.0
397.946875,191,62.960796,395.74469807970263,1.6515522036994186,191,0.0
419.586428,200,63.03883,417.4465341508234,1.7536358795284013,200,0.0
396.166799,172,63.290737,394.24056114572136,1.7911079689852192,172,0.0
394.255078,165,63.354414,392.1415717343452,1.8298984018807312,165,0.0
445.63504,195,63.427268,443.52715623094156,2.0023741465718974,195,0.0
390.67926,168,63.686309,388.70161847090003,1.7786140156887205,168,0.0
386.510913,173,63.758667,384.41427021986846,1.7044973704322086,173,0.0
437.008992,196,63.833046,434.7473561484805,1.923860272899157,196,0.0
424.992092,209,64.108789,422.9135901767191,1.725509189068255,209,0.0
420.594711,184,64.17825,418.4136926211103,1.8888179485909917,184,0.0
370.80176,175,64.244534,368.63132716675455,1.5621496083667241,175,0.0
354.765486,156,64.500751,352.6616294444727,1.586098146797307,156,0.0
504.678825,266,64.607178,502.68033556657247,1.9098621971672114,266,0.0
320.512198,162,64.863341,318.4393595545923,1.2644481652363375,162,0.0
433.764645,196,64.942664,431.8338187541112,1.9006843848418427,196,0.0
374.054177,175,65.011577,371.89827147485374,1.588447660953602,175,0.0
447.455272,209,65.287763,445.5734850440514,1.907182444381426,209,0.0
454.072925,218,65.375466,452.14460029163286,1.8879660532878337,218,0.0
381.274425,167,65.441989,379.0786136941335,1.7096964108782287,167,0.0
392.307106,169,65.701205,390.2832173035668,1.7833114907377978,169,0.0
425.305094,183,65.772805,423.26768843978823,1.9356189459474462,183,0.0
402.513448,171,65.838916,400.38399949302163,1.848228239537605,171,0.0
392.927205,174,66.09169,390.78668275987104,1.7475708022079859,174,0.0
385.061164,165,66.157933,383.0188117248507,1.757100487941904,165,0.0
361.639507,166,66.223465,359.5281466542045,1.5613840844967422,166,0.0
459.785275,206,66.490093,457.54363069169045,2.0268755521623674,206,0.0
369.706724,161,66.550263,367.5925464521793,1.6655970947313519,161,0.0
462.011859,220,66.826537,460.08851809596774,1.9356083841846041,220,0.0
410.530231,208,66.909783,408.4999169839507,1.618495025737737,208,0.0
392.454282,180,66.976502,390.54377546887247,1.697861088487644,180,0.0
381.230807,187,67.242184,379.2701750464213,1.5520058131284529,187,0.0
433.425913,222,67.331504,431.4505836562964,1.6905617602093235,222,0.0
398.919593,180,67.400758,397.01193773502035,1.7496768551208097,180,0.0
431.644798,192,67.668611,429.61476269380483,1.9148450061673168,192,0.0
287.900237,135,67.721911,285.68855848567443,1.217505192209695,135,0.0
384.84051,180,67.79269,382.80752387798424,1.6361347912665092,180,0.0
405.36599,179,68.055481,403.2102659980807,1.8070295426812353,179,0.0
400.636048,178,68.12805,398.69080603883464,1.7788740213777392,178,0.0
362.345167,153,68.187182,360.22800121838645,1.6704742640506804,153,0.0
420.43211,177,68.44494,418.26544138433707,1.9433621286502718,177,0.0
411.192393,190,68.519889,409.0641704835648,1.7662667033016302,190,0.0
374.287207,186,68.790565,372.32320557623524,1.5044387707855842,186,0.0
425.632127,192,68.871447,423.7422245480836,1.8677428480997837,192,0.0
413.652174,188,68.946926,411.6273120710144,1.8028601871019114,188,0.0
321.870297,142,69.195946,320.0588359104712,1.4369044595059106,142,0.0
307.487468,144,69.254297,305.4913195296428,1.304267815546509,144,0.0
434.57107,200,69.335237,432.6637152923788,1.8753798833733826,200,0.0
359.104456,148,69.58947,357.1727516409801,1.685706504037306,148,0.0
348.660253,148,69.651781,346.6612103402507,1.6016773239712307,148,0.0
459.758151,203,69.735778,457.7637061327354,2.0524353062498437,203,0.0
423.347935,180,70.005341,421.28201251034324,1.943649700048355,180,0.0
393.185642,168,70.074459,391.26855095980653,1.7992895497291863,168,0.0
384.530363,160,70.135993,382.5167404807455,1.7929704594804372,160,0.0
459.396927,217,70.422802,457.2643199275737,1.936688938077745,217,0.0
402.432882,186,70.495388,400.3706821516029,1.728584793931982,186,0.0
466.143682,226,70.587407,464.0808809612437,1.9198637908155312,226,0.0
437.382004,179,70.855401,435.3072850755141,2.0639029492691727,179,0.0
375.168151,164,70.92113,373.2785270680863,1.6872571538532728,164,0.0
420.697208,184,71.00035,418.67728325291995,1.8910559981026132,184,0.0
437.130432,177,71.270128,435.02864684992534,2.0776693277192546,177,0.0
419.109127,186,71.341846,417.1701423040345,1.8630422564931108,186,0.0
399.941508,162,71.592603,397.77273279049075,1.8991051969811426,162,0.0
462.765607,246,71.691428,460.53205456763544,1.7319804222680277,246,0.0
437.823591,225,71.780389,435.70193559959023,1.7006136891132027,225,0.0
438.611457,187,72.056374,436.73248542016387,2.01164697261602,187,0.0
394.212113,165,72.122261,392.1758214093709,1.8304290001218864,165,0.0
443.173948,205,72.390717,441.38006027958073,1.9057442904292736,205,0.0
425.019989,196,72.470564,423.07840816086576,1.8309419024887645,196,0.0
436.21334,197,72.548527,434.08903762424944,1.910785210710513,197,0.0
406.377742,180,72.814967,404.3638455448011,1.8084871428212443,180,0.0
303.291356,152,72.877291,301.5562423297322,1.2092084283388225,152,0.0
470.480985,226,72.972209,468.6856063966854,1.9566504748038813,226,0.0
455.100998,203,73.248461,452.8952994745166,2.013449244441789,203,0.0
426.926421,197,73.327862,425.02131923941766,1.8383298003232542,197,0.0
319.164275,146,73.387329,317.2107363381345,1.3821851061803598,146,0.0
383.534571,172,73.646585,381.4534974908249,1.6888512028863867,172,0.0
440.091663,208,73.727928,438.26340739135503,1.8567152279334036,208,0.0
411.402447,173,73.980504,409.3271981153245,1.9039176756732767,173,0.0
385.493503,159,74.045628,383.35174211906195,1.8077689201515108,159,0.0
397.084943,167,74.110704,394.9659242484965,1.8369033927576728,167,0.0
364.459126,178,74.181602,362.6402344935405,1.4907488099253317,178,0.0
400.692153,172,74.438328,398.5991980421791,1.8259255438269788,172,0.0
356.655137,168,74.502523,354.9821444925835,1.5091587649790434,168,0.0
409.225825,165,74.565876,407.2020856488902,1.9506689494354186,165,0.0
337.365262,150,74.815571,335.3679716583927,1.4955509463965924,150,0.0
393.533834,167,74.880662,391.5173280553018,1.809371718329982,167,0.0
410.283478,171,74.946176,408.249396301303,1.9111366590305054,171,0.0
409.300204,169,75.208463,407.23243133869835,1.9190083293677758,169,0.0
410.917686,169,75.276637,408.84528471314627,1.9319025069983151,169,0.0
344.143734,151,75.33603,341.9264890710952,1.5399861593180428,151,0.0
440.162943,203,75.613457,438.21882940533186,1.8963500646228029,203,0.0
394.061925,171,75.68384,392.0028983828413,1.7813332946170406,171,0.0
387.449009,163,75.748404,385.4464709919818,1.7925797737234728,163,0.0
485.187205,212,76.030764,483.28139488391804,2.1849069198149995,212,0.0
405.675975,183,76.10677,403.7883780821937,1.7800499605585907,183,0.0
409.677454,175,76.366445,407.6586885339058,1.8747127515550253,175,0.0
425.278466,197,76.447246,423.07434735421157,1.822630733724466,197,0.0
464.19767,220,76.534368,462.3028250864837,1.9532470310849248,220,0.0
457.267256,190,76.800141,455.3026495453365,2.1364930828024993,190,0.0
450.08102,221,76.888173,447.9105598134133,1.8299718481044518,221,0.0
329.903965,151,76.945958,327.80367330350185,1.427016531726734,151,0.0
405.746332,172,77.197304,403.72790434914344,1.8672569593474033,172,0.0
434.894129,201,77.27368,432.7316437991774,1.8680422374541628,201,0.0
374.607129,166,77.529873,372.5748794811067,1.6655637935940077,166,0.0
477.028947,230,77.625013,474.8524466555815,1.9739998489186297,230,0.0
406.745432,177,77.698625,404.6809850403554,1.8347305761275652,177,0.0
406.389957,177,77.956927,404.27424823987155,1.8316226951977848,177,0.0
406.559618,174,78.026093,404.4369459674691,1.856823566277322,174,0.0
461.061695,202,78.106847,458.9715913942507,2.0699813326511203,202,0.0
396.103052,182,78.381233,393.88305090708934,1.7085654627515967,182,0.0
375.646498,170,78.451858,373.59103579296806,1.641896651752411,170,0.0
330.654989,156,78.516472,328.6444197594731,1.3940281862972002,156,0.0
319.298518,169,78.784771,317.53637097179154,1.2015220663330854,169,0.0
480.316153,194,78.864223,478.29980608754045,2.2886128530560588,194,0.0
427.919896,176,78.938301,426.05216348038516,2.0138099067039787,176,0.0
402.137296,179,79.210002,400.23895598311077,1.7835808923489314,179,0.0
486.804437,231,79.305739,484.69110644456094,2.0449657598770137,231,0.0
394.455258,161,79.562505,392.3603155290687,1.8639297305174933,161,0.0
417.337848,179,79.630259,415.33339802602524,1.9042016016036811,179,0.0
409.868284,162,79.69243,407.97308976363274,1.9806720114320064,162,0.0
366.744484,162,79.959194,364.59680252711223,1.6335916971668927,162,0.0
402.992972,163,80.028392,400.89695989992,1.9161124007207897,163,0.0
490.137063,213,80.117261,488.04326076105576,2.2149724643257165,213,0.0
455.379424,199,80.401525,453.4787927979277,2.050156373029407,199,0.0
458.625213,185,80.479465,456.48347076484475,2.185550525100589,185,0.0
367.91976,174,80.548281,365.78558136678333,1.5477412014555776,174,0.0
441.067264,186,80.821204,438.9184585332465,2.0372021427276095,186,0.0
418.273451,192,80.90497,416.538207652874,1.8104533091318809,192,0.0
507.099002,238,81.201738,505.1119619462354,2.1524529682211146,238,0.0
459.248176,199,81.28049,457.1236220712874,2.079073175769752,199,0.0
379.372081,144,81.340253,377.42305757571654,1.8797343104370454,144,0.0
597.880633,322,81.673367,595.6388181503114,2.2074045558547173,322,0.0
437.397721,201,81.754482,435.2439156938021,1.8882401858677367,201,0.0
384.424241,180,82.014586,382.17868650014526,1.6309702451207875,180,0.0
481.094888,213,82.093954,479.1366406461415,2.1436704388726158,213,0.0
389.074908,159,82.155377,387.0443309897004,1.8372802630317646,159,0.0
470.062275,202,82.426016,468.0486403843444,2.1427170118643395,202,0.0
416.941858,185,82.496704,414.8992344159792,1.852764109971129,185,0.0
446.730878,205,82.580869,444.66858607288947,1.931888039820123,205,0.0
393.941659,167,82.840285,391.93485197415833,1.8125868728630916,167,0.0
389.049559,169,82.909037,387.06329226375385,1.7577349343056097,169,0.0
448.6071,210,83.183784,446.44560198454997,1.9061188253800858,210,0.0
376.598193,155,83.243191,374.29455175865115,1.7668263537965447,155,0.0
423.294564,172,83.312092,421.4475410003788,2.0087877526110907,172,0.0
404.373921,173,83.574125,402.4917856837236,1.8494097521681971,173,0.0
426.422888,192,83.653676,424.4269994982989,1.8734560812545993,192,0.0
397.63085,172,83.724059,395.60986640983634,1.8023114610615674,172,0.0
425.109347,185,83.995768,423.34753664334727,1.9204265143933474,185,0.0
445.051964,198,84.076048,443.04612265765627,1.9745284031317343,198,0.0
322.036613,129,84.126309,319.87450236947825,1.538921887521043,129,0.0
597.840935,346,84.465727,595.7001395442388,2.0166795751403868,346,0.0
471.756712,221,84.553463,469.54271220750695,2.0032135599150913,221,0.0
466.048741,209,84.831599,464.1105336318143,2.0554172387938023,209,0.0
428.491175,176,84.905565,426.3242128356364,2.0159921840531787,176,0.0
109.375374,237,85.201205,107.22679950669065,-1.0225538385017119,237,0.0
434.571649,193,85.277226,432.6972546965315,1.9316903054538812,193,0.0
371.728493,143,85.333847,369.5961468386877,1.8251440188112253,143,0.0
468.518724,209,85.610687,466.46283250553347,2.074323678579725,209,0.0
503.720927,249,85.715069,501.51472699401205,2.035864553423876,249,0.0
408.691756,167,85.784658,406.8018042023323,1.9315672431864077,167,0.0
487.482036,210,86.069278,485.37859144573486,2.217547194113913,210,0.0
281.366533,135,86.122953,279.49458160661635,1.168230029616729,135,0.0
440.404953,177,86.194486,438.3496684884348,2.1044387492547187,177,0.0
377.592142,155,86.456677,375.4781277818957,1.7764799925569474,155,0.0
460.567317,182,86.530485,458.6058091844206,2.226420603359496,182,0.0
414.05634,188,86.60713,412.31722283006417,1.8083990374909158,188,0.0
335.620611,161,86.875969,333.9141301892352,1.396417993590331,161,0.0
475.336232,183,86.949468,473.2245403376328,2.3355136554516203,183,0.0
449.620541,205,87.22433,447.79885838034903,1.9570316511573906,205,0.0
462.202579,191,87.301445,460.2048783290311,2.1676420346085883,191,0.0
406.760924,169,87.370335,404.591283139369,1.897870947904448,169,0.0
434.642315,175,87.636285,432.7271758840166,2.0755149292541493,175,0.0
400.344778,180,87.71575,398.51812552678365,1.7619617167837163,180,0.0
475.993364,200,87.795756,473.9947540835189,2.206394149113961,200,0.0
404.811989,166,88.054607,402.7438770197862,1.9071017752647923,166,0.0
454.177008,198,88.133135,452.2382439234195,2.0480874616597937,198,0.0
463.418628,183,88.206221,461.4925153300968,2.241789337435819,183,0.0
403.017763,154,88.455956,401.01553468659034,1.988864416902156,154,0.0
354.481195,141,88.514565,352.3566422945333,1.7032368703869007,141,0.0
500.715298,210,88.599992,498.7133100843888,2.3243514962170395,210,0.0
405.574764,182,88.875046,403.59339190202274,1.7864517265863677,182,0.0
430.670131,170,88.942863,428.63881246841675,2.082322262499716,170,0.0
434.929961,194,89.019418,433.0118715810833,1.9262530179591923,194,0.0
464.678008,206,89.292097,462.82530435691046,2.069074425057839,206,0.0
465.526998,205,89.374206,463.43337070286816,2.0821765888992023,205,0.0
491.47552,194,89.644297,489.4135912932178,2.3775327982530556,194,0.0
420.474519,169,89.713814,418.53449435808244,2.0096834523787015,169,0.0
444.18838,176,89.78674,442.179575741091,2.1429146943253294,176,0.0
490.179888,210,90.08096,488.3273414121613,2.2414145844995232,210,0.0
461.113007,213,90.170813,459.1764807385264,1.9841395187198076,213,0.0
437.309073,184,90.446369,435.15818193372843,2.023030374004843,184,0.0
508.926088,241,90.550282,506.7768250115053,2.1418461905319806,241,0.0
455.199281,202,90.634403,453.17020964752334,2.023802991287927,202,0.0
472.782049,201,90.914939,470.6391152930943,2.1714190051601503,201,0.0
498.018956,206,90.99918,495.89313420548143,2.3335183767582897,206,0.0
491.601176,198,91.276828,489.6827745617547,2.3476364335618483,198,0.0
410.268238,158,91.339511,408.2318065514892,2.0146202282321553,158,0.0
443.334063,171,91.408351,441.3427307925657,2.176213945896182,171,0.0
469.609422,191,91.690265,467.5008761177341,2.225937695554486,191,0.0
455.460537,188,91.770518,453.40588831379125,2.137147786549409,188,0.0
523.61962,238,91.870224,521.7042517936729,2.2852477843686465,238,0.0
464.787808,193,92.147325,462.87188751273436,2.173151038474375,193,0.0
428.069553,176,92.218768,426.0232757151015,2.01362460876005,176,0.0
448.377359,182,92.303452,446.2833318224835,2.128001845480842,182,0.0
508.587425,213,92.583281,506.64930499632584,2.364084644480327,213,0.0
442.95299,199,92.659742,441.162629615375,1.9514527914522175,199,0.0
431.300322,193,92.926074,429.55376072023944,1.9067548697613899,193,0.0
506.112605,206,93.010142,504.1549991774602,2.3999043973546432,206,0.0
456.237561,198,93.087016,454.4401961275295,2.0657217720869276,198,0.0
404.015013,180,93.348169,401.98472956273196,1.7894499824686685,180,0.0
441.619131,189,93.423862,439.63445983631806,2.0190327563176154,189,0.0
461.502668,217,93.703527,459.61090618163996,1.9560762758163148,217,0.0
496.747744,220,93.794851,494.8507146780835,2.214105350961155,220,0.0
501.288072,207,93.875105,499.3674244915463,2.353845589318202,207,0.0
470.238392,186,94.134218,468.36705509963,2.2730541819860064,186,0.0
452.145474,187,94.209726,450.19454557718325,2.1194366754974854,187,0.0
535.846863,229,94.489486,533.9968317094474,2.4552507832682573,229,0.0
423.318642,183,94.559133,421.3717417275759,1.9206067883614404,183,0.0
406.754825,165,94.62256,404.70727245253124,1.9307807386545157,165,0.0
436.106301,183,94.885229,434.185208471068,2.0230638560451193,183,0.0
546.019992,233,94.977726,544.0632849936187,2.504005326879993,233,0.0
451.541559,186,95.05185,449.58583704824946,2.122656899009863,186,0.0
411.408319,168,95.313547,409.38819626375175,1.9444775791219304,168,0.0
424.524434,156,95.37252,422.4972263796045,2.1448815219367092,156,0.0
409.799472,155,95.431204,407.7185029043983,2.0346405539456223,155,0.0
439.438405,181,95.700323,437.5506752620676,2.0663110662266533,181,0.0
431.493501,168,95.764585,429.4472537382677,2.1048090090013547,168,0.0
520.242485,218,96.045988,518.3001343888345,2.4174887393935567,218,0.0
543.850425,220,96.132095,541.8901449784152,2.590084980083615,220,0.0
496.807465,210,96.216711,494.80600116763674,2.293128878636356,210,0.0
509.003961,217,96.498891,507.0167321383697,2.3351273531673296,217,0.0
470.503493,183,96.571026,468.45313765473145,2.2974248864241535,183,0.0
489.03183,212,96.849511,487.16857087257415,2.2162330187703745,212,0.0
403.301503,162,96.912473,400.9637071319044,1.9245829045305984,162,0.0
489.483892,184,96.982842,487.2885543729351,2.4401886593650546,184,0.0
470.13273,193,97.245665,468.29856412810915,2.2166761230425664,193,0.0
513.099206,221,97.334231,511.20922594401077,2.3367751321299006,221,0.0
377.712066,153,97.392872,375.5439265194427,1.793072046108419,153,0.0
440.905381,175,97.653852,439.0391158973784,2.1259052389291933,175,0.0
481.497407,217,97.739808,479.57262790912057,2.115775333083144,217,0.0
477.918373,206,97.822251,475.97417304446014,2.1744681127529604,206,0.0
501.420674,211,98.097396,499.6018038762942,2.3237695749044214,211,0.0
486.034237,199,98.17805,484.1406614519438,2.2955483365820832,199,0.0
527.438114,222,98.45486,525.473324386689,2.4428288723988993,222,0.0
444.55137,174,98.528781,442.4764938387703,2.161320818257544,174,0.0
464.254167,174,98.598028,462.23125664979136,2.3194100399940942,174,0.0
508.976998,211,98.892398,506.89226214455664,2.3819155753112025,211,0.0
536.242105,227,98.985864,534.3335574524913,2.47407118339145,227,0.0
440.155964,177,99.2653,438.22425155380296,2.103536122893283,177,0.0
415.491273,167,99.329449,413.36693990478955,1.9841999641864907,167,0.0
544.007962,244,99.428858,542.3229244637774,2.402566392566084,244,0.0
476.067144,219,99.720646,474.25358903860786,2.0574695120247886,219,0.0
547.579285,213,99.80381,545.4806021617096,2.674675608026665,213,0.0
558.905459,231,100.1041,556.85842571476,2.6224921325024955,231,0.0
517.379014,209,100.195886,515.4384859712706,2.46624187519655,209,0.0
484.293849,191,100.279197,482.34046958488136,2.344887800818957,191,0.0
556.879445,231,100.583729,554.8459556054901,2.6064627757769983,231,0.0
455.748921,181,100.656376,453.6666939965929,2.195010640755864,181,0.0
349.761754,139,100.897836,347.59703081343156,1.681124184686491,139,0.0
515.095418,208,100.98012,513.1427596914741,2.455913618562869,208,0.0
578.909459,241,101.074689,576.9615969987244,2.703694598297503,241,0.0
517.228123,224,101.355024,515.1279718405649,2.344191088724949,224,0.0
568.634938,237,101.448908,566.6316770318982,2.6527718380226535,237,0.0
432.041194,169,101.707294,429.87816789650844,2.1003693866830324,169,0.0
499.122926,192,101.78432,497.06638998968725,2.4547883458030184,192,0.0
447.284484,177,101.852747,445.35396220282155,2.160670490029527,177,0.0
510.657933,206,102.129081,508.7572096803363,2.436837883554883,206,0.0
552.246799,221,102.220713,550.2853031474515,2.6495532581699095,221,0.0
578.007633,249,102.519575,576.0750467204227,2.6327247729643943,249,0.0
444.005589,165,102.583999,441.8731135747858,2.2283592638259733,165,0.0
463.027014,200,102.666471,460.84363407675374,2.1009806826495563,200,0.0
514.867541,232,102.958619,512.9292661817806,2.26326804079586,232,0.0
596.777538,282,103.075245,594.900230175208,2.520602088278887,282,0.0
494.369925,210,103.353779,492.4441400676559,2.274557243684166,210,0.0
463.880346,171,103.421547,461.9099471122654,2.34090509137934,171,0.0
515.113599,228,103.712176,513.0771666415374,2.296168508908238,228,0.0
474.852708,201,103.791374,473.0529956162953,2.1910261833957754,201,0.0
528.434598,217,103.880465,526.3250546338993,2.4895601142375,217,0.0
518.337578,219,104.172765,516.3617511144577,2.394286270203792,219,0.0
546.53094,229,104.269295,544.5846040896404,2.540357908817221,229,0.0
493.604002,213,104.559602,491.6342052960539,2.2440617758641044,213,0.0
507.63507,210,104.643756,505.6935647712422,2.380435208775371,210,0.0
420.054143,167,104.716072,417.8709388900592,2.020301065665426,167,0.0
522.815634,222,105.012018,520.8117977173442,2.4057069604833794,222,0.0
513.390194,206,105.096947,511.479232240833,2.458481673513661,206,0.0
471.061197,197,105.37432,469.05265125519935,2.190876250977953,197,0.0
417.97511,177,105.448488,416.1848514602179,1.9273268887992072,177,0.0
472.476031,190,105.524514,470.1565763536445,2.2555183945721584,190,0.0
447.830046,166,105.788793,445.65938210310253,2.2506625503430002,166,0.0
485.228061,193,105.868479,483.18580780906024,2.335926253797962,193,0.0
449.658101,170,105.934962,447.5520421488291,2.233961508986977,170,0.0
486.389582,193,106.202159,484.2928224822167,2.3447058437823376,193,0.0
440.536824,187,106.276255,438.5152652608608,2.0261843838322213,187,0.0
523.06233,207,106.554514,521.1560591936383,2.528075244867086,207,0.0
458.11338,172,106.623238,455.9889930526457,2.285462565990322,172,0.0
576.41109,251,106.722501,574.3816135731851,2.6033894517916054,251,0.0
550.116637,253,107.006273,548.063785131586,2.376937305940563,253,0.0
455.563387,189,107.080169,453.5323571146586,2.130209593334704,189,0.0
574.515697,246,107.373124,572.4756871794667,2.6280189515076313,246,0.0
466.852143,189,107.451118,464.71714717390194,2.2198939966192985,189,0.0
416.669576,169,107.520322,414.4703001340184,1.9770193721110256,169,0.0
530.773372,220,107.807796,528.8051703114859,2.4855486511095264,220,0.0
445.603152,164,107.87533,443.43126295268024,2.248726557407971,164,0.0
559.845493,228,108.167514,557.7961933642301,2.6538781247821825,228,0.0
496.938785,192,108.245204,494.8312551634569,2.4370392294808814,192,0.0
592.785769,250,108.545349,591.0032716178308,2.7444556515432676,250,0.0
462.782659,180,108.620476,460.7465667886386,2.259907473236289,180,0.0
426.48995,176,108.696867,424.6879785683239,2.003316676607916,176,0.0
475.878978,192,108.982779,473.95330645428425,2.270032625579678,192,0.0
468.782786,182,109.064839,466.69980222959566,2.2915293375612813,182,0.0
487.250226,177,109.142357,485.14800441313633,2.4790717367103032,177,0.0
480.737475,184,109.427052,478.63640781236256,2.3711896634186007,184,0.0
490.906779,193,109.508901,488.79975726105664,2.3807397474469196,193,0.0
484.047736,181,109.580262,482.0036654068345,2.421744310768285,181,0.0
558.955815,249,109.880666,557.1237763373599,2.481342242226899,249,0.0
522.318611,193,109.959973,520.2806132451348,2.632418382698535,193,0.0
477.23557,186,110.237756,475.3482712268008,2.3288460207073904,186,0.0
488.803191,174,110.315761,486.7552073855421,2.515719198076244,174,0.0
505.247306,186,110.396842,503.17314230142665,2.55150985524232,186,0.0
391.129766,169,110.664299,389.4103565398059,1.776850614259328,169,0.0
482.830197,177,110.73623,480.7462233665834,2.4437208240115753,177,0.0
523.32699,200,110.816277,521.1990774752637,2.5840716327291484,200,0.0
516.331805,208,111.094465,514.2817787778802,2.4653108784988564,208,0.0
513.492813,208,111.180895,511.5708732079378,2.4435930308275937,208,0.0
472.870341,180,111.452659,470.89857597372696,2.341014579029062,180,0.0
500.59234,197,111.53842,498.6557562360997,2.4277315703401268,197,0.0
522.672166,215,111.625964,520.7849910292597,2.461439135321088,215,0.0
554.152307,240,111.924199,552.1889794148659,2.513519902665108,240,0.0
378.314223,152,111.984557,376.365614398344,1.8078137460562091,152,0.0
506.240435,198,112.065845,503.9792961271175,2.4625052472950304,198,0.0
521.482344,195,112.33739,519.3752848201366,2.6096535519280866,195,0.0
531.601031,209,112.421636,529.463725405062,2.57855579267827,209,0.0
445.312799,161,112.674786,443.32448492326625,2.2719042225675157,161,0.0
488.852104,187,112.754544,486.8843149186074,2.413287464904195,187,0.0
501.669711,202,112.83786,499.8879001344844,2.397752342957491,202,0.0
505.773968,188,113.09941,503.8229408444108,2.5409239846119442,188,0.0
534.71282,199,113.182682,532.5674698648768,2.683264729884661,199,0.0
429.055111,166,113.24705,426.89185788646745,2.1003773504766796,166,0.0
503.065214,190,113.52108,500.88174068616877,2.501319148123542,190,0.0
531.960246,208,113.606038,529.9655105884676,2.5908393057615697,208,0.0
428.793098,150,113.666012,426.7887989601482,2.227148280993021,150,0.0
493.696021,218,113.942881,491.6423885703155,2.204515226456947,218,0.0
512.754892,190,114.022673,510.8544484832692,2.581048013750946,190,0.0
495.011705,191,114.299649,493.0659494319941,2.430810026983926,191,0.0
535.252954,211,114.387414,533.3426124539916,2.5936978261118675,211,0.0
456.074288,171,114.456555,454.01942729399093,2.2777065309162086,171,0.0
464.951048,183,114.728042,462.9265360181254,2.253556028692823,183,0.0
518.588733,207,114.813545,516.7187592933251,2.492735115680892,207,0.0
534.474201,202,115.097666,532.4171218460305,2.658050381204388,202,0.0
471.767957,180,115.169228,469.6694709991229,2.3312883842975887,180,0.0
551.837797,219,115.256641,549.8147924372475,2.66215661792924,219,0.0
540.906747,232,115.546066,538.8308789504952,2.470487517203783,232,0.0
482.305321,183,115.617363,480.34043839607585,2.3928164416261923,183,0.0
527.538252,207,115.902494,525.574729728417,2.5634479942505064,207,0.0
522.280909,212,115.99281,520.2624414917717,2.4810890946123227,212,0.0
579.184845,229,116.089449,577.2297979533815,2.8015883392923744,229,0.0
500.768836,193,116.368047,498.7220484024466,2.4600293456402373,193,0.0
504.977404,191,116.448149,502.8699128171261,2.5093105879229083,191,0.0
512.750323,207,116.727996,510.8303746641944,2.4454742705126145,207,0.0
535.043334,205,116.809114,533.0770439301281,2.639447403356909,205,0.0
479.91574,174,116.881056,478.02810068792627,2.4460822434670075,174,0.0
477.739076,179,117.142526,475.6905817352326,2.3875899625765884,179,0.0
493.627326,182,117.214349,491.52684935369007,2.4902766352705985,182,0.0
494.783973,194,117.292634,492.7379075001619,2.404428000076989,194,0.0
650.34775,328,117.626894,648.082445421758,2.5798018173513095,328,0.0
527.476398,201,117.708158,525.496150760603,2.6107763560939117,201,0.0
455.751075,166,117.962467,453.83221541670395,2.3161875511528387,166,0.0
529.259219,206,118.044173,527.3225804827866,2.585551288774045,206,0.0
431.091313,214,118.314132,428.9835070398148,1.7349434300633433,214,0.0
531.135029,219,118.397984,529.2682396279806,2.4976291821583496,219,0.0
539.126725,206,118.477249,537.3648158520726,2.665844671985536,206,0.0
558.015448,231,118.754715,556.2571125506095,2.6179513311428204,231,0.0
517.240764,190,118.829594,515.1875603152356,2.6156947447349608,190,0.0
527.489645,213,119.101255,525.6903706815331,2.5165429307647056,213,0.0
547.613394,213,119.187209,545.7375897248146,2.677167020830221,213,0.0
489.32714,188,119.258673,487.23225690854844,2.4080886842929483,188,0.0
551.79339,209,119.529973,549.771489891058,2.7410237131105526,209,0.0
397.78257,177,119.597829,395.66053427392,1.7629760486267019,177,0.0
476.146509,183,119.861029,473.9346560295334,2.341492969010685,183,0.0
595.663601,226,119.95423,593.6210118988762,2.9565329847523953,226,0.0
519.283694,198,120.03527,517.2411668726515,2.5686124995451745,198,0.0
516.854201,205,120.308073,515.0475292662485,2.4952508595327685,205,0.0
534.85482,199,120.386143,532.936830534821,2.6861554765728286,199,0.0
548.526745,236,120.678326,546.3131837591632,2.4986632788875056,236,0.0
527.086772,214,120.766627,525.1551733544937,2.504716160920937,214,0.0
530.102578,215,120.853561,527.8785377252959,2.518368044546709,215,0.0
551.598656,212,121.141468,549.433570565408,2.7143783137378032,212,0.0
534.806327,214,121.233945,532.786752933223,2.5655119021827812,214,0.0
524.824943,199,121.51597,522.8035003240149,2.605154635843763,199,0.0
558.060928,224,121.605883,555.9376395075933,2.670994302470335,224,0.0
562.137002,224,121.89166,559.9391294922202,2.703019135881764,224,0.0
552.747827,209,121.976176,550.5438628431095,2.7474260831394504,209,0.0
451.937909,177,122.045999,449.84701814863155,2.1966882258597598,177,0.0
552.393081,215,122.328847,550.458997647184,2.6987869659263573,215,0.0
561.735043,225,122.422783,559.7882100040867,2.6940115023654547,225,0.0
555.367595,217,122.705213,553.2665631598975,2.705458691182693,217,0.0
534.145206,208,122.790476,532.192176910047,2.608330930041517,208,0.0
554.723708,215,122.878816,552.6948762068475,2.7168838503289563,215,0.0
535.526434,206,123.161094,533.6366365778212,2.6360174380963284,206,0.0
507.348664,196,123.240338,505.30861148539134,2.4890838797361132,196,0.0
586.200425,237,123.536024,584.1846615949863,2.7937114252909914,237,0.0
589.467268,252,123.638257,587.3718109772414,2.6996408799198375,252,0.0
559.839058,202,123.90718,557.8079278978825,2.8610267768538207,202,0.0
545.659807,212,123.995235,543.766307123622,2.6692835789455973,212,0.0
560.594815,215,124.079113,558.4300062375845,2.762738458660432,215,0.0
567.739806,234,124.366937,565.8689605854382,2.670808246035074,234,0.0
591.887839,236,124.463799,589.9508309639943,2.8477745370154817,236,0.0
586.779352,229,124.739925,584.9821559719653,2.863698395444381,229,0.0
536.172727,204,124.817679,534.2025208119852,2.6563903672597102,204,0.0
429.852123,160,124.879435,427.8104954120927,2.1559559825803083,160,0.0
544.590114,222,125.159283,542.4996167487888,2.579378542421537,222,0.0
534.150093,201,125.237524,532.1498088608421,2.6639618158730993,201,0.0
529.370515,213,125.512087,527.496660506227,2.5310554456775254,213,0.0
547.417728,226,125.601703,545.2354864076124,2.569695064484791,226,0.0
531.296997,191,125.869346,529.0993422414032,2.7193210484533354,191,0.0
567.081185,218,125.956214,565.1431652932616,2.7924762382376587,218,0.0
566.889017,211,126.035268,564.9080338147099,2.846228497409898,211,0.0
553.421315,202,126.303178,551.4302607702457,2.810085239367479,202,0.0
541.645386,201,126.382529,539.5636000189488,2.723422166882841,201,0.0
510.230268,187,126.653028,508.1986716768311,2.5839327754315558,187,0.0
597.171591,238,126.755554,595.3021853026702,2.8746024276321758,238,0.0
530.094094,214,126.841579,528.1181759076504,2.528036165321309,214,0.0
611.062969,257,127.137303,608.9216574163321,2.8320409532194253,257,0.0
537.710912,190,127.213664,535.6758463778374,2.779830387472046,190,0.0
444.019664,167,127.480443,441.8112175490807,2.2119535880139902,167,0.0
578.26141,212,127.565897,576.1861338903261,2.9286880349863855,212,0.0
531.258067,210,127.648548,529.2866953873856,2.569286866786396,210,0.0
548.778536,207,127.92936,546.8506035022642,2.733916191009967,207,0.0
540.413886,210,128.01561,538.5190405837548,2.6432402753252986,210,0.0
456.419311,180,128.284586,454.2842573445492,2.2082070489460377,180,0.0
443.352179,158,128.346586,441.3036086411933,2.279600850978322,158,0.0
509.170771,194,128.424017,507.07391629983545,2.5190493889757124,194,0.0
489.211837,187,128.694985,487.3446048407676,2.4171287670017034,187,0.0
543.538197,223,128.780736,541.3879788605706,2.5626274648959555,223,0.0
518.766198,185,128.854706,516.8589380755359,2.6691884611876966,185,0.0
630.62089,255,129.157721,628.6597811187416,3.005821551973028,255,0.0
514.451642,179,129.227557,512.3423864746042,2.680784024108235,179,0.0
609.469393,219,129.512358,607.4039099240388,3.122818270857962,219,0.0
505.234524,178,129.583229,503.28854517112507,2.6165026984622726,178,0.0
561.467324,215,129.669884,559.4456031685845,2.7708479522914913,215,0.0
594.306814,241,129.956767,592.50472168611,2.828329566615494,241,0.0
437.312728,184,130.029501,435.5930688224166,2.027164223057323,184,0.0
555.462335,200,130.296831,553.4592487004761,2.8425549367084657,200,0.0
511.911609,184,130.368696,509.9130595357884,2.621562721746996,184,0.0
554.790506,201,130.444298,552.5595969514503,2.827409826942571,201,0.0
486.012182,182,130.707752,483.8132441119371,2.4286634792237236,182,0.0
579.952559,221,130.792057,577.8350010486071,2.8700662180257823,221,0.0
554.377501,223,131.073261,552.530671597842,2.6519696355781455,223,0.0
549.179688,208,131.153297,547.1499203933746,2.728203195360577,208,0.0
547.883673,196,131.231605,545.7211947215401,2.8125765407328713,196,0.0
581.977232,207,131.504351,579.9400794995396,2.9984693614973907,207,0.0
589.932766,232,131.597297,587.8200372684988,2.862223415189802,232,0.0
539.649746,197,131.864715,537.6947251759607,2.7402125193420015,197,0.0
490.472688,202,131.942833,488.25020586979787,2.3047018048149517,202,0.0
431.196473,158,132.002651,429.0766759642992,2.1819579779879272,158,0.0
510.242852,193,132.279012,508.05724426541775,2.5349721468181388,193,0.0
529.544949,191,132.356829,527.3552162597166,2.7052277119336465,191,0.0
661.729832,287,132.677227,659.4952096240164,2.997841378978109,287,0.0
530.01013,192,132.754687,527.9138396772564,2.7019353621920623,192,0.0
580.468196,223,133.038072,578.5484941809178,2.8601338331654453,223,0.0
500.868803,183,133.109285,498.84421750422524,2.5409352705373576,183,0.0
540.658937,205,133.189074,538.6750701171285,2.684295994687033,205,0.0
602.780599,225,133.467605,600.6796280098844,3.0211946373845433,225,0.0
539.815006,211,133.552246,537.5960151556941,2.6277870317802354,211,0.0
601.290853,226,133.82642,599.2588747552919,3.0018441000110268,226,0.0
551.024008,199,133.903303,548.9705318770449,2.8145799805636216,199,0.0
584.91647,227,133.992291,582.9437776961234,2.863421518847429,227,0.0
477.92981,185,134.251254,475.8276104226084,2.3406882803662343,185,0.0
584.274317,216,134.335827,582.2064721640583,2.945075587394022,216,0.0
562.919279,218,134.612052,560.9920371014543,2.759450627097238,218,0.0
646.090385,267,134.715849,644.1004328941976,3.0337949934015422,267,0.0
541.759455,212,135.002148,539.6496815883569,2.6363455863935976,212,0.0
579.854646,209,135.087476,577.7051199016338,2.964561523763974,209,0.0
548.828852,203,135.16928,546.7074973572907,2.7644959309931285,203,0.0
542.853711,191,135.440515,540.7108711108569,2.812064569582794,191,0.0
630.459898,263,135.550364,628.6732178849322,2.94257413983134,263,0.0
626.938238,247,135.844173,624.7627926274066,3.0386813008232787,247,0.0
516.111985,205,135.92839,514.0076587162496,2.4870253091562935,205,0.0
568.430833,215,136.212792,566.4143048181929,2.8265916912224367,215,0.0
565.328093,216,136.300217,563.3882124683669,2.794427439764674,216,0.0
525.460529,201,136.381975,523.270440366922,2.592992098601439,201,0.0
535.370945,192,136.656725,533.3232223465623,2.7451805271018688,192,0.0
451.01228,172,136.725827,449.0696493425017,2.2302472109808256,172,0.0
592.177152,218,136.812346,590.0957426923125,2.9920990517024193,218,0.0
521.399262,191,137.082378,519.3436642853221,2.6412254866701774,191,0.0
501.622261,192,137.15603,499.50354039905216,2.4745754111337352,192,0.0
631.551352,273,137.46193,629.3034973089925,2.8676519844095116,273,0.0
570.348771,239,137.5585,568.4093174164896,2.651358972613711,239,0.0
599.276155,220,137.841195,597.3515527517245,3.0344356659296463,220,0.0
564.075938,210,137.924877,562.0546770415157,2.831602436339765,210,0.0
574.454654,202,138.00807,572.3940528751604,2.978043847267903,202,0.0
563.836584,217,138.289194,561.8932320222531,2.7745283712191844,217,0.0
570.123154,203,138.367516,568.0228766872364,2.935067744312847,203,0.0
672.620854,271,138.65816,670.629222344682,3.2145483252374847,271,0.0
634.912298,250,138.755856,632.8770414874379,3.079652879935284,250,0.0
597.466289,238,139.033034,595.3966263593436,2.8751055260963945,238,0.0
544.302202,224,139.119071,542.1317820328915,2.560608789142165,224,0.0
563.630094,208,139.389072,561.5395831666671,2.8435022318182623,208,0.0
578.951386,216,139.472089,576.896481923695,2.90257396276244,216,0.0
582.216096,227,139.559945,580.272617394235,2.841897098994923,227,0.0
593.632142,239,139.839942,591.693478516818,2.8376867894329343,239,0.0
607.868032,249,139.941861,605.8959124800804,2.8718994035041403,249,0.0
544.499559,203,140.211695,542.4213150043147,2.730260333964314,203,0.0
608.318037,226,140.301237,606.0979586754207,3.0565455570515128,226,0.0
617.267489,252,140.591113,615.1423522998925,2.921887854296802,252,0.0
508.001003,178,140.660131,505.9649413882896,2.637774724683279,178,0.0
571.666261,232,140.965479,569.5945345463492,2.7165557978710373,232,0.0
542.962822,205,141.049467,540.8527380484453,2.701856480134888,205,0.0
549.051365,214,141.135837,546.8826570408156,2.6782829820399883,214,0.0
607.306653,233,141.41392,605.3123415289969,2.9944856672654376,233,0.0
595.294549,226,141.50739,593.2493144468322,2.9537200560980716,226,0.0
599.734147,225,141.78143,597.6535282285573,2.996904519979221,225,0.0
532.672169,201,141.861799,530.7554687628278,2.6528755880584853,201,0.0
635.151126,263,142.15948,633.0712089709666,2.9776800799471927,263,0.0
503.190747,183,142.228501,501.090169231119,2.558913745111342,183,0.0
490.889142,181,142.299617,488.87758550420176,2.477205364583974,181,0.0
662.438911,302,142.606388,660.5854825922584,2.887330182718818,302,0.0
582.898666,225,142.697517,580.9887660515244,2.8637051503233453,225,0.0
530.985542,186,142.960104,528.9979630769936,2.7582991707777644,186,0.0
435.954403,190,143.035026,434.2311301239328,1.9684708255220427,190,0.0
628.853635,259,143.333386,626.9958958942374,2.961081807048005,259,0.0
548.929645,193,143.4108,547.0271252198074,2.846759514322446,193,0.0
563.27005,202,143.489483,561.2315628338044,2.888798169324471,202,0.0
532.597052,192,143.751764,530.4034347355911,2.7217258086873857,192,0.0
617.103766,250,143.848105,615.228261934847,2.9384027863472477,250,0.0
466.439095,161,144.112049,464.245153288561,2.4395317170859805,161,0.0
553.296494,217,144.203521,551.112851973744,2.6884611464264236,217,0.0
603.57354,230,144.298042,601.6732337656464,2.9893398260195077,230,0.0
576.436039,213,144.578353,574.4577617189715,2.9072443588447667,213,0.0
566.77058,202,144.657632,564.8994212372717,2.918053517063909,202,0.0
584.697619,246,144.946715,582.7829893863977,2.7104886853027965,246,0.0
568.668789,211,145.029679,566.8265590194518,2.861990109743101,211,0.0
576.657699,218,145.307336,574.7091250843769,2.8692271783410956,218,0.0
586.816276,220,145.394174,584.849075691034,2.9344209889039736,220,0.0
594.162085,214,145.47651,591.9773904086373,3.039147466999519,214,0.0
592.113015,216,145.748475,590.1780182350151,3.00890541771237,216,0.0
525.851234,201,145.828946,523.9802767984828,2.5990143744200664,201,0.0
575.997349,217,146.100994,574.0271931218131,2.871979420792056,217,0.0
597.716164,270,146.204875,595.5124640959194,2.6212591674921075,270,0.0
560.910659,214,146.478204,559.0130353233224,2.775526539186692,214,0.0
569.660789,205,146.557962,567.6333035680638,2.916213833916509,205,0.0
584.803092,226,146.644939,582.9454759545779,2.8713536431459996,226,0.0
591.318809,214,146.917213,589.1770014852101,3.0168159878027074,214,0.0
557.049696,216,147.00388,555.0680342874523,2.7280540803635747,216,0.0
578.274206,216,147.269698,576.3494467072858,2.898296826206122,216,0.0
546.727156,200,147.346533,544.5156361979638,2.77089949267104,200,0.0
598.270545,225,147.623372,596.320624047102,2.9864100375261406,225,0.0
700.916469,325,147.748314,698.9389592069552,3.011069710194413,325,0.0
486.08272,192,148.010934,483.9711124129055,2.350373219847993,192,0.0
580.371682,217,148.096951,578.3203207277269,2.9060348330481314,217,0.0
597.733765,227,148.186069,595.7230007300601,2.9656876089909887,227,0.0
597.866075,225,148.46227,595.7888057210422,2.9823136525988097,225,0.0
536.567599,186,148.534351,534.5393091681307,2.8028069187152282,186,0.0
575.294893,214,148.810117,573.2220600580742,2.889130068563253,214,0.0
605.632918,243,148.905093,603.7112267739195,2.90229543418721,243,0.0
516.824387,215,149.175441,514.5009067316594,2.4112705642940897,215,0.0
527.562191,186,149.246064,525.3551115778632,2.7291301513786514,186,0.0
593.424179,214,149.331159,591.3093443323999,3.03401908068333,214,0.0
522.012213,196,149.598939,519.7796054122224,2.6048922889768704,196,0.0
523.838837,185,149.669982,521.8752826054205,2.709357473141586,185,0.0
602.831664,212,149.754691,600.7738598517004,3.125461047681495,212,0.0
526.410277,204,150.032402,524.2038810133572,2.576459073018551,204,0.0
545.500125,206,150.111106,543.4588952021841,2.7148582824211056,206,0.0
590.722728,207,150.379728,588.6949289795655,3.0688019792917687,207,0.0
580.114396,222,150.465407,577.9538361740612,2.863172995389131,222,0.0
568.212247,207,150.731405,566.1922519877714,2.8889593196158656,207,0.0
588.977509,227,150.815793,587.1924739385005,2.897688723277659,227,0.0
555.983235,198,150.891479,554.0019422291425,2.862782758486734,198,0.0
520.059906,193,151.150084,518.2033233587877,2.616224348525527,193,0.0
599.826857,234,151.240886,597.9543841137221,2.927968115997053,234,0.0
595.450742,219,151.515537,593.4230581653877,3.01109772155275,219,0.0
473.071238,179,151.584754,471.08818551835924,2.350824168894129,179,0.0
635.031141,234,151.675128,633.1200990112111,3.20912902259721,234,0.0
580.632527,246,151.96068,578.6646094295658,2.677892912739137,246,0.0
558.526424,215,152.046184,556.4203109545289,2.746858160448916,215,0.0
574.59222,224,152.331977,572.7685294783511,2.8062517487966088,224,0.0
530.396302,209,152.416433,528.4816176406495,2.571178520669725,209,0.0
657.543158,261,152.709554,655.6032079476414,3.1740634278725968,261,0.0
492.614075,191,152.785009,490.5136225549882,2.41067248232879,191,0.0
516.259117,211,152.868653,514.2446220657547,2.4412192959153023,211,0.0
614.949282,266,153.172626,612.9436360197371,2.7929255501769426,266,0.0
544.961147,200,153.249753,542.9310065977346,2.7584568068266466,200,0.0
583.437043,204,153.525705,581.455812122135,3.0347672562518904,204,0.0
572.552113,213,153.608804,570.5245654747556,2.875562091971163,213,0.0
577.460263,226,153.895803,575.6263538229416,2.813150857517976,226,0.0
520.928794,179,153.964362,518.7976899233307,2.7326604625546436,179,0.0
567.554419,222,154.052583,565.5602536032416,2.7642805733026723,222,0.0
540.951636,189,154.314208,539.013601821196,2.8146158264562535,189,0.0
574.394705,220,154.401276,572.423922450364,2.835249939343619,220,0.0
662.028477,276,154.704922,660.1053411994885,3.0904821623474827,276,0.0
594.494841,243,154.807388,592.6599078240239,2.813947332706408,243,0.0
505.096511,175,155.079868,503.1084250507735,2.6390243412426484,175,0.0
561.298362,207,155.170534,559.255214653489,2.833398749498082,207,0.0
550.097816,204,155.255138,547.9223118002961,2.76631314018739,204,0.0
473.677176,182,155.525155,471.76835415391815,2.332559774502784,182,0.0
580.574682,228,155.62313,578.5771457924443,2.8206285085102043,228,0.0
577.819559,208,155.908633,575.9450897796038,2.958995441594501,208,0.0
571.069706,216,155.999192,569.1851925648108,2.8412212381797386,216,0.0
621.771772,230,156.096991,619.7806813291729,3.1344145915618085,230,0.0
593.160869,215,156.396361,591.0787386300126,3.0241710104324575,215,0.0
617.433764,247,156.505027,615.5147003364216,2.964752777266635,247,0.0
657.715332,264,156.81683,655.810200645154,3.1518250824122425,264,0.0
548.115013,190,156.895168,546.0902046757556,2.8634842183484066,190,0.0
458.807268,158,157.153506,456.92938546152277,2.404781744822149,158,0.0
543.686027,187,157.235947,541.6265826606433,2.851352221058131,187,0.0
608.410103,238,157.336187,606.4253057136341,2.9637892969271378,238,0.0
615.161654,224,157.641326,613.1940953772885,3.129464074163248,224,0.0
594.773034,206,157.727692,592.7645423447217,3.109277920101741,206,0.0
562.484049,209,158.013953,560.320307006221,2.825895451514794,209,0.0
472.260332,169,158.078349,470.4151520479817,2.425190180325787,169,0.0
526.52443,181,158.152397,524.5983704454009,2.763194153971765,181,0.0
554.948394,208,158.438061,553.1186295031572,2.7763195955760795,208,0.0
666.840513,262,158.545729,664.9459303138196,3.2408834339718346,262,0.0
580.036776,201,158.827832,578.0692833364678,3.0316125031007197,201,0.0
573.699132,204,158.911499,571.8249259932763,2.9578300012792282,204,0.0
545.212273,199,158.993477,543.1101288333182,2.7680446772937617,199,0.0
568.370602,199,159.274302,566.2522855787955,2.952891487548466,199,0.0
653.245058,258,159.382512,651.3927687878567,3.164308661564693,258,0.0
548.636353,193,159.661309,546.7531773780665,2.8447349492625955,193,0.0
594.859222,227,159.753251,592.739141016814,2.9419965089743005,227,0.0
788.241854,399,160.123701,786.0460147376637,3.118973127320222,399,0.0
635.44039,265,160.233752,633.3477747021748,2.963795976514403,265,0.0
537.871272,193,160.516709,535.7590221277807,2.7569372845920874,193,0.0
576.789727,209,160.603465,574.87189608834,2.942449668566569,209,0.0
693.726315,318,160.950085,691.5745455541554,3.007920534478799,318,0.0
514.194695,192,161.03227,512.2486207903949,2.5767241028488623,192,0.0
592.127598,219,161.332841,590.2709747933837,2.9858201690122943,219,0.0
575.780206,196,161.414643,573.6832431992799,3.0362395748628708,196,0.0
578.768495,198,161.498553,576.6972525091061,3.0445539801319415,198,0.0
455.977461,161,161.767952,453.94302805808167,2.357211976849791,161,0.0
466.714418,168,161.83761,464.7361163343379,2.3876805622969406,168,0.0
497.890545,177,161.914091,496.0473020071217,2.566644108007892,177,0.0
562.523258,202,162.211485,560.5229532206839,2.8833008644015967,202,0.0
592.55239,209,162.301557,590.715475260898,3.0692329022654428,209,0.0
540.218785,192,162.600118,538.0730855665042,2.783208167997085,192,0.0
558.270778,204,162.691766,556.3507060546358,2.8340825503294726,204,0.0
517.298602,182,162.77231,515.4306535503024,2.681865115259689,182,0.0
566.948777,217,163.084455,565.2655944706266,2.801851743636353,217,0.0
557.423524,192,163.170376,555.2538137901296,2.920598762236314,192,0.0
595.414138,239,163.482708,593.5284298954025,2.852943631060389,239,0.0
482.136419,179,163.557537,479.9189968543018,2.421500072770477,179,0.0
580.80821,220,163.659586,578.6257820200061,2.8846138438179167,220,0.0
586.5311,211,163.958772,584.4544646912065,3.0030913267776738,211,0.0
535.939295,184,164.035298,533.9158566326008,2.8137562882496887,184,0.0
513.083512,184,164.116401,511.10622905090224,2.631297721126137,184,0.0
614.746746,227,164.424984,612.7369505692315,3.101883794209206,227,0.0
541.300573,188,164.506377,539.2459679050086,2.824561141363115,188,0.0
628.929366,225,164.810879,627.0266946974522,3.232050018312471,225,0.0
600.23187,209,164.900593,598.2504228938243,3.129330089891599,209,0.0
599.99441,210,165.201613,598.0117034539211,3.1196101575835433,210,0.0
568.4924,192,165.284312,566.4318010636763,3.010059398727246,192,0.0
610.726885,237,165.385354,608.8480173208969,2.9911389254046465,237,0.0
542.792839,184,165.66895,540.8468747695568,2.869441156558795,184,0.0
559.711501,196,165.751365,557.5132191918922,2.9070591166985316,196,0.0
645.330731,251,166.064733,643.2380518097518,3.154541038604711,251,0.0
541.59148,192,166.147842,539.6262641151067,2.795862365187224,192,0.0
471.471454,189,166.22957,469.4853725605131,2.2587086750860883,189,0.0
554.716066,188,166.512841,552.7422123857672,2.9324463233329503,188,0.0
555.635891,195,166.589211,553.8648988124351,2.8857051332215913,195,0.0
684.063414,280,166.908096,682.198877180823,3.2357100440329964,280,0.0
631.740981,237,167.007345,629.58753568404,3.15705232268327,237,0.0
626.922137,226,167.296762,624.9845330459816,3.2079318597974686,226,0.0
601.794057,221,167.386472,599.7145309454698,3.045604603499683,221,0.0
439.02071,151,167.447425,436.892564335794,2.300396667471734,151,0.0
615.292409,228,167.733073,613.2391451475052,3.0980931424494504,228,0.0
630.599967,231,167.829119,628.6371841617445,3.197200075895005,231,0.0
593.185805,216,168.116568,591.1372325386494,3.016945730935682,216,0.0
659.845509,267,168.221715,658.0599054385601,3.146090690809243,267,0.0
626.868192,244,168.513658,624.8800266381343,3.0637471039432955,244,0.0
594.107324,225,168.602965,592.1831944340861,2.953574725404769,225,0.0
539.807678,183,168.674974,537.8762296467095,2.8535348008953076,183,0.0
598.658092,216,168.945997,596.611202178439,3.0601960099416585,216,0.0
612.15349,214,169.031085,610.2269572128952,3.185369357464324,214,0.0
568.664549,199,169.289095,566.5955899075628,2.95589762217516,199,0.0
596.237204,218,169.375995,594.1677483746604,3.0249269943286183,218,0.0
578.413108,198,169.453979,576.3633694723317,3.0415852209497793,198,0.0
589.934528,207,169.722491,588.0729946094428,3.063763787357771,207,0.0
593.743427,218,169.811908,591.5930890758219,3.0044583423058855,218,0.0
624.698693,251,170.105249,622.8496988828108,2.991778461961299,251,0.0
604.794262,239,170.197069,602.9671196961557,2.9282498670049115,239,0.0
578.493776,224,170.46459,576.5187124940063,2.8359988942011896,224,0.0
601.644206,218,170.546383,599.4539826095136,3.0672974553114045,218,0.0
627.220334,234,170.82303,625.1243062274636,3.1450872423809875,234,0.0
583.536588,210,170.901305,581.4818393466132,2.9871659376679554,210,0.0
637.758829,243,170.996676,635.7764887110031,3.1588025883109703,243,0.0
584.502629,203,171.256364,582.4046385861624,3.0503731781482095,203,0.0
561.217194,210,171.334547,559.0029495614293,2.8072335429729467,210,0.0
567.711395,200,171.607776,565.7112670843328,2.9408384933293448,200,0.0
569.189809,196,171.686682,567.193696044193,2.9845288328187047,196,0.0
607.386084,214,171.763433,605.322765334755,3.1462332024025828,214,0.0
576.361531,202,172.023707,574.2804923656571,2.9934838937218764,202,0.0
605.058757,221,172.113348,603.0446871366265,3.0722031190085457,221,0.0
624.00379,222,172.392224,622.0657282804347,3.216353820852728,222,0.0
581.899234,208,172.474883,579.8715878055458,2.9902640493082115,208,0.0
625.125138,227,172.755513,623.2338391013759,3.185987230822325,227,0.0
524.947799,210,172.838712,522.8756562333543,2.518345810276073,210,0.0
617.960998,225,172.924236,616.0258430132174,3.144032519572599,225,0.0
605.461153,222,173.189821,603.4063685048333,3.0669445402349957,222,0.0
469.956075,192,173.260174,467.7790993735688,2.2207563477723133,192,0.0
618.424053,232,173.534012,616.3033313283971,3.0904239846352803,232,0.0
621.636935,234,173.626079,619.5852842465132,3.101088060294534,234,0.0
522.456168,183,173.69836,520.4589462734182,2.7141746628954113,183,0.0
522.323813,198,173.967172,520.3178821403283,2.5935567251345026,198,0.0
567.740284,211,174.04933,565.6255878106895,2.852319885393955,211,0.0
629.576454,250,174.329297,627.453145293139,3.0364490122140726,250,0.0
622.32898,210,174.409954,620.3025591428479,3.2977880723274042,210,0.0
562.67627,201,174.673178,560.6873907129924,2.892616117794769,201,0.0
573.372834,202,174.753387,571.2955887326464,2.9694539496522094,202,0.0
656.578819,264,174.858387,654.7474549274193,3.1433024337179996,264,0.0
611.663411,218,175.132456,609.5824052673488,3.148443039136533,218,0.0
630.981018,233,175.22703,628.9751719660525,3.1842204824204954,233,0.0
610.280104,224,175.493303,608.2750774979681,3.090394694171178,224,0.0
626.199681,220,175.578658,624.2266440704296,3.2496927996917226,220,0.0
605.390103,232,175.858135,603.4593847288716,2.987979645145657,232,0.0
571.51525,202,175.936194,569.7032112998423,2.956574138378724,202,0.0
548.894644,197,176.011411,546.7446828235788,2.812786819236658,197,0.0
677.93928,262,176.30367,676.0015991498032,3.3291251167247164,262,0.0
580.943704,210,176.388981,578.9428394615509,2.9670358249894164,210,0.0
593.794912,205,176.666409,591.815178948885,3.109701753875889,205,0.0
576.376279,199,176.747392,574.2957964691924,3.0173516382709225,199,0.0
610.453791,215,177.015822,608.3780773906315,3.162685207242367,215,0.0
580.425748,202,177.097837,578.3577779376906,3.026152720813848,202,0.0
559.391249,206,177.174605,557.221674978947,2.8247900143469096,206,0.0
601.438423,213,177.442518,599.4660845532983,3.107292118128547,213,0.0
624.291301,217,177.52734,622.2915874797342,3.258033202099393,217,0.0
650.337741,241,177.795033,648.4509123227838,3.276099676380342,241,0.0
630.681174,232,177.880316,628.6618288780782,3.1897067763216667,232,0.0
541.675584,189,178.138768,539.5869711927583,2.8193390037307355,189,0.0
666.63842,244,178.235741,664.7752418017334,3.383013010302437,244,0.0
581.792244,199,178.312955,579.6230079743316,3.05977931942586,199,0.0
645.692035,250,178.615377,643.7688728287982,3.16713747027511,250,0.0
525.281803,186,178.688618,523.3153627308417,2.712978181937416,186,0.0
590.133729,215,178.98281,588.0565286897423,3.0000034251329106,215,0.0
599.801529,223,179.074988,597.7881890948514,3.014279193745833,223,0.0
537.875066,192,179.15199,535.9315193139523,2.7661718173707217,192,0.0
555.474899,190,179.421271,553.4500805395188,2.92224675968904,190,0.0
631.070727,236,179.518618,629.0066610404466,3.1604455848725057,236,0.0
588.781457,211,179.808707,586.9317431419594,3.0230527330357324,211,0.0
549.013602,186,179.884155,546.8598245047333,2.9012237170676323,186,0.0
550.931002,183,179.955345,548.827200377271,2.9409855440242536,183,0.0
564.641454,209,180.235385,562.7649127762458,2.8454275593241083,209,0.0
578.794774,202,180.314031,576.8736034072139,3.0141163972088294,202,0.0
552.776205,196,180.586353,550.951504273566,2.8543930632275916,196,0.0
576.414659,208,180.669754,574.2904578862681,2.9456967486345897,208,0.0
596.429975,203,180.751678,594.4414342770341,3.1465857354191984,203,0.0
555.813394,206,181.024734,553.7682670637387,2.797433952385281,206,0.0
564.379341,202,181.104343,562.2548664872514,2.8971348646694626,202,0.0
662.226078,253,181.409373,660.3956696691757,3.2761940318776817,253,0.0
572.531262,197,181.490805,570.3676452243294,3.001853810008663,197,0.0
668.100927,253,181.787504,666.2639862073395,3.3232132738300013,253,0.0
733.91103,324,181.924872,731.6235959943723,3.280514206477898,324,0.0
597.171724,213,182.202745,595.1646115515192,3.072863048203885,213,0.0
612.130355,210,182.285745,610.1166748302554,3.2162490482203903,210,0.0
564.656183,183,182.360479,562.4852360330535,3.050334779034007,183,0.0
547.33661,191,182.625424,545.4455663313075,2.850050217829021,191,0.0
552.564563,195,182.698957,550.3629798850902,2.857507153175894,195,0.0
599.052715,211,182.96625,597.0547245040897,3.103775957289814,211,0.0
546.110398,194,183.040039,543.9279571740198,2.8141307855807307,194,0.0
616.578866,233,183.127668,614.4946836014262,3.068259533990164,233,0.0
541.107256,183,183.406012,539.0484601074627,2.8627930130012578,183,0.0
577.244419,206,183.483909,575.1458354445394,2.9681522665217424,206,0.0
550.25318,208,183.753316,548.2228258519094,2.7370486406873065,208,0.0
644.778718,242,183.848875,642.7260213663767,3.2222995372112564,242,0.0
571.146081,190,183.923991,569.1073150714375,3.0475842957369808,190,0.0
559.910209,212,184.209819,557.7759627323579,2.781593987160162,212,0.0
650.477645,249,184.327887,648.4318831281226,3.212332007154786,249,0.0
607.717528,218,184.62325,605.8312587598153,3.1182863501150524,218,0.0
622.766309,223,184.716402,620.8699134444583,3.1987728435458602,223,0.0
596.771247,222,185.007499,594.7982021450754,2.9979933504982776,222,0.0
651.89423,242,185.104261,649.9469760515788,3.280018578791291,242,0.0
641.518952,231,185.373035,639.4863820683379,3.2841380216849445,231,0.0
631.936601,239,185.463408,629.8907274474287,3.143336453441262,239,0.0
545.788479,192,185.536131,543.8885641952694,2.8298170179558504,192,0.0
607.753189,228,185.808522,605.7521499032331,3.038062720196464,228,0.0
562.611999,191,185.880332,560.6134770586157,2.971517613265849,191,0.0
599.154993,223,186.145508,597.1979532344807,3.0095940642901358,223,0.0
619.404939,223,186.229753,617.4637223542048,3.1716305291126208,223,0.0
608.476169,215,186.314937,606.5408416330728,3.147810181908982,215,0.0
552.473384,204,186.582767,550.6558807262461,2.788347976416914,204,0.0
638.764421,227,186.670251,636.8383828482113,3.2949477987663696,227,0.0
621.089848,220,186.94111,619.035574957978,3.20813025367553,220,0.0
611.812716,231,187.028429,609.9627080091412,3.0478456973952395,231,0.0
633.947445,236,187.303412,632.1262930273348,3.1853320964623526,236,0.0
602.845224,207,187.381591,600.8164373713187,3.1657699289397243,207,0.0
516.569006,207,187.461838,514.3918158416213,2.4744050290469426,207,0.0
607.331914,209,187.735195,605.3500370832968,3.1860351312228405,209,0.0
599.952892,223,187.821233,598.1001754774214,3.0166859951557354,223,0.0
589.386671,208,188.090206,587.3322969878662,3.0498344147390566,208,0.0
621.678894,219,188.173304,619.6926533232911,3.2211406115544983,219,0.0
618.775736,235,188.451097,616.9616497196232,3.071991331832462,235,0.0
572.325448,213,188.53457,570.4465606193546,2.8751684660386476,213,0.0
630.046688,269,188.821479,627.9746033932975,2.889434606895842,269,0.0
610.932028,212,188.904527,608.972392667858,3.1913373042378956,212,0.0
578.589983,208,188.986668,576.6439333591196,2.964394401260134,208,0.0
548.232192,202,189.249974,546.1931481846054,2.7687158523065274,202,0.0
606.401467,207,189.329385,604.3607693022243,3.1941506046121075,207,0.0
578.086004,191,189.593061,575.9620033698574,3.094487881340421,191,0.0
577.175455,201,189.67011,575.1962746834903,3.008608654826177,201,0.0
663.326794,273,189.775472,661.2277615825603,3.1236287482415923,273,0.0
630.155801,231,190.070242,628.2183186003788,3.193963324740035,231,0.0
591.119026,207,190.150509,589.3615609657984,3.0741488241648556,207,0.0
512.824421,196,190.410159,510.7101214162665,2.5322946227277714,196,0.0
649.191655,226,190.499363,647.0036022701473,3.3840037992801,226,0.0
637.704338,232,190.774581,635.8342462501784,3.2470243301360435,232,0.0
620.475698,207,190.852991,618.4634125461315,3.3069988347584247,207,0.0
570.254204,194,190.925739,568.2123396990062,3.008697483755414,194,0.0
597.749469,217,191.195793,596.019065778465,3.0478680431786564,217,0.0
629.603925,222,191.279576,627.7230346788532,3.2616805407973937,222,0.0
562.85775,201,191.545312,560.693144192896,2.8922522457277404,201,0.0
592.765107,198,191.620194,590.689747839436,3.1566141004373587,198,0.0
655.573905,228,191.707812,653.5654226100942,3.4206476971651845,228,0.0
645.351982,226,191.982942,643.4325305597176,3.3556277851322815,226,0.0
634.051643,226,192.067434,632.1390308449714,3.2651951950859046,226,0.0
585.697656,198,192.329827,583.6567812242984,3.100064878921934,198,0.0
159.061951,284,192.441533,157.28033510364028,-0.9955250302002668,284,0.0
594.409802,191,192.706649,592.2829569438944,3.2248297282610134,191,0.0
638.848686,261,192.808821,636.6315053931526,3.022485660004126,261,0.0
619.141169,210,193.082879,617.0632574552114,3.2719484221215556,210,0.0
660.816237,264,193.185624,658.6476977149018,3.1747059173466585,264,0.0
597.912136,208,193.267004,596.0117047034771,3.1195506105947186,208,0.0
628.773258,216,193.54273,626.7443746122239,3.3016896659601,216,0.0
652.801022,254,193.643769,650.9621760375288,3.1929303158478484,254,0.0
591.932364,228,193.920459,590.3016601265124,2.9147585989309075,228,0.0
619.032381,210,194.002734,617.0525570822933,3.2717863003856,210,0.0
636.030171,220,194.277043,634.0419625358195,3.3282695807321043,220,0.0
596.627779,202,194.358092,594.7364854559564,3.1570871981229853,202,0.0
588.40744,218,194.64183,586.5962918442469,2.964556378173478,218,0.0
549.48657,198,194.720408,547.6387308555285,2.812051783912705,198,0.0
614.159013,208,194.80277,612.2308759702117,3.249336059561916,208,0.0
610.998784,217,195.081863,608.9612207559497,3.1514087690059855,217,0.0
639.156987,227,195.170404,637.2998306015921,3.2986085751749172,227,0.0
625.407659,220,195.444733,623.4415085393528,3.2435190170182335,220,0.0
646.083156,224,195.5368,644.1422790850592,3.377183190373208,224,0.0
602.442354,215,195.620573,600.4889558909993,3.0995663651750043,215,0.0
567.18587,223,195.897024,565.3914107508783,2.755167441541933,223,0.0
634.276505,226,195.987739,632.2501006500343,3.266099936257309,226,0.0
650.020816,222,196.263116,647.9752699118318,3.423801039225592,222,0.0
642.789195,223,196.349471,640.9053893221626,3.35923502153873,223,0.0
598.058291,206,196.620126,596.1983766962021,3.136862705100285,206,0.0
605.73813,204,196.701275,603.6931295796393,3.212648377469628,204,0.0
676.123728,260,196.994744,674.2777198685126,3.331714464517703,260,0.0
593.989729,200,197.072311,591.9972352496936,3.151110730282689,200,0.0
661.895412,243,197.16578,660.0522224747998,3.3532794382225366,243,0.0
627.529429,212,197.442687,625.5839397207272,3.3243658772015188,212,0.0
617.055258,219,197.531136,615.2086663748183,3.185552353022842,219,0.0
609.666705,216,197.806981,607.8004082019108,3.15007720753766,216,0.0
634.398833,225,197.896676,632.3201826284574,3.2745234075067056,225,0.0
652.31685,228,198.185197,650.3792483994424,3.3949743221917448,228,0.0
685.362212,256,198.287273,683.4755520279874,3.436994518834638,256,0.0
631.466268,222,198.377034,629.5157575884923,3.276075918007155,222,0.0
594.023011,211,198.660283,592.1262038705516,3.0646751516268527,211,0.0
631.359425,225,198.755293,629.201674615838,3.2495566989443394,225,0.0
667.682942,240,199.051929,665.7835393669361,3.4230530473973997,240,0.0
634.525824,233,199.145211,632.6091419903385,3.21318115729396,233,0.0
723.682934,284,199.462353,721.8744528773543,3.5214946510552063,284,0.0
612.724685,204,199.54577,610.6676285544867,3.2685228354938256,204,0.0
518.961992,198,199.822296,516.7787637971603,2.565115315454291,198,0.0
580.881673,202,199.904608,578.7856048252615,3.0292966175434697,202,0.0
518.784082,190,199.982045,516.6457471418984,2.6277321949003993,190,0.0
617.316549,222,200.287406,615.2724077720051,3.161969584002511,222,0.0
646.561616,249,200.392219,644.6362486223472,3.181987914509338,249,0.0
637.566033,229,200.684116,635.6136062122712,3.269228373432208,229,0.0
577.297089,211,200.767964,575.3508952018633,2.930312984755871,211,0.0
647.984392,235,201.062442,646.0756097971142,3.305050574792293,235,0.0
666.837899,236,201.159586,664.9805811093179,3.4486090131282725,236,0.0
704.09561,285,201.469622,702.2340045065755,3.3563056352145195,285,0.0
592.892908,207,201.553792,590.8398572225193,3.0860881845374224,207,0.0
689.031154,261,201.853759,687.1718965484773,3.4269994425941346,261,0.0
526.934986,207,201.937106,524.7546187286644,2.5570965342872083,207,0.0
661.1482,236,202.032224,659.2066934582542,3.4021299131736122,236,0.0
672.52819,250,202.35263,670.7277668922609,3.382928069243903,250,0.0
679.655661,253,202.459351,677.8756504809912,3.4162634504774285,253,0.0
607.050881,208,202.74815,604.9137306363335,3.1907066806580984,208,0.0
558.625706,185,202.823408,556.5415062939047,2.9867951688000924,185,0.0
538.431211,199,203.09622,536.3359488712667,2.7136131783187745,199,0.0
577.636639,196,203.173565,575.6359219828211,3.0519874401726295,196,0.0
648.489504,226,203.267193,646.4868676373337,3.3801379724439786,226,0.0
583.133718,223,203.560434,581.1977782547923,2.881486254509894,223,0.0
579.873859,201,203.645621,577.9011871419386,3.030218870708166,201,0.0
603.361028,207,203.927132,601.3470806339492,3.170143928500611,207,0.0
637.862315,224,204.017283,635.8700569149121,3.3107590244285894,224,0.0
556.974767,207,204.101371,554.8213138911559,2.797774413865554,207,0.0
677.307183,250,204.405254,675.4100930832269,3.420418645218526,250,0.0
625.513123,215,204.491772,623.5628653370037,3.2841895742416036,215,0.0
631.488179,222,204.778955,629.5314911541515,3.2762104978760567,222,0.0
647.014913,224,204.869492,644.9486581479941,3.383645609865372,224,0.0
629.048046,219,205.155474,627.0376782904762,3.280174380154095,219,0.0
551.502246,199,205.235412,549.3654628498349,2.8179066157973276,199,0.0
585.898538,207,205.320829,583.6921933726051,3.0287519713413853,207,0.0
637.837075,230,205.612682,635.8235389922844,3.262845078027515,230,0.0
662.020036,238,205.709789,660.1596985402995,3.3939452991761367,238,0.0
564.412272,195,205.986754,562.3099822637117,2.953342792456935,195,0.0
646.160582,223,206.077554,644.1619205197542,3.385282778716451,223,0.0
616.428628,227,206.369969,614.7947031383117,3.118633028751381,227,0.0
628.180225,217,206.458323,626.2225411761175,3.2894939094510653,217,0.0
603.115502,200,206.538741,601.1354670095253,3.2240887083748304,200,0.0
660.520763,251,206.840586,658.7352548540008,3.2790931400492025,251,0.0
502.510947,180,206.913351,500.2586889184243,2.576062067488618,180,0.0
578.341952,210,207.193047,576.0325037219078,2.943670289867732,210,0.0
602.837969,206,207.27621,600.9163788161936,3.1747820989374076,206,0.0
599.572703,211,207.363092,597.5600356749499,3.1079747167630156,211,0.0
632.748572,214,207.655994,630.8133654302619,3.3500793476592228,214,0.0
584.329843,219,207.746849,582.2978696583247,2.922074874525846,219,0.0
619.491747,214,208.034264,617.4711235294242,3.2433687002160636,214,0.0
594.916135,206,208.116486,593.0399442008514,3.111766453728681,206,0.0
591.018524,199,208.396644,588.9948734959556,3.135052317570496,199,0.0
583.794371,196,208.478474,581.9410544439002,3.1024614805808386,196,0.0
571.018415,205,208.564199,568.9855281836097,2.927158345647884,205,0.0
564.741513,200,208.845562,562.7230668455812,2.917013813005002,200,0.0
616.692158,220,208.936809,614.7241360948337,3.1735231560127124,220,0.0
593.100636,204,209.221327,591.0800719535049,3.1118699528605305,204,0.0
652.77343,239,209.320632,650.9621428819484,3.31249772105375,239,0.0
554.798589,191,209.399455,552.7142257801971,2.9084977296072188,191,0.0
560.875166,193,209.674732,558.7383284082865,2.940825655323077,193,0.0
660.03005,250,209.77803,658.3157563198553,3.283657144981035,250,0.0
600.271718,202,210.05871,598.4282670734043,3.1866872886702913,202,0.0
498.374689,198,210.141254,496.1576700379102,2.4002527707077292,198,0.0
616.256976,210,210.228543,614.2234618491403,3.24917047042765,210,0.0
612.895733,215,210.525359,610.8171902766162,3.182211052223435,215,0.0
585.691475,197,210.60739,583.7021416642752,3.1086411895383543,197,0.0
574.173943,196,210.905421,572.1966692279286,3.024393606100386,196,0.0
673.705985,237,211.006964,671.8236711252025,3.4951372897837403,237,0.0
607.901246,208,211.103535,605.8824123035008,3.19864149999083,208,0.0
608.931067,208,211.402029,606.9992203993164,3.20753668046009,208,0.0
570.157089,194,211.483137,568.1080483811015,3.0078316363621806,194,0.0
567.911477,220,211.787917,565.6995677421896,2.781371890451833,220,0.0
583.251637,197,211.872998,581.2911506770122,3.0893441592864233,197,0.0
552.916563,194,211.953691,550.7527261079631,2.8688678692468383,194,0.0
610.724074,211,212.247532,608.6938205856735,3.1971542235925026,211,0.0
617.979601,219,212.342012,616.1278403943245,3.1931647065276882,219,0.0
646.749507,233,212.659727,644.8125865141786,3.3109559947411866,233,0.0
703.773703,288,212.783917,701.7257979937777,3.328372948071507,288,0.0
604.292933,208,213.081237,602.2858630433443,3.169686733446642,208,0.0
579.451106,202,213.165287,577.3508082923923,3.017927400976403,202,0.0
632.682869,208,213.465398,630.8202253674996,3.3980125703751276,208,0.0
641.746074,225,213.56932,639.8180463238541,3.3348143874333545,225,0.0
641.181998,216,213.661753,639.2394882298267,3.4015233875324653,216,0.0
612.782871,209,213.961453,610.7335879993801,3.229401225417063,209,0.0
627.288905,213,214.054969,625.435560061155,3.3152312881082353,213,0.0
651.680094,246,214.369726,649.6056163053428,3.245645093361607,246,0.0
592.838302,207,214.461393,590.8559446657061,3.0862276418831063,207,0.0
623.687635,209,214.759915,621.8072913558369,3.3179082118191983,209,0.0
625.288404,212,214.851804,623.2715913573159,3.3058241967028903,212,0.0
624.379834,216,214.946626,622.4432835006888,3.267356900336811,216,0.0
662.196443,245,215.267297,660.3018936297617,3.339240057162374,245,0.0
576.031547,193,215.350401,573.8837240561772,3.061792658363413,193,0.0
573.196265,201,215.657605,571.1752841156043,2.976592250146956,201,0.0
564.848448,194,215.738927,562.7385661709634,2.9647643675901345,194,0.0
595.579897,199,215.825923,593.4884232070902,3.1710408633138263,199,0.0
583.990406,196,216.121043,581.9117109333608,3.1021967703554614,196,0.0
676.224007,252,216.230601,674.1138295120658,3.39400467778024,252,0.0
641.903345,237,216.551784,639.8610895705763,3.239460872522187,237,0.0
598.357385,202,216.639426,596.3029668729104,3.169536845988447,202,0.0
655.28102,244,216.95592,653.3972487523293,3.2922593238877718,244,0.0
579.179101,196,217.040621,577.164310423058,3.064310188041865,196,0.0
652.181849,225,217.139189,650.2768838200684,3.418413339229275,225,0.0
621.591987,213,217.440285,619.5170347290815,3.267661941605253,213,0.0
635.513792,224,217.541935,633.6703984074695,3.293639580121025,224,0.0
626.984207,208,217.844814,625.0257208479768,3.351717065823053,208,0.0
619.234306,210,217.935654,617.276105480396,3.273766526991592,210,0.0
623.304606,231,218.246511,621.1627200691875,3.1378872564445524,231,0.0
441.476554,162,218.315762,439.52655626758263,2.2337534974939577,162,0.0
617.746193,210,218.415745,615.7494463928671,3.2615331287113376,210,0.0
614.787512,208,218.73441,612.8946285061091,3.2547085806444445,208,0.0
589.220857,208,218.829169,587.2312567348085,3.0491941035305747,208,0.0
625.076147,231,218.931865,623.0091920900368,3.1526531546434233,231,0.0
652.594441,240,219.269203,650.5919998753853,3.3014892138205787,240,0.0
642.58165,222,219.365695,640.6360151309973,3.3653895089344936,222,0.0
579.605277,197,219.661906,577.385038831499,3.057964185460429,197,0.0
597.705011,198,219.748872,595.6767421790346,3.196474877776165,198,0.0
647.504146,227,220.061874,645.4395315256822,3.36362926803318,227,0.0
617.877152,210,220.154133,615.9683561477295,3.263303173699189,210,0.0
663.57664,238,220.258306,661.5182209497716,3.4047567427183894,238,0.0
610.421437,204,220.573374,608.335000506571,3.249992912925532,204,0.0
567.088285,185,220.653723,564.9160973014492,3.0538423630253932,185,0.0
604.748817,214,220.960411,602.9074340085908,3.1270834890514183,214,0.0
606.430803,207,221.050884,604.5124441176148,3.1955222732931063,207,0.0
627.97485,231,221.360127,626.0883517233068,3.177190661490236,231,0.0
612.653104,214,221.454974,610.5095927155882,3.1878184887175105,214,0.0
619.691294,220,221.555106,617.8189098263028,3.198564913795972,220,0.0
606.189669,206,221.857339,604.2539691850834,3.2016633463224853,206,0.0
396.507639,157,221.922602,394.62437212971355,1.9145233677339808,157,0.0
605.353344,199,222.007367,603.2965822406832,3.249538147582314,199,0.0
615.33215,219,222.314909,613.1806944852615,3.169246223502356,219,0.0
583.922405,196,222.399506,581.8605254091027,3.1019189252601436,196,0.0
568.29063,197,222.698776,566.2540203765111,2.969076123989434,197,0.0
607.041269,204,222.786202,605.0626100709097,3.223856200552467,204,0.0
621.226924,202,222.871622,619.2566131461532,3.3533144675576163,202,0.0
622.09085,211,223.178076,620.1372866801963,3.2887661549907556,211,0.0
527.644808,191,223.261478,525.4843706296937,2.6906488976807843,191,0.0
649.098636,222,223.583928,646.9614313250835,3.415897069987064,222,0.0
608.279938,208,223.674932,606.1366425266606,3.200709493220315,208,0.0
616.195896,213,223.768013,614.1641374818813,3.2250524460603076,213,0.0
542.427187,198,224.071026,540.4801704251978,2.7550703210369347,198,0.0
431.327532,186,224.153505,429.5879792119069,1.9633078123533498,186,0.0
488.062014,187,224.44545,485.953668950035,2.4061994131246767,187,0.0
651.142343,236,224.553479,649.1391656317469,3.3218925192078204,236,0.0
698.891384,258,224.883198,697.0779452323928,3.530221692932783,258,0.0
681.044055,268,225.004002,678.9817277460481,3.3056188614328437,268,0.0
661.387224,248,225.325428,659.3263931130197,3.3078052604898054,248,0.0
606.457901,215,225.421449,604.5786591976076,3.132548298467425,215,0.0
614.252583,212,225.509433,612.2429966868143,3.2176124889383164,212,0.0
585.786942,202,225.81205,583.828778610513,3.0699537903988325,202,0.0
622.655037,221,225.909549,620.7821710848756,3.2142895436462333,221,0.0
625.95059,220,226.223061,623.9705724192904,3.2475863165813545,220,0.0
484.660967,190,226.30628,482.6869792146578,2.3562676432272176,190,0.0
630.777784,208,226.399519,628.7933133931332,3.3818377756988354,208,0.0
495.627543,191,226.702279,493.5223724262949,2.4350921449396172,191,0.0
621.239421,228,226.802831,619.2570783087602,3.1463319982525637,228,0.0
656.015755,238,227.125257,654.1277041175324,3.345854724527087,238,0.0
673.944522,245,227.233603,672.0568278534494,3.4335755899624276,245,0.0
695.294867,255,227.577218,693.4182804659466,3.524890693763826,255,0.0
616.375015,226,227.677736,614.5955960330633,3.1251539534481876,226,0.0
642.686246,215,227.985961,640.7596254118657,3.4220341543074237,215,0.0
619.867186,212,228.084089,617.9020849626239,3.2628758426097857,212,0.0
670.457834,244,228.194845,668.4259047725815,3.4123826964161323,244,0.0
604.303147,201,228.500714,602.2605795593432,3.225276446694295,201,0.0
584.668003,198,228.594441,582.6109648567252,3.0920552089105184,198,0.0
651.978999,234,228.920219,649.9888464322662,3.3444814995058803,234,0.0
610.736902,208,229.012849,608.7683735787265,3.2217172806034613,208,0.0
696.943549,291,229.376536,694.905727687339,3.2500570445660553,291,0.0
666.184126,232,229.484123,664.3321142320527,3.4753005351102035,232,0.0
592.16484,197,229.792927,590.20437217238,3.1606498783344095,197,0.0
669.437744,247,229.903374,667.6040255945476,3.3820218946328917,247,0.0
652.387228,221,229.99859,650.3841390420515,3.451131168650888,221,0.0
657.459173,234,230.331032,655.6526247096725,3.3898952916145455,234,0.0
561.765441,204,230.423212,559.721611548152,2.861325436230244,204,0.0
635.973591,232,230.750237,634.073461867751,3.2331671400014206,232,0.0
610.356047,210,230.846163,608.5359238373642,3.2038741574150045,210,0.0
645.603773,234,231.171013,643.582780809098,3.293497348287726,234,0.0
608.254846,214,231.270266,606.2598169211007,3.153884362995763,214,0.0
575.32615,200,231.360524,573.2687479518746,3.0012958356303514,200,0.0
615.754195,223,231.685753,613.873897302108,3.143383995586292,223,0.0
615.848817,224,231.788821,613.8596790087753,3.1350254725632225,224,0.0
599.319908,216,232.11696,597.3940452494807,3.066931140351409,216,0.0
653.529475,229,232.223913,651.5641189612721,3.3969734133113505,229,0.0
658.904478,240,232.556268,656.9555712542167,3.3525234804104254,240,0.0
611.989486,211,232.65156,610.0822683901674,3.2084236261179027,211,0.0
664.031207,256,232.990855,662.1032849217903,3.266480466475262,256,0.0
616.883625,208,233.081029,614.8979762055974,3.2707646158014,208,0.0
608.211734,205,233.17524,606.2542155673191,3.2256225691871157,205,0.0
631.368278,217,233.504184,629.4530904604485,3.3155462998836382,217,0.0
656.954588,239,233.615841,655.0332470922357,3.3452421321213985,239,0.0
539.832703,198,233.926603,537.8808022781554,2.7343670024032156,198,0.0
597.382404,207,234.021101,595.4393757873787,3.12276346897417,207,0.0
639.636525,216,234.124275,637.688472769246,3.389554341339691,216,0.0
602.645721,204,234.447764,600.7895734558217,3.1897613375699954,204,0.0
629.900364,215,234.556388,627.8941858485747,3.3191679297642285,215,0.0
599.602135,213,234.878285,597.597332225517,3.0924653580886132,213,0.0
600.779832,202,234.973943,598.7388593090916,3.1892368234692037,202,0.0
611.222605,203,235.062729,609.2152451795903,3.2650719224185893,203,0.0
625.256685,207,235.378721,623.2797662107452,3.345890327072099,207,0.0
689.601412,264,235.503088,687.7096508462485,3.4075529877491584,264,0.0
582.929645,197,235.816355,580.9183845700568,3.086638863472352,197,0.0
610.64551,214,235.910891,608.6297507921479,3.1729516678935017,214,0.0
651.714811,236,236.27472,649.7143380992995,3.326440670752486,236,0.0
620.542505,214,236.373717,618.5439596927736,3.252356618389122,214,0.0
663.752524,260,236.723887,661.9078508822745,3.233112539369636,260,0.0
587.735799,207,236.818708,585.7869946312295,3.0457828101706856,207,0.0
609.003365,206,236.912741,607.0699347614769,3.224072488563877,206,0.0
631.367983,216,237.237113,629.3751501172151,3.3229927916257265,216,0.0
643.074016,227,237.341426,641.1305263552182,3.329480179315303,227,0.0
636.961525,225,237.673694,634.918300497942,3.2956385556078733,225,0.0
648.902586,229,237.777501,647.0300745499659,3.3606909386469885,229,0.0
657.931149,229,238.11733,656.0456872489291,3.4328864351939297,229,0.0
657.055772,242,238.226892,655.0753602664541,3.321540263203602,242,0.0
678.05354,252,238.565368,676.2026237318651,3.4111440291595714,252,0.0
562.297548,198,238.656145,560.4840603682406,2.915194464321963,198,0.0
579.753262,203,238.748486,577.6845481921773,3.01294045533135,203,0.0
613.720453,213,239.078114,611.8996393813385,3.2069845946050117,213,0.0
601.27354,211,239.177298,599.318765233964,3.1223083828109837,211,0.0
665.263986,242,239.516343,663.4875025857245,3.3891315274655867,242,0.0
626.848861,225,239.622499,624.8137811346686,3.214736818347131,225,0.0
635.137045,223,239.950343,633.2033158772155,3.297994254250821,223,0.0
632.366026,218,240.050837,630.4646010650918,3.3157943533328473,218,0.0
668.679535,248,240.16852,666.8372919103324,3.368110024467266,248,0.0
630.554412,214,240.506311,628.4358286248151,3.3312945798304723,214,0.0
636.643774,216,240.612207,634.6930353447706,3.365529786578867,216,0.0
594.799059,209,240.926401,592.8665478560496,3.086613931231482,209,0.0
694.292941,262,241.04491,692.3755086400954,3.460851953002763,262,0.0
624.832382,210,241.374243,622.8594423886885,3.318504339395491,210,0.0
621.092858,211,241.47146,619.1254306252231,3.280756294476333,211,0.0
611.9855,206,241.569333,610.0712188871771,3.248158387428677,206,0.0
615.86263,221,241.892265,613.8710335340472,3.1593648356552277,221,0.0
658.395371,233,242.000366,656.5842472960243,3.4052145180389286,233,0.0
674.340549,247,242.344479,672.459610572755,3.421039256101246,247,0.0
625.861525,228,242.452533,623.9353767476499,3.1839563926814027,228,0.0
595.060407,218,242.787811,593.1163850915847,3.017016519647269,218,0.0
611.310808,220,242.894357,609.2887833668739,3.1302516670326725,220,0.0
652.703059,236,243.236716,650.7119145380967,3.334680260137976,236,0.0
596.087378,208,243.33271,594.2375076413189,3.105397627413303,208,0.0
631.637022,225,243.435831,629.7667258413328,3.254736752823967,225,0.0
662.690726,241,243.782952,660.7574787244424,3.375085552612126,241,0.0
605.189027,207,243.874972,603.1606174967368,3.184774501917234,207,0.0
652.913421,227,244.195886,650.9338829356633,3.407902148399438,227,0.0
630.513559,217,244.295391,628.5400367122008,3.308205085628745,217,0.0
565.894271,188,244.381203,563.8405115965431,3.0217157667010306,188,0.0
664.554301,234,244.710823,662.625754157718,3.4457622199882474,234,0.0
604.863725,217,244.812035,602.9346776537382,3.103460016000284,217,0.0
657.279317,234,245.168,655.2874584553074,3.3868328149030056,234,0.0
639.803237,225,245.279972,637.7617048433974,3.3184221460159824,225,0.0
677.718948,256,245.622097,675.6443368896109,3.374573507626514,256,0.0
630.523539,226,245.727026,628.5815313543335,3.236844788160103,226,0.0
626.737707,214,246.042018,624.7503837246168,3.3017556981047225,214,0.0
635.836335,223,246.143452,633.9082651286419,3.3035027154043552,223,0.0
688.37272,263,246.492147,686.5209536597918,3.4062097943956706,263,0.0
617.367073,215,246.592271,615.336421965235,3.2186187283710406,215,0.0
636.474324,211,246.68999,634.5345753308034,3.404132204871716,211,0.0
640.585977,223,247.012643,638.686781055032,3.3417621496801724,223,0.0
674.779223,239,247.123314,672.7872772723591,3.4873865539481255,239,0.0
584.02283,206,247.44162,581.8102208255623,3.0217410884384597,206,0.0
587.628982,199,247.539957,585.5801859246237,3.1078930657130828,199,0.0
607.100326,208,247.866662,605.1103013494852,3.1924380712234295,208,0.0
623.529161,227,247.968479,621.5675218319703,3.172903519325106,227,0.0
643.927712,225,248.073519,641.9714069415098,3.352070837508686,225,0.0
645.23875,228,248.40562,643.2217830641385,3.3382833097489226,228,0.0
594.420864,200,248.497974,592.3757548080656,3.1543125757676664,200,0.0
606.779475,202,248.817354,604.8545430911163,3.2381540202635644,202,0.0
612.503319,210,248.91568,610.5238679602837,3.219890747034626,210,0.0
667.371142,229,249.028331,665.5148592071386,3.5086591607792403,229,0.0
676.59759,240,249.371002,674.5698236735449,3.493573556021533,240,0.0
648.717985,220,249.473286,646.7722149469772,3.430288134868721,220,0.0
646.993722,229,249.814487,645.0123420044216,3.344703710965549,229,0.0
628.648098,209,249.913641,626.716931332932,3.357507302195616,209,0.0
630.37242,212,250.239557,628.3831989146079,3.3469889373222435,212,0.0
616.70432,215,250.337665,614.7409170302002,3.2138999185632136,215,0.0
629.011287,226,250.679518,626.89289039755,3.223662843892147,226,0.0
685.885837,239,250.789103,683.9645613790656,3.5767042778508165,239,0.0
628.720444,216,250.888318,626.655996444255,3.3012925858485827,216,0.0
657.372982,225,251.233022,655.3971114425435,3.4595891945913286,225,0.0
669.505927,235,251.342335,667.5670843967896,3.477331131611546,235,0.0
639.209309,223,251.67276,637.2294291832952,3.330019880587239,223,0.0
651.687678,232,251.784892,649.7865600739104,3.3589158550254723,232,0.0
655.238013,249,252.127931,653.1300451975187,3.2503944370063858,249,0.0
627.22124,218,252.232626,625.2883444178724,3.274531269533086,218,0.0
658.315935,223,252.563384,656.4538116713226,3.4839044458947552,223,0.0
642.599139,218,252.665211,640.5903612827896,3.3969707616463385,218,0.0
642.510144,232,252.774161,640.5708588859849,3.285330806327865,232,0.0
669.300693,229,253.124978,667.3559107343757,3.5235483556453864,229,0.0
682.922104,248,253.235611,680.9916803853919,3.4812857184137096,248,0.0
650.819349,222,253.569893,649.0172177640335,3.43237050716753,222,0.0
643.085517,219,253.671026,641.112704245296,3.3930263044045623,219,0.0
609.821836,208,253.991066,607.6874250766791,3.2132116331053684,208,0.0
689.998408,249,254.109857,688.0625587074776,3.5299355099894036,249,0.0
653.403816,226,254.448022,651.483565301791,3.420341250264408,226,0.0
627.452342,218,254.548509,625.4815038713318,3.2759613881693537,218,0.0
666.987423,244,254.662914,665.3134843026855,3.3877173586224103,244,0.0
602.403753,201,254.979808,600.3301268787743,3.209953384548179,201,0.0
277.995549,117,255.032967,275.8318661112107,1.282661408758351,117,0.0
620.031907,215,255.132384,618.0483003706034,3.2403993895205248,215,0.0
662.340644,226,255.470855,660.4478786144831,3.4919802319375512,226,0.0
691.371745,249,255.584147,689.5431891306379,3.5418761454627514,249,0.0
629.018953,213,255.910198,626.9908126956723,3.327896909982662,213,0.0
633.761883,220,256.011655,631.8910867566887,3.3113701891971306,220,0.0
627.725079,208,256.335442,625.703957220149,3.3571103124121655,208,0.0
593.813937,199,256.426184,591.7465181533754,3.1572639497613855,199,0.0
703.574324,256,256.76997,701.6641742171033,3.583113420839058,256,0.0
650.017031,220,256.86902,648.0166847087519,3.4402442106053837,220,0.0
662.314823,227,256.975803,660.4244734151339,3.4837512453990476,227,0.0
637.905536,217,257.324124,635.9987710149195,3.3680767260534155,217,0.0
618.198941,210,257.422147,616.0695607315787,3.2641569622759086,210,0.0
623.41246,208,257.743674,621.5031884654322,3.323661273562823,208,0.0
637.070819,216,257.844287,635.1699887596527,3.3694589450548347,216,0.0
638.625687,215,258.168564,636.6315692290154,3.3889970558225753,215,0.0
676.070829,268,258.29539,674.1559549790633,3.267482122203757,268,0.0
620.65782,211,258.39219,618.6876303893906,3.277121646615992,211,0.0
646.468913,226,258.747146,644.418212116951,3.363689758252529,226,0.0
626.305631,215,258.845531,624.3386155018486,3.2906739802218183,215,0.0
612.724865,204,259.171078,610.7943532204031,3.269967405021383,204,0.0
637.945337,219,259.262766,636.0644168431495,3.3524865986660832,219,0.0
603.460245,223,259.589424,601.410131946471,3.0435974541420805,223,0.0
655.525041,220,259.690779,653.6456281725834,3.485145838319547,220,0.0
648.69494,222,259.791406,646.6965574177401,3.413811116613415,222,0.0
654.974696,232,260.127527,653.0843741346121,3.385357621866812,232,0.0
682.337664,245,260.244601,680.2684047362457,3.4992540527903793,245,0.0
630.475559,227,260.581608,628.4652086228919,3.228118628122169,227,0.0
633.9959,213,260.682042,631.9931841616057,3.367895551731816,213,0.0
649.746642,220,261.003691,647.7443898824516,3.4380967661405015,220,0.0
636.322176,223,261.106046,634.1588218762059,3.305456465861192,223,0.0
654.544527,228,261.435679,652.6206722851559,3.413590286685672,228,0.0
645.674296,236,261.545091,643.7326818402692,3.278873111179709,236,0.0
629.945457,209,261.642365,628.0181136962746,3.3678967805450943,209,0.0
634.81203,208,261.965618,632.7948292440832,3.414090545895959,208,0.0
640.913574,220,262.07122,639.1168181913148,3.3690378078562695,220,0.0
637.178614,222,262.407663,635.1469612969912,3.321385576368041,222,0.0
660.798964,225,262.518246,658.9155946652162,3.4875836990615285,225,0.0
639.848976,217,262.846566,637.9644207201741,3.3837812572666146,217,0.0
613.314092,205,262.941514,611.2772842286719,3.265819805605974,205,0.0
609.560361,201,263.044943,607.5983346267418,3.2682190635398434,201,0.0
622.317182,216,263.385942,620.3717402314647,3.250888567379208,216,0.0
582.112905,210,263.479301,579.9467688285914,2.9751642801830034,210,0.0
642.49897,240,263.816891,640.6011612647362,3.221802075845499,240,0.0
612.547245,205,263.912063,610.599267743238,3.260282209764712,205,0.0
633.339076,220,264.01235,631.3467386741331,3.3069589596887297,220,0.0
627.424694,212,264.333982,625.4768808165974,3.323639618965565,212,0.0
651.819531,226,264.440383,649.9021728964267,3.4076487213624427,226,0.0
639.458056,213,264.760363,637.5924530259296,3.4125894543859827,213,0.0
659.958596,229,264.863046,658.1254731890807,3.449699731434927,229,0.0
684.490957,243,265.203369,682.6721901324237,3.534534237279472,243,0.0
666.615201,233,265.313253,664.7114807891311,3.4703674955424852,233,0.0
655.284871,229,265.647346,653.3151357782099,3.4109643897399526,229,0.0
639.199636,219,265.748386,637.2286617977956,3.3617330646847865,219,0.0
596.818195,206,265.842577,594.74190441285,3.125406823427322,206,0.0
671.117838,234,266.175135,669.2469280648324,3.4987009693848323,234,0.0
610.825855,203,266.26748,608.8791323192711,3.262504000821386,203,0.0
670.267815,240,266.605177,668.4690586325515,3.4449648260245374,240,0.0
636.22765,215,266.703186,634.3688847967549,3.371088664772089,215,0.0
630.382176,222,267.02022,628.3619137696526,3.267016858465282,222,0.0
644.26072,225,267.122982,642.2590698856299,3.35438698128547,225,0.0
618.590221,217,267.221087,616.6177128209864,3.212776549660522,217,0.0
653.884925,220,267.562218,651.9236262263142,3.47157238411763,220,0.0
634.597185,211,267.66054,632.6188837831645,3.3886612346316074,211,0.0
643.084398,218,267.985841,641.0370544401463,3.4005232342232055,218,0.0
486.398501,202,268.080896,484.1473827304965,2.2724997922814945,202,0.0
617.273183,203,268.171546,615.3660539632978,3.3144804205371736,203,0.0
688.78449,257,268.513999,686.9440387576589,3.457385546163288,257,0.0
607.253287,215,268.613617,605.3403050522782,3.1386610649026916,215,0.0
620.303705,206,268.929111,618.3659294905319,3.3146018237610857,206,0.0
608.727521,215,269.022708,606.9510322731404,3.151372902521078,215,0.0
627.784237,211,269.342296,625.8574936672902,3.3346446536081653,211,0.0
621.690901,203,269.433836,619.740341503119,3.3493419849169777,203,0.0
630.378859,214,269.533619,628.4842185909962,3.3318414526347846,214,0.0
648.930547,221,269.856911,647.0224710615516,3.4244420607620305,221,0.0
609.441191,205,269.946961,607.3691454583055,3.234389984385835,205,0.0
638.286065,222,270.271022,636.2182542208214,3.3299997022182555,222,0.0
699.205406,257,270.390684,697.2891654572322,3.540049203586662,257,0.0
640.997771,219,270.710381,639.1531832267892,3.377612839438687,219,0.0
636.28976,218,270.806914,634.4916624860805,3.348212786868935,218,0.0
638.999355,222,271.12769,636.9817596217532,3.3359736543893135,222,0.0
670.774969,237,271.236044,668.9579688234536,3.4727690642621765,237,0.0
606.758352,216,271.333157,604.8725573641228,3.1269702418899006,216,0.0
612.976313,203,271.646003,610.9423379256403,3.2791799220729705,203,0.0
627.460392,214,271.740976,625.4558810128037,3.307637259639538,214,0.0
658.207239,220,272.058305,656.3420760358249,3.5071151185261296,220,0.0
655.448726,234,272.162714,653.4686057336238,3.3726350247517813,234,0.0
642.195258,215,272.487949,640.3410340867381,3.4188999942277754,215,0.0
656.619178,225,272.591654,654.7067563019962,3.454036669940342,225,0.0
685.050489,238,272.702229,683.2069183910041,3.5786974839648313,238,0.0
656.623026,235,273.034871,654.6737536461189,3.374315695521688,235,0.0
662.274862,224,273.13987,660.4539913775048,3.508210182041021,224,0.0
592.369512,200,273.4671,590.3446799835585,3.138169838859642,200,0.0
628.452137,214,273.565121,626.4235096536449,3.315330134995182,214,0.0
652.929092,221,273.889291,651.0745655235834,3.4568883388251037,221,0.0
684.651915,245,274.002459,682.8006341719127,3.519762183111956,245,0.0
639.856867,218,274.104213,637.8089813463378,3.3746886640192866,218,0.0
642.993864,214,274.432403,641.0334778810698,3.4323577923222155,214,0.0
671.555287,229,274.544994,669.6730838459424,3.542151884058094,229,0.0
636.731741,212,274.882354,634.7373991501594,3.397823055110936,212,0.0
684.119334,238,274.992514,682.2340680920804,3.570998538626401,238,0.0
618.337284,213,275.3168,616.5083741091194,3.2439690292883707,213,0.0
626.471179,220,275.415444,624.6315338806944,3.2533926336968273,220,0.0
633.991717,213,275.521696,632.0431486235022,3.368375308379178,213,0.0
579.008711,207,275.84545,576.9033044662639,2.9747627253438056,207,0.0
659.993457,225,275.950253,658.0996601806568,3.48131520001336,225,0.0
709.23993,255,276.295619,707.5049416924726,3.638011962757548,255,0.0
671.305148,230,276.398692,669.4664415714574,3.532624219268385,230,0.0
626.367156,212,276.705802,624.4027269142699,3.3151791125144956,212,0.0
712.377423,264,276.823339,710.6624951506703,3.5915463024105647,264,0.0
628.770942,209,277.127776,626.8367784917347,3.3585782184246837,209,0.0
638.549322,214,277.224601,636.5757899275787,3.3965314262198616,214,0.0
650.913002,221,277.320588,649.0697012692953,3.4408931568807217,221,0.0
641.002176,214,277.635742,639.0178978168311,3.4162218341789368,214,0.0
666.231279,237,277.739059,664.393754634626,3.4361579459055616,237,0.0
664.965862,238,278.053701,663.1211580135576,3.418164543731844,238,0.0
660.475918,231,278.156619,658.5857010495346,3.437353892434355,231,0.0
615.157467,209,278.464311,613.2090480302712,3.2494332072852337,209,0.0
612.115659,206,278.554692,610.1584464377321,3.2488622298952703,206,0.0
594.35675,202,278.644662,592.399448722492,3.1387612946043375,202,0.0
673.239819,230,278.956877,671.3956747902371,3.5479286690147966,230,0.0
577.648093,202,279.044435,575.742321302612,3.005384936807383,202,0.0
650.519886,223,279.365034,648.6724475677368,3.4217753560667954,223,0.0
640.424045,214,279.457685,638.4641932428489,3.4116086743866263,214,0.0
726.861021,275,279.796521,725.1670614084463,3.619976572542827,275,0.0
704.251676,249,279.907791,702.4381013619395,3.645160034698182,249,0.0
613.648328,202,280.204649,611.6064644656265,3.2923291572519657,202,0.0
672.30958,235,280.308958,670.495137363317,3.5009469025721267,235,0.0
623.580255,214,280.406243,621.6620494335249,3.277237634389335,214,0.0
981.150172,357,280.785381,978.8057031226443,4.995828056911081,357,0.0
669.260855,226,281.095239,667.3015168994116,3.5470669768437086,226,0.0
568.465741,198,281.180915,566.3756036456551,2.962402919695427,198,0.0
728.317348,287,281.524307,726.3896459916352,3.534069941429588,287,0.0
640.270337,216,281.615494,638.2923433447544,3.3943079660086397,216,0.0
636.938835,213,281.707274,634.9580846219901,3.3914962911982993,213,0.0
629.521724,219,282.011663,627.5265610367475,3.284316734789271,219,0.0
726.062241,286,282.137588,723.9244252704528,3.5222210627015524,286,0.0
700.183862,246,282.456162,698.3163819229048,3.6361018520573563,246,0.0
710.814654,265,282.5755,708.8528488599991,3.568883580902825,265,0.0
616.306745,207,282.879816,614.1989469634424,3.273064237428126,207,0.0
651.238536,223,282.974749,649.3624825097882,3.42733843491024,223,0.0
654.934023,225,283.27837,653.1178075000615,3.4415229066870894,225,0.0
661.059963,224,283.374734,659.2741921025367,3.498443586949665,224,0.0
694.211484,247,283.69157,692.4314978254315,3.580830109439835,247,0.0
657.256497,229,283.78922,655.2826609972316,3.4266674624978823,229,0.0
683.278489,235,283.886821,681.3716737136298,3.5877471951615503,235,0.0
670.620786,227,284.190285,668.6690183810613,3.549780074368381,227,0.0
640.154854,220,284.283853,638.2957821851547,3.3625830565262205,220,0.0
620.106299,213,284.590469,618.0701757623185,3.2563073656831527,213,0.0
585.86436,210,284.678716,583.6870623012817,3.0050667150119716,210,0.0
648.737305,227,284.982442,646.9722855167153,3.376333263111612,227,0.0
658.512511,223,285.079497,656.4616573798097,3.4837157749780268,223,0.0
657.810119,224,285.175459,655.9126638456282,3.4716424538739297,224,0.0
616.441196,211,285.471121,614.4757666465849,3.2436482646234546,211,0.0
584.265928,198,285.558464,582.2526718401725,3.089268924761865,198,0.0
638.549449,216,285.854734,636.6234657926057,3.3811137668684412,216,0.0
668.057129,226,285.953433,666.1499582282794,3.5377488752924355,226,0.0
607.601345,200,286.24662,605.6162089408746,3.2604308598294085,200,0.0
669.562948,228,286.343867,667.5762190650347,3.5333364167439867,228,0.0
683.929606,240,286.447856,681.9712844324316,3.552894884797573,240,0.0
624.192556,202,286.752379,622.1482673794051,3.376643616798537,202,0.0
664.272207,232,286.853834,662.3921339865897,3.4598909975887318,232,0.0
588.808544,198,287.14628,586.724039513236,3.125110234651453,198,0.0
694.003641,248,287.252225,692.0755236627696,3.5700363331077067,248,0.0
642.48213,215,287.55242,640.6675823878365,3.4215369051269127,215,0.0
673.336394,234,287.652363,671.2548757968807,3.5147251933471213,234,0.0
682.419272,234,287.750275,680.5648100376362,3.589458979750235,234,0.0
665.22046,239,288.062153,663.1425603424174,3.409965892703065,239,0.0
653.386171,220,288.156036,651.5523160024201,3.4687188479703894,220,0.0
655.709194,220,288.473825,653.8167693149846,3.4866632190798112,220,0.0
667.525391,231,288.578981,665.596921453616,3.493440809683056,231,0.0
610.786794,206,288.893735,608.7483543992731,3.2374550370065416,206,0.0
673.575866,232,288.998181,671.4156802513883,3.5320329269250954,232,0.0
638.227906,207,289.306917,636.2550349581036,3.449748876760515,207,0.0
690.086249,243,289.423442,688.2594600436902,3.5794301170599945,243,0.0
631.763673,209,289.524544,629.8310934795501,3.3823732633601633,209,0.0
626.223341,209,289.825481,624.2884360250414,3.338046376400704,209,0.0
641.957494,221,289.922276,640.0584660773062,3.3687083027864886,221,0.0
630.589351,204,290.222439,628.5690405277163,3.4121967026715008,204,0.0
653.203278,225,290.317819,651.2420971319817,3.4263547051182353,225,0.0
644.612859,214,290.41119,642.6527653514745,3.4452083616974676,214,0.0
642.556286,218,290.71894,640.667515197699,3.3975606789452977,218,0.0
628.013407,213,290.808442,626.0611191431385,3.3204883339264226,213,0.0
654.080425,221,291.111301,652.1248231438758,3.465380939221437,221,0.0
623.407124,204,291.199964,621.4364697970799,3.355084120713453,204,0.0
665.531848,231,291.514752,663.6289368220608,3.4778620600104375,231,0.0
671.227047,243,291.618346,669.2801367065618,3.4274654557948785,243,0.0
635.707668,212,291.915463,633.7960452881612,3.390304674915576,212,0.0
651.264403,217,292.005543,649.3821642605606,3.475265010411495,217,0.0
640.74107,223,292.102575,638.6404164627908,3.3415904478030387,223,0.0
683.967699,252,292.428582,682.002724545238,3.4576607710713385,252,0.0
685.384369,238,292.534164,683.6050213664925,3.5819808249081775,238,0.0
641.79273,218,292.836278,639.7234016992502,3.389733043623435,218,0.0
644.641605,217,292.927163,642.6342791710686,3.421312743712726,217,0.0
728.144537,294,293.268123,726.1365293039316,3.4765397638889626,294,0.0
619.301432,207,293.355653,617.2408111934058,3.2976756720350844,207,0.0
625.156665,211,293.655826,623.1072330794751,3.312601370927685,211,0.0
585.215016,202,293.74224,583.2051035874107,3.065082771663034,202,0.0
710.885449,254,293.853096,709.0669932452654,3.658579651529841,254,0.0
648.064274,228,294.183308,646.1465840319944,3.3620444519455215,228,0.0
665.622043,236,294.289945,663.7304522314921,3.4389028297225916,236,0.0
667.219599,233,294.651525,665.1782910834402,3.4741998908064207,233,0.0
670.945193,227,294.76185,668.9356581257824,3.5520602288385352,227,0.0
491.96935,203,295.089117,489.8251303677031,2.3100721324816718,203,0.0
680.024144,243,295.211089,677.9074552832436,3.496465369031045,243,0.0
623.118058,207,295.551045,621.2332017975256,3.329799746898452,207,0.0
651.489693,222,295.659461,649.6022151852642,3.4373282382970003,222,0.0
695.233736,244,295.773622,693.3614662707155,3.612356289308203,244,0.0
649.445028,218,296.103384,647.4409696658907,3.4516982862959193,218,0.0
625.581763,209,296.19837,623.463476914394,3.331491937079977,209,0.0
656.268364,224,296.542473,654.1958333263838,3.457975290177921,224,0.0
668.576318,230,296.654346,666.6741156963963,3.5101795339356037,230,0.0
681.156067,234,296.995495,679.1834716864705,3.578440495153207,234,0.0
647.178123,230,297.10546,645.3669214752232,3.3395928289094634,230,0.0
703.283618,257,297.458412,701.2927445784505,3.5722489433093494,257,0.0
654.077361,228,297.575361,652.1582061739269,3.4099022937455015,228,0.0
702.644435,258,297.917577,700.733018543647,3.5599805109339298,258,0.0
680.312965,233,298.027863,678.3394440611709,3.5795869531520617,233,0.0
573.531967,209,298.124839,571.348980378398,2.914453112630485,209,0.0
652.672187,232,298.461575,650.5799004633093,3.3653099788433867,232,0.0
672.861276,238,298.572216,670.9283782650459,3.4807025327397323,238,0.0
681.374688,244,298.911416,679.540007402805,3.5017564686120406,244,0.0
650.994991,220,299.012763,648.9824479865877,3.448238493370664,220,0.0
643.270169,210,299.3277,641.2893065412943,3.466278395793173,210,0.0
651.468885,217,299.429698,649.5865816972004,3.476950488088483,217,0.0
675.475805,226,299.532999,673.4666902992311,3.5962894124399107,226,0.0
674.914177,241,299.866818,673.0410119547298,3.4735426439061943,241,0.0
609.879333,206,299.954416,607.8697041156771,3.2306510710046212,206,0.0
591.22072,200,300.233901,589.3799211230574,3.1305953158356092,200,0.0
671.408406,229,300.33069,669.3400684717847,3.5395272851189947,229,0.0
655.471609,233,300.629693,653.4451134663533,3.3802654431769543,233,0.0
709.125807,253,300.734671,707.2673498449217,3.6521826972449762,253,0.0
575.941665,196,301.017173,573.7747750784696,3.037294457303888,196,0.0
661.330058,219,301.108809,659.5012725325619,3.5402711179409856,219,0.0
627.630554,210,301.198071,625.6658464673862,3.3410707557249495,210,0.0
651.058733,227,301.496682,648.9984751519529,3.3925473782988385,227,0.0
669.524166,231,301.595291,667.6012977451719,3.5096681162457384,231,0.0
662.879739,224,301.895366,660.9645823758689,3.5122810693190547,224,0.0
605.481266,226,301.991449,603.6409352673126,3.0378457925896365,226,0.0
647.197679,216,302.287481,645.1568450075818,3.449368829303618,216,0.0
654.575162,222,302.37854,652.6160819515762,3.4614039799117946,222,0.0
671.500179,225,302.475219,669.6203845657719,3.573485739177897,225,0.0
644.42867,223,302.778851,642.4434382057735,3.3719482060830974,223,0.0
706.226096,249,302.882067,704.2848806439202,3.6599937838183734,249,0.0
540.586961,197,303.168011,538.4546838704681,2.747042369569985,197,0.0
647.801125,220,303.260881,645.8431300938717,3.422998426639387,220,0.0
653.853227,221,303.563815,651.9052385869121,3.463471679983409,221,0.0
644.857753,219,303.655671,642.8631922124588,3.4072645909146826,219,0.0
691.846128,247,303.963511,689.9656873236053,3.561227050997403,247,0.0
669.370687,233,304.060911,667.4786682020209,3.4927883791836267,233,0.0
627.534416,205,304.14671,625.4495757947616,3.3792818066730654,205,0.0
600.259558,204,304.436524,597.9707461880935,3.1669441594361816,204,0.0
639.129578,224,304.539232,637.1694259017512,3.3218065973159243,224,0.0
671.714151,229,304.851506,669.84011749066,3.5433248754147115,229,0.0
644.491619,214,304.949354,642.5613050875753,3.4444389186896647,214,0.0
622.169589,227,305.255985,620.0611191475296,3.160822031510621,227,0.0
646.18527,215,305.344393,644.2628452223086,3.450059813145032,215,0.0
526.563639,190,305.423371,524.3830612260537,2.68996120434304,190,0.0
699.954998,259,305.744444,697.9191746355556,3.5292121883109644,259,0.0
609.456757,209,305.832236,607.2728151332233,3.20185091426046,209,0.0
652.682993,220,306.134316,650.7322057386964,3.462288163903437,220,0.0
658.316057,222,306.229948,656.305811318506,3.490633296756499,222,0.0
680.082071,229,306.533155,678.2202353370188,3.6105863225067383,229,0.0
675.239878,228,306.630622,673.2264084294852,3.578141029116096,228,0.0
678.499423,248,306.736932,676.5376372350453,3.4457962979257717,248,0.0
666.927539,221,307.035475,665.0570362681414,3.5688959274466225,221,0.0
624.861903,209,307.123915,622.8351012607557,3.326499932545788,209,0.0
631.964022,212,307.413231,629.8611976625052,3.3586401374029977,212,0.0
633.718805,210,307.504355,631.8048466731317,3.3904009169272955,210,0.0
641.11551,216,307.798241,639.120236830533,3.4009772073960205,216,0.0
636.560209,219,307.891538,634.6036487708458,3.341317288119448,219,0.0
675.004797,240,307.992625,673.1197040293284,3.482244427575108,240,0.0
695.703202,243,308.304696,693.7030336788035,3.6227198582784212,243,0.0
630.43962,207,308.390815,628.4815453814851,3.387579204309767,207,0.0
702.350419,247,308.697461,700.3758824880065,3.6443758372024218,247,0.0
636.370772,211,308.785217,634.3562507003845,3.4027080138490136,211,0.0
674.248565,224,309.082025,672.2186949011256,3.6022792768480896,224,0.0
657.738469,232,309.183784,655.9052843228226,3.408013504745634,232,0.0
612.860102,200,309.26818,610.8080359156158,3.3020075106035227,200,0.0
636.826998,215,309.580725,634.8466283205848,3.3747773224735265,215,0.0
689.410187,246,309.685843,687.5484456933864,3.549595328403129,246,0.0
655.08705,223,309.988347,653.0176696422521,3.456372245189929,223,0.0
602.23753,206,310.074465,600.1114893013105,3.1686821148618725,206,0.0
633.370698,229,310.376301,631.3666690870214,3.2355057347234535,229,0.0
656.698037,220,310.48676,654.6862407878702,3.4936934764815217,220,0.0
680.943093,233,310.816878,678.9663114741574,3.5844718095823294,233,0.0
676.261831,238,310.914105,674.0809749851584,3.505349398557186,238,0.0
640.922719,217,311.004752,638.9287557259007,3.3914557689814164,217,0.0
612.716806,206,311.299829,610.7689877379711,3.253940840820058,206,0.0
640.360528,212,311.390635,638.3129565153152,3.4264093925102577,212,0.0
660.226007,225,311.693012,658.2253601428255,3.4820935007734377,225,0.0
627.096635,216,311.783671,624.9852892380032,3.2877623478794953,216,0.0
610.366458,208,312.074756,608.4388619616981,3.219285554911853,208,0.0
624.261874,212,312.163338,622.2034748934385,3.2975250350858554,212,0.0
672.298563,227,312.260597,670.3500386111318,3.5634567422282846,227,0.0
620.394149,209,312.559335,618.5116873478888,3.29212832015559,209,0.0
722.30152,263,312.674153,720.5851584690872,3.678919716165785,263,0.0
607.165095,205,312.965743,604.9410923692079,3.215027698707325,205,0.0
702.829381,248,313.070495,700.9062934611167,3.6407683873857812,248,0.0
680.626846,230,313.371033,678.7220332706947,3.6063383023631874,230,0.0
712.720498,267,313.483745,710.7415311683641,3.5680899589696686,267,0.0
655.468963,215,313.776194,653.5038639872266,3.524157913118171,215,0.0
677.164147,231,313.874057,675.0690674746211,3.5694175869603,231,0.0
602.02995,203,313.960931,599.9588796792743,3.191259301171231,203,0.0
748.649598,292,314.288122,746.5968798220567,3.6560298283190926,292,0.0
709.690711,248,314.393478,707.8498716799,3.6963246497325004,248,0.0
644.119176,215,314.697586,642.2033580892113,3.433648365483695,215,0.0
669.971089,230,314.79717,668.2056051350457,3.5225399227196554,230,0.0
641.865577,214,315.088973,639.8336908753918,3.422666696373896,214,0.0
658.180348,220,315.178808,656.266922506688,3.5064150574538706,220,0.0
646.349393,214,315.470962,644.3897860696544,3.4590205484453613,214,0.0
639.106826,215,315.56068,637.2508116921529,3.3942150687915325,215,0.0
649.512251,215,315.651989,647.6429110587075,3.4771455789718497,215,0.0
697.234691,245,315.958269,695.3183732094304,3.619809107399408,245,0.0
671.77361,233,316.057381,669.8727648273981,3.511800098992464,233,0.0
551.880255,215,316.353147,549.7562901389138,2.6940392522829057,215,0.0
608.246394,202,316.435907,606.2187848968326,3.2492921118806186,202,0.0
610.107216,202,316.732286,607.9974213545332,3.2635061814320316,202,0.0
591.274702,190,316.81212,589.3395927962673,3.209909701168397,190,0.0
599.871775,203,316.89593,597.8869879250375,3.1746166786551133,203,0.0
687.48982,243,317.230669,685.6539567610533,3.558401774672275,243,0.0
712.447957,269,317.345422,710.2679998545811,3.5483682183246286,269,0.0
727.622955,276,317.670458,725.6829586259646,3.6159276157338893,276,0.0
625.664508,222,317.765478,623.6312073757334,3.229071324793191,222,0.0
612.700792,215,318.059081,610.646341217136,3.181413678272916,215,0.0
669.187988,227,318.155764,667.2412195816611,3.5387517660733137,227,0.0
693.002823,240,318.460322,690.9961212229119,3.6249951704782593,240,0.0
655.628261,226,318.56236,653.5151274020051,3.4365517833286607,226,0.0
668.178245,229,318.865403,666.3242555435054,3.515405948005434,229,0.0
662.550714,223,318.959945,660.6395129707594,3.517574549823588,223,0.0
598.270231,218,319.060124,596.2164889469028,3.041839369559462,218,0.0
725.844241,272,319.380838,724.030895277826,3.6346130665482264,272,0.0
653.127612,217,319.473249,651.2115859374196,3.489722041294928,217,0.0
642.326271,214,319.776478,640.2852376228838,3.4261555656155087,214,0.0
674.669202,237,319.875681,672.829833239956,3.5036921166754205,237,0.0
666.16812,218,320.172101,664.1632369732253,3.5855092043755583,218,0.0
661.254482,224,320.26591,659.3903479405631,3.4997349756886824,224,0.0
648.620088,214,320.560831,646.6296630346227,3.4768246702816437,214,0.0
645.228336,214,320.654245,643.2954250689695,3.4503463737808966,214,0.0
643.943792,215,320.743044,642.0623465988123,3.432379422128976,215,0.0
681.669728,233,321.048844,679.7935571551242,3.591410808676416,233,0.0
637.811687,217,321.142466,635.6968071295349,3.3656638797716645,217,0.0
688.99008,239,321.449066,687.1275707398574,3.6021229048904293,239,0.0
657.22978,216,321.545605,655.3240147033296,3.5306201731361884,216,0.0
671.129466,230,321.846642,669.1343634301326,3.5296141729842825,230,0.0
628.540674,206,321.934934,626.6222109757964,3.380734926553923,206,0.0
681.795243,233,322.032529,679.7506863579079,3.5908362138863006,233,0.0
619.549732,208,322.329085,617.5755370948615,3.292235482701223,208,0.0
673.358672,227,322.423461,671.574378094779,3.573321673022795,227,0.0
651.217156,222,322.727952,649.2240194236587,3.433926537221824,222,0.0
645.961929,228,322.82779,643.9743230616141,3.3442539688914468,228,0.0
690.357662,236,323.174199,688.4899529299653,3.6368851813129766,236,0.0
626.213859,206,323.268378,624.1899060851733,3.3612991063634543,206,0.0
550.00504,187,323.371664,548.1001112846748,2.9038312365070684,187,0.0
623.921537,196,323.699812,621.9285038184388,3.4227998257324206,196,0.0
681.537665,250,323.820895,679.4854117646797,3.453091755426292,250,0.0
654.984785,216,324.158888,653.0533633544856,3.5125512175100324,216,0.0
657.276245,223,324.256409,655.3797887917033,3.4755512852906296,223,0.0
617.541279,209,324.569666,615.5501920408839,3.268037957599603,209,0.0
668.278926,226,324.677138,666.2367959230897,3.5384126275191004,226,0.0
679.863891,230,324.786898,677.9490208318026,3.6003623147156376,230,0.0
636.354157,212,325.135244,634.4640543229912,3.395720673033621,212,0.0
630.405069,206,325.238111,628.4721317211215,3.3954342128720496,206,0.0
659.424653,218,325.620168,657.6145684610534,3.5332679055461242,218,0.0
649.920279,219,325.738535,647.9429917578528,3.447742524585456,219,0.0
613.611441,202,326.131083,611.4983216792301,3.2913937368135544,202,0.0
641.427059,216,326.257647,639.4548345846624,3.4035721544850857,216,0.0
725.734465,261,326.419583,723.7793504846063,3.72017885707972,261,0.0
661.594494,223,326.808575,659.649788528523,3.5095375029134033,223,0.0
639.993022,214,326.922527,638.0425467633495,3.40837924041252,214,0.0
613.749694,204,327.317727,611.51928947225,3.275815051917863,204,0.0
620.011197,209,327.441651,618.1391570434602,3.2889375703850177,209,0.0
635.951456,215,327.854474,634.044129924368,3.3684097101957287,215,0.0
821.900165,275,328.020117,819.5821541740122,4.374441009052304,275,0.0
626.135995,207,328.144137,624.3158365495296,3.3542748265473357,207,0.0
570.813259,206,328.571523,568.6519937537921,2.916830793542288,206,0.0
631.151852,208,328.699354,629.0443342069046,3.384254213345701,208,0.0
617.767027,204,329.137872,615.9062925155542,3.3108751968488384,204,0.0
537.189692,187,329.247338,535.373257108757,2.801978599036321,187,0.0
613.945145,205,329.360218,611.8692316297664,3.2705390501962883,205,0.0
620.97809,224,329.824238,619.1327896588007,3.177459857973824,224,0.0
412.535128,161,329.928074,410.6309957143223,2.0108697210046107,161,0.0
715.161342,259,330.449011,713.2365537117239,3.651745999093355,259,0.0
707.834188,277,330.675119,705.8613430384098,3.4495773643806715,277,0.0
715.631039,261,331.195613,713.9024982110864,3.6413780359706163,261,0.0
661.108657,221,331.344468,659.1868523845576,3.521754744557393,221,0.0
631.724441,206,331.784559,629.7856653461515,3.405926956124271,206,0.0
584.396834,212,331.915901,582.1649154750363,2.977141058578875,212,0.0
696.155692,249,332.074818,694.1250557047968,3.578375177681038,249,0.0
668.67478,223,332.516652,666.6109980593714,3.565187483111248,223,0.0
608.701189,213,332.648167,606.6718895080394,3.1651484296890993,213,0.0
561.201544,194,333.092769,559.1449582349185,2.9364007124290987,194,0.0
626.547754,206,333.227553,624.5792077097407,3.364279958268495,206,0.0
643.882227,213,333.813723,641.9151023361094,3.4472277680311025,213,0.0
652.361044,220,333.952868,650.4222795018305,3.4595608512296026,220,0.0
566.88281,189,334.075596,564.8814033348266,3.0221850023673196,189,0.0
653.193306,217,334.547886,651.2884115205926,3.4904070617942806,217,0.0
653.200483,224,334.683612,651.3188452201517,3.4348972148560706,224,0.0
647.453851,213,335.123583,645.5917980671372,3.4769046804070296,213,0.0
638.148735,213,335.253185,636.1307304103851,3.400860940156874,213,0.0
654.164219,216,335.389779,652.261378639074,3.5061712479390135,216,0.0
722.152727,279,335.845556,720.3268364251991,3.5492925417951735,279,0.0
605.699308,202,335.963495,603.9631896427106,3.2312588982624697,202,0.0
656.792827,219,336.3708,654.7733196441336,3.5023013812003834,219,0.0
629.251406,226,336.494363,627.4336208691212,3.228156939114891,226,0.0
570.820944,194,336.864313,568.5966750924175,3.011877712299617,194,0.0
637.115755,216,336.972916,635.15701105996,3.369323939658962,216,0.0
578.357939,201,337.077433,576.1854152776137,3.016818902772906,201,0.0
677.312155,228,337.428009,675.2018782633489,3.5941662135242636,228,0.0
636.157081,209,337.527637,634.1512082398352,3.4170910337203693,209,0.0
493.839612,184,337.836501,491.6877226731844,2.476260188494893,184,0.0
664.907467,222,337.928892,663.0509360700785,3.544840827638611,222,0.0
657.265509,220,338.222011,655.2906244774166,3.498611551377775,220,0.0
653.107683,214,338.310804,651.119293568352,3.512907029634704,214,0.0
631.459287,203,338.390482,629.4822798913859,3.4273048246466002,203,0.0
606.159124,199,338.673109,604.1138679431405,3.2564330010374074,199,0.0
639.730817,211,338.762086,637.8411906117093,3.4305118817146765,211,0.0
706.915471,249,339.067764,704.9817137102193,3.665386841499106,249,0.0
733.62818,270,339.17884,731.9000255775262,3.713725359913966,270,0.0
685.566172,231,339.469025,683.6349955191619,3.6377234669530925,231,0.0
686.934875,237,339.570828,685.0189335575149,3.6012764807647546,237,0.0
675.131135,226,339.875694,673.1400213002793,3.5936290879118133,226,0.0
664.321032,219,339.970574,662.2797519410872,3.5625144468303027,219,0.0
736.288002,271,340.093291,734.4548115973212,3.7262136493368754,271,0.0
604.853955,198,340.382812,602.86699182414,3.25422242675271,198,0.0
646.523991,214,340.478466,644.4109774099132,3.4592317631151004,214,0.0
645.408187,212,340.78233,643.4846966549812,3.467913395577342,212,0.0
652.13839,227,340.881783,650.2191659570252,3.402192919617189,227,0.0
659.476403,217,341.192134,657.6430861920813,3.541322683610947,217,0.0
641.565051,207,341.287518,639.599500791772,3.4764015421282237,207,0.0
669.340453,223,341.390449,667.3245043187898,3.5707396903068056,223,0.0
575.938482,190,341.685934,573.8231686826656,3.085589011632168,190,0.0
651.113494,220,341.781838,649.1274490503414,3.449135522781169,220,0.0
640.596698,205,342.085101,638.6348841979441,3.4848160043031284,205,0.0
632.864856,204,342.172586,630.9087488269187,3.430907938387978,204,0.0
530.411835,179,342.247864,528.3725274731579,2.8097077059858924,179,0.0
320.301474,126,342.526731,318.1926896076876,1.5498127862015685,126,0.0
637.674921,208,342.616718,635.7536738208852,3.4377990493430843,208,0.0
557.090009,206,342.706281,555.0220381187333,2.8077757273795547,206,0.0
653.892138,231,343.022645,651.9272377582213,3.3842214235089285,231,0.0
583.401893,213,343.112885,581.5046048493319,2.9641777106249383,213,0.0
560.970057,213,343.413594,558.7183406896768,2.7813328750153037,213,0.0
615.09271,207,343.503478,612.9882358994785,3.2636386421825607,207,0.0
624.930962,201,343.594156,622.8575259307996,3.3904490290978107,201,0.0
599.447735,201,343.885291,597.2782007490641,3.185525529219682,201,0.0
665.121088,222,343.976916,663.1367342302383,3.5453591084389355,222,0.0
639.038821,205,344.262071,637.0363851456403,3.471867244560433,205,0.0
661.222777,228,344.356649,659.2170345015414,3.4662311222035864,228,0.0
614.928664,200,344.638273,612.8554400394778,3.318354224347967,200,0.0
628.244461,221,344.73056,626.2949082577215,3.2585680877272685,221,0.0
709.167815,245,344.834408,707.191460462047,3.714973335076063,245,0.0
555.429116,196,345.114307,553.4732319869919,2.8750268779053383,196,0.0
635.15602,209,345.199902,633.3192364207258,3.410316124669666,209,0.0
652.781823,227,345.509447,650.8279538222298,3.407334881069281,227,0.0
679.437631,239,345.608173,677.3381527165319,3.5236716585989303,239,0.0
620.588102,209,345.894908,618.6308680827403,3.2930783495464544,209,0.0
637.249671,208,345.981777,635.3082773615236,3.434363742133303,208,0.0
651.244803,222,346.073056,649.3122464292038,3.4349348448807824,222,0.0
621.643301,204,346.36028,619.5653791365846,3.3402382372905897,204,0.0
614.233916,201,346.442078,612.1082185821377,3.3043055585308014,201,0.0
489.951009,196,346.721451,487.8781282743412,2.3501670422684198,196,0.0
662.092073,222,346.815566,660.303575575783,3.522926304600855,222,0.0
624.767162,205,346.900652,622.7112131955517,3.357364482013284,205,0.0
664.588014,218,347.189462,662.6102278368267,3.5731013006349617,218,0.0
660.922893,229,347.283456,658.9137831011667,3.4558207744847045,229,0.0
663.747033,219,347.573477,661.8135515804424,3.5587624503255073,219,0.0
649.795938,213,347.659751,647.8853204138053,3.495054734658958,213,0.0
644.794079,213,347.942631,642.9185030200232,3.4552210677960455,213,0.0
653.175118,215,348.029161,651.2307915436226,3.5060610884885333,215,0.0
673.691937,223,348.118999,671.8759418376187,3.6074687502873557,223,0.0
607.779137,200,348.398409,605.8113484347639,3.2620181094146736,200,0.0
641.96752,212,348.484438,640.0718691857694,3.440443379602337,212,0.0
595.600556,194,348.763096,593.639313945459,3.2123766697107294,194,0.0
676.528244,230,348.857012,674.7777243949927,3.5750894078981044,230,0.0
531.252868,174,348.926498,529.3046570780339,2.85679416838037,174,0.0
608.672703,196,349.205271,606.5530038383638,3.2997786501205235,196,0.0
626.800427,203,349.288028,624.8317073150124,3.390099253955898,203,0.0
676.001675,224,349.579569,674.0890182456138,3.617156231414821,224,0.0
624.488712,208,349.665993,622.476833434536,3.3316767437429604,208,0.0
305.885392,123,349.716247,303.7891100772913,1.458625841138716,123,0.0
659.508862,221,350.005873,657.5302183809705,3.508642773860149,221,0.0
621.686433,200,350.087851,619.7265338475936,3.3732143511517942,200,0.0
696.788801,249,350.390676,694.9503374525069,3.5853444191658523,249,0.0
599.790647,194,350.469235,597.8937532640427,3.246378197708643,194,0.0
539.055406,190,350.548303,537.0339095121351,2.7913642622747328,190,0.0
614.422724,203,350.835232,612.4196621753414,3.2910899314535027,203,0.0
647.133959,227,350.928187,645.2150987000099,3.362454666693609,227,0.0
534.29079,179,351.001201,532.2642109445953,2.840855486994203,179,0.0
630.749874,211,351.288845,628.7507352455692,3.3578941624717316,211,0.0
583.841349,203,351.371574,581.9788246046242,3.0474406142372286,203,0.0
373.666566,155,351.63209,371.7312990103509,1.7472961950973682,155,0.0
616.394326,203,351.715107,614.5147764837429,3.3075483248241677,203,0.0
640.912586,209,351.800184,639.0156333535443,3.4561600458532546,209,0.0
658.976965,218,352.091096,656.9702704576393,3.5279326490039686,218,0.0
605.258554,199,352.173705,603.2875758712187,3.2497110355245,199,0.0
673.879605,230,352.467242,671.879966529269,3.5518838296845274,230,0.0
639.481966,210,352.553493,637.521245943418,3.436024123906441,210,0.0
634.487214,208,352.638264,632.6224087691427,3.4127955505414125,208,0.0
642.361178,215,352.924392,640.3532334303528,3.418878825634194,215,0.0
678.293786,229,353.018332,676.3721006904366,3.595854454365548,229,0.0
647.667336,221,353.309067,645.7528048621858,3.4144058170157665,221,0.0
624.042583,202,353.391938,622.2446736761555,3.3775816697213425,202,0.0
622.166773,216,353.678153,620.2375277168388,3.2500001358766397,216,0.0
647.114004,210,353.76503,645.1725745743677,3.4974297702629675,210,0.0
557.026656,195,353.846255,555.0276136506383,2.8958554691866287,195,0.0
657.708454,217,354.131542,655.738321200581,3.526352606813308,217,0.0
634.761268,212,354.215819,632.8088272055511,3.3825332007072078,212,0.0
479.085423,161,354.476053,477.0325967059637,2.5421494706474643,161,0.0
684.162999,233,354.573052,682.2862749832782,3.6112390351963075,233,0.0
583.818505,193,354.651712,581.8189866411544,3.1257998533083478,193,0.0
710.481974,249,354.951936,708.6190898886098,3.694594533301634,249,0.0
640.334951,225,355.044193,638.5151846912345,3.3246968440458895,225,0.0
646.720698,219,355.332612,644.8018920034701,3.422600547684036,219,0.0
617.475411,208,355.417754,615.5186327707954,3.2760614749206227,208,0.0
613.685118,215,355.702912,611.8291989964681,3.1909289912147565,215,0.0
681.335408,239,355.801446,679.3546169377145,3.540097920208409,239,0.0
665.677668,224,355.892227,663.8190515413141,3.5351817885929404,224,0.0
683.123545,238,356.191508,681.2317418317571,3.5630685652969625,238,0.0
665.070238,227,356.283203,663.1696609909133,3.506083103510326,227,0.0
683.171562,240,356.577923,681.3156744914025,3.547929375942341,240,0.0
644.967985,218,356.668736,643.170200019994,3.417676380527491,218,0.0
604.826573,198,356.947848,602.9612061339586,3.255077967806846,198,0.0
630.008093,208,357.032447,628.0667477556816,3.376355870788423,208,0.0
656.786311,217,357.121183,654.8677943410529,3.519140459899747,217,0.0
638.845796,218,357.406403,636.7740275391811,3.3663540515852812,218,0.0
654.913025,218,357.494772,653.0353696342172,3.4965680299834037,218,0.0
620.34535,213,357.785475,618.3737818917791,3.259156926184945,213,0.0
656.879031,219,357.884339,654.9555462138323,3.503823978743937,219,0.0
633.527129,211,358.174994,631.6844606766832,3.381412492180712,211,0.0
614.268832,211,358.263864,612.2071190173402,3.225602256218633,211,0.0
688.808128,233,358.35878,687.027341621327,3.649233519458992,233,0.0
618.807906,205,358.645282,616.7242354597074,3.30925814366722,205,0.0
641.71549,209,358.731543,639.7282666001892,3.4618578806176425,209,0.0
603.059277,212,359.018376,600.8392576689176,3.126558587968198,212,0.0
643.203331,213,359.107091,641.3099351113086,3.4425018859802816,213,0.0
601.799276,209,359.190605,599.6891398834522,3.1414171505222024,209,0.0
452.172897,154,359.448384,450.26793231292856,2.3839912269060877,154,0.0
651.5121,219,359.538159,649.5920485866267,3.46102881290802,219,0.0
576.943661,188,359.8132,574.7495905185989,3.108700776286005,188,0.0
657.938537,214,359.901659,655.9772206095279,3.5518920901304116,214,0.0
693.616153,239,360.0014,691.8830201169103,3.640350541352929,239,0.0
611.581366,210,360.292468,609.6217506422641,3.2127643806092285,210,0.0
569.742085,181,360.364024,567.6239057926924,3.107594414403474,181,0.0
672.982638,223,360.654891,671.0716542353208,3.6009722364485675,223,0.0
650.324098,215,360.742214,648.38964740516,3.4831692241460748,215,0.0
648.527918,213,361.030686,646.6737128403811,3.485343465816851,213,0.0
658.003868,216,361.117988,655.9783220508739,3.536097213270994,216,0.0
657.273593,223,361.207078,655.3310602309848,3.4751450706125904,223,0.0
643.320882,212,361.490137,641.3510976865774,3.4508483476146137,212,0.0
656.38709,216,361.578111,654.4545653107724,3.5236956022887744,216,0.0
652.186285,217,361.862253,650.1810614933612,3.48150620411253,217,0.0
589.810904,207,361.946281,587.7048638338933,3.0612210857178166,207,0.0
698.609623,242,362.045268,696.7621653243556,3.6555817384966733,242,0.0
601.299101,196,362.32236,599.3858799323244,3.2422548679318592,196,0.0
674.68483,234,362.417263,672.8624875208791,3.5278877050026916,234,0.0
625.500749,211,362.700134,623.7107787974435,3.317709924283831,211,0.0
643.712566,213,362.787585,641.8206350829399,3.446616728206499,213,0.0
698.732396,248,363.084083,696.8718608075983,3.6086702583875465,248,0.0
674.185201,223,363.176705,672.1850050368031,3.610063609066724,223,0.0
606.508628,200,363.257329,604.5847641330176,3.2521892050377725,200,0.0
617.59219,200,363.535475,615.6692288171423,3.340881919833212,200,0.0
585.046695,205,363.61881,582.9460469089744,3.039057189074393,205,0.0
716.389637,267,363.927614,714.6036232380059,3.5994069977837455,267,0.0
636.354817,209,364.01027,634.3985167201341,3.4190847010014327,209,0.0
645.596106,212,364.311565,643.602579887974,3.4687151440485855,212,0.0
649.933807,220,364.404009,648.0356498894544,3.440688244248394,220,0.0
612.971803,196,364.484533,610.9634009617548,3.335072547150162,196,0.0
640.437626,211,364.771185,638.4296199329046,3.435255853985505,211,0.0
660.472881,215,364.861674,658.501064181836,3.5641279956273384,215,0.0
637.461165,217,365.145559,635.6380558287087,3.3653900780479002,217,0.0
610.904354,203,365.226372,608.9992999922578,3.2636117690683157,203,0.0
639.039069,212,365.312267,637.0218348395279,3.416154463938782,212,0.0
648.732676,214,365.593697,646.6622820503283,3.4772971303460882,214,0.0
657.417573,220,365.683781,655.4693429387565,3.5001868410745054,220,0.0
640.724761,216,365.972639,638.7392989322417,3.398135837038881,216,0.0
639.021224,214,366.058554,637.1297169998342,3.4012726388778955,214,0.0
623.858767,202,366.335568,621.8224142255928,3.3742417991267217,202,0.0
644.128029,211,366.423272,642.1293134032084,3.465088316565778,211,0.0
677.751695,230,366.515538,675.8848359222221,3.5840262564667897,230,0.0
686.357373,237,366.810243,684.4788196003099,3.5969771777857367,237,0.0
628.147425,205,366.893139,626.1186742698444,3.384693828413,205,0.0
660.780382,219,367.181489,658.8394292080411,3.534931935364088,219,0.0
624.205047,205,367.263488,622.2067324643789,3.353405764534192,205,0.0
614.589017,207,367.558851,612.61059127933,3.2606914385844865,207,0.0
660.507436,223,367.653059,658.4729469746912,3.5000782998447133,223,0.0
698.611166,247,367.758192,696.7389863689373,3.6156125723901655,247,0.0
616.989851,219,368.055143,614.7634468572232,3.182171348890302,219,0.0
621.803456,200,368.137601,619.67282604541,3.3728554697063413,200,0.0
640.53361,220,368.468304,638.4998109637312,3.3644667454872446,220,0.0
630.883244,206,368.5555,628.8775190831619,3.3985395535189586,206,0.0
653.791822,213,368.853532,651.7482941893554,3.5259955485967343,213,0.0
646.658098,230,368.952799,644.7017783347789,3.334297386996293,230,0.0
698.976146,242,369.052772,697.0010711637136,3.6573343926689,242,0.0
547.306266,175,369.326602,545.192244357912,2.9759800766055875,175,0.0
650.538563,213,369.414159,648.5565754222624,3.5006289762656646,213,0.0
660.289625,225,369.707254,658.2051374936447,3.482217682036363,225,0.0
563.382197,190,369.784034,561.4864081603475,2.98708224559892,190,0.0
698.702933,249,369.888998,696.5534496386225,3.5980232061741217,249,0.0
696.163724,241,370.193141,694.2349142502486,3.643345230460508,241,0.0
607.146287,212,370.27948,605.079659446626,3.1605088983328575,212,0.0
652.764272,219,370.569464,650.722818332557,3.4698973561204647,219,0.0
654.919435,218,370.656803,652.8972103091374,3.495180942644138,218,0.0
519.968688,176,370.929351,517.8241625354968,2.749135613949126,176,0.0
570.727637,209,371.016689,568.4834879913132,2.8915615807300417,209,0.0
667.973858,221,371.111815,666.008390934097,3.5765713132350294,221,0.0
650.087135,214,371.445258,648.0386211649115,3.4885513192624393,214,0.0
637.044821,212,371.544538,634.9065635033369,3.399128124906831,212,0.0
687.381811,243,371.863094,685.5585046329707,3.5581320179203013,243,0.0
648.197729,218,371.963632,646.1333198641217,3.441206760258057,218,0.0
675.250576,226,372.270154,673.3361385385726,3.5953617352491167,226,0.0
621.204826,202,372.353944,619.1510836555975,3.3527420927365346,202,0.0
636.926885,215,372.44242,634.9191230408615,3.3753446551756943,215,0.0
681.062734,232,372.739025,678.9403651610637,3.5923413474262973,232,0.0
545.968762,184,372.814948,543.9518070125907,2.894531626787372,184,0.0
648.258294,215,373.113441,646.206843898732,3.465769494870552,215,0.0
697.597653,238,373.218937,695.7250952186797,3.6791287595717543,238,0.0
609.84347,196,373.299248,607.77920183009,3.309539938824661,196,0.0
623.349534,211,373.59157,621.4837432513096,3.299954633412952,211,0.0
566.325351,183,373.666531,564.4101419862985,3.0661000591197416,183,0.0
692.618279,240,373.963458,690.7958670800314,3.6236513419406435,240,0.0
556.380873,220,374.051708,554.1965516805823,2.6896573278532845,220,0.0
611.028198,198,374.334656,609.0073279421157,3.303358333004144,198,0.0
559.493077,184,374.411691,557.7058002289139,3.0044698675380914,184,0.0
590.820832,190,374.491382,588.7603958524419,3.2051908802394795,190,0.0
685.352445,230,374.779608,683.35177924112,3.6436251187399415,230,0.0
725.065042,263,374.891124,722.892799193416,3.697169591288299,263,0.0
616.456866,212,375.171411,614.3778977307759,3.2350157154592027,212,0.0
614.163833,202,375.25754,612.2107009232487,3.297472981306892,202,0.0
684.795673,240,375.553979,682.7177179866479,3.55883846114837,240,0.0
596.826113,204,375.637279,594.8940001607527,3.142883088580428,204,0.0
636.163647,207,375.723743,634.2154819804757,3.4335852753464526,207,0.0
643.209689,216,376.016029,641.2150589966391,3.4179058337999013,216,0.0
642.382243,215,376.102694,640.4404366542885,3.4196126270277993,215,0.0
691.805613,235,376.392378,689.8561925059522,3.655883588349714,235,0.0
637.149314,211,376.475758,635.210853437399,3.4097893486486295,211,0.0
624.510994,216,376.561733,622.5098708236983,3.268173256771579,216,0.0
626.069304,207,376.84044,624.0878391222675,3.3525493617624935,207,0.0
650.356932,220,376.927928,648.3771575745529,3.4431394997306968,220,0.0
660.335523,219,377.216274,658.2924662183166,3.53060247396092,219,0.0
695.33351,240,377.315772,693.2080031741024,3.64283690756044,240,0.0
683.960723,239,377.610276,681.8923421842,3.5602334583419943,239,0.0
646.599324,209,377.693277,644.5485868287486,3.500136752170497,209,0.0
665.92942,225,377.784536,664.0317321105093,3.528898793389779,225,0.0
675.887751,225,378.072166,673.9287255266609,3.607987765792698,225,0.0
662.01752,218,378.158814,660.0652334941499,3.552907247461335,218,0.0
593.515517,204,378.435818,591.6742889145536,3.117236077288281,204,0.0
645.935111,212,378.521522,643.9699293597473,3.4717628942794065,212,0.0
645.237771,214,378.802482,643.2650728246824,3.450237064375672,214,0.0
397.303843,153,378.863997,395.26676025337713,1.9515972678002487,153,0.0
676.01157,226,378.955488,674.1413216138307,3.6016931905627616,226,0.0
603.409489,197,379.235947,601.3484534431861,3.250268905681865,197,0.0
665.758265,219,379.326953,663.7889537720553,3.5746998563930994,219,0.0
664.146927,221,379.608911,662.1730209064021,3.5457033917000924,221,0.0
651.690585,225,379.698472,649.7030259840145,3.4139699766665306,225,0.0
605.517463,201,379.777912,603.5448206777013,3.235853486907504,201,0.0
574.631186,195,380.054546,572.5120703189704,3.035178001438695,195,0.0
604.446195,196,380.145179,602.5934501219997,3.2681135671190833,196,0.0
657.816649,222,380.440854,655.9054128860744,3.4877711336520805,222,0.0
671.463657,226,380.533618,669.525783853279,3.5648920340251147,226,0.0
626.368407,204,380.618525,624.3043463951772,3.37801672379941,204,0.0
642.86695,217,380.925936,640.8353398077801,3.406703346935029,217,0.0
672.323802,223,381.020114,670.4196914488361,3.5958028457260935,223,0.0
658.15494,220,381.339752,656.1326646510631,3.505222926448383,220,0.0
669.721334,229,381.449208,667.5044593848633,3.52453424395276,229,0.0
658.330959,221,381.790835,656.3781255926598,3.4994643898573803,221,0.0
631.841495,209,381.889365,629.9012124993192,3.383194751885391,209,0.0
689.736338,241,382.000652,687.9405714496099,3.5927767107181734,241,0.0
672.97104,222,382.314945,671.0450481436263,3.60873911796533,222,0.0
635.380549,215,382.40458,633.5815813948443,3.3649284316102395,215,0.0
662.973575,232,382.698764,660.8963964504587,3.447991268498772,232,0.0
636.097203,213,382.791399,634.059638483193,3.3843593827679688,213,0.0
631.686713,209,383.097672,629.6657194421314,3.3811024380573342,209,0.0
664.245142,221,383.18721,662.2408989133156,3.5462944901051596,221,0.0
634.601355,218,383.277479,632.7425996761054,3.334304300799768,218,0.0
603.51706,196,383.568218,601.5180825384698,3.2594848832895167,196,0.0
645.268341,210,383.658169,643.3218357703572,3.482464797296313,210,0.0
665.595197,221,383.956694,663.6061614694398,3.5570939261193177,221,0.0
660.448355,216,384.053785,658.4504310305676,3.555761822624862,216,0.0
695.071554,236,384.355723,693.1321584661605,3.6742104788777397,236,0.0
662.785417,219,384.444552,660.7882766565755,3.5506161696877196,219,0.0
655.552696,220,384.535492,653.6860780565818,3.4859868224310153,220,0.0
647.281864,216,384.838621,645.2994939994768,3.45072872484494,216,0.0
646.488297,211,384.926497,644.512892067205,3.484205993272406,211,0.0
631.672237,212,385.213639,629.7409657679437,3.3579400113043834,212,0.0
660.205048,220,385.305958,658.1856175007845,3.5218460613748723,220,0.0
695.583556,243,385.610989,693.5672438336181,3.6218559672725372,243,0.0
654.084362,216,385.698979,652.202034163927,3.505768751025648,216,0.0
665.381665,218,385.792657,663.4660669773801,3.579913828131914,218,0.0
592.967292,193,386.090273,590.976265311073,3.199160880617386,193,0.0
640.853783,215,386.187281,638.8204200521235,3.4065941164546714,215,0.0
648.842049,209,386.473554,646.9030199053299,3.519202519470878,209,0.0
677.94186,228,386.569793,676.0121496003844,3.600913942942973,228,0.0
659.78954,222,386.871553,657.9545140106305,3.504158617102038,222,0.0
686.710082,232,386.976424,684.7983654900536,3.639422678863698,232,0.0
638.688811,209,387.067746,636.6389656674056,3.436957766251218,209,0.0
638.336773,213,387.367435,636.3841779105707,3.4031976343220953,213,0.0
687.857643,237,387.474193,685.9477108917462,3.608859145755158,237,0.0
554.637245,182,387.793046,552.5012840289098,2.978839542256995,182,0.0
629.456945,219,387.893438,627.3739294652739,3.2828642780768926,219,0.0
665.673025,223,388.01032,663.6833222081758,3.5417653603306887,223,0.0
667.78366,226,388.371133,665.7446975730113,3.534606337559399,226,0.0
658.367488,219,388.480054,656.4254085171542,3.515638231086764,219,0.0
636.90977,206,388.837575,634.8977596077493,3.447004707561719,206,0.0
697.26768,247,388.970193,695.3666703753289,3.604678761602286,247,0.0
702.611978,239,389.378069,700.6294348638215,3.7102496309542596,239,0.0
617.740167,201,389.493727,615.8032201542703,3.334026673749237,201,0.0
657.491369,217,389.895245,655.4671934193935,3.523984899678645,217,0.0
660.012893,218,390.018251,658.0124296177164,3.53630222119315,218,0.0
613.967094,201,390.144444,611.9154308450778,3.302772215065281,201,0.0
645.628593,211,390.563404,643.6818548722347,3.4774251316075513,211,0.0
683.823383,226,390.694477,681.8340613668092,3.663291743288383,226,0.0
681.340087,225,391.137336,679.3981774846959,3.6517884317818536,225,0.0
627.803172,207,391.257331,625.8090257383867,3.3663325097299968,207,0.0
690.617615,232,391.397411,688.6867301761073,3.670429371412019,232,0.0
630.355926,204,391.821821,628.3202488585677,3.4101738097129948,204,0.0
648.854657,214,391.943023,646.9759510684243,3.4799341635562087,214,0.0
696.183337,239,392.368472,694.3071666222684,3.6597068703045417,239,0.0
688.003287,233,392.49906,686.0371198354549,3.6412614184940497,233,0.0
683.921927,232,392.92757,682.069128896297,3.617598586275811,232,0.0
663.859615,221,393.049509,662.023505743824,3.5446810840088765,221,0.0
670.786362,222,393.496902,668.8246318935885,3.591162372919174,222,0.0
464.092471,156,393.591138,462.19651095327714,2.4633606596824356,156,0.0
628.504153,209,393.718735,626.4881957806773,3.355805542277274,209,0.0
698.96117,243,394.131271,696.9345160557167,3.649042754580997,243,0.0
627.63735,207,394.247815,625.6956947364264,3.3656058767017933,207,0.0
653.540408,216,394.685592,651.5127366588256,3.500495094778234,216,0.0
651.731049,213,394.797742,649.7918749061313,3.5104467243838244,213,0.0
655.910546,217,394.920981,653.9260247070596,3.511754590129687,217,0.0
674.544961,227,395.343146,672.5780538041056,3.581378711348329,227,0.0
608.211899,204,395.462379,606.1184252570736,3.232599941589221,204,0.0
676.619726,225,395.866137,674.6930054325884,3.6142485698161986,225,0.0
694.078937,246,396.000561,691.9854549118678,3.5854847621548105,246,0.0
666.617049,224,396.435111,664.3955088440254,3.5395420447743837,224,0.0
655.140006,213,396.562926,653.0847427294653,3.5368812838618227,213,0.0
667.21215,224,396.694579,665.3803153533672,3.547842742953223,224,0.0
651.469412,213,397.132879,649.4599499614744,3.50777984546,213,0.0
645.829183,211,397.258114,643.877594500833,3.479108850900506,211,0.0
688.453033,237,397.685638,686.2276803135802,3.6107837951886834,237,0.0
656.484935,217,397.810823,654.5583772784072,3.516743556879627,217,0.0
638.110814,207,398.243004,636.0677592803853,3.448379618462649,207,0.0
660.186683,220,398.378447,658.1344212065978,3.5213985462882116,220,0.0
621.448848,199,398.498428,619.5518950905403,3.3799686967817912,199,0.0
681.897245,224,398.910337,680.0455464274504,3.664994899903143,224,0.0
701.865908,236,399.064633,699.9356701428701,3.7288582526659093,236,0.0
686.609701,241,399.513034,684.8773417139378,3.5684441563650613,241,0.0
711.589576,247,399.664535,709.7266464085834,3.7196513517324252,247,0.0
685.100278,232,400.105102,683.2940159119906,3.6274615692338026,232,0.0
682.460087,223,400.23743,680.4822857311127,3.67643472690779,223,0.0
683.302704,227,400.669581,681.4505910512972,3.652480226913826,227,0.0
635.781863,224,400.812963,633.8526913866536,3.2958423623419524,224,0.0
671.995575,223,400.94377,670.0597478079487,3.5929764364699808,223,0.0
633.261492,213,401.368624,631.2824121584334,3.3623853540168405,213,0.0
686.761017,243,401.507041,684.6971890338392,3.5511710539636554,243,0.0
658.394404,227,401.947779,656.295266444027,3.4511446304874482,227,0.0
692.196941,234,402.089622,690.2917069886448,3.6675410028197692,234,0.0
692.894054,234,402.522269,691.0451540043538,3.673613863492353,234,0.0
640.868185,207,402.653805,638.8931986326106,3.4708950582405413,207,0.0
720.618633,253,403.093965,718.6979639380032,3.743558742540906,253,0.0
666.465342,219,403.225308,664.4472988851712,3.579916849613839,219,0.0
694.393818,235,403.372614,692.4382399575718,3.6765854872308186,235,0.0
674.139183,224,403.807358,672.224946241575,3.602420949867784,224,0.0
665.106299,216,403.937626,663.0720056211278,3.592841554134845,216,0.0
673.123789,221,404.37436,671.0897897175373,3.6170843920928246,221,0.0
684.963624,228,404.510715,682.9622214781618,3.6565079036508052,228,0.0
626.976285,200,404.935835,624.9568075636666,3.4151745667867623,200,0.0
676.334761,225,405.064023,674.3867602896212,3.611844733356153,225,0.0
712.894688,248,405.529602,710.9056581376301,3.721010350755378,248,0.0
654.549696,211,405.667452,652.4892456668169,3.548048568331988,211,0.0
626.624974,208,405.79913,624.4645534055854,3.34756056345857,208,0.0
683.899684,229,406.269925,681.9923919138546,3.640775647796359,229,0.0
701.03763,240,406.426622,699.117374025847,3.6903719357613713,240,0.0
672.085547,221,406.879221,670.1044761014278,3.609164623597352,221,0.0
689.482502,231,407.023812,687.5842984873623,3.6696303176066336,231,0.0
676.903095,223,407.488026,674.8348727455467,3.6311434553311117,223,0.0
650.205073,209,407.625393,648.2113336402963,3.529553273312034,209,0.0
656.219436,218,407.781029,654.206604249424,3.5058094752346913,218,0.0
463.9364,159,408.204233,462.0014314023775,2.437793433853237,159,0.0
662.702949,215,408.334404,660.7873061928188,3.5826852891316534,215,0.0
696.632079,234,408.743562,694.6612359529885,3.7022534985598616,234,0.0
621.059317,199,408.861678,619.0656909734562,3.3761387001865306,199,0.0
645.764303,213,409.002676,643.7147097475653,3.4617222584913048,213,0.0
687.610898,231,409.43813,685.6131959932382,3.65400841093994,231,0.0
565.119288,225,409.57526,562.8609656180353,2.719007083236133,225,0.0
661.953739,217,409.99976,659.8836497836511,3.559395608056148,217,0.0
663.590373,217,410.132078,661.7342825030612,3.5742569947925786,217,0.0
686.241104,228,410.567921,684.3717635596159,3.667757153247284,228,0.0
658.39268,215,410.700775,656.340826191297,3.546784599916527,215,0.0
680.930151,227,410.837087,678.8446014593825,3.631507446518545,227,0.0
731.932706,261,411.269168,730.0578184571301,3.770835265173534,261,0.0
647.172178,213,411.392501,645.118610463599,3.473078888438868,213,0.0
605.728348,196,411.786146,603.8742910096205,3.2784896163279327,196,0.0
706.485698,248,411.920131,704.5932878263505,3.670550025888325,248,0.0
563.310438,188,412.325369,561.3327010716399,3.0018155138176623,188,0.0
685.300563,230,412.463434,683.4185812294589,3.6443449350041255,230,0.0
649.197419,215,412.587624,647.1022061693741,3.47314019811323,215,0.0
574.418034,190,412.981727,572.5968254281872,3.0759778927964825,190,0.0
706.065395,246,413.135109,704.1015356172837,3.6825287105825013,246,0.0
697.301709,240,413.561841,695.1447178186997,3.658539913195121,240,0.0
670.168973,219,413.694702,668.1408446610183,3.609529561277274,219,0.0
745.405269,284,414.15464,743.2727961648603,3.6935540284049653,284,0.0
672.668132,222,414.285107,670.7400124251112,3.606461628489171,222,0.0
659.004349,248,414.716908,656.9475155823415,3.2893429280027893,248,0.0
659.349379,220,414.842472,657.3436122029051,3.515015620955235,220,0.0
612.469931,213,415.23324,610.486904575795,3.1959125364186467,213,0.0
681.066893,226,415.354114,679.0604431807437,3.6411667134474253,226,0.0
655.744128,217,415.471114,653.6656014367746,3.509589727143045,217,0.0
669.268889,218,415.862679,667.2890999837119,3.6106396984799143,218,0.0
633.784215,204,415.974793,631.8589933507931,3.438672952838499,204,0.0
714.574225,249,416.398359,712.5071880748826,3.7257998886286146,249,0.0
625.084191,206,416.527313,623.0171183015306,3.351962386155943,206,0.0
639.156597,212,416.909456,637.1221531282247,3.4170828188002673,212,0.0
588.933685,202,417.023542,587.0017306037234,3.0958965318377993,202,0.0
628.481286,213,417.141652,626.6231711153648,3.3252122639237043,213,0.0
599.382851,191,417.534304,597.4238939498233,3.266576176282881,191,0.0
670.758949,227,417.652446,668.9440400998778,3.5525165178591176,227,0.0
677.624013,232,418.067853,675.6336221881039,3.566161514639719,232,0.0
655.582304,222,418.194144,653.384364125714,3.467400884722727,222,0.0
679.889782,227,418.307601,677.8690427299771,3.623721869701666,227,0.0
661.358926,217,418.671453,659.2723367521504,3.5543700486644827,217,0.0
634.654013,206,418.771687,632.6922814771946,3.4294939490634526,206,0.0
659.041774,214,419.155111,657.032223899843,3.5604087958335406,214,0.0
612.819961,205,419.2652,610.6079392902508,3.2604394281955082,205,0.0
643.627332,228,419.657293,641.5295642426987,3.324910574155899,228,0.0
703.683071,242,419.784653,701.7730877338936,3.695641826765634,242,0.0
634.393842,208,419.903441,632.5000379979631,3.4117802786845877,208,0.0
697.572078,234,420.292933,695.5890178111853,3.7095936235465183,234,0.0
707.443947,242,420.426894,705.5063808594529,3.7255783622500864,242,0.0
664.13156,221,420.804195,662.1122652426063,3.5451451006866455,221,0.0
580.8568,190,420.898376,578.7562109259065,3.1251867656198273,190,0.0
604.813248,202,421.290855,602.6271658131329,3.220604613888215,202,0.0
530.52398,195,421.395104,528.344839401015,2.681721882804727,195,0.0
676.848758,224,421.525274,674.9287630536722,3.6239430172112885,224,0.0
654.427949,211,421.916884,652.5939517212591,3.548812547982131,211,0.0
624.407673,216,422.038222,622.3066813771165,3.2663050746005187,216,0.0
637.535028,214,422.438262,635.5172677305014,3.3884039023188484,214,0.0
604.168154,196,422.549607,602.3331032488005,3.2660314600230924,196,0.0
700.380103,255,422.964368,698.5666021533981,3.566802739314153,255,0.0
633.763221,204,423.085101,631.6454957263492,3.436797340727181,204,0.0
701.540445,242,423.228565,699.6860042670962,3.6790620387589446,242,0.0
596.568722,220,423.640799,594.8401101906526,3.0154094565899836,220,0.0
562.292389,192,423.752455,560.3465979693407,2.962093783015714,192,0.0
671.119868,221,424.146143,669.2095122047226,3.6021264741875134,221,0.0
667.610765,229,424.276573,665.7168758845452,3.5108583896260965,229,0.0
647.665745,210,424.662187,645.58066302794,3.500577051762487,210,0.0
689.070315,230,424.784166,687.0260040578158,3.672857695735768,230,0.0
707.765685,237,424.909467,705.8448230178519,3.7680471864670166,237,0.0
562.115668,197,425.278416,559.8372898993524,2.917845463683809,197,0.0
632.734958,201,425.385277,630.7507800398777,3.4535133544779657,201,0.0
660.606209,215,425.756246,658.6946711465895,3.565868756648294,215,0.0
682.687307,227,425.877978,680.5999760479424,3.645448515147523,227,0.0
638.764655,250,426.262637,636.8335325705209,3.1126064331467016,250,0.0
657.080804,212,426.375924,655.0075007207754,3.5600064792575834,212,0.0
650.324537,217,426.488983,648.241829859201,3.465981420893157,217,0.0
720.811449,257,426.883167,719.0109341720063,3.714302494950915,257,0.0
643.074121,214,426.988607,641.0515985382207,3.4323703647799433,214,0.0
502.185707,175,427.334124,500.22306709579067,2.6164248671107644,175,0.0
578.504699,188,427.431318,576.4123736097728,3.1223678965339605,188,0.0
599.376698,191,427.528525,597.433515497609,3.266788938867935,191,0.0
732.762756,268,427.925941,730.9050951953246,3.7219248237594735,268,0.0
739.446708,277,428.082027,737.3986767302514,3.7023065233921755,277,0.0
623.517984,217,428.470214,621.4019490703766,3.2512555871436857,217,0.0
605.759681,191,428.579693,603.7008528003093,3.3167292058144495,191,0.0
635.249664,210,428.979844,633.2710393246645,3.4021435320514493,210,0.0
651.87271,212,429.098998,649.8738408132832,3.51911239494376,212,0.0
680.948575,225,429.51449,678.9873240598674,3.6487182468561175,225,0.0
466.299268,171,429.619747,464.32918739790085,2.3613403999139373,171,0.0
688.273531,234,429.747309,686.360096850188,3.6360655825193042,234,0.0
623.283524,223,430.154063,621.3062722568455,3.2032217152376155,223,0.0
665.64059,219,430.281545,663.6693450178606,3.5737773254037863,219,0.0
664.661518,219,430.718856,662.6615988916075,3.56569165377975,219,0.0
683.550459,227,430.85354,681.5300114775766,3.6528194626294015,227,0.0
629.164079,205,430.972961,627.1588618518915,3.3930373047449773,205,0.0
574.100124,193,431.350483,572.0621719747872,3.0477625652652964,193,0.0
690.093952,231,431.491161,688.0251188848396,3.673166744554224,231,0.0
644.275147,206,431.895893,642.26582467199,3.505911020542807,206,0.0
683.934746,232,432.037075,682.0395056409789,3.617405128652251,232,0.0
618.417168,199,432.450575,616.3573454536099,3.35429962005397,199,0.0
617.360126,200,432.573001,615.4855910387301,3.3395541577070533,200,0.0
626.193602,213,432.694665,624.300172304959,3.306673848701575,213,0.0
624.855355,204,433.081024,622.7215627667805,3.3656100172108703,204,0.0
685.590211,233,433.219932,683.6224673652741,3.6220435524707306,233,0.0
697.159765,234,433.647227,695.1624896312578,3.7062628159358946,234,0.0
677.584117,227,433.775606,675.6435189505206,3.605774863030466,227,0.0
631.867738,204,433.888066,629.7442233384694,3.4215664250043156,204,0.0
656.869801,245,434.352858,655.1460177234421,3.299118834551088,245,0.0
134.262328,72,434.390879,132.4009462521522,0.49369716239524547,72,0.0
667.74594,220,434.812229,665.7715252503035,3.5827248760910537,220,0.0
865.999501,386,435.035701,863.9457419504321,3.84760200036142,386,0.0
282.337498,111,435.09751,280.2273107816984,1.3656565195851453,111,0.0
541.747231,180,435.490291,539.828021815384,2.8934613332710213,180,0.0
662.866503,215,435.619147,660.9124710984506,3.583581801522319,215,0.0
711.29057,258,436.04391,709.5359604778346,3.6305232431185392,258,0.0
650.595022,211,436.164481,648.6272140812913,3.5171241177501846,211,0.0
669.566176,221,436.610824,667.6482350626865,3.589808420390558,221,0.0
724.56638,255,436.756109,722.6574551349962,3.7594545602600946,255,0.0
641.569967,207,437.171401,639.6844139076811,3.477397000891006,207,0.0
657.826275,214,437.297504,655.8131421780226,3.5506115603113653,214,0.0
607.431216,210,437.415929,605.2838297441067,3.1782118498749488,210,0.0
554.56243,183,437.804378,552.5849970653608,2.971420039825105,183,0.0
668.175325,219,437.940391,666.00892486542,3.5923776338605227,219,0.0
709.508351,244,438.376525,707.6301908429858,3.7267316486683932,244,0.0
711.75342,248,438.526436,709.5769676463422,3.7102063049373935,248,0.0
643.749949,215,438.920051,641.814654598697,3.4309077824967686,215,0.0
652.456189,211,439.033508,650.2801339357592,3.5300131006754647,211,0.0
674.536258,223,439.149852,672.5940252684642,3.6133522771765496,223,0.0
659.725866,212,439.549564,657.7034444007814,3.5816257128806965,212,0.0
662.382618,241,439.710253,660.319392007238,3.37181954996044,241,0.0
643.575919,206,440.151689,641.5236666217361,3.5000033584057615,206,0.0
658.720864,218,440.284844,656.7399828859773,3.526185679282754,218,0.0
128.503246,70,440.322742,126.70592575849201,0.4640563177682967,70,0.0
628.740958,205,440.710272,626.5751084981028,3.388148371018474,205,0.0
541.612165,181,440.817537,539.4786846897582,2.8825090039616574,181,0.0
623.692622,205,440.931194,621.7593632841371,3.349777184570489,205,0.0
570.366987,205,441.306421,568.0832990149137,2.9201578919791498,205,0.0
648.915261,212,441.417825,646.758926730826,3.49390777824625,212,0.0
684.964031,226,441.843565,682.9888078590872,3.6726592539116862,226,0.0
643.414882,209,441.964796,641.3085828198922,3.4743353413688824,209,0.0
657.947615,216,442.082319,655.9764820666312,3.5359950780166507,216,0.0
664.736417,220,442.487461,662.7245533661433,3.5583376508183604,220,0.0
635.606699,216,442.612917,633.9156873184764,3.3598696835082373,216,0.0
642.585388,213,443.008046,640.4984491776695,3.4359268157068805,213,0.0
635.292877,226,443.131386,633.1479552419637,3.2735299906628312,226,0.0
292.430728,118,443.19784,290.30545612300165,1.3905319626166586,118,0.0
620.538731,212,443.590129,618.3961219669408,3.267108182589967,212,0.0
684.631209,223,443.714312,682.6626373399579,3.693893368642274,223,0.0
653.766375,212,444.115992,651.6789548670644,3.5334041227446904,212,0.0
676.092465,227,444.24332,674.1663004138562,3.5942551749401264,227,0.0
672.984797,223,444.64846,671.0827407460179,3.601313569132601,223,0.0
679.978873,227,444.777706,678.0566655390019,3.6252445705827756,227,0.0
716.986549,255,444.914463,715.0737005300025,3.6989065762424094,255,0.0
673.897806,226,445.343662,671.8667441839515,3.58364681409312,226,0.0
664.026322,222,445.47659,662.2338673846699,3.5385656690388143,222,0.0
567.622321,183,445.846658,565.5491109631504,3.07521471558438,183,0.0
543.91987,210,445.970629,541.6360827020703,2.668926787934162,210,0.0
680.166425,238,446.384085,678.0093259256537,3.5372466504195446,238,0.0
669.547208,214,446.496637,667.626812858361,3.6453117867193607,214,0.0
686.743719,235,446.627875,684.9741552167983,3.617268442700388,235,0.0
669.176076,218,447.018548,667.2178737126619,3.6102023319630723,218,0.0
670.323401,224,447.136038,668.2072196309377,3.570006380146306,224,0.0
614.421956,220,447.50356,612.1674087591452,3.153305036447182,220,0.0
611.797507,197,447.603859,609.7775953560085,3.317813603825079,197,0.0
531.38897,202,447.948532,529.1350722685133,2.6323507237636687,202,0.0
679.19507,235,448.064584,677.3972916362721,3.5566482283002965,235,0.0
596.883663,209,448.168731,594.6816619538831,3.101098773496888,209,0.0
618.817046,206,448.519918,616.9552393581429,3.303636371787779,206,0.0
636.537846,210,448.62487,634.6752954749231,3.41359560246194,210,0.0
700.124222,251,448.985934,698.1298295854219,3.5951290111531327,251,0.0
628.426881,204,449.08608,626.4936739265721,3.3959118064167266,204,0.0
707.911212,236,449.449153,705.8778713371483,3.7762553263179015,236,0.0
703.764676,252,449.578975,701.6694330640494,3.6154704019202906,252,0.0
669.128499,228,449.699949,667.2115841720354,3.5306982117933106,228,0.0
666.938702,223,450.045841,665.1154768647305,3.5535289066274856,223,0.0
684.795037,229,450.163478,682.7892732395728,3.647419775278443,229,0.0
144.225733,263,450.537038,143.10411157589283,-0.9397589109547525,263,0.0
686.251872,225,450.652997,684.2525052647825,3.690765374919975,225,0.0
659.8352,222,451.015647,657.6950886043494,3.5016438168976527,222,0.0
647.304215,210,451.127433,645.3446451124645,3.4989560365542065,210,0.0
746.819679,269,451.53912,744.8530000902717,3.8257261512450906,269,0.0
739.748327,256,451.67994,737.7880777523798,3.8723523460480864,256,0.0
674.877928,222,452.062683,672.9353885859745,3.624206328463387,222,0.0
531.358552,183,452.163025,529.1465144478889,2.784082693824682,183,0.0
708.350974,248,452.288611,706.410756867128,3.685118122979853,248,0.0
731.123113,255,452.678863,729.1760845499023,3.8116056733488293,255,0.0
676.841651,225,452.801117,674.7970793072232,3.6150914482098853,225,0.0
562.876593,194,453.148542,561.0890909951745,2.9522320948702134,194,0.0
666.490242,229,453.279476,664.6289326472595,3.5020900721985226,229,0.0
543.845594,182,453.643074,541.9016973423232,2.894218025416452,182,0.0
689.840069,227,453.769018,687.7966462001392,3.703048731438966,227,0.0
681.760047,227,453.887131,679.7506598533712,3.6390970936187563,227,0.0
719.549965,260,454.267801,717.655902701166,3.679850018353885,260,0.0
596.927503,194,454.375643,594.9746130263459,3.223155194605537,194,0.0
736.706658,254,454.773059,734.7254073279939,3.8637479031160695,254,0.0
630.743886,208,454.882639,628.6807945154517,3.381479314171079,208,0.0
122.973881,67,454.916489,121.18340037260188,0.44372650223299714,67,0.0
674.921849,232,455.2815,673.0983705714061,3.5461137462390186,232,0.0
648.898885,210,455.400268,646.912384063478,3.5114876084942894,210,0.0
604.133064,207,455.793752,602.1487351162566,3.177447701364923,207,0.0
615.951089,212,455.907418,613.8656992396368,3.2308532869599995,212,0.0
514.450228,185,456.009529,512.2455045581472,2.6327395094656563,185,0.0
621.819629,204,456.398207,619.7382245504308,3.34160222146698,204,0.0
687.088093,223,456.528152,685.1641612754056,3.713891510622829,223,0.0
650.025628,216,456.881322,647.9223411102264,3.4713564150075937,216,0.0
689.373442,248,457.006479,687.5678165258709,3.5344709316040293,248,0.0
716.073196,241,457.429983,714.0826411048645,3.802070282894552,241,0.0
734.159301,255,457.576092,732.3400130980094,3.837012694713036,255,0.0
666.371412,225,457.97344,664.6145767713554,3.5337731647134825,225,0.0
722.788817,237,458.097923,720.5963156985956,3.8859662630326275,237,0.0
685.123263,224,458.221518,683.1156368386086,3.68963024459786,224,0.0
674.582716,217,458.592221,672.6015396786313,3.66120956794539,217,0.0
653.570195,222,458.711189,651.5309093286154,3.452667651369317,222,0.0
637.148306,202,459.092385,634.9912612769779,3.4794854406382134,202,0.0
648.455924,208,459.207571,646.3444767375845,3.522589495288503,208,0.0
607.625399,229,459.605864,605.7502080200176,3.031198783187518,229,0.0
697.887884,253,459.743833,695.992655416217,3.562271543437336,253,0.0
602.114195,191,459.844149,600.1355107810667,3.2883131702466617,191,0.0
633.828255,202,460.21946,631.7899889528309,3.4539621370203966,202,0.0
675.471675,225,460.338356,673.6760043447542,3.6063530153570187,225,0.0
133.655505,75,460.38045,131.70318645185841,0.4641262554027551,75,0.0
659.021372,217,460.757718,657.0525067722562,3.536624765471852,217,0.0
711.818386,249,460.882792,709.9342006756374,3.705454868236117,249,0.0
669.506783,221,461.278557,667.6900303314709,3.5901931368613944,221,0.0
260.136433,106,461.337002,258.1509324203073,1.228865042264343,106,0.0
266.409977,109,461.394569,264.292850582662,1.2540354088547607,109,0.0
609.320726,198,461.781932,607.2229692510881,3.2894743900735604,198,0.0
674.993797,223,461.905878,673.0736104979433,3.6172469106368874,223,0.0
623.265222,206,462.019315,621.1878896125968,3.337403932924124,206,0.0
657.203011,214,462.393196,655.1460542998117,3.5454100566490196,214,0.0
607.80835,212,462.504391,605.6154000283414,3.1647255354918227,212,0.0
640.933215,208,462.87019,638.9166792194218,3.4631053651279564,208,0.0
614.873905,208,462.98246,613.0188913147767,3.2562988636384635,208,0.0
689.936356,231,463.353603,688.0934778379898,3.6738898602352816,231,0.0
650.080843,208,463.463585,648.0851453410799,3.5365526124468913,208,0.0
669.342713,222,463.582544,667.445080307448,3.5800208396233306,222,0.0
582.810469,196,463.955418,580.9221423187814,3.0951322848022444,196,0.0
543.892719,181,464.054506,541.8879968143075,2.902091287414362,181,0.0
666.960114,221,464.437945,665.0249561259949,3.5689969775285224,221,0.0
657.925051,221,464.561271,655.8531908150555,3.495199358082207,221,0.0
664.045984,221,464.685778,662.0416024146194,3.544979487306858,221,0.0
561.501656,189,465.040874,559.4846815322966,2.9792105546867282,189,0.0
560.167623,198,465.151875,558.3666017619072,2.898814805565493,198,0.0
648.604399,216,465.529772,646.776444715422,3.4627086628803796,216,0.0
643.616237,209,465.636803,641.7958256158037,3.478505703611663,209,0.0
768.360611,286,466.044678,766.2954308120708,3.8620085179360086,286,0.0
712.520446,241,466.174247,710.6542785380805,3.7747826325344485,241,0.0
696.529036,229,466.294726,694.5037565245938,3.7410537556359142,229,0.0
629.559992,200,466.656063,627.5574488379367,3.4360212060401762,200,0.0
703.865272,249,466.782893,702.0355709294718,3.6423499775654995,249,0.0
709.671476,245,467.161445,707.7528117056283,3.719933177206144,245,0.0
683.300118,220,467.270139,681.3231144010413,3.7071624894874895,220,0.0
646.63526,208,467.64445,644.5545584467043,3.508300787656224,208,0.0
691.500564,230,467.771675,689.6096471095187,3.694153015983261,230,0.0
703.150325,240,468.162758,701.2096685911475,3.7072876308578553,240,0.0
625.450964,200,468.266968,623.3846580236781,3.402661150173921,200,0.0
645.275019,211,468.389961,643.2773749918751,3.4742635612316994,211,0.0
736.661405,255,468.790734,734.6406151953004,3.8553149788363594,255,0.0
650.423712,209,468.900987,648.3508153827123,3.5308067371727594,209,0.0
691.766756,241,469.299473,690.0239463094814,3.609894963065314,241,0.0
579.205823,208,469.411353,577.4214853526067,2.9716343813421,208,0.0
662.40641,216,469.78478,660.435467347017,3.57168528490125,216,0.0
694.6499,236,469.900479,692.6835761747641,3.670869876298936,236,0.0
629.176308,227,470.018861,626.9846950871753,3.2161990572473935,227,0.0
683.102378,238,470.392705,681.1898247551985,3.563128155752177,238,0.0
613.331387,222,470.505793,611.3332179016601,3.1314965545759916,222,0.0
713.647695,242,470.885065,711.7051349176537,3.7755642770409383,242,0.0
684.499522,232,471.001085,682.6215759481361,3.6221854559783337,232,0.0
649.563849,205,471.364852,647.5269461700697,3.556094036396968,205,0.0
657.52484,215,471.475951,655.5340812061828,3.5407404789085755,215,0.0
644.655766,219,471.827902,642.5839589730201,3.4052200405231243,219,0.0
689.409467,243,471.952328,687.4716404841914,3.5734394798913445,243,0.0
702.996007,244,472.312878,700.930239606683,3.6730662833827497,244,0.0
698.716647,239,472.428293,696.5898121136822,3.6781353839804396,239,0.0
722.789989,244,472.553522,720.8485078707974,3.8325955321164296,244,0.0
708.16263,235,472.912841,706.2782836660814,3.7876818681952193,235,0.0
687.0478,234,473.035173,685.2734967462532,3.62768619653158,234,0.0
652.169593,227,473.447076,650.2977711947603,3.403493172368379,227,0.0
627.819396,206,473.555523,625.9274117805444,3.3754907694270164,206,0.0
682.142717,229,473.916889,680.1615303075164,3.626184198498905,229,0.0
725.840409,246,474.049324,723.9607142418358,3.8413295364491393,246,0.0
681.320335,223,474.422411,679.06706197611,3.6651185796413523,223,0.0
687.231749,222,474.55343,685.2476179796988,3.722709989129022,222,0.0
534.223501,211,474.673986,531.9789168634182,2.583628706367471,211,0.0
706.576077,232,475.071431,704.5042236535484,3.7969172608141943,232,0.0
407.513948,150,475.157896,405.4705936924269,2.0573957858414893,150,0.0
168.809469,86,475.200643,166.8589433332961,0.6577726536740062,86,0.0
629.763614,205,475.574186,627.5801571756714,3.396418153135194,205,0.0
746.205695,263,475.721175,744.3955193085828,3.8698883654741545,263,0.0
662.100256,223,476.135265,660.1686758182785,3.5140797663799126,223,0.0
720.665532,258,476.276237,718.8808114445305,3.705534726428243,258,0.0
608.179834,199,476.654836,606.1434765301009,3.272842168672993,199,0.0
701.42707,241,476.784284,699.475077118244,3.6854153075105245,241,0.0
673.203089,219,476.905462,671.1311893073108,3.6334947771886066,219,0.0
706.488783,241,477.307368,704.584491222293,3.7263401795486844,241,0.0
491.295448,204,477.419634,489.1110518406758,2.2965754634325655,204,0.0
684.739587,227,477.81651,682.7226265265267,3.662793000945173,227,0.0
648.69897,219,477.936195,646.6463585715458,3.437342688483702,219,0.0
704.733341,236,478.408925,702.8239995250412,3.7519625278897033,236,0.0
746.443819,268,478.580295,744.3088683231815,3.829337343964417,268,0.0
584.167094,187,478.990549,582.2431819783695,3.1771504702271365,187,0.0
605.4797,204,479.093755,603.4112279600647,3.211136357966213,204,0.0
653.384653,216,479.212159,651.5218688100799,3.5007246096359435,216,0.0
688.99558,229,479.604726,686.9293395221084,3.680001341960087,229,0.0
713.8526,236,479.736919,711.9712465916416,3.824943467905658,236,0.0
670.926228,222,480.097124,668.8962209068659,3.591771764531697,222,0.0
683.831922,222,480.203072,681.8684385282945,3.6956956794813505,222,0.0
673.267338,236,480.552995,671.1940160437281,3.4989111620312765,236,0.0
650.053898,224,480.65899,648.3409969252696,3.41165353113612,224,0.0
479.744863,172,480.74043,477.6245779594613,2.45953047537373,172,0.0
691.544474,239,481.076856,689.48829613295,3.6212547060619737,239,0.0
699.750631,245,481.23166,698.0136893959623,3.641828917230403,245,0.0
661.541418,218,481.593896,659.3617563833827,3.5471997179849954,218,0.0
709.932422,245,481.71848,707.9250431970507,3.720806887883174,245,0.0
550.591702,207,482.041829,548.3495295460842,2.7465597481837825,207,0.0
753.031339,261,482.160105,750.9838417288255,3.938363864812526,261,0.0
655.382187,210,482.479869,653.4413532154464,3.5636708880706243,210,0.0
671.72476,221,482.586017,669.8276946136366,3.6073883115307304,221,0.0
635.792481,222,482.683884,633.6855962248068,3.3099247743874898,222,0.0
649.866427,212,482.985791,647.7909685821738,3.50243954611495,212,0.0
648.85362,213,483.083682,646.9585597132709,3.488021996689517,213,0.0
658.2051,213,483.399358,656.0921546630065,3.560843167711584,213,0.0
582.085379,192,483.477881,580.1954030684328,3.1209804044523404,192,0.0
662.356762,266,483.804595,660.3107744790905,3.173205194510752,266,0.0
680.261534,219,483.897884,678.2728490810673,3.6906442005791336,219,0.0
567.106165,189,483.978668,565.0044238441903,3.02322188745089,189,0.0
690.980436,234,484.297575,689.1381894939741,3.6584310596385397,234,0.0
532.230949,172,484.374109,530.218409200297,2.880043880934679,172,0.0
550.516702,189,484.66681,548.3326575763934,2.8896208976914677,189,0.0
637.991958,206,484.753809,635.96822472995,3.4557383594611917,206,0.0
643.867438,206,484.843878,641.8039349921202,3.5023393542864687,206,0.0
669.465568,218,485.154726,667.4907353691871,3.612540945276893,218,0.0
656.147889,213,485.243545,654.1944957974904,3.54573343068255,213,0.0
649.571514,218,485.548623,647.5500769771153,3.452603301947924,218,0.0
677.042452,217,485.640782,674.9709451804057,3.6802409789283774,217,0.0
655.80739,209,485.728251,653.7791406502515,3.5740441538818457,209,0.0
614.285036,227,486.027339,612.2990793384542,3.0991051033028794,227,0.0
590.872951,202,486.113078,588.9561109780934,3.1113215626930035,202,0.0
650.696846,210,486.399454,648.8118911293948,3.5265671426368193,210,0.0
659.469129,212,486.485192,657.5332827405828,3.5804400941772867,212,0.0
670.495326,219,486.775089,668.5113705064042,3.612533087894589,219,0.0
616.141462,201,486.860648,614.1872329870226,3.3209885113481343,201,0.0
636.266576,202,486.949187,634.1161906182165,3.4726154516978953,202,0.0
662.344408,225,487.251787,660.5891920222507,3.501736202811134,225,0.0
604.483105,193,487.334278,602.4808485975267,3.2912546055683927,193,0.0
623.265173,205,487.622276,621.4367460492275,3.347513619948346,205,0.0
574.436844,188,487.700631,572.2656155230137,3.089185440821859,188,0.0
697.517626,228,487.789723,695.4894141682039,3.7569484342739625,228,0.0
622.318299,199,488.077092,620.2774824085228,3.385793837872932,199,0.0
609.211074,196,488.162406,607.3155058814762,3.3059688356884482,196,0.0
605.212191,212,488.444019,603.0830547409448,3.1446199110469535,212,0.0
633.69606,203,488.52928,631.7711639089545,3.445972690345375,203,0.0
697.224315,230,488.619621,695.2678432654426,3.7390831354978156,230,0.0
602.214404,196,488.889229,600.260340941616,3.249603119347337,196,0.0
545.985047,210,488.97562,543.8599838465798,2.687285056315638,210,0.0
673.098225,217,489.255058,671.1337597834448,3.6492886951871544,217,0.0
573.286704,205,489.33726,571.1228939114509,2.9446682585516193,205,0.0
603.052635,208,489.424227,601.2555011344834,3.1622555563462873,208,0.0
688.353598,239,489.72799,686.1790877204176,3.5948691435294378,239,0.0
621.984442,205,489.812494,620.0520794066583,3.3364262712865935,205,0.0
652.773595,207,490.088308,650.803837229392,3.566433562669054,207,0.0
283.047607,116,490.133095,281.10656353681094,1.33277790606683,116,0.0
600.214107,198,490.211967,598.3253668293859,3.2183067835856525,198,0.0
273.622078,114,490.454301,271.61951098271686,1.273085146842118,114,0.0
526.696041,195,490.536524,524.5505944377916,2.651582528618489,195,0.0
680.303793,227,490.630818,678.4064488860482,3.628316184928775,227,0.0
595.405873,209,490.917045,593.3537738692336,3.090987287710491,209,0.0
632.403256,207,491.000272,630.3137517967439,3.402175719811259,207,0.0
645.412457,213,491.283649,643.5344567713053,3.460621048552699,213,0.0
694.91005,236,491.386832,693.1554298887122,3.6747504447453476,236,0.0
166.802137,284,491.720825,165.3662222017811,-0.9286567345080551,284,0.0
665.280475,218,491.811879,663.232517033889,3.5782892953591756,218,0.0
641.690986,209,491.897257,639.7487340386649,3.462010057964304,209,0.0
118.224124,64,492.110414,116.66769008933916,0.43159580025184,64,0.0
667.362745,226,492.199462,665.4781301309433,3.532915101778944,226,0.0
654.238507,213,492.285681,652.4003230760849,3.5315754410785063,213,0.0
546.763768,174,492.557261,544.8328605164536,2.9813289620667662,174,0.0
651.659692,212,492.641516,649.7128741377653,3.5180160907597555,212,0.0
574.510028,191,492.91007,572.4528055104611,3.0670261635107523,191,0.0
654.119506,212,492.993915,652.19977983873,3.5378136005490033,212,0.0
673.335109,218,493.079613,671.2876889829903,3.6427545268020856,218,0.0
675.144711,217,493.35837,673.12505846384,3.665302219855187,217,0.0
686.4364,234,493.453278,684.5425352117784,3.621962187199884,234,0.0
650.236441,213,493.730297,648.3197938306408,3.4988553315216033,213,0.0
692.588436,228,493.820617,690.6746507102608,3.7184708733294016,228,0.0
635.471452,204,493.901899,633.4126363232149,3.4510217192924553,204,0.0
659.554797,217,494.18721,657.5735402282605,3.5412517150273928,217,0.0
648.185742,210,494.269137,646.221552488814,3.505958979945267,210,0.0
689.576442,228,494.553327,687.5157803079994,3.6931331236358327,228,0.0
616.294139,208,494.63931,614.2447484501605,3.2659488523661846,208,0.0
624.146798,209,494.927974,622.2733946458444,3.3223213285129565,209,0.0
685.868554,225,495.022309,683.895838339109,3.6880225239581916,225,0.0
701.524191,232,495.114255,699.5701729805241,3.757729113388649,232,0.0
552.151597,191,495.390898,550.0951272222146,2.888210580271431,191,0.0
705.746173,236,495.488873,703.8393830229467,3.7602062723643606,236,0.0
694.358286,255,495.797369,692.6547170177405,3.519653922038764,255,0.0
697.297017,240,495.893796,695.4456908549737,3.6613088923529524,240,0.0
133.239195,69,495.918615,131.5000232320673,0.5104532703719463,69,0.0
653.726918,216,496.197535,651.6934973249284,3.5020725909945214,216,0.0
721.141988,258,496.300329,719.3536066242323,3.7093958987774824,258,0.0
575.172399,180,496.568004,573.1102875242583,3.1596804785651087,180,0.0
649.385527,208,496.654448,647.328316250542,3.5307708008006653,208,0.0
684.497799,228,496.945524,682.5874529225598,3.6536709382633394,228,0.0
585.518501,206,497.031964,583.5105263579993,3.0358778845301897,206,0.0
650.370347,220,497.122694,648.2504841813703,3.4423166090159714,220,0.0
689.677886,223,497.408045,687.6596093967023,3.734077069619615,223,0.0
641.04972,215,497.496968,639.230920048566,3.4103200902707522,215,0.0
727.654288,248,497.791749,725.785916223668,3.840029028302149,248,0.0
613.224953,205,497.878348,611.3834429609288,3.26728153739138,205,0.0
672.417627,224,498.1804,670.5056495229439,3.588943897139805,224,0.0
640.607724,208,498.262054,638.7043255370531,3.461835686773773,208,0.0
607.323054,225,498.352729,605.1215473610472,3.057588919193695,225,0.0
639.873162,220,498.644941,637.7502064375118,3.3581210072699226,220,0.0
689.734601,224,498.736538,687.6179431707845,3.72558513676246,224,0.0
621.213889,200,499.011953,619.1634065609287,3.3690527754465855,200,0.0
679.729205,222,499.100926,677.6288280375321,3.66161827519351,222,0.0
694.887738,228,499.381394,692.9549503464991,3.736602648758363,228,0.0
656.658439,213,499.467458,654.7789407178975,3.5505902246774976,213,0.0
648.819713,221,499.555588,647.0056535015591,3.4247970436072053,221,0.0
686.896476,239,499.838756,685.0569305430236,3.586000259327569,239,0.0
616.430202,195,499.915025,614.4043648342533,3.370683081056492,195,0.0
669.418526,214,500.191792,667.4133209914029,3.643608988752265,214,0.0
635.464991,244,500.290689,633.4910275151378,3.1339880154579,244,0.0
131.920502,68,500.317159,130.3117087853321,0.5088478766863741,68,0.0
563.146411,183,500.583753,561.2357660386288,3.040900049470211,183,0.0
680.459635,228,500.674881,678.5432194006129,3.621360270604836,228,0.0
137.299798,70,500.699348,135.526879926805,0.5347615838768828,70,0.0
687.21723,231,500.988232,685.2236883578638,3.650960705219807,231,0.0
634.306376,207,501.06966,632.4004055638075,3.419363228467647,207,0.0
626.165369,209,501.153867,624.2772389697695,3.338453773594159,209,0.0
720.302327,244,501.443771,718.3808166540875,3.812941139198987,244,0.0
708.963347,236,501.538445,707.025328274783,3.785422048752864,236,0.0
715.42793,238,501.825554,713.4335041199481,3.820902311539014,238,0.0
700.64387,230,501.916134,698.6437749464702,3.7660244634618474,230,0.0
580.352017,201,502.185908,578.2120594873007,3.0329833497111927,201,0.0
674.479306,218,502.272344,672.5895662780588,3.653419997118578,218,0.0
638.974073,216,502.54757,637.085944584406,3.3852775471700216,216,0.0
602.168147,220,502.633403,600.3725834858014,3.059722821150993,220,0.0
652.775639,215,502.718548,650.8779432743507,3.5035783799199,215,0.0
671.627101,216,502.998001,669.7329083046787,3.6463843890681145,216,0.0
665.290994,216,503.083101,663.3372862843248,3.595173710261589,216,0.0
669.094935,217,503.354851,667.1838819505884,3.61801432010923,217,0.0
707.962433,231,503.448788,706.0107049092359,3.8173689448778987,231,0.0
675.733021,220,503.728567,673.8967168022009,3.647970964810297,220,0.0
545.388887,184,503.800388,543.2462777481426,2.889030472209686,184,0.0
669.668323,227,503.888911,667.870704339014,3.5441088259882294,227,0.0
728.637917,257,504.179115,726.7854898538865,3.7768343474264845,257,0.0
698.714447,228,504.271078,696.6797607054311,3.766093680342535,228,0.0
715.602008,235,504.559947,713.6254142288032,3.8463439151591876,235,0.0
638.438597,204,504.644583,636.5716583280694,3.476487529330966,204,0.0
681.458932,226,504.933081,679.3733495780924,3.643884248040398,226,0.0
646.442601,221,505.020605,644.4517016455138,3.4039020569911815,221,0.0
695.115588,237,505.118974,693.1438656611613,3.6666933747990176,237,0.0
694.014551,226,505.413054,692.0199959228008,3.7449980646613628,226,0.0
667.481364,228,505.503062,665.5932836867102,3.517834616408999,228,0.0
709.472331,240,505.790727,707.617170030032,3.7585409702622505,240,0.0
681.370543,230,505.88189,679.3268789178186,3.6118038395099004,230,0.0
710.317845,233,506.167523,708.3038153422242,3.8195054167935174,233,0.0
630.582001,214,506.252575,628.4136555515156,3.331416484573983,214,0.0
671.342741,218,506.528745,669.307611762801,3.6269035957494657,218,0.0
760.102278,272,506.637672,758.1559046299265,3.9083474108834335,272,0.0
687.643273,225,506.915025,685.4436518085619,3.700120477297503,225,0.0
712.465853,243,507.010485,710.4892449311536,3.7576766695250585,243,0.0
704.389465,236,507.292435,702.4528451187459,3.7490564607980983,236,0.0
657.812935,219,507.380473,656.0152899689625,3.5129251261998915,219,0.0
675.838473,213,507.465002,673.7868008811469,3.7025127567928102,213,0.0
687.0821,236,507.752387,685.021587083547,3.6092188203564883,236,0.0
660.464872,212,507.837463,658.5037751715778,3.588375762275351,212,0.0
706.787474,232,508.118476,704.7875787403646,3.7993765203559615,232,0.0
683.999298,236,508.211837,681.985137643564,3.5851960011015915,236,0.0
640.570096,208,508.483621,638.6220211883651,3.461031915930004,208,0.0
678.655311,225,508.575616,676.7435511864368,3.6309016834230077,225,0.0
724.921691,247,508.673973,722.9796376040315,3.8258361321524634,247,0.0
712.314953,245,508.961462,710.3915790193578,3.740960948012656,245,0.0
726.280165,244,509.060338,724.3028240080662,3.8601039724146697,244,0.0
657.766124,219,509.34153,655.8729124631318,3.511646049686563,219,0.0
761.139792,269,509.45054,759.1703461189329,3.940061621596699,269,0.0
712.725745,247,509.749769,710.904974920581,3.7292813513196896,247,0.0
775.279481,284,509.863915,773.3679928630324,3.934589101811659,284,0.0
731.20565,245,510.148943,729.0984367593823,3.8902294936185156,245,0.0
733.110818,247,510.247748,731.1758661093445,3.891207591286132,247,0.0
679.462272,230,510.528705,677.5168683015924,3.5970819851005076,230,0.0
749.425224,266,510.634542,747.3937378641375,3.869595673604251,266,0.0
754.788148,270,510.930467,752.8820967297448,3.882117288764867,270,0.0
705.489596,243,511.027585,703.5991313885148,3.702642255789933,243,0.0
741.883072,257,511.322945,740.0046756563253,3.8823405214548177,257,0.0
749.801904,274,511.428974,747.8257084491429,3.8097444768447426,274,0.0
712.214164,245,511.725525,710.4093043498046,3.7411673077280145,245,0.0
716.946319,242,511.8226,714.8557199437143,3.8004027415659056,242,0.0
760.554086,276,512.123512,758.7625435838171,3.881312730262562,276,0.0
743.557416,259,512.225359,741.6578456680763,3.879668812644117,259,0.0
747.516514,284,512.52962,745.7268840343651,3.7137291876665928,284,0.0
698.612102,230,512.6196,696.6925025415915,3.750710857356957,230,0.0
723.985321,244,512.905946,722.0586589014742,3.8420911245615255,244,0.0
794.830823,295,513.02506,792.916016783204,4.0032892057978495,295,0.0
739.088564,252,513.318791,737.1801023360076,3.899445366814891,252,0.0
760.851481,268,513.427204,758.9720797761789,3.9466260853983326,268,0.0
661.933029,233,513.711621,660.0412929712817,3.4336711232479833,233,0.0
731.383824,257,513.81359,729.5908974046586,3.799246977836449,257,0.0
660.998041,219,514.091042,659.0281856253876,3.5366728792884485,219,0.0
730.816274,252,514.189172,728.9662723796156,3.8339123435346005,252,0.0
693.44405,230,514.481743,691.3265298370046,3.70753127284181,230,0.0
700.5786,226,514.569756,698.4266160446775,3.7961373661921147,226,0.0
747.314854,265,514.881332,745.4878242460717,3.862764124184987,265,0.0
717.273704,239,514.978898,715.2756960729645,3.8275674774106943,239,0.0
657.459637,226,515.267945,655.5033649849836,3.453070439063863,226,0.0
704.035975,239,515.361764,702.1723635746108,3.722813007404981,239,0.0
726.757494,245,515.651031,724.6998716616952,3.855286102661632,245,0.0
703.783902,237,515.746551,701.8233330706682,3.7359378321119294,237,0.0
775.053138,293,516.05748,773.1901273282577,3.8614236528499837,293,0.0
688.449159,227,516.147504,686.4510819518713,3.692395520262611,227,0.0
756.098968,265,516.460467,754.1019171229864,3.931333895616476,265,0.0
779.011699,294,516.588568,777.1230482019183,3.8850873927680256,294,0.0
755.222915,279,516.902826,753.2420894162718,3.813133114382803,279,0.0
768.760383,281,517.021656,766.7901790825567,3.905754412825338,281,0.0
678.342828,232,517.317083,676.1679844956268,3.5704427913761716,232,0.0
749.8775,274,517.430707,747.9447473384579,3.8106891846985773,274,0.0
721.492509,267,517.73145,719.6263690930106,3.6399463410912216,267,0.0
804.687436,299,517.855022,802.8829091493803,4.051279148041136,299,0.0
724.110127,257,518.156845,722.0935254873064,3.7389974860275634,257,0.0
739.610036,255,518.259176,737.6358288006259,3.8791386472723293,255,0.0
718.722656,243,518.551548,716.6978758978887,3.8069966191446354,243,0.0
732.528143,263,518.657736,730.6635599473444,3.760026403560822,263,0.0
704.127065,231,518.944642,702.2645781754047,3.7870529295682913,231,0.0
719.228577,245,519.046542,717.2601738271859,3.795614094372911,245,0.0
759.192191,276,519.358042,757.2516616742942,3.86922926185606,276,0.0
719.858092,249,519.460888,717.9656990695262,3.769889437340932,249,0.0
762.120182,277,519.764957,760.0842931817781,3.883912407761463,277,0.0
717.409037,240,519.860754,715.4086432320415,3.820475199692605,240,0.0
626.078743,218,520.144499,624.1392564074948,3.265937514997925,218,0.0
753.012447,267,520.251995,751.0809559306379,3.891309952593423,267,0.0
701.809167,231,520.543812,699.8051114944769,3.7674658786922928,231,0.0
779.869347,285,520.657495,777.9951534920234,3.9636796061820156,285,0.0
748.09921,265,520.959714,746.0592955870652,3.866954314215561,265,0.0
749.311409,267,521.06647,747.499922668111,3.8628207402752057,267,0.0
773.121644,251,521.361514,770.9589418817989,4.177546314385888,251,0.0
705.379649,240,521.456515,703.223945832294,3.723369646220985,240,0.0
675.554544,237,521.750276,673.5126290725215,3.5097157741532774,237,0.0
780.585262,288,521.864822,778.6675934467828,3.9451205212100535,288,0.0
757.220528,276,522.16885,755.0823673335466,3.8519433815699813,276,0.0
708.844483,236,522.259563,706.8876169060197,3.7845194591837603,236,0.0
734.633344,256,522.55548,732.7703554313567,3.832414236681486,256,0.0
692.807946,244,522.654481,690.7316567272527,3.5913629502289908,244,0.0
740.259534,254,522.960994,738.296716595467,3.8923978410655833,254,0.0
749.078871,262,523.07169,747.177898407311,3.899819290636875,262,0.0
696.31228,242,523.368884,694.2029350221441,3.6350504062451794,242,0.0
697.105538,233,523.459087,695.0701771583133,3.7136860524488253,233,0.0
727.79428,245,523.763284,725.8659236079124,3.864792384707963,245,0.0
690.056824,241,523.861959,688.0702884876297,3.594066861129659,241,0.0
669.114581,230,524.155302,667.0442747585488,3.5128620945327103,230,0.0
686.532399,234,524.250805,684.4100300717638,3.6200908218931453,234,0.0
700.671286,241,524.549659,698.5449356410738,3.6772151560500945,241,0.0
638.707107,226,524.64335,636.8262896565765,3.303473221568426,226,0.0
716.920597,252,524.746701,714.9075842948973,3.7212067357710534,252,0.0
634.592033,241,525.043515,632.2958089041467,3.147381053931406,241,0.0
702.175958,243,525.142888,700.1909583055959,3.6749165371180212,243,0.0
725.883733,247,525.445204,723.868843518183,3.832678099719691,247,0.0
695.378675,227,525.539192,693.3048254767872,3.747347867387884,227,0.0
712.254164,243,525.837055,710.2715725466664,3.7556946329407883,243,0.0
766.345105,275,525.958422,764.3141365309226,3.9337165723299443,275,0.0
717.51328,241,526.272664,715.5166979836206,3.8134499102114834,241,0.0
722.227369,246,526.37147,720.0388758639107,3.809960660316237,246,0.0
720.28656,248,526.684582,718.1817064547726,3.7792157943709195,248,0.0
744.494595,256,526.79792,742.5275400142273,3.9103254311633076,256,0.0
853.393645,279,527.134011,851.1484913905356,4.596405569522808,279,0.0
686.828066,232,527.229334,684.7154054256775,3.6385577331104635,232,0.0
709.081804,238,527.524645,706.9068610295203,3.7683338138122235,238,0.0
705.587362,241,527.625825,703.4657859025402,3.7169994114150264,241,0.0
732.637403,245,527.925132,730.6622388914224,3.9031204229310106,245,0.0
718.041809,242,528.020497,715.9665775285109,3.8092701627276937,242,0.0
742.644453,268,528.323252,740.5948888074438,3.799451596617193,268,0.0
696.580404,228,528.413265,694.5016362120004,3.7490857844986616,228,0.0
934.049403,307,528.737115,931.9251849217106,5.019794542259538,307,0.0
717.115521,238,528.836474,715.1337410942365,3.8345649426772797,238,0.0
864.340058,296,529.154439,862.0916627671563,4.548845010687034,296,0.0
686.729724,226,529.250455,684.5881823644559,3.6852185126876864,226,0.0
668.844948,223,529.540489,666.9666061838396,3.5686765784317647,223,0.0
708.224932,245,529.639516,706.1187875185428,3.7064207880204827,245,0.0
799.194877,255,529.933891,796.8744590518972,4.352864557972344,255,0.0
725.84955,241,530.035272,723.8451689307279,3.8800874367813987,241,0.0
708.362667,246,530.340258,706.2260187916282,3.699515022037225,246,0.0
781.051335,310,530.461968,778.9640226292269,3.7725079855250785,310,0.0
690.196113,233,530.755825,688.0783404565555,3.657556086039839,233,0.0
704.44439,235,530.85605,702.3736389034656,3.7564201133025747,235,0.0
685.865791,229,531.152203,683.9133532717606,3.6564561144214256,229,0.0
736.352149,245,531.248313,734.3194563846902,3.9323319371393755,245,0.0
727.722914,251,531.541975,725.7638866056742,3.816202653853634,251,0.0
774.724799,244,531.638644,772.6075937568845,4.246489897277343,244,0.0
726.828717,251,531.743468,724.9058655370567,3.809140227791358,251,0.0
886.432005,280,532.046359,884.2070800460634,4.852726793118748,280,0.0
825.116566,331,532.371741,823.0175339599899,3.9577546688834717,331,0.0
694.738232,239,532.466613,692.5947156135688,3.6459141305195124,239,0.0
702.680855,240,532.754357,700.6207178272257,3.702199197967495,240,0.0
737.057282,261,532.856583,735.1558113573443,3.8117804456355757,261,0.0
667.346545,227,533.136257,665.3633016119202,3.5235949846334367,227,0.0
641.58609,229,533.227651,639.6655704243443,3.3022238797391634,229,0.0
703.077143,238,533.320056,701.1049174679061,3.7221670844404695,238,0.0
704.316817,234,533.601727,702.4096454019922,3.7645391614893677,234,0.0
662.707566,233,533.693358,660.5926623750682,3.437800716423408,233,0.0
586.767249,215,533.968332,584.6836232529743,2.9735286551794236,215,0.0
681.03246,229,534.057772,678.8908520515607,3.6158563506622428,229,0.0
700.663555,238,534.345553,698.6048258404664,3.7021267119461285,238,0.0
802.628773,293,534.462348,800.5671219870954,4.080397879765216,293,0.0
2.460332,121,534.698711,0.9261803336519296,-0.9478112175553415,121,0.0
715.404869,239,534.79342,713.4052800526304,3.812705116912292,239,0.0
728.81852,250,534.890431,726.8466995854686,3.8326894616431115,250,0.0
748.171231,260,535.185157,746.1222921258111,3.9073554713147085,260,0.0
699.54533,232,535.275472,697.6225202027774,3.742267387487975,232,0.0
725.748664,249,535.577046,723.7573885581146,3.816074879621093,249,0.0
730.513812,245,535.67854,728.3984017471784,3.8846286459021244,245,0.0
659.366121,239,535.981023,657.1622555742188,3.362900218700735,239,0.0
741.779161,246,536.082851,739.5170215470827,3.965810000392698,246,0.0
596.859816,204,536.371895,594.9801298460956,3.1438741075299967,204,0.0
723.756855,245,536.472962,721.7355581044972,3.8315755896533323,245,0.0
749.526124,260,536.779983,747.6134008167711,3.9194716971281376,260,0.0
746.382323,250,536.884165,744.1228219509131,3.970865062800058,250,0.0
749.757339,264,537.18472,747.6000220805113,3.8875137198971137,264,0.0
718.790881,250,537.283629,716.7528770633567,3.7518228120282777,250,0.0
691.457757,234,537.570861,689.2591487700412,3.6591488565311296,234,0.0
716.371265,247,537.66884,714.2548390753174,3.7555279542202693,247,0.0
769.681285,273,537.968204,767.6219320702953,3.976151361382103,273,0.0
771.225666,273,538.077513,769.1560618183205,3.9881342665093737,273,0.0
698.661054,236,538.37388,696.6938566687912,3.7030865481655533,236,0.0
786.933418,288,538.488614,785.0419113172215,3.9959336986314486,288,0.0
738.152493,249,538.78478,736.1428244391317,3.9149627885988703,249,0.0
725.577232,246,538.881724,723.4681678360367,3.837265592382882,246,0.0
753.076438,275,539.190285,751.1227297844911,3.8279854178477715,275,0.0
736.404781,251,539.290972,734.4453825290694,3.885493416555342,251,0.0
667.236898,217,539.574482,665.1170608484388,3.60126475975604,217,0.0
728.371164,254,539.674989,726.2469116430102,3.795720058269301,254,0.0
686.405708,235,539.967375,684.2377089940425,3.6113749036814586,235,0.0
613.668505,219,540.052231,611.5899216512798,3.157042485113161,219,0.0
715.910283,241,540.338497,713.8179136223654,3.7998541196929527,241,0.0
752.293539,242,540.435716,750.0717430102844,4.081874778980179,242,0.0
711.843828,240,540.533157,709.7734535866639,3.7754693818272966,240,0.0
718.630427,243,540.822123,716.3713198924676,3.8043693057568806,243,0.0
696.30684,241,540.917122,694.4597509885286,3.645529018871551,241,0.0
594.950294,211,541.199525,592.915687403994,3.071338476694212,211,0.0
737.029335,265,541.305051,734.9551669712113,3.778551456670407,265,0.0
725.721432,244,541.606681,723.5923762579632,3.8543221794262137,244,0.0
737.821821,252,541.710652,735.7064655051953,3.8875525863488494,252,0.0
770.039678,242,542.012273,767.7463832696495,4.223337987937828,242,0.0
717.498216,239,542.109426,715.3166905039589,3.827870194521652,239,0.0
672.410395,227,542.399821,670.2925042832442,3.5629555786111853,227,0.0
138.641251,258,542.502808,137.23037776000692,-0.9468930513040054,258,0.0
672.162165,226,542.781034,670.234110525935,3.57103163249146,226,0.0
837.758612,276,542.891756,835.4004760302323,4.493896440662778,276,0.0
697.569193,230,543.172328,695.2782880996444,3.7392134676013886,230,0.0
781.139481,249,543.271433,778.819247522506,4.256120010414147,249,0.0
710.351091,233,543.554181,708.307710406042,3.819464266058226,233,0.0
687.032661,227,543.64192,684.917051339195,3.6801376738689755,227,0.0
22.634587,144,543.698532,21.00950594519469,-0.9700731363282934,144,0.0
708.507502,244,543.992608,706.5507199201129,3.7183146292122853,244,0.0
666.98059,229,544.082373,664.9178101069188,3.5039388021252154,229,0.0
747.606939,265,544.383135,745.4747230874545,3.8624936339152462,265,0.0
672.994753,225,544.473512,670.9636162009413,3.5847429637404873,225,0.0
628.529034,209,544.746557,626.5063531636588,3.356286547053866,209,0.0
706.11363,237,544.840739,703.8919591780082,3.7523532509969773,237,0.0
665.189347,217,544.927031,663.1792931540158,3.586045206509335,217,0.0
662.242948,221,545.207763,660.3406060635782,3.5314497073784263,221,0.0
700.63271,233,545.301723,698.5754445925895,3.7419236498593023,233,0.0
648.564689,224,545.585203,646.3237053612124,3.3949490576692813,224,0.0
652.913527,220,545.674685,651.038533949717,3.4651865797132664,220,0.0
712.992527,242,545.965359,710.9152745200478,3.7691154295903964,242,0.0
686.986379,229,546.057065,684.993626650937,3.6651081261731857,229,0.0
667.333186,219,546.333865,665.3539559068635,3.5875704717677155,219,0.0
675.723315,216,546.419095,673.6292736419689,3.6774909481359463,216,0.0
630.064808,213,546.505177,628.1357613370449,3.337675447794924,213,0.0
693.578528,232,546.791748,691.3920592305888,3.6922331279804435,232,0.0
657.72841,215,546.877537,655.6991974848921,3.5421023620982797,215,0.0
679.559639,226,547.166595,677.4330879050535,3.627922059328295,226,0.0
708.777395,237,547.261447,706.8970307009303,3.7767903762459833,237,0.0
702.779914,240,547.553909,700.7875942778097,3.704137238619307,240,0.0
662.822365,224,547.644515,660.5910531760616,3.509043206901999,224,0.0
685.457349,226,547.928832,683.5819720419097,3.6774118401188214,226,0.0
681.95149,228,548.023087,679.7952969822908,3.631422025409613,228,0.0
702.9896,228,548.11224,700.9950965525209,3.8009630716060108,228,0.0
738.331251,229,548.406484,736.0676947062208,4.0734988079319345,229,0.0
717.139617,236,548.504549,715.091946662292,3.850184140055476,236,0.0
665.143194,223,548.792851,662.9968906044681,3.5368458151936144,223,0.0
704.468055,232,548.886341,702.3727523059292,3.780057141247156,232,0.0
712.271767,241,549.17863,710.1542061341514,3.7708906731680467,241,0.0
731.699457,252,549.278848,729.7674991018965,3.840367816482401,252,0.0
677.287926,219,549.557978,675.2849046804599,3.666818859556788,219,0.0
691.876431,224,549.646071,689.7050232170092,3.7423402729015343,224,0.0
633.048723,214,549.730849,631.0647193930296,3.353155364782513,214,0.0
726.766543,242,550.023706,724.6733165697206,3.8790165166497337,242,0.0
694.964171,228,550.122298,692.880617492696,3.7360099475521866,228,0.0
689.08563,230,550.426861,687.0171904826503,3.673373279580447,230,0.0
764.175192,273,550.540239,762.1621642824033,3.9323342217924124,273,0.0
715.335675,247,550.828092,713.3055499788637,3.748470708361853,247,0.0
834.263639,260,550.930264,831.984312687668,4.593864719963763,260,0.0
706.698218,231,551.218294,704.6514468403101,3.8061693451017384,231,0.0
703.041815,231,551.314385,700.9386828792922,3.7764930859969468,231,0.0
696.191677,229,551.594589,694.1900142365321,3.7386279578873536,229,0.0
689.324945,237,551.689834,687.2926330469071,3.619867204113292,237,0.0
690.524486,227,551.975705,688.4504946406151,3.7083979588774336,227,0.0
664.20754,224,552.063801,662.0223620967663,3.5208155242060872,224,0.0
682.104492,222,552.151787,680.0080688760657,3.6805691559106424,222,0.0
704.395896,231,552.481277,702.4476409697512,3.788870954860807,231,0.0
701.460854,232,552.579934,699.5258725562841,3.7575987755695426,232,0.0
693.527656,227,552.877087,691.5850988880011,3.733799135530163,227,0.0
690.772622,230,552.97316,688.6061558169248,3.685998226287723,230,0.0
664.948951,228,553.267934,663.037073529466,3.497613781348994,228,0.0
701.875232,231,553.36067,699.8524207110562,3.767959713044428,231,0.0
680.82133,223,553.653172,678.6806612107202,3.66207568496596,223,0.0
693.943206,237,553.752555,691.9472138802779,3.6572463238483524,237,0.0
675.369213,231,554.048736,673.320803660417,3.5558793835005313,231,0.0
754.509446,265,554.156254,752.557541327964,3.919362504036678,265,0.0
753.816788,270,554.475079,751.7610875033944,3.873148506958919,270,0.0
704.929734,234,554.56865,702.8710039045915,3.768347301298583,234,0.0
666.554212,219,554.66023,664.5756169730752,3.5813750865429275,219,0.0
692.866156,224,554.949561,690.8501350921794,3.7518131692057364,224,0.0
756.311347,271,555.058836,754.4024427122507,3.8864160476310747,271,0.0
747.505766,258,555.361621,745.3972015169493,3.9175239459149895,258,0.0
784.568263,249,555.462377,782.3670911018635,4.284504543653054,249,0.0
634.612911,216,555.749105,632.6024152562422,3.349272837755593,216,0.0
645.375998,214,555.833491,643.4464522871383,3.452182713114625,214,0.0
686.222002,232,556.136983,684.2108588603173,3.635104848066598,232,0.0
770.251796,274,556.249764,768.0323605266859,3.9714175978746202,274,0.0
833.616736,262,556.553356,831.3572561821616,4.572862807081409,262,0.0
700.814651,228,556.647416,698.6686539319179,3.782467065633144,228,0.0
687.667563,221,556.93493,685.5221071791117,3.732647152146868,221,0.0
693.446049,229,557.027523,691.5207681461557,3.7172252837392277,229,0.0
715.0378,240,557.326574,713.0068679235985,3.8015925572053466,240,0.0
747.602751,260,557.43602,745.6360966954666,3.9034894193022036,260,0.0
689.502556,226,557.530241,687.4998928548545,3.709041439797925,226,0.0
678.892829,226,557.827575,676.9356887846889,3.6245204655052574,226,0.0
686.896165,226,557.92342,684.882045149755,3.688048241004896,226,0.0
733.653731,251,558.228145,731.4922141667018,3.861837861425452,251,0.0
718.713122,241,558.337526,716.6092625527839,3.8227468563893514,241,0.0
641.089297,218,558.638008,639.0490327517276,3.3852124880498344,218,0.0
715.709718,238,558.741668,713.5683777672396,3.821794792323503,238,0.0
665.853122,215,559.080401,663.7988605218228,3.6069979114305144,215,0.0
721.953188,244,559.184438,719.9438240116066,3.825361534187629,244,0.0
729.518854,237,559.499279,727.32153133784,3.9399415996217395,237,0.0
792.135106,250,559.609232,789.9607008663087,4.337664859501707,250,0.0
721.133933,261,559.925002,719.1491665978637,3.68386507066801,261,0.0
759.468419,282,560.046707,757.3587152559761,3.8223422339837856,282,0.0
679.239733,223,560.336826,677.0062146767283,3.648700814304508,223,0.0
655.962764,215,560.431484,653.8813766901209,3.5276221988881473,215,0.0
694.949236,232,560.529904,692.9409598316031,3.704901668102639,232,0.0
708.943006,239,560.841841,706.7298743196139,3.7591620729350157,239,0.0
805.565521,257,560.947778,803.3269299169574,4.388672099732641,257,0.0
821.431492,259,561.273999,819.279368642073,4.50060553099817,259,0.0
660.170184,215,561.363308,658.0619174332052,3.5607625861571504,215,0.0
692.532342,228,561.684404,690.568878612545,3.717597504379736,228,0.0
681.641634,231,561.799563,679.6770577254412,3.606685956144287,231,0.0
743.929674,240,562.16002,741.6516830534539,4.030550455262775,240,0.0
717.615985,241,562.278568,715.6272055814713,3.8146353112660134,241,0.0
712.711939,233,562.608038,710.6269910573762,3.8382661108957876,233,0.0
660.314346,218,562.705874,658.2115283204815,3.538381060705793,218,0.0
719.626211,246,563.063201,717.5845616546471,3.790398984435398,246,0.0
724.851875,230,563.180338,722.6776749195105,3.9585498574424856,230,0.0
781.332149,249,563.302839,779.0581477618774,4.2579611422915,249,0.0
853.790676,270,563.673061,851.4606329989078,4.67002591975083,270,0.0
677.250515,229,563.809005,675.1958581930332,3.5865062428204983,229,0.0
695.845066,234,564.200234,693.596752921716,3.6940434981446026,234,0.0
712.023842,241,564.328485,709.9316221170936,3.769136210888898,241,0.0
718.033644,241,564.700155,715.8217741926501,3.815858454942946,241,0.0
806.597839,252,564.824438,804.332798401931,4.43657144644196,252,0.0
666.623642,217,565.192448,664.4875945592256,3.5963808050166475,217,0.0
639.677404,218,565.309448,637.5512169125882,3.373234211593059,218,0.0
741.500876,298,565.718778,739.3370464225757,3.5511140956304823,298,0.0
643.043352,220,565.83862,640.9905829685811,3.384783297380488,220,0.0
779.950616,238,566.260766,777.7842797295169,4.3355284829273675,238,0.0
700.997869,234,566.401182,698.9402303835088,3.737001942178004,234,0.0
618.480572,205,566.83673,616.5641941174478,3.308654392661591,205,0.0
721.414276,246,566.986304,719.2823969636721,3.8043181286742165,246,0.0
888.739878,277,567.42919,886.4885728500327,4.894757184262585,277,0.0
683.134065,233,567.564214,681.0115694836113,3.6015381418173074,233,0.0
592.328714,204,567.67813,590.414518893783,3.107465170378559,204,0.0
679.138576,234,568.086799,677.1611323471724,3.562229184642308,234,0.0
1469.806018,454,568.639837,1467.4356176921779,8.133200277267887,454,0.0
657.28097,217,568.778807,655.2590663684343,3.5227414876034846,217,0.0
819.675501,253,569.248336,817.4144754980296,4.533098605227712,253,0.0
705.920373,240,569.40956,703.9275385743322,3.729175987695412,240,0.0
606.672159,210,569.868655,604.6140786563466,3.1733879244628937,210,0.0
636.208568,223,569.995544,634.066924295779,3.305519356162622,223,0.0
885.68804,274,570.468346,883.5335345805985,4.895310265514918,274,0.0
696.857782,239,570.600928,694.6305865092661,3.662522689319398,239,0.0
654.626819,211,570.713361,652.556020605355,3.548818009603587,211,0.0
876.089495,274,571.103501,873.7839647149502,4.817184926207975,274,0.0
742.491767,255,571.224767,740.1887172197073,3.899241675799404,255,0.0
808.719395,266,571.589813,806.6099784718361,4.343507783391137,266,0.0
618.919644,225,571.699591,616.7716324607724,3.151164065501744,225,0.0
669.561008,220,572.078633,667.4994272586856,3.596921496104051,220,0.0
639.512671,219,572.195779,637.3410869755039,3.3636833278031686,219,0.0
626.120697,204,572.618198,624.093750192379,3.3768474374697783,204,0.0
695.360022,230,572.772811,693.2608500412537,3.723122995079204,230,0.0
734.746919,257,573.253516,732.7620050379982,3.824648527895269,257,0.0
606.490768,205,573.397324,604.4956780094964,3.2121752717404335,205,0.0
827.26807,264,573.896893,825.0229555917801,4.50652362433068,264,0.0
898.720498,283,574.107102,896.448641140037,4.926710753658969,283,0.0
668.107679,223,574.244626,666.0141245835672,3.5609720400469236,223,0.0
699.901533,247,574.727578,697.7683648406781,3.623960454473475,247,0.0
953.325137,315,575.304581,951.1572385771544,5.110017657953407,315,0.0
669.186009,229,575.46971,667.1191758964286,3.5222404921606763,229,0.0
654.955861,236,575.628358,652.7995165664148,3.351950804813505,236,0.0
665.841279,231,576.183505,663.6655600660192,3.4785798158465457,231,0.0
741.122558,242,576.382849,738.9277798962396,3.993028935458017,242,0.0
630.586099,226,576.876342,628.4195948246987,3.2362538773131573,226,0.0
939.110436,298,577.073927,936.9812763942007,5.131732207747972,298,0.0
889.857913,294,577.634162,887.6264276642352,4.768660909196733,294,0.0
704.358033,238,577.801,702.0858412865132,3.730121555073599,238,0.0
682.838784,221,578.363366,680.8133609730502,3.6953222335727762,221,0.0
619.558021,214,578.653809,617.423853455734,3.243846605030211,214,0.0
780.570654,266,579.414678,778.186660539388,4.1153809919732165,266,0.0
739.262493,249,579.609616,737.0634448167381,3.9224681856892842,249,0.0
691.992596,242,580.173842,690.0342303361471,3.6023794221771546,242,0.0
767.419275,243,580.338468,765.1125940287943,4.194340428923068,243,0.0
910.145226,293,580.853383,908.036226776552,4.94001694646204,293,0.0
831.262726,265,581.021356,829.1319334361018,4.531620120684256,265,0.0
791.961874,249,581.438038,789.7072853903875,4.343534623410838,249,0.0
772.35881,248,581.5591,770.1806927556587,4.195341802642082,248,0.0
719.219361,239,581.942551,717.0325748231503,3.8418544039802667,239,0.0
729.480162,263,582.073775,727.511411158157,3.734924300952057,263,0.0
942.338632,305,582.484748,940.1747377465041,5.1017546717405535,305,0.0
693.25418,250,582.654899,690.9381617814308,3.544784801273797,250,0.0
780.857567,249,583.079413,778.6297965886888,4.254915835139436,249,0.0
520.355217,183,583.190216,518.3994713749144,2.698242019583371,183,0.0
804.367953,260,583.613063,802.1195544678542,4.355279463606934,260,0.0
863.076272,276,583.777711,860.913407976518,4.6983917799742,276,0.0
871.954383,279,584.220365,869.5819442147389,4.743686884141341,279,0.0
664.800951,235,584.355875,662.7165404507359,3.439047749747837,235,0.0
661.121686,225,584.757721,659.2264760766785,3.4910286324260027,225,0.0
711.493166,252,584.903797,709.408261526185,3.6775767852015426,252,0.0
638.078295,227,585.302868,635.9459276083609,3.2886408214313803,227,0.0
719.451034,244,585.435846,717.196227359987,3.8033200879818234,244,0.0
893.335589,288,585.868775,891.0887832263763,4.844071612284925,288,0.0
668.529173,226,585.998744,666.410063172252,3.540143299199856,226,0.0
682.705549,227,586.400185,680.5601628606673,3.6454055506605663,227,0.0
820.051282,275,586.562597,817.9002973695452,4.3621987213871805,275,0.0
645.196606,214,586.958084,643.0500440306013,3.4487018925245714,214,0.0
774.27641,271,587.118347,772.1203034919071,4.028144333525258,271,0.0
858.282352,283,587.572847,856.2030909904768,4.605097600957767,283,0.0
754.675378,244,587.714491,752.4063477627204,4.08491386151814,244,0.0
827.811357,278,588.142598,825.6547108228318,4.400338700408862,278,0.0
799.459423,266,588.307166,797.2525399284767,4.2685659805680425,266,0.0
733.232818,241,588.723653,731.0410352988224,3.9379665048782235,241,0.0
806.631123,261,588.874244,804.3874048424711,4.3653935336065,261,0.0
950.137509,311,589.360055,947.9389240201492,5.116172829307555,311,0.0
871.924804,286,589.523617,869.6670458558756,4.688414832107569,286,0.0
691.149834,244,589.977773,689.1326947426526,3.579072916036555,244,0.0
587.614402,203,590.102752,585.564240846406,3.076611464128608,203,0.0
819.917349,256,590.56593,817.6083992894743,4.510944896474859,256,0.0
790.206514,272,590.737636,788.0922219020441,4.147697868888735,272,0.0
668.993309,227,591.175664,666.9684676782197,3.536876672476878,227,0.0
856.498697,297,591.356557,854.3156061432202,4.478676252148204,297,0.0
675.946181,240,591.807992,673.8051346831704,3.4881904985198573,240,0.0
892.987737,285,591.975051,890.7873354786955,4.865705849805802,285,0.0
998.223235,318,592.476721,995.9716732430702,5.444544447658375,318,0.0
633.368744,238,592.634121,631.2312409399943,3.1635842292658474,238,0.0
844.671011,279,593.113844,842.4442832781907,4.52631633761151,279,0.0
712.348837,246,593.261972,710.2109054132992,3.731653988394273,246,0.0
753.506811,267,593.747181,751.3122602654289,3.89317961095154,267,0.0
900.43832,288,593.936809,898.1580739913072,4.900606684170688,288,0.0
904.925239,281,594.450391,902.7460346610877,4.993319249061969,281,0.0
896.591705,289,595.019979,894.3400143939282,4.861931837915612,289,0.0
662.373951,223,595.18315,660.2264106512445,3.51470207657956,223,0.0
792.676826,270,595.707921,790.4043227918204,4.182047711977541,270,0.0
933.490085,302,595.907532,931.2964626282475,5.054611721658722,302,0.0
858.700784,283,596.43363,856.4669142340745,4.606875938853969,283,0.0
683.187242,239,596.586166,680.9595018986648,3.55304863968811,239,0.0
837.492107,266,597.062502,835.3035237143439,4.572891516452034,266,0.0
864.567217,281,597.247321,862.3742137298407,4.670356556824186,281,0.0
770.160693,262,597.765198,767.9076192858396,4.065607705063933,262,0.0
692.819131,231,597.91698,690.7547614129081,3.6951365555594173,231,0.0
720.984069,253,598.429158,718.9070102973399,3.745401689462751,253,0.0
913.451792,311,598.663008,911.1001805246883,4.820774968889044,311,0.0
974.848647,314,599.270297,972.5168157669898,5.288439548463144,314,0.0
1128.252781,378,599.862638,1125.8791560843117,6.006219126511734,378,0.0
666.812937,248,600.049343,664.6973565460303,3.351682228779149,248,0.0
812.712745,279,600.588512,810.4525691422912,4.270784762159584,279,0.0
837.737433,278,600.781576,835.5218004753666,4.478965747873738,278,0.0
830.706499,276,601.320512,828.430467493655,4.43859081740908,276,0.0
679.398769,283,601.516344,677.0606072232841,3.171078333576035,283,0.0
786.024561,261,602.04197,783.7963438793722,4.200754042765632,261,0.0
706.857753,262,602.224553,704.7028662394101,3.560356336297894,262,0.0
783.496095,273,602.769728,781.2451631533638,4.084530077052085,273,0.0
645.991926,236,602.947972,643.7251917004946,3.279213325272228,236,0.0
837.331496,273,603.470108,835.1131502534861,4.515392356585259,273,0.0
1487.038356,1000,604.847432,1484.7239308693315,3.908219107498595,1000,1.0
988.4896,319,605.075906,986.1911013825086,5.358095893677502,319,0.0
805.264382,275,605.620666,803.008612734906,4.242815657548141,275,0.0
736.944958,256,605.793463,734.6782774363915,3.847656024997901,256,0.0
902.086513,294,606.333555,899.7453941336994,4.865435833837591,294,0.0
867.151873,297,606.91411,864.7960373916623,4.5618748186073885,297,0.0
868.568829,293,607.116086,866.290516708196,4.605656387477451,293,0.0
956.916583,322,607.68453,954.5929202919983,5.08154553534141,322,0.0
1110.668203,366,608.265056,1108.277832125775,5.960730752451309,366,0.0
880.966053,288,608.466502,878.605436890532,4.743720987854761,288,0.0
693.945187,234,608.961506,691.6797663284316,3.6783444669722325,234,0.0
916.813098,331,609.1834,914.4001768714447,4.6872212914041596,331,0.0
961.171263,301,609.710994,958.8418053436284,5.282528744568077,301,0.0
832.773954,274,609.896932,830.3947309328787,4.4697410099048795,274,0.0
967.391779,313,610.408279,965.0580961505907,5.236807926490547,313,0.0
828.138605,286,610.835093,825.9008536751376,4.338288482287335,286,0.0
816.244017,271,610.973066,813.9099267938298,4.361588048864627,271,0.0
793.358914,248,611.355374,791.0374690232189,4.361767250307533,248,0.0
700.295729,242,611.475765,698.1757957983319,3.667040718435516,242,0.0
1076.692708,346,611.853377,1074.4086601826257,5.849172713969937,346,0.0
702.767759,248,611.971095,700.5179671294957,3.63808433197175,248,0.0
776.142776,275,612.340192,773.7642790843867,4.008470081568618,275,0.0
694.183234,241,612.454267,691.9176049567002,3.6246434897746402,241,0.0
762.745694,261,612.779459,760.3460223992965,4.013159092731147,261,0.0
902.669268,292,612.903869,900.4474929012712,4.887330975979854,292,0.0
766.877943,273,613.222293,764.5773967815355,3.9516049658926424,273,0.0
690.668686,233,613.319319,688.3698019489485,3.660131646331831,233,0.0
843.21384,275,613.640562,840.9376304565906,4.546095080547579,275,0.0
804.550827,281,613.76802,802.3510280951072,4.190044318314569,281,0.0
975.275714,345,614.128762,972.9098525680292,5.044219343276444,345,0.0
839.633724,286,614.46253,837.3626410625335,4.429978958404191,286,0.0
862.833113,276,614.575998,860.5413098463159,4.6951629148869385,276,0.0
912.933993,301,614.915931,910.5873371010871,4.896535689616386,301,0.0
816.127378,265,615.033185,813.6640678631868,4.407707427333503,265,0.0
853.010471,272,615.35959,850.7149164751852,4.648461161653125,272,0.0
833.262807,279,615.480085,830.9064439618991,4.434022632031728,279,0.0
776.348007,257,615.794897,774.022041147249,4.154498119553739,257,0.0
874.685981,325,615.938551,872.4432729615521,4.4007089375165656,325,0.0
773.927597,257,616.264927,771.7738018027959,4.1365794857863225,257,0.0
1073.55424,357,616.6098,1071.1647305947686,5.735464617031034,357,0.0
819.191411,277,616.722977,816.9791552529013,4.338935563003492,277,0.0
785.030606,270,617.037762,782.6116801329581,4.118964288061802,270,0.0
843.397974,286,617.158573,841.1102813483448,4.46010607478768,286,0.0
766.418018,265,617.466183,764.1654385024382,4.011870655463023,265,0.0
608.545658,220,617.554773,606.3342232644234,3.107469805758932,220,0.0
1062.947307,352,617.888848,1060.5207864547792,5.689804221001409,352,0.0
913.613361,308,618.019404,911.4835831440301,4.848181259983234,308,0.0
749.152694,247,618.323039,746.9784810096663,4.017724350274121,247,0.0
847.455116,284,618.635733,845.1915271107612,4.508767349964039,284,0.0
614.060711,217,618.723958,611.8358140931169,3.175252129781012,217,0.0
821.067473,282,618.836151,818.8548900337654,4.314093649451995,282,0.0
858.921344,286,619.17286,856.573254978631,4.5837206403640804,286,0.0
852.61486,293,619.508609,850.249460717587,4.477311843934791,293,0.0
885.142003,294,619.63078,882.834307374504,4.730076921439368,294,0.0
735.671802,245,619.94313,733.360751224906,3.924589033708839,245,0.0
840.249557,281,620.061349,837.9369957499858,4.474510338090698,281,0.0
948.287981,329,620.410369,945.9696550477931,4.956720998706625,329,0.0
780.906628,272,620.522727,778.5494252235287,4.070868396684811,272,0.0
932.910353,319,620.85026,930.6062359681544,4.913239543657531,319,0.0
886.214491,287,621.17236,883.9124546906434,4.7941136386206304,287,0.0
1045.893153,348,621.31864,1043.5849510082587,5.586210976217377,348,0.0
890.520524,288,621.64715,888.2080269437956,4.820793551164285,288,0.0
615.520015,198,621.72833,613.4325129074987,3.3390507479474025,198,0.0
903.407605,318,622.057,901.0813425532621,4.685205230961616,318,0.0
949.795239,326,622.191907,947.6663382239819,4.994630130943052,326,0.0
724.55614,249,622.481481,722.2620654250014,3.80390083416699,249,0.0
777.963531,260,622.586621,775.7474266477378,4.144292699136197,260,0.0
869.085295,290,622.906074,866.7301631762688,4.633245132334191,290,0.0
660.354831,222,622.997031,658.0823454197516,3.505472655324842,222,0.0
649.884806,221,623.30338,647.8332661244132,3.4314858559951533,221,0.0
691.520596,230,623.402984,689.1906469452431,3.6904119063744356,230,0.0
807.498036,261,623.709636,805.1979712697373,4.371586131758185,261,0.0
777.783446,255,623.811211,775.4298370970199,4.1815030223695695,255,0.0
743.038913,246,624.118016,740.829159615766,3.97614997255221,246,0.0
686.291066,238,624.222828,684.1504942954134,3.5865908045499295,238,0.0
1380.631343,503,624.638787,1378.1908705277303,7.029662541663968,503,0.0
639.881074,224,624.933305,637.7852679619917,3.327246017698853,224,0.0
822.503767,273,625.051755,820.1851904317463,4.396111953766802,273,0.0
844.674954,278,625.399213,842.2932116572601,4.533162046697438,278,0.0
912.664028,301,625.528107,910.331784634879,4.894184090890215,301,0.0
843.546329,275,625.839284,841.2130334607729,4.548461785227009,275,0.0
874.361039,302,625.969759,872.0268301342091,4.580114920344157,302,0.0
946.659284,321,626.318568,944.2351106388948,5.006178529966618,321,0.0
818.909476,274,626.635869,816.6830630219421,4.36039162455005,274,0.0
749.948738,242,626.736728,747.6572093531756,4.062406660846462,242,0.0
714.248409,253,627.041763,711.8947382845923,3.689007245689264,253,0.0
825.819687,278,627.15796,823.4702920696931,4.382547887062464,278,0.0
814.909986,266,627.48402,812.6126749238585,4.391281583787967,266,0.0
823.209236,261,627.593085,820.8508789049135,4.496874942003673,261,0.0
737.729672,261,627.897632,735.482286298042,3.81385016070101,261,0.0
796.006876,279,628.011747,793.6317229477679,4.1358175323415445,279,0.0
713.704422,258,628.330544,711.3863533780234,3.6453220373900783,258,0.0
762.738876,241,628.430322,760.4207341168645,4.172652184049126,241,0.0
686.723317,243,628.737109,684.4524696720943,3.5495017617634974,243,0.0
754.133051,252,628.845721,751.8171845194864,4.016283216505292,252,0.0
678.072082,230,629.157647,675.9692644258265,3.584863454137188,230,0.0
896.815705,291,629.27732,894.6551442187762,4.848808577939506,291,0.0
695.888379,238,629.573974,693.7704293642694,3.6636740368798657,238,0.0
848.951808,274,629.69071,846.6392662581216,4.599702258854304,274,0.0
1059.439849,347,630.032075,1057.0580128862832,5.702060443515574,347,0.0
741.339012,255,630.135417,739.0821180454748,3.8907259323042385,255,0.0
830.312375,279,630.463698,827.8993472102142,4.409909210303085,279,0.0
841.812057,283,630.581574,839.4351623074349,4.470347421704577,283,0.0
856.27143,292,630.907924,853.8931271694415,4.514418859424848,292,0.0
915.473687,303,631.244669,913.0741991438192,4.90040624529793,303,0.0
713.27245,242,631.344487,710.9763744171468,3.769305820094974,242,0.0
747.574751,251,631.660137,745.3116317554086,3.972270598635773,251,0.0
778.866251,275,631.774481,776.5617087782309,4.0313295018530955,275,0.0
821.685742,267,632.091354,819.2913940834375,4.43652662026531,267,0.0
1097.16693,370,632.254789,1094.7242381204692,5.820236754078293,370,0.0
815.496665,281,632.57736,813.1736481440954,4.276247802443619,281,0.0
689.275962,267,632.695745,686.9942136984203,3.3785978070701495,267,0.0
858.743926,300,633.026924,856.3155085490904,4.47000175392712,300,0.0
789.009904,281,633.368618,786.7463278953381,4.06537155324886,281,0.0
942.06657,301,633.503722,939.6474210000092,5.12888214008842,301,0.0
937.010062,296,633.841232,934.686298161479,5.129312634996805,296,0.0
764.154451,260,633.94943,761.9338623828911,4.033834103298336,260,0.0
802.590742,273,634.270404,800.3190718105446,4.237266700609336,273,0.0
690.389866,253,634.379671,688.2238484576392,3.500234656590633,253,0.0
877.473328,287,634.698938,875.0877130409493,4.724147512700991,287,0.0
1246.172542,383,635.054075,1243.6199586232349,6.907849741816829,383,0.0
873.306281,293,635.176384,870.9675636298875,4.643063393105129,293,0.0
738.542308,248,635.489472,736.1496187925053,3.9228230034768203,248,0.0
838.177223,290,635.609733,835.8454343193312,4.3860464834700235,290,0.0
821.771374,277,635.927687,819.380321320007,4.358014081948257,277,0.0
909.325798,295,636.054578,907.0371183327732,4.915960015308752,295,0.0
858.107098,313,636.405652,855.6510671031909,4.361756046538628,313,0.0
878.682567,277,636.522247,876.3057514389342,4.813191850778509,277,0.0
1121.959845,384,636.90135,1119.633352874201,5.908326066131743,384,0.0
803.788757,269,637.237941,801.4012993265719,4.2778324781982855,269,0.0
866.907318,276,637.356982,864.498317995686,4.726767132884781,276,0.0
812.799734,273,637.676321,810.4648115971792,4.318109731475238,273,0.0
762.400469,243,637.775345,760.0610702435994,4.153781477095592,243,0.0
893.921485,285,638.105919,891.6141200042157,4.8720299365146555,285,0.0
736.638809,244,638.215455,734.2905348200578,3.940050565783862,244,0.0
667.141945,228,638.534173,664.9140082691557,3.5123486447283963,228,0.0
816.85805,267,638.650578,814.5283693626249,4.398549458441662,267,0.0
748.038696,255,638.968555,745.6126806245873,3.9427285444112403,255,0.0
889.055363,303,639.099877,886.7018168225248,4.689494077942384,303,0.0
1107.997719,378,639.47098,1105.668274616304,5.844452045083551,378,0.0
866.025064,300,639.80065,863.6651363334671,4.52910527904261,300,0.0
692.228127,246,639.900964,689.8608408956458,3.5686680187431317,246,0.0
1145.73792,407,640.281551,1143.375563500512,5.915313221488652,407,0.0
583.236546,213,640.370612,580.8796975118242,2.9585810063409754,213,0.0
851.474288,284,640.679282,849.1298625610564,4.540121523634924,284,0.0
823.515118,293,641.008895,821.2335746643747,4.245417614234912,293,0.0
1092.942333,353,641.164664,1090.4738324063528,5.921402665349792,353,0.0
1063.508674,356,641.521709,1061.1181138227628,5.663157534461415,356,0.0
1008.775691,322,641.865188,1006.3334692211826,5.49520565697868,322,0.0
701.059765,241,641.965754,698.6946504249901,3.6790540288993787,241,0.0
897.78451,300,642.299652,895.3866125460971,4.782680452899464,300,0.0
850.751392,286,642.420593,848.4068328204245,4.518503673682294,286,0.0
853.393454,274,642.740606,851.1340475873802,4.6359545898882795,274,0.0
1051.70569,356,642.889945,1049.2372939157488,5.567900534157977,356,0.0
789.381105,265,643.205984,787.0170866878008,4.194539522156681,265,0.0
814.521665,267,643.317436,812.1231034321421,4.379390667693828,267,0.0
768.822031,252,643.613549,766.4951315494118,4.133974892680424,252,0.0
1008.082503,326,643.952516,1005.6226066068274,5.4575587520964435,326,0.0
833.280108,271,644.070064,830.9924116387554,4.498476892818933,271,0.0
960.092408,309,644.419119,957.700838272294,5.209933211215371,309,0.0
698.556374,250,644.516776,696.3896881438998,3.589390105487196,250,0.0
1161.082724,385,644.879513,1158.6986409059941,6.213171055890421,385,0.0
908.056677,308,645.215649,905.7651497659574,4.80258290684098,308,0.0
806.155378,274,645.332287,803.789899157686,4.256995798910782,274,0.0
885.061494,298,645.66999,882.7220974061397,4.697738885705166,298,0.0
830.285333,281,645.794574,827.8293668475113,4.393736463539205,281,0.0
1145.880857,370,646.161878,1143.440421670794,6.209945468146366,370,0.0
904.925638,302,646.544234,902.5467199168095,4.824540232017204,302,0.0
826.134281,288,646.687688,823.777188610162,4.305545656863544,288,0.0
809.39947,274,647.076672,806.9950066533867,4.282509720872343,274,0.0
1386.87455,507,647.622388,1384.3778513063096,7.047133793763553,507,0.0
1211.541054,388,647.850985,1209.2105520240682,6.593310645299923,388,0.0
782.257108,277,648.33667,779.9756268278763,4.042823591494613,277,0.0
1015.609339,340,648.837994,1013.2559234246708,5.407578104303672,340,0.0
832.964307,276,649.00613,830.5742740357413,4.455332101652304,276,0.0
676.731904,235,649.453837,674.4700606391901,3.532736255425883,235,0.0
817.351718,278,649.618864,814.995742950388,4.314904882947248,278,0.0
951.881406,301,650.094437,949.465167112746,5.207564575081539,301,0.0
777.005816,269,650.271871,774.6353854425538,4.063728104837465,269,0.0
1022.121657,336,650.765361,1019.6698246362222,5.490740263968011,336,0.0
986.879257,339,651.247252,984.4833923473005,5.185169157128395,339,0.0
809.634693,274,651.414328,807.3547840389114,4.285586977618313,274,0.0
1201.864691,404,651.954505,1199.4507305823718,6.387881191828466,404,0.0
1025.569267,347,652.427007,1023.20202980219,5.431528191175735,347,0.0
1100.953649,369,652.635151,1098.5732138974008,5.859149215789423,369,0.0
634.945449,235,653.085541,632.6250163000182,3.1982954529673733,235,0.0
684.582779,232,653.226407,682.4668591807987,3.6211105549584435,232,0.0
1374.088796,476,653.776023,1371.6038633307435,7.192063099961361,476,0.0
1297.028027,449,654.325499,1294.5614678095487,6.790728030787355,449,0.0
997.50074,318,654.758726,995.0475950903186,5.437003134486023,318,0.0
827.902459,283,654.903319,825.548684159488,4.359547313507338,283,0.0
864.086603,294,655.287838,861.8141307074877,4.562275216833368,294,0.0
1034.353081,337,655.4514,1032.0220707012852,5.581375501744858,337,0.0
846.910982,269,655.841242,844.5738429637947,4.622961139923967,269,0.0
1160.771382,355,656.224463,1158.3845534462023,6.449173334810889,355,0.0
1043.400172,339,656.369857,1040.9352638646692,5.636687851747283,339,0.0
836.200566,275,656.685774,833.8630951784055,4.489548499481913,275,0.0
710.501704,250,656.792877,708.2836650128709,3.684292420019024,250,0.0
1125.340647,386,657.183499,1122.9554389877308,5.919185922161909,386,0.0
836.473478,296,657.517323,834.0303243371573,4.323745479800481,296,0.0
1148.032388,382,657.678367,1145.635841351419,6.132209257460744,382,0.0
1044.81311,346,658.020748,1042.4283761630443,5.593273410518952,346,0.0
1019.228345,319,658.37528,1016.7676380880351,5.602786768635321,319,0.0
1039.414255,337,658.522099,1037.0360485938052,5.621648170349117,337,0.0
971.056785,317,658.847372,968.6556001649517,5.2336902977632755,317,0.0
897.387723,290,659.183626,895.0686713729783,4.859824805388447,290,0.0
827.490125,277,659.307348,825.117932050199,4.403882463300143,277,0.0
845.703808,291,659.65674,843.3432726863249,4.43809739355254,291,0.0
1139.263388,393,659.8279,1136.8801763276892,5.97488629950981,393,0.0
800.940037,274,660.148812,798.6189129884015,4.2155010350779705,274,0.0
901.024148,306,660.50595,898.5762179757949,4.760611146485256,306,0.0
744.913336,287,660.644108,742.5390692941301,3.664104641220658,287,0.0
772.952799,262,660.984219,770.5988718260492,4.0869267658840425,262,0.0
1159.769394,393,661.153189,1157.384467421865,6.138632431099724,393,0.0
891.264692,283,661.484911,888.944233833929,4.866581213780682,283,0.0
993.66249,317,661.819921,991.2946239220364,5.414859522049808,317,0.0
1573.961376,1000,662.682829,1571.5663042564927,4.615471150277588,1000,1.0
1157.379623,389,662.844602,1154.9956523014516,6.151616567794086,389,0.0
893.5081,291,663.178779,891.086142250041,4.820007598584014,291,0.0
1001.972291,340,663.3309,999.5904557660629,5.298407585708378,340,0.0
947.49849,330,663.676583,945.0673897613484,4.941629437063029,330,0.0
1160.294439,397,664.054115,1157.9024854719644,6.111163461929569,397,0.0
903.867174,312,664.404726,901.4657254751992,4.736276176698312,312,0.0
986.135752,328,664.550335,983.6876949843764,5.266337851087598,328,0.0
740.759741,267,664.878849,738.4296747836511,3.789651833022376,267,0.0
1660.401514,1000,665.756956,1658.027429154189,5.307175320513001,1000,1.0
1253.071808,414,665.934992,1250.62764016597,6.717393681986259,414,0.0
1043.177236,338,666.289707,1040.8073704458914,5.643925024920819,338,0.0
932.453868,328,666.630927,930.1824087571057,4.838817008113998,328,0.0
356.660453,156,666.696415,354.87497419935625,1.6053715565317856,156,0.0
1185.527759,451,667.099297,1183.1204211101,5.883483942557364,451,0.0
970.517467,322,667.459067,968.1358294644847,5.189846398403486,322,0.0
1351.485917,482,667.934001,1349.0168404055235,6.9633319259564805,482,0.0
1093.236344,352,668.124541,1090.8450765230432,5.932830111898646,352,0.0
723.759963,279,668.564158,721.5700086875795,3.559968089559283,279,0.0
831.975073,291,668.72579,829.6172322215418,4.328281098691856,291,0.0
71.096273,210,669.112411,69.44675931448592,-1.1075594967368052,210,0.0
1178.331027,443,669.592756,1175.8875598423379,5.888985219964917,443,0.0
1243.22609,443,669.805637,1240.772938442135,6.407786479370277,443,0.0
887.138195,343,670.21598,884.7493002974862,4.355934725378802,343,0.0
1048.735319,346,670.643961,1046.335940919634,5.624303145502163,346,0.0
988.427362,331,670.815205,985.9871406623012,5.261191784296437,331,0.0
1021.437047,335,671.241757,1019.0554851098058,5.4936378065068885,335,0.0
877.175744,315,671.641726,874.7738947475686,4.498634285296036,315,0.0
1199.707902,408,672.112018,1197.2741175120934,6.338548099119588,408,0.0
1239.498321,448,672.370772,1237.1648351674676,6.339563616023416,448,0.0
1196.142852,388,672.863554,1193.7674286027896,6.469621772004288,388,0.0
914.651287,287,673.324375,912.3171770133932,5.0215484766262914,287,0.0
1269.171509,449,673.906526,1266.8017297372357,6.568307966092892,449,0.0
1411.683673,586,674.665383,1409.1831282025887,6.617429970912808,586,0.0
1343.586914,463,675.408312,1341.1201163781711,7.051363385569238,463,0.0
1081.428873,353,675.685029,1079.0140926038175,5.830229153684364,353,0.0
736.856878,269,676.220605,734.5840769112524,3.7433184308012506,269,0.0
1021.400188,346,676.830823,1019.0365920898022,5.405934572484328,346,0.0
1304.994389,456,677.114269,1302.496965468529,6.797800343943881,456,0.0
988.061276,321,677.588619,985.7553661811161,5.33901751142069,321,0.0
1360.702179,477,678.150024,1358.1974357642644,7.0764811253306865,477,0.0
809.14318,278,678.568431,806.8175816280672,4.249227930293158,278,0.0
838.532649,296,678.733119,836.091453904259,4.3404823246847535,296,0.0
675.813538,278,679.149837,673.4626983622206,3.181705358892959,278,0.0
646.098331,216,679.267647,643.9718269080171,3.44014957556558,216,0.0
1138.718799,377,679.745048,1136.3279313474914,6.09765843250753,377,0.0
991.820394,336,679.920893,989.3813628578056,5.248369726339697,336,0.0
875.716149,289,680.32706,873.2999211342214,4.693704044562502,289,0.0
683.056148,238,680.453959,680.7498332208525,3.5593593585724324,238,0.0
1159.995506,392,680.910995,1157.6085995004835,6.14862488139782,392,0.0
1357.43508,458,681.412497,1354.9107592755408,7.201571202919779,458,0.0
948.374727,314,681.827262,946.0024895134932,5.07659871661484,314,0.0
1175.328887,390,682.293021,1172.9052974195786,6.286599849150045,390,0.0
421.029289,180,682.38,419.15027604739856,1.9287380174658255,180,0.0
833.161305,298,682.530298,830.870774275023,4.282744243535065,298,0.0
1197.603558,395,682.930248,1195.2090628617516,6.425249697493441,395,0.0
722.93355,257,683.215756,720.7099251755891,3.727831787019524,257,0.0
972.282738,308,683.331706,969.9032905698734,5.315338706093637,308,0.0
1356.197872,457,683.688533,1353.6815102887556,7.199740471812145,457,0.0
864.180045,285,683.971686,861.792132049774,4.633162841804129,285,0.0
1642.947728,683,684.410607,1640.476944644698,7.69382331892471,683,0.0
427.817368,193,684.482385,425.7606958082647,1.8780324672548123,193,0.0
796.794233,274,684.77532,794.4851508508794,4.1826276891653515,274,0.0
1149.090338,376,685.121471,1146.619260244469,6.187962673520126,376,0.0
1242.588322,441,685.528626,1240.188493089017,6.419483281658687,441,0.0
1291.315746,1000,686.563721,1289.0839478909693,2.3554267553226667,1000,1.0
1389.582126,467,686.805383,1387.1371269221265,7.387856513639788,467,0.0
1074.778724,359,687.235485,1072.3475264833555,5.729046439089821,359,0.0
405.165271,180,687.573816,403.48012284516375,1.8032684436739246,180,0.0
391.842702,173,687.662728,389.73563421898217,1.748753992584248,173,0.0
1139.701966,388,688.105045,1137.2706567614562,6.017509415250075,388,0.0
1818.881631,660,688.743158,1816.3973500707868,9.28625995890162,660,0.0
893.175546,294,688.894998,890.8347323688221,4.7937226805333095,294,0.0
719.482467,263,689.281352,717.1350934927062,3.6510613005665586,263,0.0
1291.858834,1000,690.302437,1289.5993988576436,2.356605712299876,1000,1.0
1439.20346,493,690.776648,1436.7324952309627,7.577696726038068,493,0.0
1279.875716,435,691.243294,1277.3638046434069,6.764252357739147,435,0.0
396.193177,173,691.329485,394.3228951306214,1.7856227714401773,173,0.0
1204.493441,435,691.780455,1202.0447626851808,6.161902114689229,435,0.0
1393.005796,1000,692.714344,1390.6937115515743,3.169375635053704,1000,1.0
612.503643,245,692.818973,610.2167949481876,2.938593589323396,245,0.0
1498.25351,571,693.237279,1495.7419438994057,7.428800781679179,571,0.0
420.811632,186,693.48397,418.9045212521415,1.8788661812646026,186,0.0
729.981668,278,693.60153,727.6833224855895,3.616615352007054,278,0.0
1032.992095,343,693.92057,1030.5625091757868,5.522315976869698,343,0.0
1244.68795,528,694.344643,1242.2659489350012,5.743654487016112,528,0.0
783.86966,267,694.653997,781.5463259542242,4.134854044084159,267,0.0
405.872326,177,694.721956,403.8213540260797,1.829651255422179,177,0.0
569.973999,231,694.809584,567.7902923353106,2.7109871197462803,231,0.0
872.650322,291,695.121154,870.2431502734884,4.653476619382661,291,0.0
389.305003,172,695.190089,387.49942088483067,1.7389044538387777,172,0.0
1847.638297,1000,695.975492,1845.2470341782118,6.805507510175762,1000,1.0
1521.580125,517,696.391587,1519.1175993393222,8.046009472246128,517,0.0
16.398953,152,696.648778,15.066306524515245,-1.081168743412375,152,0.0
1172.504137,388,696.804615,1170.1408382171533,6.2807568595981245,388,0.0
939.372082,321,697.133978,937.0050408480486,4.948987580884273,321,0.0
1414.661854,489,697.519804,1412.1805964590903,7.413352844261694,489,0.0
849.966253,291,697.63526,847.6240646342245,4.472308236115768,291,0.0
1357.358896,434,697.991311,1354.862309364346,7.39231295911764,434,0.0
1108.124868,365,698.33774,1105.8083588343386,5.9492790212592395,365,0.0
1274.152755,450,698.710496,1271.6174222142613,6.5991066378542715,450,0.0
1202.264384,432,699.09375,1199.8305110967196,6.1678425294819785,432,0.0
1274.754539,485,699.488069,1272.2661285129004,6.325736396850915,485,0.0
1611.251388,592,699.940914,1608.7210409057088,8.166261592854003,592,0.0
1123.536352,365,700.287376,1121.1358680667668,6.07159634361012,365,0.0
1133.932791,382,700.426763,1131.4925757710512,6.01912332171102,382,0.0
807.399013,274,700.721063,805.0957693017975,4.267442541589369,274,0.0
1515.433008,561,701.155297,1512.875675984544,7.646034019010157,561,0.0
1345.409407,454,701.520949,1343.0044003278717,7.13824980947803,454,0.0
1208.06969,415,701.885129,1205.622248732762,6.349616256458116,415,0.0
970.86204,355,702.036134,968.5065561917947,4.930645358768006,355,0.0
948.301816,323,702.350335,945.9864928353411,5.0050543393437374,323,0.0
797.196876,291,702.635759,794.8157821539069,4.050317819153316,291,0.0
964.167533,330,702.761468,961.8380058682646,5.075687590569357,330,0.0
1639.095758,577,703.16662,1636.6042630868817,8.508287726553789,577,0.0
569.482441,265,703.461705,567.0433734517452,2.4335826289015996,265,0.0
1154.035433,397,703.825653,1151.5101417245987,6.059408157135316,397,0.0
1515.70099,495,704.219092,1513.089219960392,8.172277931343839,495,0.0
972.704583,326,704.345104,970.2849349330153,5.175454062219317,326,0.0
1042.410198,343,704.655214,1039.9881188040108,5.597575030438205,343,0.0
782.036715,266,704.755169,779.7119516055071,4.128146628956288,266,0.0
814.016477,274,705.068652,811.650537417655,4.320102832396798,274,0.0
825.473439,283,705.371081,823.1378460303819,4.340361464169571,283,0.0
998.447729,336,705.511998,996.0260803229293,5.301777887165639,336,0.0
726.479129,261,705.822438,724.1478185511528,3.7235691965798745,261,0.0
861.790073,300,705.945197,859.4517370056543,4.495420035677369,300,0.0
915.063289,311,706.264794,912.755810275594,4.834757844914976,311,0.0
676.990746,239,706.359929,674.7826206474532,3.5038345651216525,239,0.0
1146.963377,373,706.692643,1144.5734589644687,6.195629732772693,373,0.0
1016.556679,337,707.020835,1014.2223681858399,5.439180408205559,337,0.0
814.990881,273,707.128034,812.6919928976345,4.336156743791701,273,0.0
872.459189,303,707.425618,870.1560932631908,4.557254034025652,303,0.0
635.418003,232,707.5141,633.1193207887691,3.2262625405667307,232,0.0
1254.596528,466,707.914652,1252.1540385889123,6.316192760534027,466,0.0
1247.117982,412,708.262902,1244.7497548620213,6.686878415246308,412,0.0
2001.224465,702,708.703459,1998.6444238615227,10.409163797805082,702,0.0
1086.961897,368,709.015418,1084.5791544560043,5.755392207136134,368,0.0
808.652753,283,709.306247,806.3479913524302,4.2059588854685,283,0.0
1156.322816,385,709.462996,1153.9772199569913,6.175429967968312,385,0.0
1129.182293,381,709.811523,1126.8144429636886,5.989750682587733,381,0.0
1118.458931,377,710.131358,1116.0853736047047,5.9356292955021335,377,0.0
1145.752837,382,710.463817,1143.345239521868,6.113959076947918,382,0.0
1038.982046,350,710.6062,1036.6468378783686,5.51552268286125,350,0.0
1107.696835,368,710.950828,1105.303405645096,5.921195689926121,368,0.0
1137.190514,406,711.29344,1134.731483087115,5.854306186729543,406,0.0
882.498272,308,711.416102,880.0322403448987,4.596693219295615,308,0.0
696.666269,246,711.687139,694.4240515573277,3.6054903367879594,246,0.0
1228.259545,428,712.064638,1225.8826033035168,6.408436741555,428,0.0
1450.585971,499,712.453245,1448.1253612490439,7.621170733116252,499,0.0
1187.818908,413,712.797439,1185.3850285794445,6.203477234027804,413,0.0
1374.160601,451,712.970314,1371.6211288892166,7.39075854352635,451,0.0
1666.929375,587,713.571202,1664.453731373189,8.651646851435332,587,0.0
989.824601,326,713.707098,987.434715119261,5.31241451826934,326,0.0
594.593617,226,713.994623,592.4079103430465,2.947818967616344,226,0.0
1303.651047,453,714.372455,1301.1618442377912,6.811520761101237,453,0.0
1288.646899,430,714.538472,1286.2201812441679,6.874966534592014,430,0.0
1368.046128,462,714.928694,1365.5641150157544,7.254575159352,462,0.0
1157.904834,384,715.281302,1155.4457091547551,6.194179447088765,384,0.0
1207.332905,405,715.63134,1204.9528427561818,6.423931017410988,405,0.0
801.221652,281,715.73636,798.7344265558281,4.161136576764464,281,0.0
1377.462173,506,716.101319,1374.9640063440688,6.980152434028521,506,0.0
1469.238354,503,716.473415,1466.777038119176,7.738838990438923,503,0.0
1606.216128,1000,717.205122,1603.815704114632,4.874068424547194,1000,1.0
1405.418077,471,717.557697,1402.9122697795524,7.482256732708412,471,0.0
855.643937,303,717.848055,853.2452579764688,4.421627296233581,303,0.0
977.600532,327,717.968771,975.2175155085212,5.20697598088993,327,0.0
931.840964,309,718.261328,929.483984530653,4.984044986692116,309,0.0
1492.596071,634,718.674907,1490.1508812240918,6.883187977807695,634,0.0
2262.654903,843,719.352164,2260.0922499092853,11.379418645010205,843,0.0
1434.936081,503,719.717896,1432.4219252702367,7.463452510390487,503,0.0
1125.65563,378,720.039961,1123.232442466728,5.985029779089239,378,0.0
1396.107144,490,720.42942,1393.6206328795301,7.256561602072619,490,0.0
759.582226,268,720.544276,757.1520819349026,3.931591779518354,268,0.0
1954.710887,768,721.253769,1952.136695140488,9.512858267118993,768,0.0
1407.661959,480,721.64884,1405.1345181124707,7.4281448878408876,480,0.0
1056.216343,396,721.813297,1053.819545061772,5.2859607972724545,396,0.0
1141.290066,394,722.162208,1138.9243278201354,5.983319375766933,394,0.0
1136.167588,393,722.490254,1133.7806514288677,5.949904935251104,393,0.0
1465.968104,506,722.905195,1463.5190872613255,7.688752323229173,506,0.0
1120.666148,363,723.24544,1118.2520510437678,6.064279935990279,363,0.0
1691.208315,1000,724.018808,1688.8048521889064,5.553523792690519,1000,1.0
1485.706511,516,724.397114,1483.221173186538,7.766943543696654,516,0.0
1955.637606,957,724.938956,1953.2028077911725,8.01862417241831,957,0.0
1701.710903,575,725.542596,1699.2501188879953,9.025493595125248,575,0.0
1703.208461,598,725.97576,1700.723808358282,8.854195519943527,598,0.0
1288.809124,1000,726.734575,1286.4908154321306,2.334054775303904,1000,1.0
1130.496314,379,726.87892,1128.1572798297418,6.016430296026286,379,0.0
2256.892834,881,727.596933,2254.3508134337735,11.031038503961742,881,0.0
1513.956808,563,728.01436,1511.5022378980052,7.619047851992304,563,0.0
892.042865,298,728.312655,889.749881777184,4.753826621303093,298,0.0
616.734809,250,728.40611,614.4467377414485,2.93257509490272,250,0.0
1250.414511,1000,729.186909,1248.2022586375335,2.026377070195104,1000,1.0
1516.821256,1000,729.945785,1514.491462880784,4.159795565631535,1000,1.0
1945.344515,750,730.606831,1942.8116449575703,9.580935469181698,750,0.0
1511.994847,621,731.029214,1509.526319049533,7.1420971721746085,621,0.0
1566.988316,538,731.426814,1564.4705566357613,8.241817630401838,538,0.0
1412.645783,500,731.803842,1410.2036993563593,7.309752966195875,500,0.0
1208.411482,408,732.160115,1205.963951405021,6.407997666928912,408,0.0
1482.421433,510,732.532208,1479.9665755626165,7.788545813465584,510,0.0
1500.137819,551,732.933685,1497.6556808992725,7.603529393700872,551,0.0
1203.855062,399,733.273355,1201.4267445161327,6.443348113598363,399,0.0
1037.625618,365,733.410774,1035.2716655027664,5.3849728450492655,365,0.0
1472.077724,521,733.799549,1469.6070506967112,7.618135623243437,521,0.0
1191.178788,420,734.145014,1188.7265628162625,6.174761519970063,420,0.0
1580.515133,559,734.557345,1578.0897299201042,8.183514331665476,559,0.0
583.994924,228,734.84242,581.6960345159744,2.8458804439483125,228,0.0
1208.840156,425,735.016393,1206.3709221765987,6.276206603914221,425,0.0
1189.195071,409,735.355652,1186.7375137335086,6.246244593632904,409,0.0
1664.722099,546,735.745882,1662.1383667389161,8.959082345562983,546,0.0
1610.266656,555,736.149495,1607.7563323524762,8.452623588656614,555,0.0
1819.320677,1000,736.924588,1816.9246705018566,6.578812505802225,1000,1.0
1412.623114,466,737.287223,1410.1346133883067,7.579733168609217,466,0.0
2088.624835,782,737.949083,2086.0743845673646,10.472579288427072,782,0.0
1448.27487,465,738.323961,1445.815777338811,7.873320193851383,465,0.0
991.549908,338,738.455477,989.1820903552392,5.231105854588877,338,0.0
1078.422432,368,738.78714,1076.0657379031804,5.687334818771606,368,0.0
1731.108605,629,739.221371,1728.6367536206665,8.830659776012157,629,0.0
1594.780465,1000,739.980431,1592.3410358555554,4.782121283496496,1000,1.0
637.370663,251,740.263883,635.0186152556405,3.0898653068825297,251,0.0
1261.951303,447,740.627139,1259.4930007827982,6.526377800449758,447,0.0
1756.331552,1000,741.389333,1753.9118771785968,6.074533203617736,1000,1.0
1252.549512,418,741.544582,1250.0281457701024,6.680998913991477,418,0.0
1154.979682,400,741.870074,1152.546909439722,6.044141639672185,400,0.0
1631.744541,582,742.284354,1629.2224608863078,8.409842273714634,582,0.0
1103.350514,392,742.623003,1100.911590087628,5.695001209547217,392,0.0
1844.350472,837,743.337016,1841.9058560059636,8.082926349570046,837,0.0
1470.490876,491,743.716453,1468.039630751592,7.844212789078253,491,0.0
995.649711,337,743.839685,993.2482248579236,5.271469742607019,337,0.0
1344.864184,471,744.210711,1342.3386918699453,6.997571118799661,471,0.0
1565.323223,1000,744.969874,1562.9574782578102,4.546095655102122,1000,1.0
1249.278086,452,745.325649,1246.850743755714,6.385275630982717,452,0.0
1769.875834,658,745.748494,1767.3035647648223,8.909200005362989,658,0.0
1688.5349,587,746.339862,1686.068766294526,8.824325193408038,587,0.0
1187.399524,414,746.490472,1184.8992168626446,6.191919657975563,414,0.0
1606.639735,590,746.916342,1604.1841481283811,8.145612755920773,590,0.0
1884.947227,1000,747.693833,1882.4731942714113,7.102699697590162,1000,1.0
1375.582612,464,748.055424,1373.1602026707988,7.3000870954390935,464,0.0
1242.711917,440,748.420513,1240.1435662085273,6.426766373985785,440,0.0
1364.15678,465,748.810195,1361.625530804351,7.199437177989316,465,0.0
1093.885485,373,749.155699,1091.4841441366298,5.770697433492866,373,0.0
591.50677,242,749.249966,589.3511888439008,2.79589056027825,242,0.0
1368.496393,473,749.623057,1366.0336876206436,7.170996836835417,473,0.0
1863.558043,692,750.282051,1860.9843821418601,9.387932108892224,692,0.0
1586.328032,1000,751.063431,1583.9663927861338,4.715089047438529,1000,1.0
2231.002454,1000,751.673607,2228.386446301822,9.868468042094229,1000,1.0
1954.312756,668,752.311789,1951.7947197921117,10.305373139802557,668,0.0
1907.417195,1000,753.105901,1904.946628302603,7.2824940842672135,1000,1.0
1066.642869,349,753.236729,1064.210322192621,5.743548986593123,349,0.0
1378.258732,503,753.624602,1375.6784605841258,7.009103248649171,503,0.0
1321.796044,1000,754.37613,1319.6318648858119,2.600696925173609,1000,1.0
1896.641843,1000,755.106242,1894.1995656715656,7.1964172476591175,1000,1.0
1853.496665,617,755.692188,1850.9747076153158,9.904311348767846,617,0.0
796.371643,368,755.828059,793.9477691233724,3.4289470010288907,368,0.0
1574.841077,611,756.236285,1572.3646451060677,7.723691373162359,611,0.0
1336.445038,476,756.593732,1333.9906592796276,6.8908403488406496,476,0.0
1535.217723,530,756.961815,1532.7179934052983,8.051042302572169,530,0.0
1580.251436,540,757.338928,1577.7884261626275,8.331437465437313,540,0.0
1482.138042,1000,758.072707,1479.8777238941695,3.8823465300302424,1000,1.0
1630.130756,590,758.644177,1627.6785409780769,8.333196621916894,590,0.0
1947.40868,829,759.128566,1944.8863742984083,8.968561360011204,829,0.0
1577.639745,577,759.520548,1575.1895566801868,8.016662642912268,577,0.0
1429.832846,498,759.879725,1427.3758756904376,7.463205896569034,498,0.0
2237.647908,777,760.523383,2235.1018300285023,11.704404650970687,777,0.0
1630.222641,611,760.929017,1627.8107306289833,8.16724366206275,611,0.0
2000.951281,1000,761.658097,1998.4938653076276,8.030342105418232,1000,1.0
1508.767997,1000,762.39204,1506.4822538977955,4.094961901490402,1000,1.0
1476.619039,498,762.749908,1474.1478878456653,7.83706242585297,498,0.0
808.493372,284,762.855399,806.1194547819347,4.195892553131582,284,0.0
1125.301508,374,763.169485,1122.8606550332279,6.0135368804444616,374,0.0
1713.470902,1000,763.905262,1711.0545919276678,5.73138593036487,1000,1.0
2230.185647,822,764.619653,2227.682793836954,11.287346606907683,822,0.0
1010.013108,344,764.75437,1007.6836711809045,5.331200486532789,344,0.0
1700.548526,1000,765.495636,1698.2134032980712,5.628713732927241,1000,1.0
1490.765164,518,765.868925,1488.2736832466226,7.790883062881793,518,0.0
1436.980218,475,766.245942,1434.4740298291795,7.702679872730107,475,0.0
1614.266178,569,766.66109,1611.7626564927498,8.373081286272868,569,0.0
1324.061702,1000,767.43503,1321.8150091866382,2.617810061699802,1000,1.0
1723.614196,572,767.838568,1721.0976782857788,9.22388558421648,572,0.0
1305.137452,466,768.204616,1302.6765199912395,6.720635111125121,466,0.0
1633.800158,606,768.813911,1631.3414971893205,8.234969681868892,606,0.0
2067.774462,801,769.318192,2065.253332324942,10.154566747996283,801,0.0
1892.939634,710,769.779615,1890.422747134626,9.480523840890624,710,0.0
1728.56338,635,770.368716,1726.0336578450172,8.76164257651774,635,0.0
1276.983452,432,770.704433,1274.552427545603,6.765698286532936,432,0.0
1563.894821,575,771.096297,1561.4001644929776,7.922164926700958,575,0.0
1026.047523,344,771.223888,1023.7380898443761,5.459632020823854,344,0.0
1924.252281,659,771.828043,1921.718486495599,10.136162823580605,659,0.0
1184.337055,404,771.976866,1181.9512931688264,6.247801006607742,404,0.0
872.598198,308,772.279531,870.259552221339,4.518281060539665,308,0.0
1721.233175,601,772.673132,1718.6717834843487,8.973366035999302,601,0.0
712.333616,255,772.947472,710.147736814888,3.659326333489006,255,0.0
1388.620334,491,773.312404,1386.1718768358555,7.188790595811674,491,0.0
1131.172547,378,773.451533,1128.818941064132,6.029701272841173,378,0.0
1621.671382,1000,774.191872,1619.2751973805207,4.997384536650532,1000,1.0
1240.19006,438,774.536937,1237.7175977424326,6.423428380991213,438,0.0
1348.393229,446,774.882361,1345.8818603430555,7.224987714260934,446,0.0
857.207377,291,775.168234,854.8388463252771,4.529847311067271,291,0.0
816.18577,280,775.271145,813.7671344445337,4.2888439334657145,280,0.0
2049.56454,841,775.982374,2046.991299881443,9.689984488029648,841,0.0
2004.513258,1000,776.753679,2002.0312572584173,8.05916473145533,1000,1.0
1382.543234,496,777.137782,1380.0874152954257,7.1004326743465365,496,0.0
1786.860578,693,777.623759,1784.421825202508,8.767637447918561,693,0.0
1313.165656,1000,778.403871,1310.82705799925,2.5302442435429886,1000,1.0
1631.879353,751,779.059024,1629.4049607181996,7.066660942094082,751,0.0
882.127045,312,779.176297,879.7122818499715,4.561826260987039,312,0.0
1638.299389,616,779.586088,1635.8379716922545,8.191973906931857,616,0.0
1339.659768,472,779.969358,1337.1473474770453,6.947891491749436,472,0.0
1108.515906,375,780.303291,1106.0745082344736,5.87131765403104,375,0.0
1551.021801,562,780.711872,1548.5129488946002,7.9227667443041385,562,0.0
1460.301373,508,781.115352,1457.7880311740716,7.626814051337287,508,0.0
870.331601,283,781.394325,868.0177412081712,4.699282284064009,283,0.0
1416.361734,532,781.769517,1413.8831230016492,7.084535266382489,532,0.0
1710.231429,608,782.170014,1707.6994367509114,8.829838716898653,608,0.0
1341.953475,487,782.528864,1339.452733995692,6.8474892236316265,487,0.0
1325.799006,1000,783.273805,1323.4956491868804,2.631698499544415,1000,1.0
1331.301305,1000,784.010349,1328.9821673722756,2.6748123685161045,1000,1.0
1387.081182,572,784.401285,1384.6363913356513,6.53202099822663,572,0.0
2074.708333,951,785.119346,2072.205185073395,9.017679299333812,951,0.0
1156.573765,384,785.267217,1154.197689888739,6.18469107833204,384,0.0
1563.566313,532,785.822066,1561.104700888938,8.261994761724672,532,0.0
1190.907171,435,785.981961,1188.497817790551,6.053461845175899,435,0.0
1941.682374,785,786.629873,1939.1860282367863,9.274085034971362,785,0.0
1034.730606,363,786.942498,1032.3998114558683,5.377588527741879,363,0.0
1385.985847,493,787.303801,1383.5191556413306,7.152114973766824,493,0.0
1468.553241,527,787.6791,1466.0752537889014,7.542003659898861,527,0.0
1729.8758,587,788.077638,1727.3522360731963,9.154504358166545,587,0.0
1415.375861,473,788.435555,1412.9355900650214,7.5464165980158935,473,0.0
1619.21273,580,788.827521,1616.7425435382286,8.324823050039903,580,0.0
1041.52854,376,789.152615,1039.100256400097,5.327596735379902,376,0.0
1171.903805,391,789.30052,1169.522240670306,6.251937637345128,391,0.0
1378.877597,479,789.653965,1376.3637292193116,7.205965827867462,479,0.0
1420.394887,545,790.030643,1417.9874587539794,7.014072745797205,545,0.0
1163.084694,384,790.351164,1160.6978453754516,6.23698964183727,384,0.0
1304.149795,1000,791.087284,1301.8564668264917,2.45798547751995,1000,1.0
1158.611076,419,791.421427,1156.2354363872582,5.9225336688059596,419,0.0
1695.783512,578,791.81117,1693.2734209927153,8.953405614612164,578,0.0
1488.400989,498,792.172884,1485.9584512519102,7.931619153437702,498,0.0
1604.089937,528,792.543904,1601.552679604225,8.61747359784843,528,0.0
1182.870763,393,792.86239,1180.4338989869832,6.3232188299193215,393,0.0
1204.089738,423,793.195819,1201.6395294492836,6.2540456708939685,423,0.0
1301.950644,456,793.365458,1299.4361738244465,6.773886473924612,456,0.0
2012.50917,692,793.978996,2009.966888797411,10.579547205439319,692,0.0
1287.344255,1000,794.714399,1285.0643270234298,2.3243230973871056,1000,1.0
1322.070745,493,795.077571,1319.5858582541869,6.640665615779953,493,0.0
1224.767855,408,795.229671,1222.377887525407,6.539170563558472,408,0.0
1335.228354,471,795.584253,1332.7291423960557,6.92067700242099,471,0.0
1186.340576,407,795.912223,1183.9190623213167,6.239345096705553,407,0.0
537.780919,196,796.160375,535.4119498398433,2.7306108291795828,196,0.0
1655.126398,533,796.535655,1652.6025627485596,8.985988078940384,533,0.0
1230.548659,415,796.690845,1228.1287720840974,6.52961818563722,415,0.0
2020.29944,1000,797.421332,2017.856524061528,8.185877574065696,1000,1.0
1138.188478,379,797.737665,1135.7637979290998,6.077117457647312,379,0.0
1724.301656,588,798.130087,1721.8003981143713,9.101880785105761,588,0.0
1222.676712,421,798.463425,1220.2356944106493,6.418881824360398,421,0.0
1287.695547,437,798.801895,1285.205151693291,6.811031779910259,437,0.0
1163.762114,400,799.132677,1161.3718868357269,6.1150911619789134,400,0.0
1487.475017,572,799.527314,1485.0679242975245,7.335644531306772,572,0.0
1556.667401,533,799.902769,1554.195585369342,8.198851232824657,533,0.0
1181.538309,398,800.225472,1179.1484408787915,6.273114074516661,398,0.0
1968.632081,690,800.660074,1966.0734462605265,10.24419356953255,690,0.0
981.790119,335,800.955044,979.4262163426837,5.1763653404840175,335,0.0
1463.612741,551,801.340986,1461.155681584283,7.311290575293989,551,0.0
1987.177769,948,802.047316,1984.7232087491614,8.341956110030083,948,0.0
1089.338854,380,802.189239,1086.916275155449,5.678412596920111,380,0.0
1784.272964,604,802.767839,1781.7822434555628,9.45445130775151,604,0.0
1428.267881,508,803.131273,1425.8030435684018,7.3709886708474714,508,0.0
1719.977517,573,803.518626,1717.4469944948626,9.186287494324,573,0.0
1212.471994,412,803.679407,1210.0401171550593,6.408648072638521,412,0.0
1173.248236,395,804.000082,1170.7795690551575,6.2299671430166335,395,0.0
924.82746,303,804.291484,922.490329784073,4.97561540799746,303,0.0
1215.411391,416,804.612666,1212.9178627766294,6.399894843414127,416,0.0
1196.859263,417,804.769374,1194.4886218457327,6.244673390855146,417,0.0
1726.843461,600,805.346931,1724.3133830323688,9.026845123458939,600,0.0
1389.031655,474,805.701163,1386.5784603939678,7.327617534348967,474,0.0
1094.550696,357,805.836058,1092.1951631054585,5.903914678395408,357,0.0
2268.897955,769,806.485963,2266.3402183480466,12.01780353765909,769,0.0
1650.514194,608,806.889755,1648.0268155797733,8.35292240090323,608,0.0
2096.024906,1000,807.622506,2093.5188020934197,8.790756282658016,1000,1.0
1184.774223,405,807.955273,1182.3137559554136,6.242536455392699,405,0.0
1492.31856,473,808.318188,1489.7523725287144,8.160577973741553,473,0.0
1140.835781,357,808.453783,1138.4840686798248,6.273845528362064,357,0.0
1093.153582,372,808.773091,1090.7941962979305,5.773046569869331,372,0.0
1734.882401,569,809.163883,1732.395492613193,9.33770444809734,569,0.0
1412.380858,465,809.522544,1409.8647212045094,7.5851607996505175,465,0.0
1683.830355,1000,810.279816,1681.4505268636156,5.495224490409165,1000,1.0
1770.905994,645,810.695514,1768.3773138337433,9.021187246151745,645,0.0
1194.517882,408,811.031657,1192.1196208320134,6.297139743448078,408,0.0
1081.260468,379,811.340948,1078.89408622635,5.622082211108831,379,0.0
1145.445884,388,811.656974,1143.015530916786,6.063646844187141,388,0.0
1538.787743,529,812.035254,1536.3445405942086,8.088116735315461,529,0.0
874.754025,302,812.148661,872.4578460103527,4.583716415674557,302,0.0
1711.547627,615,812.554114,1709.0607795784674,8.785136089849809,615,0.0
1426.892208,504,812.917912,1424.421326651187,7.391674849509795,504,0.0
1459.5125,513,813.292782,1457.1003428557572,7.58156370899056,513,0.0
1098.109676,376,813.614491,1095.786403289757,5.781214378580404,376,0.0
1708.294601,572,814.017192,1705.8274898119519,9.101436574099793,572,0.0
1563.411199,513,814.402794,1560.9707729305044,8.412186609240923,513,0.0
1159.957345,386,814.716848,1157.5617952043913,6.195707204444165,386,0.0
1031.230148,358,815.022262,1028.9092893962047,5.3895981655964675,358,0.0
1707.73459,592,815.424701,1705.2438678457563,8.937814277840898,592,0.0
1041.445541,353,815.746699,1039.1371269679228,5.511141905889155,353,0.0
1188.898921,410,815.903958,1186.5825265571348,6.23692610771944,410,0.0
1369.859185,483,816.267273,1367.4263412744995,7.102592299468649,483,0.0
1056.385195,354,816.603448,1054.0482136631392,5.622235066602762,354,0.0
1193.799599,417,816.942284,1191.5296870302302,6.221049702292228,417,0.0
1634.650674,576,817.333564,1632.1752949445229,8.48040443836224,576,0.0
1112.546098,386,817.656663,1110.1372226473352,5.81614659748334,386,0.0
1604.348624,541,818.053462,1601.9209116538966,8.517054549717322,541,0.0
1242.655603,429,818.393903,1240.1929460496842,6.5144855328170355,429,0.0
1578.743652,533,818.776616,1576.2715094628009,8.375567612493942,533,0.0
2256.264895,750,819.234899,2253.722797027776,12.068105048328514,750,0.0
1083.857465,368,819.543401,1081.4998554963393,5.730371362117121,368,0.0
1192.856201,411,819.875554,1190.4412979810663,6.259792532441159,411,0.0
1098.107136,370,820.0152,1095.6878463635978,5.828307137473155,370,0.0
1562.448404,548,820.404938,1559.9647761221192,8.125641206382706,548,0.0
1714.038637,578,820.810555,1711.503668403,9.099124359270391,578,0.0
1912.766448,638,821.409811,1910.2021592609929,10.211412598712466,638,0.0
1033.05368,358,821.543612,1030.7035257686196,5.40350373875557,358,0.0
1663.938432,583,822.111111,1661.4748082262918,8.659255633482328,583,0.0
1711.516937,593,822.527248,1709.0080480904035,8.959908468332285,593,0.0
1111.10703,396,822.669699,1108.7016491661807,5.725516042349884,396,0.0
981.896191,332,822.98028,979.4908150083243,5.200947823347783,332,0.0
1253.656861,442,823.340458,1251.183737780627,6.499353759959029,442,0.0
1600.601495,568,823.741828,1598.1383642936894,8.271911287913724,568,0.0
1619.26784,543,824.147662,1616.8174759055137,8.620241100798275,543,0.0
1324.784906,452,824.497144,1322.3380027689673,6.988730286232519,452,0.0
1320.216521,461,824.85091,1317.8135523941048,6.88113770187136,461,0.0
1424.390538,475,825.206437,1421.9723705037234,7.602804899981421,475,0.0
901.633685,305,825.318914,899.2549560578748,4.773905282721837,305,0.0
1416.8949,485,825.675162,1414.4237248400907,7.462678403352746,485,0.0
1217.381217,440,826.01376,1214.9377674368902,6.225288326886848,440,0.0
1320.813703,429,826.347182,1318.3969382241276,7.140224660992924,429,0.0
1766.859078,567,826.735389,1764.3192169257693,9.609227802126691,567,0.0
1546.230188,509,827.099361,1543.6842950879968,8.305825840444784,509,0.0
1601.368955,559,827.480855,1598.9002439920266,8.349650788214367,559,0.0
1599.267,570,827.869905,1596.801120693786,8.24549650804318,570,0.0
1212.143051,409,828.199135,1209.7310155981727,6.430063426446197,409,0.0
1702.725819,568,828.589149,1700.198845297108,9.088340255480347,568,0.0
1048.050103,356,828.898732,1045.688739848415,5.539849123949923,356,0.0
1944.448273,676,829.329195,1941.8868104482317,10.162497705783506,676,0.0
1413.752559,477,829.683539,1411.2484566439343,7.501034479176023,477,0.0
1399.220875,465,830.033795,1396.7525773569214,7.480464167132392,465,0.0
2258.553445,868,830.710463,2256.0142777347014,11.147955280269699,868,0.0
1803.876913,1000,831.439731,1801.414623047355,6.4547849962349195,1000,1.0
1166.239319,418,831.778523,1163.8279558752,5.991239075332912,418,0.0
1153.141563,388,831.927123,1150.7252327704732,6.125109658829254,388,0.0
2163.56719,1000,832.658264,2161.085846259578,9.33119879674793,1000,1.0
1356.759538,454,833.008007,1354.3320527218439,7.228654663242155,454,0.0
2166.02836,708,833.632924,2163.4837560136716,11.680247331369596,708,0.0
1138.644033,383,833.773605,1136.2625296884873,6.0491531662406075,383,0.0
1665.851369,578,834.356174,1663.3033871951895,8.713548844556069,578,0.0
1601.674941,553,834.73248,1599.1705573718539,8.399472886797419,553,0.0
980.972096,329,834.852106,978.5983350373044,5.2176498949737695,329,0.0
1650.928112,576,835.241515,1648.4641712587852,8.610911120783971,576,0.0
1765.525112,600,835.816315,1762.978310563691,9.335661002453202,600,0.0
1273.502352,469,835.990604,1271.0315903257679,6.443137543139128,469,0.0
1323.066216,437,836.327708,1320.6090058601135,7.094311184940414,437,0.0
949.27329,313,836.620171,946.8762900189225,5.091190793976343,313,0.0
1184.26728,404,836.947581,1181.8342687781737,6.246593920324614,404,0.0
1196.32372,401,837.095481,1193.9159588404814,6.367382909414075,401,0.0
1349.04974,453,837.441266,1346.5835967841715,7.174591942598244,453,0.0
1184.308542,413,837.770236,1181.8492128352752,6.175131431314817,413,0.0
1109.958983,374,838.083278,1107.57388730698,5.8912469935977265,374,0.0
956.685315,319,838.377429,954.3362124538947,5.103260995710242,319,0.0
1623.280809,536,838.756226,1620.8123471596089,8.707814185327887,536,0.0
746.420358,284,838.861305,743.9982716572526,3.699366010029658,284,0.0
795.341904,278,839.140819,793.0344902914746,4.138999027205472,278,0.0
814.385368,279,839.244167,812.0356965030468,4.283377038616995,279,0.0
1399.781788,475,839.595394,1397.241539466128,7.404767460626027,475,0.0
1364.813226,463,839.942489,1362.3275529584923,7.221043170979118,463,0.0
1159.79904,398,840.266924,1157.4026984233187,6.098830421880458,398,0.0
1903.825058,664,840.69041,1901.3173998733282,9.933091361110456,664,0.0
1811.929801,638,841.105412,1809.3395947085264,9.404767903788041,638,0.0
1182.650708,402,841.430254,1180.2838998593693,6.250315116217978,402,0.0
1519.963076,614,841.835591,1517.5457767012,7.261434117880787,614,0.0
770.31247,279,842.114628,768.0805177771084,3.9314561681513256,279,0.0
1113.883496,369,842.42691,1111.475637913335,5.962172193759141,369,0.0
1208.688825,403,842.574919,1206.2600500337055,6.450074672208328,403,0.0
1126.142573,383,842.892089,1123.7373557671467,5.949294518238698,383,0.0
1168.311937,399,843.218266,1165.8733887166466,6.159032535323305,399,0.0
1063.306304,356,843.53037,1060.9134324326023,5.661454660179339,356,0.0
1266.6155,455,843.879477,1264.1981964962672,6.499687827508246,455,0.0
1170.145971,405,844.028848,1167.6992704024885,6.125683931301811,405,0.0
1294.442512,429,844.367918,1291.9960462073172,6.929094859804453,429,0.0
1200.801828,395,844.692213,1198.4040138973871,6.450864109362301,395,0.0
1176.23523,399,845.016374,1173.831732565606,6.222189321682414,399,0.0
792.729049,269,845.115194,790.4051204669007,4.189827019565327,269,0.0
1417.741778,466,845.467243,1415.265011402187,7.6205986414299565,466,0.0
806.855153,266,845.744077,804.5694007608628,4.326883805992498,266,0.0
988.657301,341,845.876609,986.2578979900948,5.183516744997649,341,0.0
799.468301,289,846.15599,797.2378026784513,4.0850189629492375,289,0.0
1145.169695,366,846.467159,1142.7813927915554,6.236689885875329,366,0.0
818.700916,274,846.56538,816.3543046684712,4.357517503596661,274,0.0
